Date,Max-Sharpe (Version 1),Max-Sharpe (shrunk),Minimum variance,Risk parity,Equal weight,60/40 + trend filter,70/30 + trend filter,60/40 benchmark
2019-10-04,0.004102006181042395,0.0031525582172904354,0.0025391722715666365,0.0028990787272864527,0.004612555479967417,0.008480686123176318,0.009702456351343924,0.008480686123176318
2019-10-07,-0.0033569607419458025,-0.0028623212481450055,-0.002717704093667561,-0.003071859888555739,-0.003823901311868494,-0.0036151678793490127,-0.0037845276966335106,-0.0036151678793490127
2019-10-08,-0.002781475698889868,-0.0021282898533057093,-0.0014580795393207557,-0.0017025997109186841,-0.004013538663253824,-0.009167417337933803,-0.010762301834485677,-0.009167417337933803
2019-10-09,0.0009410199472388303,0.0007029051747273751,9.897401517910964e-05,0.00032572439666855857,0.0018815395875027008,0.005105514356327223,0.006157287997482053,0.005105514356327223
2019-10-10,-0.001928199748801207,-0.001235465252601542,-0.001894546078566095,-0.0017436625021851615,-0.00040421668003887135,0.00286547944457638,0.0038515213755898614,0.00286547944457638
2019-10-11,-0.00017377254814621157,-0.0004887335653099845,-0.0004454126402617664,-2.7833503664975723e-05,0.0029359752088566893,0.004840105488792323,0.006244522786217344,0.004840105488792323
2019-10-14,0.0012897767606290245,0.0009273621441350244,0.0009044687066523949,0.0008765215720125674,0.0003958365242004991,9.72024206462585e-05,-0.00015890931065887237,9.72024206462585e-05
2019-10-15,-0.0001304939639475977,-0.0002925033547386269,-0.0006522756100511007,-0.0004909650591703452,0.0014750247684429674,0.004835932228199891,0.00605469016117266,0.004835932228199891
2019-10-16,0.0006771046732225727,0.0007859342392975144,0.001148730138388565,0.0012193492851302334,0.00136015905742215,-0.0005356044663765713,-0.0007963085179588658,-0.0005356044663765713
2019-10-17,0.0010722195137777835,0.000910738830387281,0.0011955239191494549,0.0014686943882440406,0.002617083577602264,0.0016432969471491532,0.0019103852795951948,0.0016432969471491532
2019-10-18,-0.0007810789668852847,-1.1118404044552221e-05,8.105150816262174e-05,7.491579755747324e-05,-0.00046903698371125735,-0.002319136623286755,-0.0027724257130884444,-0.002319136623286755
2019-10-21,-0.00020878206840768687,-0.00042535506755037034,-0.0006727682950767866,-0.00019165336630722063,0.0017849255366584327,0.003312156948830358,0.004237943799741295,0.003312156948830358
2019-10-22,0.0008846821040227049,0.0007516009584549455,0.0012640261332379499,0.0011744455671331977,0.0007025730068777047,-0.001451982211905567,-0.001975556951150259,-0.001451982211905567
2019-10-23,0.0010223859556632853,0.0008494139296468806,0.0008626625980339142,0.0010292137874485796,0.001650451095186245,0.0019823802802105828,0.0022269096017464296,0.0019823802802105828
2019-10-24,0.0007718113830144091,0.0008314646862834785,0.0006992672208758766,0.0005823562347890832,0.0006654860243309191,0.0010423687315215258,0.0011919966728781706,0.0010423687315215258
2019-10-25,4.632100361590119e-05,1.0733493654324633e-05,-0.0001821904101727556,-0.0003807793607416565,9.871156013963045e-05,0.001893822840164372,0.0024695256344053895,0.001893822840164372
2019-10-28,-0.0006071669163260074,-0.0007847326973420277,-0.0010397383710639696,-0.0011559668672239676,-0.00013899922896853933,0.0027200718915669775,0.0035038876957715903,0.0027200718915669775
2019-10-29,-0.00026824577469564126,-0.000960782782506775,-0.0007879054656564355,-0.0005535628432570272,-0.0003460505449459639,-0.0003039216924737298,-0.0003908692842892192,-0.0003039216924737298
2019-10-30,0.003516559225473115,0.002759551679441863,0.0025637921524876983,0.0030558734751766625,0.00349197768054732,0.0034038201585722128,0.0034331586169222827,0.0034038201585722128
2019-10-31,0.00288731926097463,0.0023485871090171972,0.002464063202485045,0.002253727478689571,0.0007741085235326572,-0.000134643910925214,-0.0009187552092391194,-0.000134643910925214
2019-11-01,0.0020103369490813705,0.0018708793067216956,0.001820579831530722,0.0021740518545791954,0.004472930988463464,0.005469059050151381,0.006494330797850223,0.005469059050151381
2019-11-04,-0.0015727401468281776,-0.0009498578172133509,-0.0010170144996267672,-0.001175178897981466,-0.0002073277478632507,0.001236401730166703,0.0019212591938619905,0.0013435959336693948
2019-11-05,-0.003719278414838212,-0.0028825691816457555,-0.0030140006610529513,-0.0036942895775674556,-0.004366050404762012,-0.002142507579012798,-0.0019251844545195018,-0.002112746077092331
2019-11-06,0.0019226706347490463,0.0021952624470271687,0.0020364442929132753,0.0018606287252436182,0.0013178069684378624,0.0011758582829428654,0.0010144453135361164,0.0011537492904289959
2019-11-07,-0.003822651086671347,-0.0030986670836781194,-0.0036185854582824195,-0.003987616219686685,-0.003525121922776542,9.223800262381232e-05,0.0009573163935181483,0.0002107126857877617
2019-11-08,-0.00048608600655741796,-0.00034615305284002584,-0.0007262189511949568,-0.0013106867466678995,-0.001999565949898141,0.0010922815080576243,0.001430163864611922,0.001138589896047204
2019-11-11,-0.0003803491812189863,-0.000275610719605357,-0.0002559480495415434,-0.0004112039775837628,-0.0010440862492798741,-0.0009350199894266886,-0.001187241439651876,-0.0009695982094828359
2019-11-12,0.0011974868042707865,0.0009645686570123324,0.0008303122912847183,0.0003405346433547063,-0.00040838245951158036,0.0014313246225983178,0.001568371285065595,0.0014501088983738253
2019-11-13,0.0013861719188306143,0.0011199760157543093,0.0008345684004209541,0.0009737228930708497,0.0006130366295138412,0.0009667319509385486,0.0008300960619656017,0.0009480017661489537
2019-11-14,0.0028865301667664323,0.0020865487622350187,0.0020203586905149784,0.002345029120760067,0.0024851678315598313,0.0019442645488005894,0.0017920256001029422,0.0019233979391766187
2019-11-15,0.001402255303023514,0.0008831888460425485,0.0005075546644228712,0.0009284404313274486,0.002482972381986581,0.004359858263018435,0.0051375925856547155,0.0044664443287647515
2019-11-18,0.0009466005342215755,0.001160071118111894,0.0010138170107263367,0.0011166328809761872,0.001087450846260829,0.0009450165285118661,0.0008653010386860949,0.0009340844694689654
2019-11-19,0.0011902587651462238,0.0007930329830208027,0.0009634066196197999,0.0012412816580080754,0.001442367570164249,0.00012744002430364887,-2.751820185564746e-05,0.000106190753051294
2019-11-20,0.0009402031869278904,0.0009015196264601233,0.0009761945838653308,0.0008888293392821378,-0.00029149254599092345,-0.0010522863790122239,-0.0016745042640931018,-0.0011375991066873148
2019-11-21,-0.0019387532265493501,-0.0014585149287676957,-0.0017180603725733823,-0.002341109132457886,-0.003368006560447556,-0.001588584480467059,-0.001576688020864081,-0.0015869542253640345
2019-11-22,0.0008670323970518812,0.0007268120394885447,0.0006422743052667546,0.00038537660917437044,0.0002019528314431973,0.00156941726235571,0.0017303492385392083,0.0015914711239155555
2019-11-25,0.0030992307885109316,0.001927725715439088,0.0024613007883791393,0.002865082735246327,0.005099955444971549,0.00496437623337509,0.005625716913672862,0.0050550178727055695
2019-11-26,0.001779574102938275,0.001515181751876149,0.0014232670181042462,0.0018583279212327497,0.002337327950500123,0.0018752272559356964,0.0019104159621816663,0.0018800528673639239
2019-11-27,0.00023726700755855035,-0.0001535882008555367,-0.00045000559617314195,-0.0002092024263506964,0.0008245911620210489,0.0022482600189503987,0.002869390459772525,0.0023334414680844517
2019-11-29,-0.0012786106324970126,-0.0013720483950293572,-0.0014939001146421216,-0.001943421993496508,-0.0033681535835895504,-0.0023256611700976926,-0.0027053114775136278,-0.002377754020513545
2019-12-02,-0.0045240155599639564,-0.002577271780318302,-0.002544331318523496,-0.0034034182507178823,-0.0052339590411045744,-0.005964876455957224,-0.006513106396462853,-0.00604007587701072
2019-12-03,0.003320846366319241,0.002937262866993251,0.003754434468092205,0.0040174407881998775,0.003000438221016255,-0.0021261715533216208,-0.00335713186725739,-0.002294939150223274
2019-12-04,-0.00020377068963495226,-2.5584177407722564e-06,-0.000186852708537244,0.0001109919751882682,0.0019240307795531653,0.003032968712180395,0.0038749367568238213,0.003165428220844646
2019-12-05,-0.00019747371816858372,-0.000472670252451457,-0.0005963514763556166,-0.00038227768893128733,0.00036343612924705226,0.0006892554363664427,0.0009807596231561355,0.0007345166395600344
2019-12-06,0.0007521855433194613,0.0007757008949216271,0.0005518972364473296,0.000480968675266924,0.0019050473717223682,0.0048424030786273775,0.005859365254143212,0.005000343374975902
2019-12-09,-0.00038484365304414236,-0.00041505187936807797,-0.0003517617727578637,-0.00034382139178557036,-0.0009111219623830769,-0.0017476419685961142,-0.0020736191748219612,-0.0017983114471998851
2019-12-10,-0.00042643469214409535,-0.00040617775591855754,-0.0002703321040515849,-0.0003091029395445588,-0.00033636539174120017,-0.0008485403946039138,-0.0008706184155916619,-0.0008519712273556967
2019-12-11,0.0029504318033108934,0.002481416372359213,0.0025811621282778585,0.002745317433696437,0.0032262971849643662,0.0028936984228034035,0.0028208517104297837,0.002882378557565568
2019-12-12,-0.0011544748712337682,-0.0011621632873073384,-0.001602596149302693,-0.0017665903760065715,-3.327119905249809e-05,0.003432945173337254,0.004780454597637984,0.0036423257861712965
2019-12-13,0.0030621428816106633,0.0029285464469854805,0.0030192592768796267,0.0029814066450348786,0.0024300223635065343,0.0020096463084195992,0.0015978617713736654,0.0019455892634985261
2019-12-16,-0.00021141137075875172,-0.0003007638586850492,-0.0006332452404600453,-4.5738111659088254e-05,0.0021068549151368465,0.0032106801741482727,0.00418274577799882,0.0033618418480896306
2019-12-17,0.00021514735775651772,0.0004084464070337468,0.00060320610752429,0.00033348614227501905,0.0003467484257160258,0.0001711383624551921,0.0001795642131889874,0.00017244970167995533
2019-12-18,-0.0010560730608270008,-0.0006797825365630894,-0.0007266718756722135,-0.0002866025395492633,0.0007460163343351311,-0.00047114502503053934,-0.00033481865586548754,-0.0004499280117544746
2019-12-19,0.0016332291015417333,0.0015945730056226015,0.0013575887544705623,0.0015468276756320787,0.0022443522333241983,0.002810817599576687,0.003150783176202987,0.0028637338832031567
2019-12-20,0.0011586691199108046,0.000680611287664723,0.00013569421452741537,0.0004275395046247077,0.0010529402590189196,0.003196095944105082,0.0036748187821162848,0.0032706313854913294
2019-12-23,4.418008996864842e-05,-0.00037191210672427033,-0.000324561115799038,-0.0002742239989244055,0.00012839536321274103,0.0003525002283808476,0.0005115664378352314,0.00037727624832695206
2019-12-24,0.0016237474157441145,0.0013965777844868743,0.0016397912719943175,0.0017474464229056963,0.0019226545414543494,0.0003712423220438854,0.00027711521064421873,0.0003565791936717133
2019-12-26,0.0018742701683269747,0.0014110185073279435,0.0010785129746502253,0.001675895065740285,0.003003921452156222,0.0034981825437685465,0.003908315468537316,0.00356206800592207
2019-12-27,0.0006497573984272087,0.0007290135490678473,0.0006385907644275157,0.0006987593089473609,0.000618589770037925,0.0005551702177999385,0.0004142785511487279,0.0005332162751128244
2019-12-30,-0.001208535088967122,-0.0005828068875448622,-0.00027967651955373984,-0.000622128771091135,-0.0015833704745978894,-0.003500219313460673,-0.004006037285341879,-0.0035790272299619508
2019-12-31,-0.0006438711859700907,-0.00023584785131303132,-0.00028225218073141267,6.977402977170755e-06,0.0010706574775749544,0.0011552373884484712,0.001515068388413754,0.0012112760832569958
2020-01-02,0.003820743865090792,0.0033097860727893114,0.0028858764043808716,0.003414136269826118,0.0050731413634224065,0.005925644817984965,0.00666898727764198,0.006041445237302101
2020-01-03,0.0018718948078602082,0.0014069403087595411,0.0020900844041038535,0.0019335222476148939,0.0002121124154073062,-0.0030981468581295912,-0.004167283428487267,-0.0032648044850984714
2020-01-06,0.0003952120481514054,6.898614570061135e-05,-0.0002116966999912151,-8.059082424838326e-05,0.0006472726508015558,0.0017630453464343443,0.0022577792736326874,0.0019020795785207323
2020-01-07,-0.0014505101655595265,-0.0012307386162246914,-0.0012753861708558745,-0.0016607311840256544,-0.0024480362546491774,-0.0019895641792221364,-0.002181851783864319,-0.002039609938629283
2020-01-08,-0.000181298106662231,-6.277379074237643e-05,-0.0006349778444539877,-0.0006137834481987348,0.00010001624549249577,0.002482254384553295,0.0031522309360514367,0.0026566010686461805
2020-01-09,0.002019715170131775,0.0016672676276647813,0.0010303044933390737,0.0010156516526655945,0.0014829689897981613,0.004636191030556347,0.005206515312613069,0.004784678763698036
2020-01-10,0.0009863158944836137,0.0008525570430109042,0.0010278017000586726,0.0016480750341028028,0.00187164762889247,-0.0010696274693654528,-0.0015205611124416984,-0.0011870803421323295
2020-01-13,0.0006672139125434295,0.0005544667151382576,0.00027977080119456765,0.0010705399827981577,0.0032721264705122266,0.00375069878612444,0.004469386216039428,0.003937829911420554
2020-01-14,0.0008354823691774094,0.0006228510239667528,0.0010162749260784754,0.000750607844663298,0.0001969207195640088,-0.0002379107591861107,-0.0005118134834859456,-0.00030926704193534604
2020-01-15,0.002342962382679614,0.0013846789310609786,0.001477330531542087,0.00178232174052817,0.0022122518057727802,0.0019557843369493177,0.0020239067325793503,0.001973527775104511
2020-01-16,0.001811166146567178,0.0009752036555972232,0.0007666043400986755,0.0011923468034962248,0.003152112475870217,0.004811973980365147,0.005702665325725942,0.005043978760479906
2020-01-17,-9.994231994769898e-06,0.0003574986188006335,-7.464746272300982e-05,-1.2121479215587705e-05,0.0006278026714114926,0.002006192638704496,0.002354177919863476,0.002096894272596961
2020-01-21,0.001308976212998525,0.0014403300154026688,0.001100371623112384,0.00042469105090869874,-0.001897753024907911,-0.00027421198487787013,-0.0007257205483415241,-0.0003919269602464803
2020-01-22,0.0007001345040298368,6.0530471192254964e-05,0.00016179405919469758,0.0002759865742338885,0.0004987828847407005,0.00048563709456672655,0.0004295400809655181,0.0004710166553281159
2020-01-23,0.0018138316904350305,0.0015417915763686896,0.001566803891846602,0.0015613712275610592,0.00126941307905315,0.001295800061368535,0.0012175840779240499,0.0012754156495831115
2020-01-24,-0.0007904630965889226,-0.00025637516614562816,8.663731607128078e-05,-0.0001545753931136984,-0.0021509925593079515,-0.004916668917989031,-0.005974661201299192,-0.005192383724350602
2020-01-27,-0.0008785443074703636,-0.0010353869336532373,-0.000250777621910947,-0.001299470992955687,-0.005739264596955729,-0.008270539146056244,-0.01018278205244616,-0.008768481423317431
2020-01-28,0.0008676331625938616,0.000777296177920217,1.1654375336123124e-05,0.00011432704588365539,0.0018283504049327881,0.005773007168120126,0.007035270508260361,0.0061012277513892155
2020-01-29,0.001854205744804771,0.0018185567619923848,0.0018366607663924395,0.0019415924330798973,0.0014664138688509354,0.0005251806818362681,0.0001436551732230118,0.0004258822416924879
2020-01-30,0.0009810883304208762,0.0011128406564719917,0.0006525335959155498,-1.375421819738154e-05,-0.0009581340035957897,0.0019736695244130242,0.0022633167103081053,0.0020490338166561095
2020-01-31,-0.0022511067014722164,-0.0008514888420361189,-0.0003334262316811998,-0.00148020376361635,-0.006098817342557683,-0.009749161101900605,-0.011798024383245398,-0.010282375849452574
2020-02-03,0.0011478201270618271,0.00013357642786115953,-0.0002005453801595669,0.0002388687101586573,0.0018125632217982357,0.003968821917834875,0.004790208631407777,0.00418225968092778
2020-02-04,0.0004599799160440732,0.00017080561131010974,-0.0007363925424659357,0.0001477588757565762,0.004009836900101593,0.007989405049253495,0.009840089894042947,0.008470597610900077
2020-02-05,0.0015967188599690374,0.0009773003304640593,0.0007806019184970481,0.0008747540106108787,0.0031978773044190056,0.00612384548757694,0.007419665236493955,0.006493322861038209
2020-02-06,0.0015859474798352036,0.0012445015843602913,0.0010087536973453215,0.0013225209405991478,0.0018021465831490335,0.002425127515383707,0.002669923420064668,0.0024945544208092585
2020-02-07,0.0008117048245419589,0.0011772452365717,0.0009158705204350692,0.00036078852118959226,-0.0021789788362502893,-0.001855662928591073,-0.00266633452269871,-0.002085618841456749
2020-02-10,0.0028697025097861317,0.0023795011451990256,0.0018913449024775542,0.002381677117365033,0.0037345829375421413,0.004923559390134891,0.005487044638649019,0.005083305162807195
2020-02-11,-0.0006110360472825205,-0.0009628779036686685,-0.0006794841305125532,0.00016314764942571003,0.002243060780766415,0.00044691051146306116,0.0007917572616467083,0.0005447124314672536
2020-02-12,0.000664216713056609,0.0004621785626397479,0.00011632644750081411,0.000710988162281323,0.002671342279837008,0.0034163710020227445,0.004172704706355113,0.003630927620535296
2020-02-13,0.0008024512628939107,0.000563758954493343,0.0006861897552583596,0.000638349395469362,0.00018048187794184045,-0.00021529960802535442,-0.00040470696152328234,-0.000269059659263049
2020-02-14,0.0013064423456503604,0.0011423575916631457,0.0008043866142140033,0.0011524146096855148,0.0013681976492785353,0.0014330186896103214,0.0014948425205625337,0.0014505639500899115
2020-02-18,0.001078563589374859,0.0009846349362612195,0.0010443370459809476,0.0010168781907646807,0.0002574418905603171,-0.0010566400487955763,-0.0014802061628131913,-0.0011768510785776787
2020-02-19,0.0014527996639766005,0.0008748663019875202,0.0007300136995187501,0.0006544317043060133,0.0012606484837081045,0.002863852858195015,0.003354424319232052,0.0030030381895926883
2020-02-20,0.001269300556490549,0.000809933775174132,0.0013868054733439106,0.0014644225024096347,0.0008753559489407259,-0.0014058606562761256,-0.0020397533829670245,-0.0015857722200703916
2020-02-21,-3.239853883363342e-05,2.7861090224678975e-05,0.000808592196207103,0.0011836497403225898,0.00011587065090745696,-0.005289103781304316,-0.006564429743160738,-0.005650902472052133
2020-02-24,-0.005403279560378005,-0.003794926665880771,-0.002462843270927273,-0.003976360688820013,-0.011348812564861088,-0.01884225847236587,-0.02249687191834937,-0.01987808745868791
2020-02-25,-0.007241374043799986,-0.00540169074286756,-0.004328145767095837,-0.005681160864831614,-0.011732696699290335,-0.01745397266105997,-0.0205696934668268,-0.01833470350040045
2020-02-26,-0.002101378786802388,-0.0010777408035994585,-0.001154024856003355,-0.0014151474809530606,-0.002214062092088409,-0.0028241599826778208,-0.0032152854910851847,-0.0029344689731528595
2020-02-27,-0.009500822795699082,-0.006994847931202419,-0.00480126424939975,-0.00710270749765185,-0.016183248638004688,-0.025379082553916854,-0.03001699852764539,-0.026686743978047933
2020-02-28,0.002027453896041198,0.0014671563412247401,0.0011705053868462656,-0.0002887012034117342,-0.004608932030478852,-0.0006236811975307566,-0.0019289597508130862,-0.0009904455548103153
2020-03-02,0.008603847752469473,0.00682822632120339,0.003786597945635739,0.005468924530044328,0.012431539214299736,0.025117591875784218,0.029806440396648703,0.026433852642089084
2020-03-03,0.0005089311105843652,0.0022263332777103795,0.004565558484009857,0.004424476246446041,0.0011769976366058366,-0.013470374150890807,-0.016909082470939474,-0.014438865420075109
2020-03-04,0.008458693493246683,0.006620822686429051,0.0044563949871028186,0.005818400271331736,0.012710227669154417,0.02359010298364117,0.027892992307122055,0.02479894810207517
2020-03-05,-0.003485078669755559,-0.003240864924739295,-0.0014788346386082063,-0.0017789111177186623,-0.00744231311159449,-0.01789441714658857,-0.021704660241253837,-0.018968091067702142
2020-03-06,0.0031256772468704064,0.0002826426035340557,0.0015660068937342064,0.0020624073266850562,-0.0015960580941225544,0.0023079832522974186,0.001548355358449438,-0.007346533019983004
2020-03-09,-0.017731367955815536,-0.01990916040196844,-0.018024990524206475,-0.019889541221845608,-0.03557654913808872,-0.0004895716017815355,-0.00020987408171280197,-0.04683158881733396
2020-03-10,-0.002643100444412738,-0.004183911895537906,-0.00785905618514815,-0.005404150841291977,0.005270021861647489,-0.005713713889876182,-0.004421919101345817,0.02390243271794934
2020-03-11,-0.023765708328263857,-0.02130638019893072,-0.020743457042939784,-0.022735435209232602,-0.031891745620813206,-0.007425535808014527,-0.005518840017706972,-0.03708228201005204
2020-03-12,-0.04186438269105164,-0.03530611522450833,-0.034115545624674226,-0.038872658480923694,-0.05823940147577522,-0.021273622590643693,-0.01586456115960555,-0.0791244561288259
2020-03-13,0.028019576520509126,0.025807334897290257,0.021131960323784282,0.022053316110813626,0.03325007193317964,0.01575146102195646,0.011599869348227765,0.07156742283137496
2020-03-16,-0.01818696860215674,-0.016444024737157115,-0.01153545855832705,-0.018725132846871495,-0.0478150462816046,0.004262186822680647,0.0032516063484162583,-0.0643015934180351
2020-03-17,-0.005631599627390571,-0.006745268592574294,-0.010620801818899128,-0.006960033092178741,0.007889985731285076,-0.00805811480694707,-0.006001249423661759,0.0268510446767678
2020-03-18,-0.0321778694226833,-0.025577236908268963,-0.026146565365482433,-0.030155096564359107,-0.04498791442115102,-0.008683859089318124,-0.006203547940597631,-0.041614736164815036
2020-03-19,-0.0034674298142575166,-0.002260742073905475,-0.0009943169407979902,0.0004935716382097333,0.0027495868873634866,-0.0004026353660706583,-0.00036867785288630106,0.00021840692164620812
2020-03-20,0.0017443343290675095,0.00483014161122064,0.00856033956609914,0.00924538759091531,0.003077417975380081,0.006628330334820465,0.005001442360439201,-0.01724519553658821
2020-03-23,0.01688643066649176,0.016306462324197524,0.01924513310692988,0.015899331927051286,0.008696268760078896,0.008361307677634322,0.006163267702641528,-0.0069149988164540765
2020-03-24,0.01931385340071201,0.01575796943627439,0.013076999728373728,0.01707007633785862,0.035381880970963175,0.0006378390048478177,0.0005676336139135429,0.05168401743938156
2020-03-25,0.01047191470289821,0.011243836315657951,0.011236663448952466,0.011308120139504663,0.01440896786301038,0.005411745984522431,0.004110972521710776,0.013097164677704276
2020-03-26,0.014675868434652628,0.01103624446043927,0.009276528783729088,0.012452021474570474,0.0245103604694501,0.0016919431587452127,0.001220158333197885,0.035609387444310414
2020-03-27,-0.003258459052965068,-0.003953824221608504,-0.0030097351840348008,-0.003636085333856287,-0.010513075857884968,0.0021209148952994195,0.001587163554716886,-0.01527579028891235
2020-03-30,0.007404406116940709,0.005194794383891033,0.0035020735544966097,0.0038228332512997287,0.008420328525869047,0.00025089469408934306,0.00012000797187172729,0.018667380062474592
2020-03-31,-0.00597420733417664,-0.004666335789806575,-0.003922847471393154,-0.005050921339304071,-0.00732690356659782,-0.0036798569509273182,-0.0027556089447184906,-0.012462061762203103
2020-04-01,-0.008675247870751357,-0.005795105081125573,-0.004957056609849797,-0.007498373889096244,-0.018577584155583304,0.0022217666808921344,0.00173940719084964,-0.023425978255467217
2020-04-02,0.00809398548728768,0.00822797460064506,0.007497056021847248,0.00826110416696868,0.011966996561884047,0.001846725138508143,0.0013822776653669155,0.015093927157839415
2020-04-03,-0.0036584580860639093,-0.0009629226838320237,-0.0011754550206939385,-0.002323314443142932,-0.006682288997626462,-0.00040217376862938803,-0.0003917582375853046,-0.008498006441264638
2020-04-06,0.017457891552397742,0.012656839667696929,0.010796457220986433,0.014028772806871537,0.028127237322945087,0.0013069661822615597,0.0010023025207883673,0.03932528394662538
2020-04-07,-0.0004394177724212911,0.0008897471982802774,0.000976006246720118,0.000710414928302372,0.0010916792950210752,0.0006418439540230025,0.0005941406656044812,0.0007019173276086033
2020-04-08,0.008531372007617,0.006124917351106873,0.004449330292573439,0.005603697304481292,0.011742676786351325,0.00069779379939372,0.00038848514434874915,0.020536850448006794
2020-04-09,0.013071751353608052,0.01240619128356446,0.013626429807419571,0.013807825873289659,0.0181230707055966,0.0045171859347312715,0.003435259113780731,0.013223710576971248
2020-04-13,-0.0026615782197977333,-0.0006283736050657351,-0.0009494737169948309,-0.002439554381485909,-0.005791405390146442,-0.0013476376276360114,-0.0010350457994094953,-0.006979863822500265
2020-04-14,0.005822715793948108,0.00448127580075397,0.002816639146169031,0.004458164662000552,0.01000257249731229,0.00010764752365055585,0.00012576802931607567,0.01770402301968499
2020-04-15,-0.00028534964790749573,-0.0007985483317277664,-0.000754550522675701,-0.002375317478680472,-0.009522039474151311,0.0019356954638509727,0.001431484537764094,-0.010746834036582942
2020-04-16,0.0012756314049253703,-0.001322924356546351,-0.0019179932195670935,-0.001292517469517307,-0.0008318682555263912,0.0002839844044284501,0.00023569671986023444,0.0031735283382527957
2020-04-17,0.003922021228859318,0.002482865127700684,0.0016279204821809667,0.0023997819635948048,0.007862346337445869,-0.0005535919973883585,-0.00041600849041945054,0.015483127055024415
2020-04-20,-0.0035146148844960035,-0.0038538836277590693,-0.002951630248194115,-0.0034323852270228272,-0.0066676319677854146,-0.0005929440887202375,-0.00042309142756735696,-0.011265142720731203
2020-04-21,-0.005154451538559868,-0.0037905524245064326,-0.0020477807984563556,-0.00310296549550082,-0.00869849345331275,0.0005081775553896772,0.00038176339689743877,-0.01734260390213138
2020-04-22,0.0039013927490159084,0.004656788939431555,0.0034148357965257947,0.004155905080986955,0.008348629716877554,-0.00032317076910748366,-0.0002428095449115153,0.012348964714447686
2020-04-23,0.0024310962920375268,0.0012821489070486969,0.001872973575917758,0.001824035794144363,0.0019808327490875577,0.0005395584226437489,0.00036061126034625524,0.0005551135838077759
2020-04-24,0.0030216324526999294,0.003166804976101556,0.002475391909221747,0.0022980087954718176,0.003502231326033778,-3.120049517046919e-05,2.1284874224036798e-05,0.008298082522967487
2020-04-27,6.256202295484847e-05,0.0003073554061023831,0.00032214289219423264,0.001432293168481369,0.006528516242254145,-0.0015927388994214642,-0.0012640122377149954,0.006994237648453083
2020-04-28,0.0019065860376241694,0.0010809489243113202,0.002606927000277759,0.0032389817092557394,0.004247756467606889,0.0013638357390635125,0.0010917692046892302,-0.0015043782811235973
2020-04-29,0.007186672647161885,0.005008885529843798,0.005157322224282002,0.006181834560529342,0.012585606187687892,0.00011616510994238993,1.998970324068594e-05,0.015435417601783907
2020-04-30,-0.0055139313488618,-0.0037883298385721353,-0.00537235958148774,-0.007021971821580819,-0.011932995021444848,-0.00021603267729486397,-0.00011746876626606007,-0.005504716765206585
2020-05-01,-0.006040168634544263,-0.004937223261639367,-0.004144945887685436,-0.005518992508052656,-0.011929808441006218,-0.0001610508509606312,-0.00011870919962075899,-0.016303293269132046
2020-05-04,0.0005263575993359471,0.0010255598555688472,0.0006020890508919852,0.0004978249279183888,0.000822322974720624,0.0003625208009903069,0.00024984315747600405,0.002274793348615578
2020-05-05,0.0011466470940086904,0.0015456839938017275,0.000774820109099128,0.0007191124686656281,0.0017135647769908058,-0.0003162798788810539,-0.0002151350743502256,0.005016054121163016
2020-05-06,-0.0057779711981039705,-0.00402013469067064,-0.0043254078391794515,-0.005382429624229301,-0.0074394345889009506,-0.001899403594796345,-0.0014703250506361565,-0.005797673276940918
2020-05-07,0.006762768827387466,0.004829627653490265,0.00508466588241463,0.006410260364197784,0.009608942665736642,0.001285212526515478,0.0009634956876753975,0.00827961029718205
2020-05-08,0.0014091908029896238,0.0010534463489497714,0.0009963101688545972,0.0020271736345658375,0.007052646402943452,-0.0010918440325621281,-0.0007961706230610321,0.00868676563840598
2020-05-11,-0.0031811157710213145,-0.002261453043984174,-0.0031145066373213792,-0.0038271801760391133,-0.005323893684398118,-0.0013475534768406794,-0.0010554586821276413,-0.0011704977526558746
2020-05-12,-0.0019401156005317555,-0.00118472691906224,-0.0006264941459934725,-0.0020142610181554943,-0.007192642070525723,0.001340937847130741,0.0010275867990783283,-0.010674448927598168
2020-05-13,-0.0024913215859938553,-0.0015106343122993637,-0.0010878610424748247,-0.0016921378129107767,-0.005282158550657057,0.00045898101111108147,0.0003441038200302504,-0.009982461838836776
2020-05-14,0.005168359151171087,0.0035860870902137965,0.002644288468709899,0.0029788861218214002,0.0039911042891209725,0.0011553449325016896,0.0008889109693743791,0.008198993810947242
2020-05-15,0.0017744546388052118,0.0018156762872711951,0.001843410646298782,0.0010993522605093897,0.0008234851349291361,0.0002834031036833551,0.00023518721613946525,0.0028827104290585215
2020-05-18,0.004986065040610388,0.004303469529936432,0.0043348297719203455,0.006267126990433525,0.015617318282039827,-0.0007330203572045724,-0.0005497904719268254,0.017225982279291507
2020-05-19,-0.0007395712557298761,-0.0003225322821412968,-0.00023076790516574075,-0.000903312001921952,-0.003545591875137477,0.0005043769389736497,0.0003782306926203294,-0.005118166081782727
2020-05-20,0.00608522077087259,0.004803101058118431,0.004859834097093119,0.005281351946524904,0.008628254447313521,0.0010537696875805302,0.0007903182458335323,0.010750061538882472
2020-05-21,-0.0012242721047481808,-0.0013265082689771779,-0.0010414650221750588,-0.0015549790730251534,-0.003400033788293233,0.0003574833609849559,0.0002455639574217017,-0.0038705992740247774
2020-05-22,0.0012521833094953916,0.0006825349755936738,0.0006714420932165677,0.0008280500062536333,0.0008371558727100492,0.00019168622732035345,0.00016642749367168364,0.0014778166313058616
2020-05-26,0.0017699641835202673,0.0011514478224239344,0.0017880240877661269,0.003099636532921446,0.00861360735327188,-0.0002831459932159941,-0.0002350488719049526,0.007417291535085413
2020-05-27,0.0047761989135926,0.0032840057727803185,0.0035294609948102185,0.003998144707475948,0.00742066656766438,0.00012888605986605128,7.41059710875902e-05,0.008907105222163203
2020-05-28,-0.0011457175373068562,0.0006982516696785179,1.6051888276358284e-06,-0.0004264139042242654,-0.001911063866502527,0.00019137532210633523,0.00016617813516273117,-0.0010498775326934773
2020-05-29,0.0031624248019925805,0.0024697611051329726,0.0017571378564451567,0.0018850573196877995,0.002071277272638561,0.0010354510631711555,0.000731825159609123,0.0038356614424976954
2020-06-01,0.0007063750803617541,0.0011940548356936809,0.0017851270952549125,0.0031917783100148256,0.007027652457315181,-0.00026536852247338594,-0.0001742803672241111,0.0023009677490870573
2020-06-02,0.0020691973962141397,0.0016024183489575794,0.0013858787593405975,0.0019936382048570955,0.004473457475683507,0.0003204455819298957,0.00024048637650042615,0.00527239225610554
2020-06-03,0.00039569992904731066,8.450033418139213e-05,0.0002454484634826226,0.0014676587148960696,0.006391003126173356,-0.0009693514746608178,-0.0007500386192236252,0.0070802203451969525
2020-06-04,-0.0016089862410049172,-0.0015425938474642464,-0.0010603614553421625,-0.001916644796082223,-0.002445270392623655,-0.0010167951864464841,-0.0007856194863662402,-0.0024867145047239303
2020-06-05,0.004866304271590183,0.0038601854565800675,0.0031582259639129084,0.004436088180814757,0.010341293875646418,0.014686136400143157,0.017151076237471585,0.015505122563886031
2020-06-08,0.00500459935376063,0.0036903504653458263,0.0038013714039102364,0.0049477324318294436,0.008627649378041946,0.007754368466449391,0.008855250977598317,0.007844511526128306
2020-06-09,-0.00014349966739557463,-0.00034647720647340563,-0.0006899807480864606,-0.0010572462741096356,-0.003596452391314675,-0.004052953539342097,-0.00482297569275425,-0.004116068143996565
2020-06-10,0.0017381288429307862,0.0028839271420304513,0.00249253960773399,0.0017940136559551068,-0.0012216497590997744,-0.0021217420801672437,-0.003159189775344018,-0.0022067157690005557
2020-06-11,-0.014821178683047442,-0.012009770411050003,-0.010642097059026412,-0.013296063820250503,-0.02675838218079929,-0.035552007517038575,-0.04110275968314192,-0.03600621609505106
2020-06-12,0.0030995701830029976,0.002489905289196015,0.002572895268068587,0.003991626570836848,0.008841745105335308,0.007536712464109252,0.008651904743244732,0.007627484292640707
2020-06-15,0.004979945233303917,0.004096697442439012,0.004048771531495854,0.0035897535476925313,0.004625809440834905,0.006242791851830631,0.0069554711373842615,0.00630085983925599
2020-06-16,0.003318985871723079,0.003360282679462978,0.0025303076866489693,0.002593528089172459,0.005839524001887808,0.011128594914438183,0.013222930795459442,0.01129934911399788
2020-06-17,-0.0012214651554226519,-0.0009118948431341423,-0.0011133996356932352,-0.0011195969966264485,-0.0021088903830082106,-0.002660495707084265,-0.003142105254043792,-0.0026998367102524234
2020-06-18,0.0010813694858495815,0.0009429139023744426,0.0006963742153009989,0.0005304275278370518,-0.00038832024986057423,0.0010002472636756465,0.0009771972835928011,0.0009983652262322007
2020-06-19,-0.0009533770122492902,-0.0003035507019569783,-0.00016618655270728144,-0.00043153656992467315,-0.0016603968089118348,-0.00339222210571799,-0.004016968745108929,-0.003443231768173738
2020-06-22,0.0013565795563390548,0.0010947737539490632,0.0011788082648189757,0.0018040118592421717,0.003834233745366511,0.0038226166237038672,0.004522421208418281,0.0038797217637192016
2020-06-23,0.0008892473373101062,0.001343246607457882,0.0011570424290934245,0.001132596001825803,0.002087103631504661,0.0025310343785600597,0.003030508836907142,0.0025718183632441605
2020-06-24,-0.005592524227326923,-0.004779894327476386,-0.004069366378597006,-0.00500770069339318,-0.010443349160623172,-0.015298661990155504,-0.01786786340671176,-0.015508543013718068
2020-06-25,0.002920556423675391,0.001935493785643727,0.0018504147950550998,0.0025316311046019724,0.004926682196921828,0.006695176523414226,0.007657951859683321,0.006773638265599402
2020-06-26,-0.0037715198644605596,-0.0030344493082526958,-0.001970674221914326,-0.0024538138049955416,-0.00663381987464795,-0.013232430358578573,-0.015770244823377966,-0.013439432176903687
2020-06-29,0.004411595744658436,0.0033002102375612186,0.003546753486707299,0.004055981655034291,0.007618673781337737,0.008886597748317904,0.010295041442677677,0.009001208805680116
2020-06-30,0.003321704924664992,0.002540515797498255,0.0016495513567016395,0.0015160062630990012,0.0027823160577822303,0.008324812511115942,0.00956673570127009,0.008426002675397948
2020-07-01,0.0008749349026702102,0.0014385488623818166,0.0002655737546815029,0.0009691716223871882,0.0023202782693576562,0.004180643283008489,0.0048433325899635005,0.004234699359966454
2020-07-02,0.002023160528951573,0.0021496703546564078,0.0021971567720917573,0.0027228768285447735,0.004551288099545969,0.003654772483980384,0.004001669964640797,0.003683086328230889
2020-07-06,0.00392594375212596,0.0036209409441296803,0.0029367768371255654,0.004066959250374591,0.008337217373894479,0.009149967854884311,0.010738461748418082,0.009279662209435768
2020-07-07,-0.0005743369992153857,-0.0010464795587474818,-0.0008422530773294357,-0.0014233135830321597,-0.00466140588744679,-0.005589596034449307,-0.006784732731626719,-0.005712062996897749
2020-07-08,0.0010261563435416399,0.00042891389857357964,7.905409378761163e-05,0.0010943040932491765,0.0038957143501638924,0.004205707790187141,0.0050075097489614695,0.004289281137823675
2020-07-09,0.0009770415835193003,0.0007205689920484204,0.00030590565099641864,0.00028906930062566616,-0.0016809665551629216,-0.001964748333637689,-0.0027468652743957156,-0.0020463281753297924
2020-07-10,0.0014862268520958732,0.0008014838736871699,0.0007053870537385709,0.0005035458663584791,0.0018663895015547105,0.005539829283157882,0.0066604434657873135,0.00565663451874876
2020-07-13,-0.001715558414988827,-0.000983287679088174,-0.0004846344794193769,-0.0008953341459772002,-0.0027426238875543074,-0.005245926592706729,-0.006196028614600224,-0.005345057645318452
2020-07-14,0.004526030602341136,0.0033550698270532475,0.0030862644212308332,0.003330854060811017,0.005502876886318342,0.008496781383928287,0.009714689947055266,0.00862374592359294
2020-07-15,0.0026144361172923958,0.0014765801798204414,0.002220874863154032,0.0026049585859355684,0.0054420837470054995,0.005372342759056181,0.0062478571866992905,0.005463712112516506
2020-07-16,-0.0002107653757145167,0.0001460491071996195,-5.671349544200677e-05,-0.0012242550962757726,-0.0038159828428708797,-0.0014836199117725934,-0.00184110330804943,-0.0015209562469955529
2020-07-17,0.0012912039433641276,0.0017311911825461657,0.0017044015131384427,0.002116256801109273,0.003220945117215823,0.001995657582078758,0.002158541437142558,0.002012664067813974
2020-07-20,0.002472872332741849,0.0021465503306719036,0.001281891258391843,0.0013429946840293194,0.0020308933894570558,0.0054144268032210174,0.006143677883754917,0.005490578019255121
2020-07-21,0.002264373236914752,0.00170177311633668,0.002588593531977823,0.0031129801597029605,0.005034095664604665,0.0014788642289951248,0.001629971803208674,0.0014946537149962413
2020-07-22,0.0031349277012524546,0.002389054233650212,0.002155258464704657,0.0026616049055636637,0.003892527399078416,0.003973018088561764,0.004405041692171929,0.0040181670651255885
2020-07-23,-0.0003273228354847557,-0.0014398161490607464,8.470045745556654e-05,0.0005087178363698541,-0.00011192939387594247,-0.006879737133272279,-0.008156373482772206,-0.007013204457507305
2020-07-24,-0.0015556924824744467,-0.000989721535598287,-0.0010007725373401,-0.0011703725576173163,-0.002483621446780715,-0.003984707211588501,-0.004607611429957914,-0.004049754433544606
2020-07-27,0.0020132452454735272,0.0013587611794945165,0.0016461718861260355,0.002873044846906536,0.006273694279750552,0.0041110038940948,0.004906866969945911,0.004194065918181167
2020-07-28,-1.9200530251950454e-05,-0.0002011029545860854,0.0002696179337449145,0.0009227251001804326,0.0007768738686062537,-0.003554427997252141,-0.0042168233806517685,-0.003623609439899811
2020-07-29,0.00459100691312031,0.00384919966475028,0.003935202821464312,0.0048723979579952115,0.008533715035725642,0.007895169045191386,0.008946668497679333,0.008004923643498696
2020-07-30,-0.0004620537980013495,-0.00044971655700531965,-0.0007313046636524545,-0.001429852428218803,-0.0036543299905348325,-0.0019797424984320244,-0.002398877002901534,-0.0020235322665762556
2020-07-31,0.002477093259161567,0.002729326946700139,0.0011462696824042773,0.0004395558155076973,-0.0006116348025234641,0.005573971363404651,0.006274193249210525,0.005647100684273543
2020-08-03,0.0014062270002319632,0.001553564318475864,0.0017834028415335546,0.0014382728143034207,0.0024775510181158644,0.0036671082278874056,0.004328215622043663,0.003736195588791791
2020-08-04,0.004241414659783116,0.0028892241000046948,0.0033656667832087095,0.004861139064100017,0.007653450820750418,0.0033863305845369673,0.003592515629410764,0.0034078901413334695
2020-08-05,0.001180585520103472,0.0010948522840950048,0.0014538766171265927,0.0015734263868154574,0.0036264828647674108,0.003196475848407543,0.003954655949383712,0.003327744757247064
2020-08-06,0.0033689637189264765,0.0026198572853961544,0.0020467686020109177,0.0023305125455308495,0.003031756154955545,0.004667058900150511,0.005180964677424127,0.004751999639216242
2020-08-07,-0.0017739247622735599,-0.0018290935694535992,-0.0016880683987970935,-0.0022503828827817873,-0.0027580228733383727,-0.00012969287175268462,3.351912575899618e-05,-0.00010270491584352115
2020-08-10,-6.23717606741403e-05,-9.706982509982698e-05,-4.690089185255264e-05,-0.00012061082137493351,0.0005779701646633217,0.0014804499957399297,0.001909320547697435,0.001551375642069086
2020-08-11,-0.007526091409269853,-0.0051070840927259775,-0.005086077345068385,-0.006784925734417135,-0.009755567540705945,-0.00625484146454347,-0.006712562397121702,-0.006330565375201158
2020-08-12,0.001037123441343546,0.0015107163293350823,0.0006480996920494864,0.0010990681341485065,0.003735704274886009,0.007240374040425435,0.008861999421827305,0.007508547506582364
2020-08-13,-0.0018533908265272458,-0.0015843009350576809,-0.0016455514937768756,-0.0017858294769909078,-0.0018364802793104928,-0.0023217707299224566,-0.0021674139351860466,-0.0022962099531017577
2020-08-14,-0.001464076891162236,-0.0013194036462020886,-0.0016508132475053783,-0.0016245646571784178,-0.0017164566839061868,-0.00044362160500577286,-0.0003316664402093217,-0.0004250799502312219
2020-08-17,0.002956818658833349,0.00246447599557742,0.002747713723791012,0.00366794995772457,0.005698335345999395,0.002452400978142144,0.002648998129947122,0.00248496380973795
2020-08-18,0.0021248894238616867,0.002400148831880111,0.001963519638867428,0.0019725340081409026,0.0016394649596636057,0.0018045313036767485,0.00187742474411845,0.0018166067848994771
2020-08-19,-0.004045583622873994,-0.0031971945364253074,-0.003451313913232834,-0.005025431869200903,-0.007862053478008835,-0.0032442631744322714,-0.003496378613102147,-0.003286030993958078
2020-08-20,0.002533444671054319,0.0014943484267180285,0.0009686807180360191,0.001401269454377907,0.0015866337573460232,0.0025878105324601552,0.0027330197968007397,0.002611862190694758
2020-08-21,0.001193988517776079,0.001489019252479018,0.0006737910199492436,0.0006233508624606809,0.00017534528239582237,0.0030123970288506996,0.0031534566018678323,0.0030357641785903056
2020-08-24,0.001989552054987298,0.0017266467878078728,0.0016147709404594757,0.002014158446631553,0.004378632417207706,0.00574420633038808,0.006860739362824386,0.005929186727854807
2020-08-25,-0.0009102435094110461,-0.00046120753918732493,-0.0008998342999352316,-0.0005746330129610122,0.0005192966345786143,0.0013887815031226047,0.0019216853617556318,0.0014771515315035177
2020-08-26,0.00223376547169174,0.002673825309656541,0.0015869969199053813,0.0011436440520771196,0.0014444859840805346,0.006037912910863419,0.007098437358367571,0.006213854919227435
2020-08-27,-0.003322170384586709,-0.0023108256786065207,-0.0031700189911226806,-0.0035656089504569888,-0.003685606734114444,-0.0001602168314681629,0.00039085939729788244,-6.871239147876462e-05
2020-08-28,0.0032870945231997517,0.0030474996764977558,0.0030992345099216667,0.003777035495489134,0.005993498500317163,0.004310669201504025,0.0048688351179084766,0.004403393458186189
2020-08-31,0.0006964797324620076,0.0015517847873900426,0.001292288328558433,-4.05286246304426e-05,-0.0032806966422511685,-0.0010401456008863885,-0.0016706511590721673,-0.0011449356810243616
2020-09-01,0.004735670660410918,0.00299025636235295,0.0026520974707193723,0.0035446532113185825,0.00572479991438013,0.006814870634314518,0.0074602061003781195,0.006922068996320974
2020-09-02,0.0048399556764378016,0.0031114456232914645,0.002324946309212761,0.002782126006076302,0.004606920966361727,0.009819424111510155,0.011032528531516483,0.010021043754915526
2020-09-03,-0.008929528446233403,-0.007475443226468981,-0.005405767105825632,-0.0060870860698551965,-0.011330302828762795,-0.020745189141098352,-0.024215399590770348,-0.022005542200150385
2020-09-04,-0.006093975848958544,-0.0042666295089899275,-0.0038099708919475672,-0.004042679346075606,-0.004336314955533327,-0.0071276742556580786,-0.0073443663897618805,-0.007207398144196797
2020-09-08,-0.0059663337373089265,-0.00441639485198686,-0.0026966366226940375,-0.0034371515113433837,-0.008043440222439746,-0.015634613106564887,-0.018561333758483678,-0.01671124360471965
2020-09-09,0.0048698002294986775,0.0038847714880418938,0.002862278098860749,0.0035976810364606315,0.007221016618626397,0.011235447602490733,0.013315276969673606,0.011999099091803078
2020-09-10,-0.003797659880253601,-0.0029140555002604707,-0.0018659189459231396,-0.0026114006254843725,-0.005984352023230555,-0.010203290926836361,-0.011998833014996824,-0.0108634180097964
2020-09-11,0.0004973752298793599,0.00030364157573004036,0.00031269617579887665,0.0005460647230528526,0.0009337252176147004,0.0008618490850360594,0.0008344674471549851,0.0008517938418726168
2020-09-14,0.004084504197360506,0.0026822010924518747,0.0022646423900301027,0.003670782730271993,0.007591764384505373,0.007595152034931996,0.008919125900452185,0.008081340945528925
2020-09-15,0.0010564969619888398,0.0012310060770959197,0.0008352083549452161,0.0013528960082089814,0.0028081261174350836,0.003256043116119267,0.0037208939528072804,0.003426887234528664
2020-09-16,-0.000795724249050167,-0.0005152172480485939,0.00016241339247069497,0.00021069483720981275,0.0003097246996797143,-0.0024657497732325506,-0.002851521823276859,-0.002607572034234451
2020-09-17,-0.0021938922292144003,-0.0016261999026632168,-0.0009777127960699517,-0.001569711675069252,-0.003400801081130389,-0.005134507084696982,-0.006021172914482231,-0.005460394343995256
2020-09-18,-0.003335242815475148,-0.002551719297037569,-0.001791235600056229,-0.0027034364793301346,-0.0050846041277112786,-0.007280760700366651,-0.008349147982327554,-0.007673216878448463
2020-09-21,-0.004081145907373518,-0.003047239740298191,-0.004188195194056554,-0.005846844019344544,-0.011173082290757641,-0.006090852380598255,-0.007255849653385882,-0.006518505304275224
2020-09-22,0.0020496367805347138,0.0015748681431677625,0.0006600994007341932,0.0004998913447209485,0.0009936668784877867,0.006008059919485831,0.007007884910808393,0.006374808194194337
2020-09-23,-0.008159743138200226,-0.006227203428300188,-0.005358216369367064,-0.006717979714628175,-0.011901699584804248,-0.014440503548093231,-0.016574222867673072,-0.015223670756713381
2020-09-24,0.0009252558998706917,0.0004771205669718004,0.0003797159842953146,0.0006856400383985495,0.0012192117963647497,0.0016384737635435354,0.001909498616036176,0.0017378151710554235
2020-09-25,0.003479025642608713,0.0027379538811922455,0.0015400302610457661,0.0019695469156437717,0.004028165125425032,0.009208406575601291,0.010862539831788753,0.00981481623555358
2020-09-28,0.0054632564696253105,0.004457654347403528,0.004318268067529996,0.0051022188709699545,0.009100605673523221,0.01012703680005389,0.011745216626869004,0.01072088133603244
2020-09-29,-0.0006492319653396139,-0.00019665280556635523,0.000298499538564867,0.00024316667747181775,-0.00044313321018529805,-0.003059036761294376,-0.003708128760895435,-0.0032974839244565013
2020-09-30,-0.00012185104288886528,5.0464887922707646e-05,-0.0009647117836165675,-0.0007879416875535838,0.0005305131947279662,0.0038377829326685653,0.00478345556109705,0.004185037330813435
2020-10-01,0.0031916629889572334,0.0021370903231330285,0.0023088073589949687,0.0033379213420965392,0.00600148390788946,0.004139942571693922,0.004680207437417705,0.0043384480016988025
2020-10-02,-0.002364972673416843,-0.0018422149943961852,-0.0006392248236900544,-0.00047275081385800277,-0.0005951108852546572,-0.005747991807785513,-0.00662291430060602,-0.006069567345987403
2020-10-05,-0.0006845575621947653,-0.0012600099880538673,-0.0013694413457315813,-0.000526335567789471,0.004739443940873889,0.00897239628461488,0.011096188456585221,0.00896369494159166
2020-10-06,-0.0038527529454053244,-0.0018490912031829954,-0.0011283020566387192,-0.001450676947445051,-0.0030800327425447582,-0.007913001964169553,-0.009436979962530012,-0.007913001964169664
2020-10-07,0.0011478757146430318,0.0003516636005853613,0.00018512042296947584,0.0008477935493342859,0.0037951945615439797,0.009774229782834265,0.0116235011301975,0.009774229782834265
2020-10-08,0.004403187137100195,0.0032188814157780854,0.0028230281529617596,0.005066365643427773,0.006732642898786612,0.006034432010032065,0.0067432687941946234,0.006034432010032065
2020-10-09,0.0051828702536302895,0.0030591059981364133,0.002240955878577644,0.003121311610821964,0.003960362595259559,0.0054949367374657054,0.006353791132048814,0.0054949367374659275
2020-10-12,0.002966064859818429,0.0022212050642287373,0.002130593508233858,0.002904505825710668,0.0043935654636599875,0.010410753589245925,0.011858530298343162,0.010410753589245925
2020-10-13,-0.002891712912162947,-0.0016102333022981474,-0.0011356247751811432,-0.0026418554426479446,-0.005465704838462426,-0.0036116788800494293,-0.004318560034205499,-0.0036116788800492072
2020-10-14,-0.0001494593264973476,-8.086657864336821e-06,-1.7153512273826443e-05,-0.0006951891140155597,-0.0023217779712660924,-0.0035989704441776738,-0.0042707331632098056,-0.0035989704441777848
2020-10-15,0.00019242128744512144,-0.0001493723119523338,-0.0003520883645095063,-0.0004558012222468655,-0.00019162469019240458,-0.0009461717403113079,-0.001007556603871529,-0.0009461717403114189
2020-10-16,-0.0013818900767700315,-0.0008195906589066881,-0.0005534183526242353,-0.0010256646688946436,-0.0012191034346491492,-0.0008258038990136551,-0.0008308620330295113,-0.0008258038990137662
2020-10-19,-0.003581552081670991,-0.0023739448489722426,-0.0020358587157871533,-0.0033521079941282172,-0.005131805873090256,-0.009563465456624898,-0.010966428046355392,-0.009563465456624676
2020-10-20,-0.00035245623622226496,-0.0006116743171976635,-0.000704728104036767,1.9574273028677425e-05,0.002370193095758033,0.0017203227972477642,0.0022811319321360823,0.0017203227972477642
2020-10-21,0.0006737931127567265,0.00019417386852649265,-2.381585351374227e-05,-0.00044626907967137974,-0.0007748267826617194,-0.0015445223616432635,-0.0016107641404510264,-0.0015445223616434856
2020-10-22,-0.0036187768345159466,-0.0023857944388292474,-0.0017796136732525225,-0.0022085350891182243,-8.85015161414815e-05,0.0026652224833050298,0.003379012845251328,0.0026652224833050298
2020-10-23,0.0016845395891977866,0.0011971404424084842,0.0010312341062501673,0.0022817826144683195,0.0029190552444797735,0.002568250319431309,0.0027813399080562906,0.002568250319431753
2020-10-26,-0.0010956786415162734,-0.00017095660568255955,5.408870280820821e-05,-0.0019292754964350678,-0.006762365932121872,-0.010645025699933308,-0.012610758474204009,-0.010645025699933641
2020-10-27,0.0015530381878445798,0.001555265274355122,0.0015165650963815391,0.0006064758081345545,-0.0019518428993403614,-0.0010524144276089498,-0.00161842086215358,-0.0010524144276085057
2020-10-28,-0.00934215000134564,-0.0058116141118140785,-0.004656895659942872,-0.008874276392924374,-0.015025186127278323,-0.021312635302423555,-0.02460561265295269,-0.021312635302423777
2020-10-29,-0.0015770663528875684,-0.0015695981347316756,-0.0014682899341299516,-0.0005935530303158298,0.003094454732343488,0.005393654227105804,0.006670338156432143,0.005393654227105804
2020-10-30,-0.0036401730005763966,-0.0026522024864022997,-0.0024055855780057422,-0.004291053561701674,-0.005340885808636564,-0.0074151297394399185,-0.00837080362251641,-0.0074151297394398075
2020-11-02,0.005858349243334171,0.003860209439564777,0.003156220852224667,0.006569837274522872,0.009413038290586151,0.007496495324953889,0.008527250773362471,0.007496495324953889
2020-11-03,0.0029036692756598814,0.0014854060592703888,0.0009969030527008371,0.003507618415574454,0.008061216415746975,0.010490243063894233,0.012277210676397976,0.010463348905742853
2020-11-04,0.008379348097636852,0.00656136573572863,0.006131215804289214,0.008439009881771709,0.008635306383022456,0.016318149795956582,0.017875888678574814,0.016293252820688275
2020-11-05,0.008369001430656775,0.0049892563654618804,0.0037168084937853063,0.00734395040664193,0.011227861576310394,0.01230441066674115,0.014141583960236792,0.012275001830727383
2020-11-06,-0.0027789548683366805,-0.002289375662621329,-0.0020896990755560063,-0.0032579457752347496,-0.002534929935412822,-0.0009550977575990549,-0.0007442301368718596,-0.0009584794779322614
2020-11-09,-0.011327335232748648,-0.007649188767814619,-0.005936430680466898,-0.0033344703519885277,0.005222162983484324,0.005833964425921545,0.0075176507406617965,0.0058069570680350235
2020-11-10,-0.0005252468446741432,-0.0005100593000980647,-0.00047224053917338527,0.000823433217004732,0.0030479882033358496,-0.0015386717482097634,-0.0014749968123550783,-0.0015396948703001456
2020-11-11,0.001369149030085337,0.0010391455153286877,0.0009817317089237942,0.001436713174385984,0.0016999559379118345,0.0046058343568879945,0.005226940546500192,0.004595853842081388
2020-11-12,0.0032594133526175906,0.002752232433448576,0.0024792942013107666,0.0011811405732018443,-0.0035846032028085117,-0.004455667385369511,-0.005681310487245184,-0.00443596023414039
2020-11-13,0.0034049158646707323,0.002003277734048181,0.0015230187200243606,0.004848813389252138,0.00935090538229888,0.008493921146968786,0.009791444175049735,0.008473084333705305
2020-11-16,0.0015669709056373993,0.000995517455980366,0.0008852323620627267,0.00344700040621726,0.0073996656606332145,0.007719272535535948,0.008846744249850325,0.0077011428923954295
2020-11-17,0.00011421880678108565,0.0006093096053179092,0.000782392257502984,0.001392530139248338,0.0007062213586008781,-0.0024510658465013435,-0.003101333543433893,-0.0024405977136332524
2020-11-18,-0.00280530602195439,-0.0013050972758407164,-0.0008131525752468338,-0.0024695200115270044,-0.005335153186789343,-0.007086841803089827,-0.008379073161789763,-0.0070660529959299945
2020-11-19,0.0018049688095786998,0.0016692965583504638,0.0016794231674388538,0.002637053462797967,0.002996720993253321,0.00336353005369161,0.0035731749778644684,0.0033601618451626347
2020-11-20,0.0014188890127173615,0.0009397614737662874,0.0006506026113672903,0.0018423332109809287,0.0009484713089371599,-0.003783606397493866,-0.004526501925942283,-0.003771668315581289
2020-11-23,-0.004015311105314612,-0.00240510013624351,-0.001625151681353243,-0.0013714503240392917,0.0008212923288795082,0.003332707735253404,0.00398969709338326,0.0033221581360791674
2020-11-24,-0.0017864310619284396,-0.0010510362661417805,-0.0005422785083359916,0.0009223669664988332,0.00525421235465906,0.009602495207278183,0.01128612594252254,0.009575442338742857
2020-11-25,-0.0005461160660031883,-6.350329487980755e-05,0.0001743015998523223,-0.0007911920690504282,-0.0016220970784649458,-0.0011950453430239483,-0.0013111887579675408,-0.0011931759684162824
2020-11-27,0.000620852923775006,0.0009441035767825401,0.001131862519511806,0.0019759071969964737,0.0016217136480300987,0.0025868093916951995,0.0026545465856664396,0.0025857192633473858
2020-11-30,-0.0017745027263050828,-0.0004126109450094395,0.0001089288128761634,-0.004017320504668631,-0.008218658974232795,-0.00227179493287033,-0.002840385149477709,-0.0022626436995707433
2020-12-01,0.00252398443956392,0.0005579573332172849,-0.00021882166031095274,0.002322610615025811,0.007167267017557766,0.005664987619691697,0.007031597271474288,0.005643005317370164
2020-12-02,0.0005798914168244629,0.0002224035871343233,0.00011239712944632885,-0.0003797402352110346,2.425259452154549e-06,0.0006724826414836738,0.001042330306724848,0.0006665253227808865
2020-12-03,0.003644664974114198,0.002740443233218093,0.0023695736335003215,0.004338326731673892,0.00465227548038416,0.0005717489480780991,0.00035189064508878154,0.0005462063430625719
2020-12-04,-0.0021263059251929173,-0.0018744576460667517,-0.0017111659902359078,-0.00024733103454077643,0.004391059955734855,0.004114060590497681,0.005236644073387087,0.004361475241489998
2020-12-07,0.004571045484889513,0.0029821726967136364,0.002279431547538069,0.002350120683891177,0.00035930932861516496,-0.000573040842348993,-0.0008941209037859332,-0.0006438677643372248
2020-12-08,0.0023184124522788174,0.0013463902062749167,0.000938438451450585,0.0018587061976305108,0.0020031541392164787,0.0018733291255452755,0.002127713681736809,0.0019294296608791672
2020-12-09,-0.00546848495306429,-0.0036202012557443597,-0.002923417894024949,-0.0038536590454855135,-0.004361176163742098,-0.006022602125701271,-0.006738203350624694,-0.006180448015834172
2020-12-10,0.001463685430739936,0.001534777585876057,0.001614804865922137,0.002853033622804313,0.0026572174117636127,0.0005339403073898463,0.00028172605758380875,0.0004783386140136958
2020-12-11,0.0009760930463238449,0.0008236776918517652,0.0007010117371066826,4.685900746626004e-05,-0.0013792850161983283,-0.0001285280811044176,-0.00041530681768042754,-0.00019173723691745526
2020-12-14,-0.002474711574202426,-0.0013418934340453381,-0.0008869052688078582,-0.0016314917993522915,-0.0021130787415488683,-0.0028772994835254417,-0.003301358387676423,-0.002970745782464479
2020-12-15,0.00502745809698979,0.0031593482985068366,0.0024889765355868843,0.00533090254645785,0.00913287655580608,0.008446440595886173,0.009786489415805288,0.008741637979709616
2020-12-16,0.0007586837232069765,0.00023784470966581317,4.968780889358371e-05,0.00023444723699839187,0.0006776194044126882,0.0005131645491316394,0.0007679342215001217,0.000569345517444253
2020-12-17,0.0026523094607218134,0.0017066736341364575,0.0013571347172922632,0.002762417102627257,0.004610796877455359,0.0033632021036258397,0.003883260452219206,0.0034779064178078745
2020-12-18,-0.001677767743300973,-0.0009995362166566046,-0.0007710331349281008,-0.002617709533118462,-0.004465383808495149,-0.0025505156968214093,-0.0029156928317531916,-0.002631091873142477
2020-12-21,-0.00031140646973371044,-0.0003088591050306455,-0.00034327844883674796,-0.0016660406092391389,-0.003541311250725876,-0.0018108639955620731,-0.0021296031946622662,-0.00188117359280493
2020-12-22,-0.0007301982413771002,4.6755147078192394e-05,0.00037768424730000305,0.000506565440817619,0.0001797079849048533,-0.0005524650436337097,-0.0009079831610383504,-0.0006308680583375637
2020-12-23,4.664794861741761e-05,6.49333940485608e-05,0.0001144403026500651,0.000975789614969802,0.002553158494856822,3.0594990252152954e-05,0.0002230287375890594,7.302096406824887e-05
2020-12-24,0.002356490273390577,0.0017518307566337654,0.0015274305339103567,0.0019280312128076016,0.0019006581500902175,0.00308299332665829,0.0033116437989113567,0.0031334115831240794
2020-12-28,0.0012187233362401795,0.0006773171501364139,0.0005680967737127229,0.001217126338751262,0.002400472557975375,0.005095851117234318,0.005998051172011243,0.005294824840246459
2020-12-29,-0.00020840402757682508,8.066007896490035e-06,7.640337029113375e-05,-0.00020086742227376497,-0.000850514455372875,-0.0011353504952434923,-0.0013788166276414993,-0.0011890827575675722
2020-12-30,0.002226055483445899,0.001531778315849719,0.0012695092380354822,0.002987314440614064,0.004312392901471673,0.0010830549310012483,0.001149413527817389,0.0010976972969700682
2020-12-31,0.0027820721145144223,0.0020409649318069434,0.0017246960499088804,0.0016875200356034625,0.0015082965941746185,0.0037877140634536843,0.004188030265772857,0.0038760504573058796
2021-01-04,0.002167647988988275,0.0010397212631521047,0.0003969406570909495,6.813396031191132e-05,-0.002380310449346279,-0.008730876119939723,-0.009944202198287289,-0.008998699802468813
2021-01-05,-1.7418432489368918e-05,-0.0005080144040495727,-0.0006758764217185131,0.0017966498659263141,0.005680361253293631,0.003264457775788543,0.004092645919986815,0.0034582734574202245
2021-01-06,-0.00639176383782547,-0.004690927278869106,-0.00388832030875752,-0.002963600507947528,0.0023048396414717676,0.0018855402454833747,0.002933109703786352,0.002129324544999589
2021-01-07,0.00049498204326337,-0.00015709913459927005,-0.00025208140935806256,-7.880698770879047e-05,0.0023147908408651663,0.008219256928728491,0.009909385460413977,0.008612889326326867
2021-01-08,-0.007044056672641186,-0.004621835954562892,-0.003500288832091858,-0.0028465844930080086,-0.00023229207513619787,0.0030642723033502683,0.0037112328922659366,0.0032151436692069435
2021-01-11,-0.002596459034373777,-0.002001472193854714,-0.0018630176130861598,-0.003369853265902778,-0.004604439387969728,-0.004389049366123499,-0.00493225816517473,-0.0045157884308902885
2021-01-12,0.0012654894253723015,0.000884287087799196,0.0007628229539284881,0.0026614158599520543,0.0043893196329236606,-3.7147272698545564e-05,-6.0160612502802024e-06,-2.9886915394738978e-05
2021-01-13,0.0022519599243633337,0.002147264334393828,0.002190517507034917,0.002575719214590766,0.0016306229423272978,0.002553332665941044,0.0025395086575816794,0.002550108582093591
2021-01-14,-0.002332756160640992,-0.0014982019533646973,-0.0012110378101612973,0.0007893011958410856,0.0038055251809481216,-0.0025506609987094864,-0.002760463277789782,-0.0025995913067512477
2021-01-15,-0.002637776901066924,-0.0011726869812201945,-0.0006017871180220569,-0.0025439409977634497,-0.004984586008996983,-0.004022429447609888,-0.004807165597715546,-0.004205416918300675
2021-01-19,0.004179277899575062,0.002754759215929381,0.002182814468798533,0.004131739613679297,0.005451203721411835,0.005333816824566906,0.005981590412155624,0.00548477561648375
2021-01-20,0.006116011957424838,0.0035366106994993984,0.0025845055846003273,0.005083403307975187,0.007673661119994568,0.008215941518970205,0.00957223622932224,0.008532172035567775
2021-01-21,-0.0006945570685019664,-0.0004361196466377004,-0.0003094787455375503,-0.0014187352416575871,-0.001950321876761807,3.819509970703905e-05,0.0002655827021069701,9.12669383805742e-05
2021-01-22,-0.0020788318154358887,-0.0014011948181353873,-0.0011880133554192929,-0.001024117341744013,-0.0007587907441625186,-0.0020046792353265452,-0.0024010998057361066,-0.0020972191776624793
2021-01-25,0.0034532492247727475,0.002618117364331818,0.0023268268670506576,0.0035040245596236197,0.0031527149850143488,0.003372983750214109,0.003547981557884494,0.003413822588475224
2021-01-26,-0.0012119642678061204,-0.0007286497530745173,-0.0005240664355963265,-0.0007142046689817549,-0.0004920556770450224,-0.0009614622874027923,-0.0010980313447267465,-0.0009933373572668103
2021-01-27,-0.005172533211354691,-0.002905655415200048,-0.002195170245391398,-0.005127118775552497,-0.009468725915291243,-0.014821617233470419,-0.017213921116192576,-0.015379919849955015
2021-01-28,0.0007116925899994797,0.0002465444362276248,9.173839439169384e-05,-0.0005720701062423839,-0.0003541003086245942,0.004763736028406296,0.0056773500399835974,0.004976553057981059
2021-01-29,-0.005038765310940496,-0.002946843388106246,-0.002295943624480379,-0.005931253459294905,-0.009677150793596101,-0.01247107181352447,-0.014375558524497456,-0.01291501184847288
2021-02-01,0.004833119810729425,0.0027492316279538187,0.002081970407877165,0.005932923834196302,0.010494107316614265,0.010033665626114185,0.011638494468628968,0.010407201230424823
2021-02-02,-0.0007991562731155533,-0.0006721566229382914,-0.0004513183151746425,0.00046245385265586414,0.0032800108889852186,0.00821987633569976,0.009770559776583365,0.00858124904006008
2021-02-03,-0.0017433839071127055,-0.0012130931573051118,-0.0009573585631809101,-0.001162915818783472,-5.0989172713067354e-05,-6.175214642301086e-05,0.0002064645727053449,8.270320017711441e-07
2021-02-04,-0.002507372325517121,-0.0013777029557022757,-0.0007373922051783222,-0.00027121500594140535,0.002100897101074972,0.006797181678483533,0.007895011751906322,0.007177910892552486
2021-02-05,0.0011843884061031318,0.00047150411870688913,0.00020363367677633804,0.0013802542508867255,0.0036534576857056855,0.0018627619912441329,0.002398729667464794,0.0020437226572282974
2021-02-08,0.004333351962023668,0.0027375039693169345,0.0021238433364276776,0.004778612520677683,0.007049639132890029,0.004911477961866861,0.005531261946498667,0.005120811962306515
2021-02-09,0.0005153268470328154,0.00018518474980200317,3.745875178418068e-05,0.0017255610014343947,0.003048694258161566,-0.0006704188099334596,-0.0007049838203961878,-0.0006820980188665393
2021-02-10,0.002150852799894354,0.001684744239899283,0.0014992023318860515,0.0018917600565506731,0.0012396325246826212,0.00039898201616650475,0.00020038659861887353,0.00033187993156769124
2021-02-11,-0.002653349438365926,-0.001803089480865161,-0.0014116489256531528,-0.0007074144413491412,0.0010109218460829794,0.0005700322490167498,0.000833415537532245,0.0006590133782937713
2021-02-12,-0.0021346413202788517,-0.0018122727330796007,-0.0016103435539163158,-0.001999532766485901,-0.0002191674818458056,0.0020420406115664314,0.002810291662909137,0.0023016309627805764
2021-02-16,-0.0066948109435033265,-0.005421177434146718,-0.0049095178186276955,-0.005544710916787765,-0.003638307552037978,-0.002425689893156835,-0.002051258511847842,-0.0022991061400046142
2021-02-17,-0.0009688773205703827,-8.102025571465887e-05,0.00030733698756257866,-0.0002749989793182639,-0.0012082603164620398,0.0009505741314244087,0.0007664618949985158,0.0008883159751784664
2021-02-18,-0.002404028256508539,-0.0017916795104320205,-0.0015788077832652458,-0.0038537363052492113,-0.005402458990563019,-0.0028205133901513246,-0.003185982353524852,-0.0029440828721674084
2021-02-19,-0.0027606963202410073,-0.00276095255133757,-0.0028224127447834535,-0.0014034679911677506,0.00188359778477043,-0.002477509652091592,-0.0023160317603551084,-0.002422925267680176
2021-02-22,-4.803272051734364e-05,-0.0006304566289433433,-0.0009902983050007474,-0.0019252967112852737,-0.002441912804173718,-0.005868359321377747,-0.006371840516932625,-0.006038569345991784
2021-02-23,-0.0006117650049366485,-0.00019651171115642185,3.7326127288572764e-05,-6.586584010626062e-05,0.00036568248872459463,0.000675054873204628,0.000823633223915099,0.0007252673647164531
2021-02-24,0.000775634038967743,0.00032961120858199244,0.0002880953238988404,0.001358317547350607,0.004274064904638664,0.006478372395310128,0.007633082038947192,0.006868648280759837
2021-02-25,-0.01427577174675232,-0.01181209635865621,-0.011175891926478942,-0.015694740807786878,-0.01757747838964796,-0.01802391086791688,-0.019532370182202552,-0.018534136327280293
2021-02-26,0.002471883091696103,0.004329763179169888,0.005071007452642773,0.0035968810318309785,-0.0027489459926816062,0.00010254323227876228,-0.0013051468802103283,-0.0003731134972702055
2021-03-01,0.0018535037217644046,0.0009085090871463475,0.0008703804180667518,0.003887460077921956,0.01019917538430537,0.01417596087750117,0.016738568926805586,0.015041055583520313
2021-03-02,0.00017590030337211182,0.00039671791658935085,0.0003908745675584857,-0.0013182976379337852,-0.004170915927535601,-0.004749687928435442,-0.005503519297250459,-0.005004594694797637
2021-03-03,-0.006966095687670593,-0.004954577162002982,-0.004315383303110765,-0.00508593781869171,-0.00471569328760002,-0.00924268489140756,-0.010239332349115338,-0.009579530505335554
2021-03-04,-0.006579719104301884,-0.005064571928119488,-0.004617103555246693,-0.007853267301716649,-0.010125259603464554,-0.008691927641352293,-0.009603252355429803,-0.008999730795054561
2021-03-05,0.00411555815444431,0.0019116370185312537,0.0011304501401654399,0.0036937063891195887,0.0071011740678983415,0.010797803749034385,0.012685936444265078,0.011435138886932927
2021-03-08,-0.005426616192613309,-0.005032157780649693,-0.00498535335046979,-0.005112257211335014,-0.0032211226465066467,-0.004782416830644509,-0.004813895974373872,-0.004789078150071235
2021-03-09,0.010096084978006292,0.006934767271322029,0.0057816848548737365,0.009141875069001104,0.010281964909454766,0.00971535048961547,0.01078395005886823,0.010139685739158244
2021-03-10,0.0035148305161856186,0.0030786510924381005,0.002996841488936308,0.00457837390281246,0.005772114977684373,0.004472897035339152,0.004901517776031872,0.004643208624501405
2021-03-11,0.0010904909768751914,0.0008272874301915589,0.0008365967283698872,0.0034341806945463738,0.007260632344983975,0.006417291355802268,0.007456624555144398,0.006830374494685598
2021-03-12,-0.004738815650593198,-0.004700249710022697,-0.004695070776867261,-0.005030358174252236,-0.0015842200542097729,-0.0015057509797952173,-0.0007715866692163953,-0.0012137757662322723
2021-03-15,0.0032585030845688756,0.0023191129188955273,0.0019986152036963745,0.0027806715136176052,0.0029272460131297695,0.0039853778027090225,0.0044422463202784535,0.004167153650763922
2021-03-16,-0.00014172526943234676,0.00012080763964128494,0.00020530491003700746,-0.0008032258196993824,-0.0019180460818685185,-0.0007309600514819881,-0.0008305026146412375,-0.000770576243294907
2021-03-17,0.00047651194073283776,0.0003984613230492151,0.00042529704678351266,0.0005386208971911444,0.0017305118988875101,0.0018508137599213548,0.0022090435873460823,0.0019933743891940026
2021-03-18,-0.0071491452779266496,-0.005741326995554297,-0.005344263141117134,-0.008429496970383088,-0.010257694702544784,-0.010574305819254892,-0.01161852549244402,-0.01098995142983994
2021-03-19,0.0018924652891039173,0.001223220490419008,0.0008803091701394816,0.001736743972559962,0.0011113326662217649,-0.0007528627749249228,-0.001011427005843446,-0.0008557173621304148
2021-03-22,0.0037888612297685142,0.0030518447448699693,0.0028222368870176595,0.002353724156646475,0.0007226905610711043,0.005912258403874215,0.006414540251550305,0.006112030587211992
2021-03-23,-0.0008593508180931853,0.00025184158686197833,0.0006556585158392636,-0.002892756844130817,-0.007910501691593463,-0.0035822798978248915,-0.004532166893209899,-0.003960191334759222
2021-03-24,0.0010437132599308008,0.0012085995330342048,0.001216335868639895,-0.0012187107527974472,-0.004926646386097633,-0.0027461814084041025,-0.0034483806801227646,-0.0030253901447402365
2021-03-25,-0.0008717180215342957,-0.0006114414233688859,-0.0004375421470631524,0.0013614658219243125,0.004740291796055951,0.0031140878226101343,0.0037442433152004018,0.0033645441773619833
2021-03-26,0.0032047558944090504,0.0012969932579862675,0.0006837353150968006,0.004815979823443728,0.01029310030915842,0.009172287770650378,0.010968825307365204,0.009886594830186723
2021-03-29,-0.00434752316208209,-0.002957209293365737,-0.002400287234542109,-0.005384912174205447,-0.006769453624100641,-0.0008750849040189967,-0.00080666815732644,-0.0008478531119785471
2021-03-30,-0.003110811175912831,-0.0016527163796770106,-0.0010368699901982525,5.164019587611257e-05,0.0010399317569032007,-0.0011429203002617516,-0.001500442233107524,-0.001285229964361867
2021-03-31,0.0030693738540354953,0.0018555193414122595,0.0014164312993674155,0.0012982765224776038,0.0014122871591826236,0.0022301915011526674,0.0026693801373594006,0.002404970481988178
2021-04-01,0.007389955514288671,0.005016273695621409,0.004139997944332396,0.007711897939531864,0.009463789695118185,0.007716157406715718,0.008444733931679549,0.008006177323219621
2021-04-05,0.0013563769992188668,-0.00014077991562377878,-0.0006656316226755221,0.0004136760901907177,0.0031105680578749073,0.008222310032259816,0.009794462664192816,0.008848399308440724
2021-04-06,0.00324179451009865,0.0029525858989185583,0.002828336406816234,0.0028075278560115713,0.0016149564771139602,0.0010176102041756785,0.0006151742015476636,0.0008571950251963223
2021-04-07,-0.0014111141689506779,-0.0008692839647026496,-0.0005912838059574099,-0.0026825330580415585,-0.003753880338092208,0.0002704978199561392,0.0005159652437225493,0.00041453435229810154
2021-04-08,0.004811647268153196,0.00343987877606744,0.0029329022228774537,0.004348997750831085,0.004365391073523295,0.003818891499534516,0.004081787232373957,0.003959028315641877
2021-04-09,-0.000837670863371831,-0.000951935947882121,-0.0008990632436036705,-0.0016677308876117403,-0.0010022367131882204,0.003806621943362787,0.00465363805505925,0.004258179880790136
2021-04-12,-0.001138986097017014,-0.0007652180016050059,-0.0006085752069419081,-0.0010124628604466501,-0.0010238127507535832,0.00017809005072288997,0.00024624599237643707,0.0002144393894989438
2021-04-13,0.0037352262538004055,0.003108193481791366,0.002892856811009814,0.003303977618744458,0.0023538881701496983,0.002669428033569732,0.0026825663126730515,0.0026764352428167992
2021-04-14,-0.0018669046546658796,-0.0011848667576171978,-0.0009309778232813315,-0.00028398379698890697,0.000585421273719966,-0.0022197469078364396,-0.0024697287392039247,-0.002353073784027937
2021-04-15,0.009012397769593283,0.0064455700524781445,0.005467269745743186,0.00805557901050058,0.00824893626317702,0.008151319934731394,0.008799337598616619,0.008496897322589403
2021-04-16,0.00038753659756207703,-0.0006331189249455527,-0.0010761122136233592,-0.00034300606270165623,0.0012452221480563352,0.0010539927122441561,0.0016702218855870754,0.001382716361930214
2021-04-19,-0.002349578114854367,-0.0015857342480372072,-0.0013276693109030013,-0.0021973991175768814,-0.0027329224301989585,-0.0032162282099837958,-0.0036469713199847043,-0.0034460714348500954
2021-04-20,0.00016015481495412764,0.0005542416846064935,0.0006253314884692163,-0.0013972341267686206,-0.004440024752543903,-0.003786514915313788,-0.004678900751622361,-0.004262593312966412
2021-04-21,0.004350375029912756,0.002840201324895597,0.002316013052362509,0.004850303049763749,0.007350206560932104,0.006080767770770157,0.006911946862614871,0.0065240076266550595
2021-04-22,-0.0020596339088853055,-0.0009078859785243143,-0.0004977513279011969,-0.0011050335929863042,-0.002776813491559005,-0.005363435999213517,-0.0063222725615958986,-0.005874948364378518
2021-04-23,0.0009502860398835633,0.0005989508773847074,0.0005874419688081112,0.0028451217374279025,0.006038460738747586,0.006467318561115487,0.007518560318499068,0.007027874155984826
2021-04-26,0.0010562874409578704,0.00048560741814873687,0.0002727646081852608,0.0008803291193226759,0.0015741924420189513,0.0010333469944598939,0.0013184473035734445,0.0011854456375910427
2021-04-27,-0.002169920663356084,-0.0018096513561730587,-0.0016583167353138029,-0.001959954272854114,-0.001019274717326324,-0.001205661339287567,-0.0009808442678415075,-0.0010857073688778085
2021-04-28,0.0013827592251571819,0.0012658080803507055,0.0012192357511526808,0.0018839787398217123,0.0017769945671717302,-9.89492980404405e-05,-0.0001921314383528383,-0.00014867301794407872
2021-04-29,-3.511230319908076e-05,-0.0002975138261162025,-0.0003269468094347916,-0.00032583072516156886,0.0007757073184049279,0.003719353550001303,0.004463418796603502,0.004116383320809325
2021-04-30,-0.001610046934552134,-0.0006136227351377643,-0.00028251410247348563,-0.0024321972553578153,-0.004842868887254159,-0.0034593722046486475,-0.004253011032958276,-0.0038830005699480585
2021-05-03,0.0035512491742382135,0.002426706655654254,0.002004634782527992,0.0032823142726035037,0.003879232163664037,0.0014706908388253392,0.0016714297954401047,0.0015778014351568448
2021-05-04,-0.0013387692319395406,-0.00040861769587141605,-0.00011084195191346513,-0.0017595614621879196,-0.0042442107846470956,-0.003180665042284647,-0.003912768185991289,-0.0035713382629547485
2021-05-05,0.002226405016336308,0.0018921601905770302,0.0017578212256466053,0.0019409879259240093,0.0009070925549530262,0.0003424620632122011,0.00030241276662201777,0.00032109782431288814
2021-05-06,0.004783264838514434,0.002760106858593403,0.002004279146026411,0.003794278267542195,0.00544994487410877,0.005065805467486806,0.0058332628563046995,0.005510191302059431
2021-05-07,0.002901944460613981,0.001981419974729892,0.0016631535951752152,0.0035034573503403,0.005703304192938186,0.004342116424724818,0.005042559638520849,0.004744147445174374
2021-05-10,-0.002710668992347842,-0.0018722256614480681,-0.0016171613309670096,-0.004334620799364974,-0.006594676032371183,-0.006839063924846789,-0.007580764107833815,-0.007264901505807275
2021-05-11,-0.0032500344876663645,-0.002482649036055884,-0.0022581830954372384,-0.004026851991253633,-0.00535128236403537,-0.006072442086625496,-0.006748461559624386,-0.006460446443985246
2021-05-12,-0.008669980159437873,-0.005968882230732553,-0.005104116260195246,-0.010463316896121011,-0.015222212096529408,-0.014221343525649077,-0.01600280464337034,-0.015243524585452084
2021-05-13,0.0037215501344574076,0.00277580261050403,0.0025395195881430244,0.004503449902298673,0.007091431205702214,0.007892294436853131,0.008885192176683265,0.008461568004360265
2021-05-14,0.006749017184447981,0.004632344202171623,0.003925570414693436,0.0075384640860800545,0.010339688363411925,0.010128858703125854,0.011431463101778672,0.010876014952033941
2021-05-17,0.0018988282589749161,0.0009880080038662253,0.0005477368387993842,0.000952990806667442,0.0009083642919143209,-0.0018193497979872575,-0.001965321416034227,-0.0019031231478294774
2021-05-18,-0.0022122751762495563,-0.0015767937910814434,-0.0014057910349658531,-0.000793904889210495,-0.0006559742258515078,-0.005612864079166391,-0.0063699643114143445,-0.006047338061396679
2021-05-19,-0.0021028005010103046,-0.0021192425283308447,-0.0021822137414418963,-0.0032546861050956055,-0.0034362853119426218,-0.002006590435094102,-0.0021648640873175307,-0.002097388800235467
2021-05-20,0.004514201471669699,0.003386222639787606,0.003033632040920775,0.004677468689864961,0.005709890649573834,0.007712066781094595,0.008450084024627103,0.00813542358839614
2021-05-21,0.001009121722689299,0.0008315036184949331,0.0007608768762212836,0.0005704318946502251,-0.00013074797001466631,-0.0003625179227759734,-0.00046191674304296715,-0.00041955493917489317
2021-05-24,0.0033882627842449775,0.0023787513133857185,0.002067126836053257,0.003681298440908254,0.005170568886520899,0.006527257335096959,0.00741875507555223,0.007038794757498801
2021-05-25,0.0035283785863000627,0.002871151102446179,0.0025647252775666818,0.0030176645428567905,0.0013871351895957673,-0.00023916653416888867,-0.0007062399891643034,-0.0005072723162609094
2021-05-26,-0.0006394534103099092,-0.0006393051397729499,-0.0006190988192178448,0.0011220564804026445,0.003514801115644506,0.000954290200105401,0.00117117012077661,0.0010787571012584873
2021-05-27,-0.0006942256425552795,-0.0008106187085276106,-0.000872191191912286,-0.0002989932265298201,0.000867758954513187,-0.0002943584422880896,-0.00011005356001880795,-0.00018857651858794622
2021-05-28,0.0009013550096310663,0.0006272108368681195,0.0005359401999069924,0.0009851456186096286,0.0014627481721285474,0.0011254305071219939,0.0013311387320416035,0.0012435061678612858
2021-06-01,-5.156512272630476e-05,0.00022896751005041516,0.0003640090969905252,0.0036643006325733918,0.006612598331197761,-0.0004965555169178515,-0.0005669234432980064,-0.0005369499475114115
2021-06-02,0.001650708932560141,0.0012240025974621371,0.0010678490664677298,0.001776339085950207,0.0022112946182504256,0.001435618246181214,0.0014981563992708669,0.0014715169496795077
2021-06-03,-0.006221417808518259,-0.00448500596058754,-0.0037911203529861215,-0.005619836898965391,-0.006102284396170665,-0.0030382485071419607,-0.0032301699700237885,-0.003148419892440746
2021-06-04,0.007280642238187696,0.005455882114048238,0.004787295844269179,0.006485859078216638,0.006115393128217628,0.007048575617304431,0.007553920981546947,0.007338642357205938
2021-06-07,-0.0002829579376755209,-0.0004517690956972187,-0.0005327331210183139,0.0005059300223957397,0.0020482703130710878,-0.0007939201837419141,-0.0008081723242150396,-0.0007994652300494787
2021-06-08,0.0006852015464018368,0.0009357133819800634,0.0010725208785007379,0.0020228344770223394,0.002404331733386167,0.0008427311924616987,0.0006706692696585304,0.0007386243901952305
2021-06-09,0.0008349860835232814,0.0009431060228246579,0.0009967148364031786,0.0007116917372063103,-0.0006801903877341475,-0.00014579301234629582,-0.0005019282835387884,-0.0003612595490594117
2021-06-10,0.00390976777432539,0.003314511179502544,0.0031468875725098044,0.0030804407120927912,0.0018195900539992316,0.0036078966305868043,0.003859999357627153,0.0037604006425158154
2021-06-11,-0.0025243929569902512,-0.0017215745328161836,-0.0013327540636292046,-0.0013334834857920974,-0.0004416362155967857,0.000953273068725613,0.0011512584232371559,0.001073051847775286
2021-06-14,-0.0020372929987761967,-0.0017959510720372274,-0.0016407026956086757,-0.0018537021000220033,-0.0007846640358769585,0.00048086473052078027,0.0009886329490309542,0.0007880824477997095
2021-06-15,-0.0009008034199816661,-0.00018042007210661293,0.00013949329969187296,-0.0008445734566931984,-0.0018825501834095482,-0.0012603655909926292,-0.001469818670472245,-0.0013871175014297243
2021-06-16,-0.006512488895253465,-0.005453673796915304,-0.005075384392414173,-0.006275355580485975,-0.0060469995502048235,-0.004413079362735273,-0.004680851418600529,-0.004575109965957003
2021-06-17,-0.0029394169392283898,-0.0007684630105252443,0.00018829761783667465,-0.000997487394791552,-0.0033400811521901996,0.0011432069756707186,0.0007673036921267418,0.000915769629736829
2021-06-18,-0.0004950104475335282,0.000402280503278174,0.0006677872191498402,-0.002049082184083284,-0.0077766926050422125,-0.0066862876627249435,-0.008331095922175957,-0.007681318439374474
2021-06-21,0.0020099408291682774,0.0003364319344323352,-0.00020380852935397709,0.0021796697879723492,0.007419809790129683,0.006916380671797118,0.008676513095782434,0.007980479847219613
2021-06-22,0.0018633350954799788,0.0018958090032243913,0.001969579239008201,0.001604911173383794,0.0008782086543659418,0.0037411677172005664,0.0041320834449110055,0.00397766148133516
2021-06-23,-0.0007659697062550874,-0.0006708136616508931,-0.0006815399926438648,-0.0006858215226032138,-0.00044677280664318086,-0.0009254391590125532,-0.0009630904530859574,-0.0009482207080777627
2021-06-24,0.00092254818655646,0.00048488436410898395,0.00039516623622692926,0.0018721719869441156,0.0036433926635663916,0.003619072842532267,0.004144454164487277,0.003936958920917499
2021-06-25,-0.00014610295690531405,-0.00032344148012664053,-0.0003650753331392309,0.00010884647564846084,0.001752198682904993,0.0014793899417879786,0.0020350247507670005,0.0018156506136548511
2021-06-28,0.0024578906304422166,0.002068247908949772,0.0019219859974686226,0.001240963782626725,-0.0006428613254449989,0.0023240133516135852,0.00226375890959285,0.002287540410111699
2021-06-29,-0.0013543814853403946,-0.000496644155438486,-7.998665150343864e-05,-0.0006145358854725558,-0.001083332298734918,0.00045049477313452435,0.0004479161276951249,0.0004489339163820105
2021-06-30,0.0022672118023474574,0.0015011616653932691,0.0011845176621565479,0.0007005861493982746,-0.00045207386655010673,0.00082965207901875,0.0008512288387880762,0.0008427125007455238
2021-07-01,0.0019253868513404715,0.0010487065489024339,0.0007168267757651225,0.001137018548032609,0.0018074592080747909,0.0033615655081582485,0.003933257382812583,0.0037076137839302525
2021-07-02,0.004741167896966214,0.003500820520750292,0.0030755367776407194,0.0027802275007826616,0.0015940161447050016,0.005286152326764215,0.005868957225771965,0.0056390066854623555
2021-07-06,0.003051992835045647,0.0027885680755264097,0.002634181111731859,0.0012807799780965023,-0.001776843071117029,0.00028599499838111164,-0.000259295996602682,-4.422237104173554e-05
2021-07-07,0.0029644348360586825,0.002049165909833617,0.0017139971117943187,0.0021810971011633207,0.0015641806911768086,0.0028967124146530576,0.003032592883464913,0.002987559332882528
2021-07-08,-0.00130497994769474,-0.000612206348969857,-0.0004154958811196652,-0.0027508517926573273,-0.005637487560657406,-0.004409849230155194,-0.00529835809001078,-0.004980163789747971
2021-07-09,0.0004437297749948499,-0.0004414723367586193,-0.0007119945606266498,0.002696770725407527,0.00824473719197294,0.005056278488102084,0.006426715730605492,0.005935651118551988
2021-07-12,0.0007541437291163078,0.0005209471303970759,0.00045919350853385055,0.001216556767819954,0.0022257493556354646,0.0020396401363236283,0.0024358726543778353,0.0022940159777267155
2021-07-13,-0.001827486021476643,-0.0017132110650436294,-0.0016813324686461018,-0.00392059541772849,-0.005520324811647659,-0.003284769089334505,-0.0033098221485808876,-0.0033008550860750274
2021-07-14,0.004825193877034284,0.003778021313091129,0.00333566583421252,0.003975430479972175,0.0025263339145702446,0.002169824410413579,0.0019701504731046704,0.0020416194923675857
2021-07-15,0.0017783649204448082,0.001746399933827858,0.001679117150696241,0.0016667549770936763,-0.00013654885917302462,-0.0009660351137232848,-0.001530072184498854,-0.0013281613373404833
2021-07-16,-0.0036281401458588824,-0.0022462744749875974,-0.001711772716811888,-0.0033654784423826634,-0.005008704567224909,-0.005041954810514837,-0.005726963580076738,-0.005481659041271625
2021-07-19,0.0008758373191000146,0.0018046987191673303,0.0020302205930318173,-0.0005258562117118615,-0.006745655083028046,-0.006677318145806854,-0.008743014295659046,-0.008002952706756106
2021-07-20,0.001171939046685333,0.0005188233673081299,0.00040330235032159933,0.0027618543613101565,0.007590270751048456,0.007970219213363716,0.009498189643622812,0.0089500435210208
2021-07-21,-0.0016440227365113191,-0.0019023345344394427,-0.0019230596500249275,-0.00047562330471595526,0.0032677656849855463,0.0037220088044427335,0.0048889613371096985,0.004470733799326165
2021-07-22,0.0029020525797709418,0.002410721769727342,0.0022388881212775935,0.0012241203792233701,-0.0012612217978497098,0.0021556777928122273,0.0021486822501226577,0.0021511875343533937
2021-07-23,0.0012787995549010667,0.0009309870393587882,0.0009140819729362981,0.0005256980387680077,0.00150966552962295,0.005535631291587961,0.00664970112693597,0.006250722202768788
2021-07-26,0.0004949439451507054,0.0004611503109357429,0.00045483389167055854,-0.0002008623053251224,-0.00047523658109593914,0.001306173025131141,0.0016174936045021404,0.001506080409432009
2021-07-27,0.0013621261240706062,0.0013861509176638087,0.0013605132252714203,0.00038753871868624223,-0.002105261996739549,-0.0016718682296825715,-0.0023670058926831272,-0.0021182846254973464
2021-07-28,0.0013740235961232639,0.0013497882173589826,0.0013299085026841073,0.0033032381301916214,0.0044686515675140814,3.8942917415907274e-05,-0.00010741045558859685,-5.502157937709029e-05
2021-07-29,0.00160985685694226,0.0003674681108192246,-0.00013185317310293598,0.0010891971095212671,0.0031242569904017525,0.0019065570213130378,0.0025094942048990987,0.0022936456114266424
2021-07-30,-0.001208635886041698,-0.00020391644447903534,0.0001783741369532077,-0.0004829775389645352,-0.0019425801504378004,-0.0023517114755220447,-0.0029880515960475362,-0.002760332892396744
2021-08-02,0.0009055295828954701,0.001060818861692736,0.0011099305416550909,0.0017212698365305368,0.0009290196327380595,-0.0002760898017276636,-0.0007164041006102462,-0.0005587700255549333
2021-08-03,0.001843123234286148,0.001139529452218735,0.0009287137935387602,0.001872179268672891,0.003129634108007595,0.004942894975781487,0.00572712715614232,0.0054462898550484695
2021-08-04,-0.0009435748023677304,-0.0007886674047473674,-0.0007893558834689562,-0.0016258615329309833,-0.003041462015492269,-0.0028813991305014497,-0.0033583106676585706,-0.0031876118675424614
2021-08-05,-0.0011744342106534411,-0.001610623070572137,-0.0017106624186721264,-0.0005017014438920553,0.0024148966786727843,0.0028237659931913406,0.0036785346385854734,0.0033832512136862114
2021-08-06,-0.007311454920478577,-0.005361891205075464,-0.004455417555226049,-0.005584556605736868,-0.0033870917652303323,-0.0008453792741830446,-0.00020153997340288665,-0.0004246825316477354
2021-08-09,-0.0045526500833550365,-0.0033245805335313516,-0.0028099287786352845,-0.0036994765625076864,-0.0036208258497678614,-0.001314107152856403,-0.0012248153795529904,-0.0012557491992861713
2021-08-10,-0.0002648683849675315,-0.0004504968908971563,-0.0005191714463562702,-0.00026855356467203606,0.00044144206278162734,0.0001591934877198664,0.0004343629007550476,0.00033904008058671664
2021-08-11,0.003128403463826368,0.002201513567531066,0.0018289051058604233,0.0030701584047525543,0.003975582276555922,0.0017314998480539856,0.001901523913273806,0.0018426356109824127
2021-08-12,0.00022211658010662383,9.022635019073633e-05,6.29764145922973e-05,-0.0008235168851519203,-0.0011025542303587654,0.001810697685918461,0.0020890352390428024,0.001992642956634594
2021-08-13,0.006175304591386155,0.004579469483639409,0.0039037081281454444,0.004780761464912464,0.0031310546694032215,0.002757677855258045,0.0025617723662194614,0.0026296049243186292
2021-08-16,0.0020942723131547325,0.0015472499062003653,0.0013434368395819352,0.00029478569839680446,-0.0010230456498424578,0.0018122609613495655,0.0019577113759021714,0.0019073425269602318
2021-08-17,-0.0021893089146247657,-0.0017058541904140245,-0.0015601272999977711,-0.0037887279534293272,-0.005884907491720548,-0.004403265918340726,-0.00495474063980339,-0.004763785454428016
2021-08-18,-0.0017356550093305945,-0.001240678665923145,-0.001195897113646427,-0.001520048267700358,-0.003132620185435364,-0.0065879477037325,-0.00763475076877751,-0.0072721504978264795
2021-08-19,0.001081983856409563,0.0011037303477270388,0.0011271473788423414,-0.00038249027842751637,-0.0023589682248116306,0.00172578042354532,0.001647022694554634,0.0016743222479571607
2021-08-20,0.0012969067929387013,0.00038120207261216343,9.356789621550732e-05,0.001272991018711478,0.0033217256010149576,0.004666577845768405,0.005479499185566894,0.005197704244508161
2021-08-23,0.00438252925882443,0.0027311726474772424,0.002106283188304081,0.003982284485691823,0.005746884804721297,0.0054348300912197,0.006293836620018922,0.005996223824433544
2021-08-24,-0.00099465777899721,-0.0009762894084790474,-0.0009437175104255457,0.000299816268998665,0.002310034073272904,0.00018142886327554564,0.0005335344576595791,0.0004116114590084763
2021-08-25,-0.0023504945195995663,-0.0016877348946443549,-0.0013903707775463348,-0.0017346951101193664,-0.0006221899990663804,0.00048026684122448593,0.000824172072234397,0.0007051159989719391
2021-08-26,-0.0004927863174315483,-0.00032728068180576386,-0.0003368778040506726,-0.0013119970215579313,-0.003076892741949777,-0.003499959327892932,-0.004090234443892782,-0.0038859338378204322
2021-08-27,0.00703611395177095,0.005382972116155349,0.004752744226368177,0.00826232614038358,0.010449737775256818,0.006517477118740844,0.007110546690157982,0.0069051993556081825
2021-08-30,0.00074662600327291,0.0007696265533985169,0.000872162925340092,0.0009775541577763391,0.0011843790175671831,0.0032411063130710627,0.0035814927997308565,0.0034636810856014666
2021-08-31,-0.0015390790951447242,-0.001360800592012712,-0.0013221906905845904,-0.0007096906134579362,0.000629510401907396,-0.001536293959116919,-0.0015795528465440967,-0.001564583764446792
2021-09-01,0.0004634195498249838,0.00035272782739625974,0.0003434181705606054,0.0025500090608194803,0.004610226799653283,0.0007125009503334834,0.0008002098288348858,0.0007698586413324993
2021-09-02,0.0010191216783088652,0.000984588405179565,0.001026608504402171,0.0015807022654352743,0.0018853526060802483,0.002359173016795557,0.0025170597210197876,0.0024624270042812313
2021-09-03,9.804340796448763e-05,-0.0005469011097017917,-0.00085988932547576,-0.0007987400213442797,-6.894831408110758e-05,-0.0010712617069676966,-0.0009004438643508417,-0.0009389511065039935
2021-09-07,-0.006278205237696954,-0.004467739408745786,-0.0037179013768530167,-0.004972366239719528,-0.004877861435236053,-0.0033776123326768603,-0.003457469111145639,-0.003435940908658397
2021-09-08,0.001056534763847372,0.0013069537816166044,0.0014120568257010024,6.839122794266572e-05,-0.0020414310290431947,7.23681623826522e-05,-0.00018666930433708373,-0.00011683255986139063
2021-09-09,0.0029266327098655953,0.0029521261406513233,0.0028927406402392553,0.002338730268696798,-0.0008807451919583542,-0.0012494972308334518,-0.0020582482808794156,-0.0018401669795550246
2021-09-10,-0.004367802258289477,-0.003146909716332469,-0.0026769036961895587,-0.004433405587387251,-0.005430489748484146,-0.005595981335119071,-0.006127498985462054,-0.005984089398532788
2021-09-13,0.002096799577909092,0.0014203067769622546,0.0011330942287581802,0.002854595643869695,0.003787725574039502,0.0020061688795303123,0.0020902009151777534,0.002067519251154115
2021-09-14,0.0021671917008321273,0.0017863489665868038,0.0015532051041997619,0.0007715711751965504,-0.001964182629418998,-0.0021146935151111768,-0.002879785795453005,-0.002673287125451229
2021-09-15,2.940528082895355e-05,-0.00018720500799263018,-0.00016794243928341945,0.00029395382935848424,0.002032313043009104,0.004591727173435478,0.005525014331780653,0.005272978722440591
2021-09-16,-0.0054191537013200675,-0.0036082233195875446,-0.002798012056844601,-0.00415399486185819,-0.004163391442818298,-0.001774656509968997,-0.0017621175873305805,-0.0017655014476392061
2021-09-17,-0.003968016063031432,-0.002873138951469345,-0.00255400938935213,-0.0038617799124683883,-0.0047204879287932044,-0.006365400173676039,-0.007221479452058754,-0.006990452735725072
2021-09-20,0.00027194637622374174,0.0009572389050525043,0.0010552407081620974,-0.0016646819587162742,-0.0070507147274258,-0.008591363115394324,-0.010515171328861483,-0.009995674050286785
2021-09-21,0.00041544895874645604,7.346604891567132e-05,-9.271835038371368e-05,0.0008295635869448592,0.0015870031840339305,-0.0006698453918650982,-0.0007449378306195742,-0.0007246314128411813
2021-09-22,0.002157185403164341,0.0013211957869945223,0.0010892643895599186,0.0035315736412893095,0.006071730631272532,0.006120557070557808,0.006991706724688296,0.006756118442016623
2021-09-23,-0.004155239736463923,-0.0038387463088155327,-0.0035441223309775616,-0.003246653996160531,0.0013185239431692253,0.004987470628213808,0.0067437212752310405,0.006269071630620182
2021-09-24,-0.0019019605650580917,-0.0016788979026864936,-0.0015452965871434188,-0.003801864940939037,-0.004282441006100535,0.00014823424118071138,0.0005252942000786298,0.00042351861646539035
2021-09-27,-0.0008393831847401945,-0.0007189652082661979,-0.0007240788237586893,-3.244938478852433e-05,0.0007666198760103438,-0.002160608763068006,-0.0023281137712969358,-0.002282913456256308
2021-09-28,-0.009326196435412104,-0.006441595113597209,-0.005465844267122932,-0.008783489437204084,-0.01070693847757409,-0.013666093331622942,-0.015239621047152152,-0.014814961104646862
2021-09-29,7.316646318433762e-05,0.00010801962226403283,0.00017615580067542602,0.00011341049758439858,0.00019307946534885545,0.0009813981317223774,0.0011283907900583312,0.0010886744977125495
2021-09-30,0.0005014254096646908,0.0003036113175303168,1.3856602127937379e-05,-0.0009284681382210058,-0.0036014768788684703,-0.0076115207927898165,-0.008864948609053958,-0.008526318288484491
2021-10-01,0.005024887300118186,0.004063750938706034,0.003820070467037917,0.005644137502993862,0.007110763264630782,0.008457457770544519,0.009324343692477255,0.009089926755554423
2021-10-04,-0.0021504852546906372,-0.0013486818752299623,-0.00117279208513843,-0.002273665835916483,-0.003876325158173488,-0.007573761340437524,-0.008744630996976532,-0.00842821145386452
2021-10-05,-0.0009746762773069628,-0.0007234610056132684,-0.0008329885811517723,-0.0010732228111057784,0.0003660656044044419,0.0048374394288699385,0.006055716108336329,0.004784142539091096
2021-10-06,0.0020684126682786186,0.0005714443331761299,0.00048440938413762957,0.0005287297083369502,0.0001820472926792327,0.0028668057447820416,0.003263192860946118,0.0028668057447818196
2021-10-07,-0.0021978341604448337,-0.0015738842935937303,-0.0017379039712122069,-0.0005806313728318191,0.0029113826506594886,0.004082284383197798,0.005218208047039763,0.004082284383197798
2021-10-08,-0.0019175585481514545,-0.0013287060307521914,-0.001420337703551433,-0.002091515775902719,-0.0021781691346246523,-0.002113745313860438,-0.0020560683897214993,-0.002113745313860549
2021-10-11,-0.00299710184356472,-0.0017318742084048155,-0.001683147762964965,-0.002083589967378008,-0.0023218238780557954,-0.00501857426798602,-0.005588545217071195,-0.00501857426798602
2021-10-12,0.00462282618824128,0.002617453588322549,0.0028791280370854544,0.004540126245364373,0.003579345756796082,0.00023071841476185462,-0.0003312218122178967,0.00023071841476185462
2021-10-13,0.007355832352970104,0.004035052606126133,0.004021633928674051,0.006366861069820429,0.006466940282082501,0.0030090806238276535,0.003059547458617029,0.0030090806238278756
2021-10-14,0.005471337887115846,0.0029225304864068935,0.0028033940848173344,0.004286889823831963,0.006103121584081439,0.010843873902142809,0.012340161684452955,0.010843873902142809
2021-10-15,-0.0035518358896251545,-0.002344474257668594,-0.002265461137522795,-0.0023137461548812244,-0.0006413954181931913,0.003771745796748327,0.004786647847457859,0.003771745796748105
2021-10-18,-0.00010014344825159949,-0.0007999462656521628,-0.0007834587770713108,-0.0005013857971514213,-0.00018114690565096403,0.0016318613711885366,0.001990691678188883,0.0016318613711885366
2021-10-19,-0.0012791395478706225,-0.0012874646816790625,-0.0016246526816839912,-0.0014693669095213746,0.001080080816979967,0.0036589556136725765,0.004703857450387927,0.0036589556136723544
2021-10-20,0.0015285820178840837,0.0007309022392987252,0.0004608185421368649,0.00134405384128633,0.0030904391768875605,0.0019290389205302017,0.002426364600098596,0.0019290389205302017
2021-10-21,4.347401286142194e-05,-0.00027495034727742507,-0.0003754242308900979,-0.0008248427959273164,-0.001111041992161943,0.0009625692266077568,0.0013417469139844762,0.0009625692266077568
2021-10-22,0.003623912031242016,0.0019581094331244664,0.0021322049291494505,0.003234047940229967,0.0025288436632207034,0.00019636244717902152,-0.00011036116501761395,0.00019636244717902152
2021-10-25,0.003089648764150743,0.001853974362005184,0.0016448094860650464,0.0022152457244679624,0.0027771514750085657,0.0033690333287950125,0.003831397162876282,0.0033690333287950125
2021-10-26,0.0011170054485101222,0.001207681469641786,0.0014602500702638466,0.0011301405345389703,-0.00036975731616128993,0.0013566950340990758,0.0012543060094827307,0.0013566950340990758
2021-10-27,0.004430644022235031,0.002900955474940181,0.0031950599938124213,0.0026808041771422264,-0.0012340032256675793,-0.0012746999564997585,-0.0020565090856994317,-0.0012746999564998696
2021-10-28,-0.0009171116595078077,-0.00176957460965399,-0.0019040879212185446,-0.0004923838634318667,0.0033546351505633343,0.005504056134053359,0.006590466771708048,0.005504056134053359
2021-10-29,-0.0010505135394466292,-0.0007105892137838632,-0.0006398791147190774,-0.0021326437722826164,-0.00352764709028075,0.0011868454243941784,0.001338132707602524,0.0011868454243941784
2021-11-01,-0.0008650892491397499,-0.0008612341696451198,-0.0009993417765665757,0.0006841716568244394,0.003869897153678359,0.001003755171027798,0.0012855904397766071,0.001003755171027576
2021-11-02,0.0025082400209262,0.0019289917447318228,0.0019658177479666694,0.0015555340425557063,0.00047043813864355855,0.0031121489152035053,0.003307416350847303,0.0031121489152035053
2021-11-03,-0.0026879406951078044,-0.0014599920497163632,-0.0015498534495990146,-0.0007726774922581781,0.0022375245195147553,0.0028958071614353376,0.0036767105877462125,0.003053500623711125
2021-11-04,0.006939169001941803,0.0045641143620096525,0.004531869036136005,0.004494593227713173,0.0021547861423296677,0.0046400237599038,0.0046503136049598215,0.004641871278898035
2021-11-05,0.007696966004499428,0.004217263006945027,0.004259617319133824,0.00655728298964231,0.00648652439550923,0.0032563856063239083,0.0032926604633953804,0.0032628987316685176
2021-11-08,0.0007271734976423971,-6.613458982518416e-05,-0.00017393093220186007,0.0005405317888580452,0.0010594837806667812,-0.0001539685192386564,0.00018723151757082945,-9.270447272147209e-05
2021-11-09,0.004058729565077357,0.0027282314820256115,0.0029187780122583717,0.0036286752060761263,0.0016790808277138414,-0.0009977741999975809,-0.0016259527071105229,-0.0011105981372641072
2021-11-10,-0.004792300219528478,-0.00377325538396589,-0.004274635381857683,-0.005945159290844049,-0.0056432196747639995,-0.007533823130226325,-0.007663457304857846,-0.007557094050749558
2021-11-11,0.00010209874730482404,-0.0006777706951494045,-0.0007577298178369496,0.0009102533323313011,0.0026788000118505018,-0.0004575802762288861,-0.000260870624694598,-0.0004222722713567162
2021-11-12,0.0014117573032399466,0.0008827620477387388,0.0007458852533102078,0.0004861863539580291,0.0010791638382214863,0.0045183248368019235,0.005248635520938683,0.004649431656540637
2021-11-15,-0.003430605804488951,-0.002358506774131186,-0.002595706351519844,-0.003017083194455372,-0.0015417050461390414,-0.0013498025940450464,-0.0008941181228591111,-0.0012679484244576544
2021-11-16,-0.0015953265226068547,-0.0010215472679063753,-0.0010595607517882577,-0.0017248473122648544,-0.0014244737075356229,0.0020260981642516995,0.0024759340918063533,0.0021069320106748
2021-11-17,0.003637195691355233,0.0022005629227632717,0.0022274216904023536,0.0022582925051697345,0.0005481934266351463,-0.0006213238492758233,-0.0010716864365266643,-0.0007022821344843111
2021-11-18,0.001049731559676026,0.0007193548439354824,0.0007913742723459904,0.00020124851341862815,-0.0005945057364621364,0.0025579988453365843,0.0027852672870021244,0.0025988380764276897
2021-11-19,-4.249270726042198e-05,-3.2633033925089094e-06,0.00024448383245645466,-0.000455241747094437,-0.002371104381346578,-0.0002980907265394128,-0.0006948528056358594,-0.0003694005445032955
2021-11-22,-0.010146465001353966,-0.006445338794657918,-0.0063451999951325,-0.007939631859701701,-0.0063990336676238435,-0.0035491102948405073,-0.0033218919863220453,-0.003508285775930986
2021-11-23,-0.0054232343384684745,-0.003456891806866813,-0.003642262621293746,-0.0042484365928701084,-0.002045006192580412,-0.0007987039255379358,-0.0002705371878378715,-0.0007037899799482439
2021-11-24,0.0040067262857936825,0.00211481345570963,0.002313664447524344,0.0033885061117644444,0.002263338715225771,0.0024252582506294473,0.0024346507585712995,0.0024269468584727782
2021-11-26,0.0017890759932177591,0.002762593271604885,0.0033233601406632562,-0.0005258598404807024,-0.009878982755098464,-0.010386298950116002,-0.013249932856729596,-0.010901133951375264
2021-11-29,0.0004751259412634212,0.0001317199334625041,-0.00014834621919790347,-0.0004857060968899152,0.0012451146345444641,0.007186775412691304,0.008408522992431333,0.0074059042411971365
2021-11-30,-0.0021038818666384573,-0.0007977511806841475,-0.00018425797141041755,-0.0009743115948842584,-0.005352404728451332,-0.010772178320673564,-0.012870062270264548,-0.01114882271284523
2021-12-01,-0.0010688639396718713,-0.0007046068989526866,-0.0005500230560050445,-0.0014789772426405667,-0.0037819360763605703,-0.006601391174237636,-0.007821241038275417,-0.006820016170952958
2021-12-02,0.0027643538890824715,0.0014718388294854279,0.0014657022844128953,0.004584083103635006,0.008799565388240671,0.009104350361281321,0.010630167106369992,0.009377535944993687
2021-12-03,0.003288482482220134,0.002504528341518819,0.002688781004241525,0.0020686857408145354,-0.0012048806809052959,-0.0037632530783427987,-0.005034083808307499,-0.003954126117055368
2021-12-06,-0.0020131154231761705,-0.0017355351404053643,-0.0020388577543700714,-0.0006974896893239269,0.004035167555167751,0.006049569884551742,0.007518276685625436,0.00627303391457823
2021-12-07,0.003916586496449659,0.0015296277090894872,0.001219065546785636,0.003242556501901639,0.007439267331698085,0.011452852742535491,0.013729320864381611,0.011799646437003819
2021-12-08,-0.003188426518467513,-0.001907434520302842,-0.002237552544376742,-0.002405928089673548,-1.4682802489396352e-05,0.0005009236103246106,0.0010826203444973537,0.0005897074104144195
2021-12-09,-0.0022516092356990036,-0.001443093944399565,-0.0012199048965781945,-0.0027611363186111904,-0.0050925751218365845,-0.003950650743160589,-0.0046720625299117025,-0.004060813356085768
2021-12-10,0.002706393769708715,0.0013405572381817166,0.0010988699923113465,0.0011204322344491313,0.0018514359488548404,0.005914968764931583,0.0068272061559511155,0.006054185754220676
2021-12-13,0.0017433646784048573,0.0012489496132241928,0.0015149121425379608,0.0011041046134827592,-0.001806218474490806,-0.004053438925024966,-0.0052694002907509585,-0.004239149961900668
2021-12-14,-0.004668741795121889,-0.002711102278730615,-0.0025817273343399227,-0.003847318955817025,-0.004698260111495878,-0.0047643327728877916,-0.005277884757856843,-0.004842685258985235
2021-12-15,0.002723151707212823,0.001403370211596311,0.0010523727379214698,0.0016097159638885916,0.004409700526104787,0.00892092572532266,0.010605599923196873,0.009177843603827673
2021-12-16,0.0012303930199017987,0.0012410347197835403,0.0012388102459697237,0.0009819671792923312,-0.0006024170647411786,-0.00498146075737127,-0.0060043331766711505,-0.005137672567412266
2021-12-17,-0.0001643471597622126,0.0001472139750724466,0.00042279666765510093,0.0005261020803419836,-0.001493358094823427,-0.005583133361463322,-0.0067890778755895775,-0.0057671432778027
2021-12-20,-0.004852983997303162,-0.0023229816030704287,-0.0022637611786738843,-0.004360223494533022,-0.006028838255140556,-0.0071645977355095924,-0.008079723606761124,-0.007304089353065257
2021-12-21,0.0031650301346970444,0.0012987867587710422,0.0010696961470961774,0.0035241277138977622,0.0076375974560893845,0.01022391241485554,0.012104440241782699,0.010510335208595345
2021-12-22,0.005556117301072527,0.0027228244997234974,0.0026155362905220247,0.004635378732402717,0.006101826322929327,0.006523113470659814,0.007422506812098328,0.006660315978834763
2021-12-23,-0.0003531249238047929,-0.0005349364549007696,-0.0007585243746073278,-0.0006370035105993654,0.0011766283178844539,0.0031403023255991425,0.003902103598057538,0.0032566031457101907
2021-12-27,0.004823817102772354,0.0025711497090099567,0.002425530968376277,0.004162002191478331,0.006231233577490336,0.008860567631507443,0.010224792215870027,0.009068971747721699
2021-12-28,-0.0017156876047724756,-0.0006845241201556274,-0.0006798992740588705,-0.001164096155446659,-0.0010220862319059165,-0.0005055331838745847,-0.0005679762009210831,-0.0005150831420573931
2021-12-29,-0.0024220809750636896,-0.0015457952143966835,-0.0017744893571085552,-0.0021136437443340927,-0.0007182374136890379,-0.0005429902053033508,-9.885251431629438e-05,-0.00047506792807161524
2021-12-30,0.0039178559590742346,0.0026810807052881636,0.0027704204840215407,0.003976809549455229,0.002915878891512458,-0.0008598491204542258,-0.0013587431520795112,-0.0009361740393138973
2021-12-31,0.0003538963155875763,-0.0002832739616008828,-0.0003248069683798871,1.3961513793514513e-05,4.7158239290245874e-05,-0.001767177753284499,-0.00201403629968,-0.001804928233447689
2022-01-03,-0.008590224327110985,-0.00545844963478459,-0.005724298144353157,-0.00680132586328186,-0.0031357909213226565,0.0011308028754564159,0.0023994426535334235,0.0013247671064464672
2022-01-04,-0.00010365631829822863,-0.0003136728056368776,-0.00046060255411595197,-0.0003879888692779332,0.0005492799720394625,-0.0003072848433122166,-0.00033452681948198393,-0.0003018747421277279
2022-01-05,-0.008161017879566135,-0.005303353313789172,-0.005129459029683314,-0.008322071367473205,-0.011358863290663823,-0.012869602425232496,-0.014440603054432621,-0.013322197212422782
2022-01-06,-0.003546426045631046,-0.002441547037840941,-0.002274915494306029,-0.0019599414378448365,-0.0010255402395015212,-0.001236120228856552,-0.0012636569750530402,-0.0012440443892126618
2022-01-07,-0.0020409470623573567,-0.001594595157240919,-0.00169309997895839,-0.002179206921079202,-0.001992162202425707,-0.0031739025354843298,-0.0032462442434579852,-0.003194719665927548
2022-01-10,0.0006582948105489095,9.380621022847535e-06,-6.515676739904386e-05,-0.0004301369696085855,-0.0013682822375731263,-0.0011170064058301232,-0.0011641105018220799,-0.0011305604323059715
2022-01-11,0.006997870772585513,0.00397995429770992,0.0038817027058810627,0.006225549952237008,0.007010968098711379,0.006042521654187949,0.006718536549391807,0.006237035864400831
2022-01-12,-0.0006741784609218815,-0.0009131799406484342,-0.0009428905969914858,-0.00012157275479574015,0.0018124285400771267,0.001640259174040981,0.001976010125631422,0.001736913231122239
2022-01-13,-0.0014468480459528532,-0.00017153073034925637,0.0001769233118491531,-0.00027547862683985347,-0.0026081774828884408,-0.007573368915816392,-0.009122840221515549,-0.008019528287885547
2022-01-14,-0.00542679771201815,-0.004087585561695639,-0.004348794070090478,-0.005247253393030449,-0.003440426326011825,-0.002045954250086912,-0.0014624368665332454,-0.0018781213975616051
2022-01-18,-0.008977496025695308,-0.005897997738326555,-0.0060084927852648295,-0.009016021446359601,-0.010749015426609443,-0.012968545111658347,-0.014103317639160062,-0.01329506739289843
2022-01-19,0.002162450853816944,0.0011708021258081125,0.0012320691628091573,0.0010373747428140678,-0.0012697758808928317,-0.005248029804120535,-0.006551188869859281,-0.005622696891736112
2022-01-20,-0.001401064563214427,-0.0002769064580333547,-2.3641923314610125e-05,-0.0009267962259614793,-0.0036406209190437133,-0.0060464497295174,-0.0072700196815872475,-0.006397905929896641
2022-01-21,-0.0006653877835433031,0.0013341008075857808,0.0017675503633147738,0.0004338686589993035,-0.004170372303176295,-0.009991485059166028,-0.01236584128733953,-0.010672892580925297
2022-01-24,0.0007900350524754352,0.0004937563897815522,0.00010423154806438184,-0.00041225543961842526,0.0002061899033904968,0.0017720362227369169,0.002357851738413519,0.00193986951322489
2022-01-25,-0.0030028826324941527,-0.001900662405326714,-0.0018522631001649525,-0.002429567388137488,-0.0033341624692403427,-0.007626009356759944,-0.008730434401280407,-0.00794255374870767
2022-01-26,-0.008103516539241573,-0.005314502275262312,-0.00529769814244041,-0.00810234655837816,-0.008448585676467224,-0.0036302503762755123,-0.0032946239958467904,-0.003534131337744273
2022-01-27,0.0006313120037331199,0.0008786191248613129,0.0013811693808014613,7.749638520127e-05,-0.004164078769064883,-0.0015748536023802995,-0.002427078441439301,-0.0018189783963631356
2022-01-28,0.0052263155029086406,0.0027792691152599414,0.00250336311343613,0.004261832277653532,0.007461447281379874,0.014694590286587816,0.017083262491545126,0.015378422572561279
2022-01-31,0.004860650780012632,0.0023539168773876185,0.002069825178091067,0.005185273551796321,0.00950375320983321,0.010387482460981534,0.012323998517549617,0.01094280170653339
2022-02-01,3.51432494030135e-05,-0.0006445844692376523,-0.000722508912422426,-0.00022954825068455254,0.0016710255933944929,0.0036802659676649085,0.004381985655403486,0.00388176744397728
2022-02-02,0.0035692776219595768,0.0017346739836892056,0.0016835675387085747,0.002445757550972427,0.0031204065175352014,0.006224236604178035,0.007041998243437764,0.006459176976790548
2022-02-03,-0.008792841190311207,-0.005447907864006063,-0.00537494569572583,-0.007300523072102605,-0.00884153990662584,-0.015640372290311344,-0.017541709898036495,-0.01604340107589808
2022-02-04,-0.003954145629441852,-0.0038222246093357892,-0.004158405170873958,-0.004996462448864647,-0.003020293826353271,0.0003002399850202675,0.0013939492497696548,0.0005358150025105424
2022-02-07,0.0011422405287737636,0.0006490451369065564,0.0006233558547672491,0.000951292458648334,0.0007341005363357134,-0.0016285236934687752,-0.00204452594543747,-0.001718203641184024
2022-02-08,-5.741295823535886e-06,-0.000958402411581738,-0.0011937597900796293,-0.0003567756237838893,0.002092867541982013,0.0035104767387530433,0.004653238171456575,0.0037567477266442495
2022-02-09,0.005047556024095234,0.0025775945125181554,0.002477909396512379,0.005200547750058515,0.008320578495968123,0.009090202575077422,0.010484324658811994,0.009390911414815406
2022-02-10,-0.011065831246169777,-0.008087556316340838,-0.00815426091130933,-0.010500830466805944,-0.010900959901984142,-0.014229110663519506,-0.015067839458348997,-0.014410218454034007
2022-02-11,0.005810666486327998,0.005118562195959742,0.005301382348792849,0.004843902612049256,-0.0005720482226815315,-0.00938109996873604,-0.01202480720593313,-0.009951578184725696
2022-02-14,-0.003618172453575763,-0.003081113395179913,-0.0034057371631834865,-0.004746264514558618,-0.0044136409439835544,-0.0042199163442894205,-0.003981499390491305,-0.004168576748584618
2022-02-15,-0.0020029632375180295,-0.0017075077532680005,-0.0018378310558954114,7.768677836406113e-05,0.005250528583845782,0.008708229303853843,0.010533734864414335,0.009101399010791988
2022-02-16,0.003993825494343017,0.002007525930444398,0.001971884904518939,0.0034936609317257616,0.003767144130549571,0.0012594478742704585,0.0012432638003430085,0.0012559572689188059
2022-02-17,0.000667148326387812,0.0011413919339526846,0.00124938301799693,-0.00025385479091932783,-0.004767857021962696,-0.011857430827619586,-0.01420692107926258,-0.012364165986648357
2022-02-18,0.00082414674552167,0.0006966896429434488,0.0009425357123373779,0.0006017185108020406,-0.001725257128226021,-0.0030983253278235035,-0.003916095771128281,-0.003274371962061484
2022-02-22,-0.0009334534909073433,-0.00036773081613450387,-0.00029942803349791713,-0.0016745261871267125,-0.004454430741459903,-0.0067270135043223656,-0.007770475584675252,-0.006951501584162023
2022-02-23,-0.00607380629495069,-0.003398525177670253,-0.003541053551213924,-0.005897440345652538,-0.007688915210986802,-0.012675706230430572,-0.013989751398927996,-0.012958173800671213
2022-02-24,0.0030736450316277697,0.0022499343333379773,0.002022861114926666,0.0014193465214153989,0.001557580445999962,0.009926070526246722,0.011262824073449584,0.010213119182560515
2022-02-25,0.003928123710395415,0.001813553420445313,0.0017807172836814544,0.005047453070430974,0.009980603638376717,0.013223104122283003,0.015348246148735756,0.01367992208307589
2022-02-28,0.009980930675954847,0.007811741502713021,0.00792951233833361,0.0074716853669472005,0.0019320257464554569,0.001501971136166791,0.0005061546786719884,0.001287559333200905
2022-03-01,0.0057960005362438505,0.004499397258765914,0.004506631101557135,0.0034575996339940573,-0.0019117049826229415,-0.006736678628176174,-0.008781165991010753,-0.0071765389262267165
2022-03-02,-0.007746328165281091,-0.006647131738050316,-0.007236090734010547,-0.006749195910216499,0.000709591345856353,0.005704480523254674,0.00881743057218487,0.006373132295109274
2022-03-03,0.0019454186339689095,0.00156681952472848,0.0015580829577177546,0.0008957976132366596,-0.0012131131721464516,-0.0011836211781697248,-0.002135272591978543,-0.0013885293547987176
2022-03-04,0.006822536836721627,0.004051649421035197,0.004012039889670804,0.0035136375023929745,-0.0011812165312340417,-0.003338097839558296,-0.004513772326714904,-0.003591053036627545
2022-03-07,-0.004412314327196354,-0.0025746452020554145,-0.0027704024698131935,-0.006356958210479102,-0.011842235821998504,-0.0024990656122814148,-0.0021014701577678485,-0.01993876865844768
2022-03-08,0.002076749040253567,-2.0851405007626944e-05,-0.0004799911268948964,0.0005760518861253061,0.0012749411789869658,-0.001914933601258162,-0.0014582186342531056,-0.006408226192326394
2022-03-09,-0.0053045947932202075,-0.0036918788554120008,-0.0034493192497134784,-0.0013532459680991593,0.005905785923359108,-0.0010792111823438866,-0.00080863491054739,0.01503355171070786
2022-03-10,-0.004133317144447313,-0.003308171510319813,-0.0036411747893617674,-0.0049732094406902405,-0.004514204229221108,-0.0021659998048074725,-0.0016451490512204847,-0.004789871189310402
2022-03-11,-0.002601722441908483,-0.0006103164618876944,-0.000330390473909814,-0.0021692010033973474,-0.0056884211281617025,-0.0003501443233480117,-0.00028505581420612547,-0.008090299311055427
2022-03-14,-0.01303385599323148,-0.008961180215931952,-0.008971195617939354,-0.011719859606490468,-0.010108954421349514,-0.0037524941097036857,-0.002854826670296351,-0.008048294862949001
2022-03-15,-0.0011804360725309326,-0.000846579970648742,-0.0008553540111296831,-0.00110307915912089,0.0018514610449422708,0.000642485268751436,0.00048055770895838457,0.014000009473507324
2022-03-16,0.006821224633420497,0.002433325800652364,0.002482205348827371,0.009075732760930322,0.0160490573806229,0.0006475600255122504,0.0005072954243070527,0.014306728335468755
2022-03-17,0.006076735263818245,0.005191558367787286,0.004884256420679689,0.005082990223751693,0.005644397106449928,0.0005101752528808845,0.000450182306566127,0.007903375520266431
2022-03-18,0.0020976583802347903,0.0008964500136507958,0.0011543423670881126,0.002644672416501681,0.0037564813112953566,0.0010245826197570196,0.0007209687058948866,0.007955562579355036
2022-03-21,-0.006217876607461759,-0.006086931322324296,-0.006685231433847583,-0.008527585372099189,-0.00641591356937532,-0.00420500649048805,-0.003215691660430564,-0.0038226619330680167
2022-03-22,-0.002374956069725598,-0.0020417789563925703,-0.002230915972812997,-0.0017891554362238216,0.0014788857764249652,-0.000989705411051367,-0.0007400243589954503,0.006322252907890347
2022-03-23,0.0063620377564159725,0.004653948686955456,0.004908145115002593,0.004622169235583451,-0.0011291013121914606,0.0017833757904646141,0.001333135853327283,-0.006412217676214471
2022-03-24,0.001854175612805431,-0.000316131809632636,-0.0007386310923410688,0.00014744587334858394,0.0033547905082660368,-0.0005495742344987509,-0.000433854425154534,0.008816497279384494
2022-03-25,-0.0049677662496355746,-0.004971992384922741,-0.005255102881915885,-0.005325057650513831,-0.0018933334316080241,-0.003517978262819632,-0.002653585081939358,-8.482961806943745e-05
2022-03-28,-0.0008267038413833916,0.00014726688526889298,0.0004319232793141836,0.00046920411468986956,0.0005678947722269623,0.0010862639086184345,0.0007886103260901223,0.005433519336118575
2022-03-29,0.0048427499246315175,0.002758159835750673,0.0029028336146554867,0.006727250919792205,0.010712182560121075,0.0017911777304062682,0.0013616111480432291,0.009632473804285668
2022-03-30,0.0026384110173611752,0.002138638480196242,0.0022169155492597348,0.001446272075381616,-0.0014774787119323785,0.0009462270849696086,0.0007303812768757467,-0.003119907834046587
2022-03-31,-0.0024091932241134817,-0.0013830439756284951,-0.0012054557665689414,-0.0028854641031621497,-0.005981623830839777,0.0003517994606938579,0.000285938457527779,-0.00944595791774494
2022-04-01,-0.0024442851006331034,-0.002219389954460249,-0.0020704641536651858,0.0003803229040588718,0.003955896320731789,-0.0009734679276850455,-0.0007783282989967111,0.0009376784154353501
2022-04-04,0.0020664979243743,0.0014086086892124428,0.0011137550443769406,0.0010878389289403767,0.0020847784151054594,0.00024234480010321136,0.00015831034480817685,0.005622529181833702
2022-04-05,-0.011715479062102352,-0.00832282666173667,-0.008549950928111616,-0.011636158220368675,-0.0113772882368528,-0.01205581724798832,-0.012380083470208025,-0.011527873219042473
2022-04-06,-0.004851613944231059,-0.00332614730102343,-0.003488140668902795,-0.00446568179168072,-0.0044187612852947256,-0.0072974722687334515,-0.008004814405115468,-0.007522769913542504
2022-04-07,-0.0003054116819652952,-0.0006759548527901504,-0.0009370243935324929,-0.0021574057226209087,-0.0019397072233766632,0.002191460778394827,0.002902386624591635,0.0024177899001767145
2022-04-08,-0.0010865194316456162,-0.0014298881306830102,-0.0016884272092763108,-0.0018121194607099156,-0.0011385651085680237,-0.003609096640095233,-0.00331307807326775,-0.0035148111233435086
2022-04-11,-0.00677334387212325,-0.004084516154773565,-0.004248803231475695,-0.006185361350378171,-0.007173941710047482,-0.012252699821703739,-0.013521146728685762,-0.01265679739226755
2022-04-12,0.0010687472579975488,0.0014557290237444676,0.0013053213111706707,0.0008814434468766841,0.00024174728183545824,-0.0008812212760628269,-0.0015733122985421844,-0.001101512299582219
2022-04-13,0.0043227714811986395,0.002100315328267932,0.0019949138458978943,0.003907997104047434,0.006232217912126137,0.0071934976072740575,0.008212340559621722,0.007517639867478332
2022-04-14,-0.008454920809210509,-0.005141124027145616,-0.005281547542867915,-0.00714211407252241,-0.006892379532449366,-0.010009889855167375,-0.010543029094708944,-0.010179623684319794
2022-04-18,-0.0009051798655790311,-0.0014774100502430443,-0.0016473359896858053,-0.002145320101699544,-0.0021561552618869495,-0.0012049679988292983,-0.0008617006997221344,-0.0010957232133279593
2022-04-19,-0.003709068275854821,-0.0038187866126728753,-0.003938829069105032,-0.002999498772866205,0.0016064071184254125,0.007024710796562861,0.00925405212057906,0.007734364680471062
2022-04-20,0.006989016628706324,0.004936267603941946,0.005292060905375262,0.0075429048558706135,0.00615779649754522,0.0020417074700562754,0.0013394092047898098,0.001817811618731735
2022-04-21,-0.006205786701101501,-0.0037640912464513843,-0.003744557937084614,-0.005890463352046016,-0.008056523999122489,-0.01104062564538566,-0.011988372853391605,-0.011342627440448116
2022-04-22,-0.009700212485634019,-0.004459387705126772,-0.0041414868203367705,-0.0073699884285857165,-0.010893496962857574,-0.016866160299486954,-0.01946888081860465,-0.017694981388133524
2022-04-25,-1.7284306008558126e-05,0.0016571780751872822,0.00197375834873581,0.0006463540826775471,-0.0009240573854909506,0.005801175610612441,0.005717638631057342,0.005774621788356971
2022-04-26,-0.00342084163055012,-0.0006618799429561895,-0.00033701008311060043,-0.0033655690521521286,-0.009690465721726493,-0.015868704442082326,-0.019018412348451696,-0.01686984245093348
2022-04-27,-0.004736338520616612,-0.0031088278573537798,-0.003194091029971813,-0.003541977324306722,-0.0019052117736779728,0.0002171558106640603,0.0007982685921648081,0.00040145946011338474
2022-04-28,0.007890196014548545,0.0037707153331207888,0.0034733596778444564,0.006245983298954982,0.009641985012765586,0.014517903505065322,0.017105771137718495,0.015338987893007916
2022-04-29,-0.01296712632233421,-0.007933951271425821,-0.007713466731259611,-0.011217599658027044,-0.014529036909034176,-0.024508153661609855,-0.027532734781221646,-0.025469469346260598
2022-05-02,-0.009094182869390788,-0.006227643237131653,-0.006356986926446817,-0.008904058970189643,-0.006865045023098482,0.0015484109860375295,0.0027094241891358894,0.0019166395647984835
2022-05-03,0.0037750030731058537,0.0024741205718719073,0.002547602433767393,0.004450095101692808,0.005436717959837356,0.0035246015941423625,0.003722733468951578,0.00358749110105272
2022-05-04,0.012584209190606765,0.00806543991164399,0.007719759319530617,0.010008514217318965,0.012094142279162723,0.020493357894869835,0.022915865125333612,0.021262395264131984
2022-05-05,-0.016953145737628073,-0.010305453724545277,-0.010475002385208931,-0.01686501826845066,-0.020397774403050684,-0.00468912448585479,-0.003811876105275336,-0.025697648309599197
2022-05-06,-0.004843766690088569,-0.0032544557122113904,-0.0035127453034949907,-0.0059385464533213694,-0.006606030748903757,-0.0015198074007842788,-0.0010704578363343042,-0.005502218170259754
2022-05-09,-0.008790119634607074,-0.002799981447240585,-0.002238576064848008,-0.007683351750787049,-0.015370818170341027,0.0019012999133325437,0.001469518428879546,-0.018250186582179473
2022-05-10,-0.00019306696771115295,-1.882733617630805e-05,0.00027195199659812985,-0.0002833545300946483,-0.001316472538829383,0.0011571670618717445,0.0008670079108674678,0.0027021679377572383
2022-05-11,0.004291357621658332,0.003501578992810339,0.0038633120490718653,0.0042255712234038345,-0.00043393352675558106,0.001256929243697913,0.0008965515132739466,-0.008490605178956723
2022-05-12,-0.004308163993608227,-0.0016642466360651254,-0.001458936089545726,-0.0017790742262505654,-0.0007574850547520384,0.0008959800077348312,0.0007171853400671502,0.00030826499095537585
2022-05-13,0.0011953793458352457,0.0005310683845549669,0.0003258693522907308,0.0032264087207256598,0.00918664012450865,-0.001413570760373628,-0.0010373567642975035,0.01281653264041327
2022-05-16,0.001762228574985647,0.0012290670194066156,0.001164196497973835,0.0009802735024739828,4.786451515581547e-05,0.0006301233723637889,0.00047233357011911004,-0.0015705130388278254
2022-05-17,-0.0013154155849463,-0.002629117570641326,-0.002864818064167274,-0.0001531587507330734,0.006361172037965934,-0.0024153264962123444,-0.0018334401860465865,0.009895409375277886
2022-05-18,-0.003100542770210768,0.00021576643521981076,0.0009126442858176098,-0.0018806323559938942,-0.01053306386870434,0.001683025706894714,0.0012610410251483462,-0.02277240557061211
2022-05-19,0.002217538386304785,0.0010877481661104582,0.0011016543675363977,0.0023160752321218503,0.00253463376577856,0.0009489652180634245,0.0007567445051470667,-0.0032176854435432833
2022-05-20,0.0029615224567116627,0.001954802919546861,0.002191782606080661,0.003251937768367519,0.002700603829618231,0.0012064333457892928,0.0009044992355662362,0.0013507924098841162
2022-05-23,0.000991760700143729,-0.0006538820539651047,-0.0011098247299988762,-0.00011465461301984892,0.004266521446767202,-0.0014144827067467114,-0.0010607999823692982,0.01002354098255509
2022-05-24,0.005792329457519507,0.004855643004021193,0.0051433331147330286,0.005112241967168529,0.00136941215331432,0.0034709907258962946,0.0026930036214116715,-0.00118694731477742
2022-05-25,0.0020905061373837075,0.0022630661829969867,0.0022934291139291574,0.0031911966761335453,0.00430854711166373,0.0016208463228952752,0.0012160760807202742,0.0066388446760106135
2022-05-26,0.004366813217192789,0.002518924112214549,0.002293978863851631,0.0035064908910757975,0.006105639642412841,-0.00036350861320189054,-0.0002503388443886312,0.011623410004525159
2022-05-27,0.0068619294099017125,0.003715669656587872,0.0035093416033282754,0.006323080906826428,0.009985791111730924,0.0010946902445609918,0.0007990472984236163,0.016418167473607248
2022-05-31,-0.0095953422361158,-0.005873205352724731,-0.006045226064914977,-0.007807646822908243,-0.006292378711336033,-0.0024576154037067033,-0.0019126980190332654,-0.0056113918459803624
2022-06-01,-0.0025717835617589113,-0.0029390044825078343,-0.003039978306767166,-0.0036031042840234395,-0.00397649930795696,-0.0018626871320257532,-0.0014271966091325972,-0.00687321465198798
2022-06-02,0.007988366846623851,0.003922180029139355,0.0036814207038335933,0.00697521874201712,0.010218768696756753,0.00036721869121114636,0.0002754049362083677,0.012024976069794358
2022-06-03,-0.005113642140433083,-0.001483342630678175,-0.0012746464487306541,-0.0038569263731365044,-0.0073121842392249725,-0.0004681213511992244,-0.0003056438994637478,-0.010566147560356343
2022-06-06,-0.005741274744868297,-0.004367149998053321,-0.004592040585510326,-0.00503041262741899,-0.0020643385137739667,-0.0024729134493314264,-0.0019001837474914574,-0.0005942838781981541
2022-06-07,0.006256108998917487,0.0034607638241024308,0.003408524781880251,0.0053581300970442225,0.006081948322486097,0.0013690384565361313,0.0010261896880594534,0.007349448058417973
2022-06-08,-0.0051232956849393,-0.0033180236571580535,-0.0034227310682705125,-0.005640760620079899,-0.007191927889689365,-0.0016843554525027837,-0.0012856143305230994,-0.008323910177644667
2022-06-09,-0.0059904371952101965,-0.0032107305093772576,-0.0029674637136880566,-0.005869334795395753,-0.010498038780462404,-0.0005812927750480368,-0.00045840528306362316,-0.01502158870397552
2022-06-10,-0.007226978813875018,-0.006084184166284645,-0.006212844112246874,-0.00827514995242673,-0.011088807960096592,-0.003646462802061712,-0.002846495028323348,-0.021241134828747787
2022-06-13,-0.025622845933152893,-0.01636804911252654,-0.016266801405850684,-0.024249532842171462,-0.02756262570654111,-0.0068941455623170445,-0.005367910856873936,-0.02974097467501824
2022-06-14,-0.008558548057616688,-0.006539149665559463,-0.006687476202359988,-0.007460880127087233,-0.004949429016288143,-0.0024068953407178073,-0.0019143097262368514,-0.003665272638550765
2022-06-15,0.014941458453983092,0.011080953979055952,0.011164965753741596,0.01435426589496358,0.013700835213894536,0.004761887929545683,0.0036735641855105694,0.013180976601079086
2022-06-16,-0.0030933983670342613,-0.0012831367893172407,-0.001075679502165361,-0.005155931612778164,-0.012666010737502953,0.000850508573408737,0.0006362874944254582,-0.018941970615770853
2022-06-17,-0.0010158420511741095,-0.00047077952270957457,-0.00034932115042562994,0.00015196522825755565,0.0008331339878315802,0.00021228196901668106,0.00015884763934059798,0.001769543052660083
2022-06-21,-0.0008253351174802859,-0.0019203400984852959,-0.00233685663110228,-0.0010433112010826973,0.004457532017267951,-0.0017500362477729237,-0.0012867470491885191,0.012714524926110693
2022-06-22,0.007500943480049704,0.005391711714518577,0.005695569720179705,0.006437072843446634,0.002928662724841713,0.003464338938547362,0.002682835272812767,0.0020163130380923544
2022-06-23,0.0036719802093343468,0.0031772215750984767,0.0032488663241243554,0.004150291050631916,0.004590328892724926,0.0019627364151157956,0.0014920900788657487,0.008228634093456755
2022-06-24,0.004458740808949591,0.001978517116160816,0.0016100837726467088,0.00449313694420983,0.010765510873636641,-0.0007954172135810067,-0.0006185251672371495,0.017947519575520987
2022-06-27,-0.0055256484520717075,-0.00478371481447426,-0.004894722568736243,-0.004651335157028091,-0.0025405313377661054,-0.002234390387551466,-0.001809904679367147,-0.004165539509987881
2022-06-28,-0.004919340977366238,-0.0022362524691370567,-0.0018789941603853944,-0.0031258140374854637,-0.0056181029534109195,0.0004872396861292927,0.0004790277888531147,-0.012937569506927593
2022-06-29,0.0029785690166896917,0.0021120540290453516,0.002305505951759601,0.001980940332237502,-0.00020481175329445378,0.00238964083348292,0.0018341681301625723,0.0025871878102539103
2022-06-30,-0.0009695553164950077,0.0006756500409803579,0.0009917133255652466,0.0003816914372987146,-0.0014341330241091077,0.0018575046836741826,0.00145958384708611,-0.0030506619063547236
2022-07-01,0.009279709976711903,0.008022891934542642,0.008110366782866363,0.009006967263581966,0.00708790810624893,0.0031523360148815183,0.0023547561314847254,0.009345165334038397
2022-07-05,-0.0034929965109007366,-0.0015211643260135688,-0.001298788496012393,-0.0028930462371631327,-0.00418958272854697,0.0007403323740957646,0.0005778681103965067,0.0017484297996421816
2022-07-06,-0.008496114805627064,-0.005825104110165014,-0.00591818182646342,-0.008074189319355218,-0.006207414490512542,-0.002369764917593997,-0.0017543558598810405,-0.0002608122964492532
2022-07-07,0.0011617004994253222,-0.00017643938653089108,-0.0003927013359811271,0.001326843392874144,0.005197107799423284,-0.0011159361927571831,-0.0008371765375551066,0.007721675004933148
2022-07-08,-0.0023804383568092335,-0.0016025355122554208,-0.0017634204956393784,-0.0025987584832121158,-0.0020735626360987025,-0.0014374145892114276,-0.001123275464439244,-0.0016665369263956231
2022-07-11,3.734215245621009e-05,0.0007430649712647508,0.0011305894023321272,-0.00036183495731045845,-0.004635420593422479,0.0013803887945269544,0.0009892353030411805,-0.005389121535884445
2022-07-12,-0.0013898794945100823,-0.00015799366614821508,9.958890509453866e-05,-0.00010951732397479486,-0.001389521416408912,0.000636086260862756,0.00045420742388402324,-0.004878327811048799
2022-07-13,0.003929531488058968,0.0028323503965013153,0.003007257061170776,0.0033360034333962396,0.0010590935375911492,0.0011652825071437611,0.0008285050327470067,-0.001522911596748222
2022-07-14,-0.006484083612792513,-0.0035884605523828217,-0.0036082631006970622,-0.006002601115561612,-0.006703557034517638,-0.0011093879741030932,-0.0007641711632445647,-0.0028558158327225414
2022-07-15,0.006861678181283137,0.004470853598208091,0.004474797739348224,0.00655086818013606,0.008392851258996581,0.0014878901157904245,0.0011385710261968551,0.01275822641694857
2022-07-18,-0.0043764370575347655,-0.002562750624065635,-0.002578285115402701,-0.002805269588473158,-0.0020374956674134026,-0.001273453238768374,-0.0009780556297159793,-0.006194350107287305
2022-07-19,0.004831967605701815,0.0016491157886444618,0.001358233084323368,0.00484308332235428,0.010980506059547368,-0.0003186516547359908,-0.00023899427488049962,0.01599586619340365
2022-07-20,-0.0006520593620910065,-0.0008927411089147963,-0.0008435824582379015,-0.0007393079562424409,-9.167488688699432e-05,-0.00031729774094668706,-0.00021527115895880744,0.0035270620484997295
2022-07-21,0.01145945054151265,0.007828799025378474,0.00785738074775888,0.00986633911073631,0.008957673695429769,0.0034568411846271907,0.002660424424632657,0.009381204398377418
2022-07-22,0.004620169471187374,0.004745411895652696,0.0051035802796908225,0.005232035093149179,0.0014129971512288897,0.0033902650563653047,0.002589643478418502,-0.0023662499974927975
2022-07-25,-0.0034561352307586057,-0.002720238425846011,-0.0027707690396584495,-0.00231102199633737,-0.0001788958178188249,-0.001585146633990342,-0.0012357770361172138,-0.0008433178098083971
2022-07-26,-0.0022162388449644688,-0.0005835753306552283,-0.0004957344220891668,-0.0015410151444390507,-0.00332492589133615,0.00021386345695373343,0.0002058388986982962,-0.007172687766363706
2022-07-27,0.008502893108087939,0.005001174615028692,0.004609341072124629,0.007006500815149863,0.010349214063504197,0.0012180978787361685,0.0009599322697899648,0.016907562698830647
2022-07-28,0.010646115831856484,0.007782029405334567,0.007623597296774864,0.010002595173541629,0.010607516452036503,0.002958712730320112,0.0022897611199566015,0.010411279934198658
2022-07-29,0.005326551168140403,0.0031645934155051236,0.0030003112031431467,0.0034678836150738857,0.004387753924981919,-0.0002614148767793312,-0.0001738295736385398,0.008644269766689527
2022-08-01,0.004195924254682737,0.0017068567377005461,0.002046347275396432,0.0033453906258615884,0.0012935976773500446,0.0016528335701690988,0.0011991343075081762,-0.00017541252169905874
2022-08-02,-0.010866468963472986,-0.008415034690454792,-0.008735531993500745,-0.01127194534117959,-0.009744623450453571,-0.0041598163102813945,-0.0031499283826480484,-0.007878508631685821
2022-08-03,0.008768292041986925,0.005380557842483036,0.0054255711276622876,0.00693920792592162,0.006720280270104295,0.002171473843320948,0.0016988014538454888,0.01150594594607135
2022-08-04,0.003964712409573856,0.002513683119922616,0.0023498513797390874,0.002707455552714233,0.002259085549851436,0.001056410473955438,0.0008163841566524166,0.0004668916321937111
2022-08-05,-0.0104905165878727,-0.007986953620029325,-0.00826159318789832,-0.009357694623953194,-0.005765972105326811,-0.00464113801736421,-0.0035269480266485465,-0.005631719972146398
2022-08-08,0.005685694295795685,0.003649160091634851,0.003809357014950887,0.005837035128538615,0.0048971137988067515,0.0017770999845418967,0.0013313355299344742,0.0011590197664714808
2022-08-09,-0.0020885596032629294,-0.0018363695024719018,-0.0019497973321976891,-0.0025298431346547634,-0.0025959903749899205,-0.0008868357294844476,-0.0006646792694580128,-0.003288857565917458
2022-08-10,0.00404675490892803,0.0030478771769917312,0.0028726155157077216,0.004535421252098493,0.008608726539557354,0.0012610136868855815,0.0010132477120909922,0.013954926331931627
2022-08-11,-0.006206229634390437,-0.004008378543989055,-0.004324001687729284,-0.005175357259775026,-0.0025209835541105674,-0.0021337860774826023,-0.001553738105271596,-0.002139768360747474
2022-08-12,0.009873298420469023,0.005976251818321732,0.005839296937892424,0.008377472063546998,0.009826279273155603,0.0018842076903480276,0.0014341758582754327,0.012382098657516716
2022-08-15,-0.0017847995657858107,-0.0005924706086939402,-0.0005311462174188986,-0.001109463258734289,-0.0008893214891203538,0.000417695961104636,0.0003130277923724112,0.0030647697619443637
2022-08-16,4.0335300937499596e-05,-0.0006744978746447972,-0.0006026291343909085,-0.00010388689685536523,0.00018273631425547165,-0.000466868500417994,-0.00032709566295729964,0.0006022040074404877
2022-08-17,-0.0066936692802797015,-0.004673988178466537,-0.00475010180026747,-0.006356820534729746,-0.00635976757523693,-0.002348137645003301,-0.0017596686109846438,-0.006484435966754187
2022-08-18,0.0019142601308110851,0.002007878002425967,0.002007522303132392,0.001473760018345427,0.00038896688212530783,0.000896697626597609,0.0007400356881137604,0.0026202435715434458
2022-08-19,-0.00918382755429481,-0.0054862918127627225,-0.005564988445301844,-0.00849406669961772,-0.009675385054617291,-0.0024538166728518274,-0.0018153408717539454,-0.0109981137072509
2022-08-22,-0.008159746624047504,-0.004774014572588414,-0.004581637504164626,-0.007281133703074705,-0.010251734046048622,-0.0017809598670307514,-0.001333200525683087,-0.01484358292758814
2022-08-23,0.0003880876625617091,0.00035828754466948887,0.00021806679347480262,-9.539498055977091e-05,-0.0004290421212952422,-0.00010253112717872881,-5.3775836550751244e-05,-0.0016206620989143161
2022-08-24,-0.00039750273569505445,-0.0007244279590253866,-0.0009169174455362361,-0.0007177320171396495,0.0005478903564739568,-0.0010523478922844776,-0.0008103249423108139,0.0009173601716865321
2022-08-25,0.008370002099342466,0.005298299064922407,0.0053703361373804714,0.00839886369912346,0.010052711713015361,0.0022643725895556965,0.0017395829305435484,0.011121303542272143
2022-08-26,-0.010216500992349609,-0.00527772275840277,-0.004728450430940723,-0.008017290663943744,-0.013572511662518383,-0.0007311415244846131,-0.0005243222345409082,-0.022100740795359952
2022-08-29,-0.004964725196941799,-0.0038144734715234163,-0.003900640994182303,-0.005067793912035823,-0.004990359511571341,-0.0018388638954895953,-0.0013988584984392372,-0.00580289647544896
2022-08-30,-0.003879842340427153,-0.001586610789730769,-0.0013257179946047914,-0.0034072701767157154,-0.006103374742574275,0.00042546044922442405,0.000364028355111623,-0.006369026188842497
2022-08-31,-0.008016529538532602,-0.005456019504606724,-0.005456487366414353,-0.006593210967722696,-0.005710862566347896,-0.0016284310027363524,-0.0012180424044840876,-0.006420531210617253
2022-09-01,-0.006676925935835909,-0.004513786638099648,-0.004845992549345257,-0.0073290862240876775,-0.005969532198089378,-0.002124736780781511,-0.001586291023292663,-0.00022652936665568113
2022-09-02,0.0023788806290896414,0.0021809150065581484,0.002247961403834431,0.001450952081394119,-0.0018547813959585158,0.0010041666300508734,0.0007503883253887622,-0.00543584410889808
2022-09-06,-0.010100991167204754,-0.007243153982787076,-0.007562887038681909,-0.009510819370395884,-0.006838816156242822,-0.0035642291730138,-0.002651434614712511,-0.0055683934847193806
2022-09-07,0.011304187648251363,0.006744954678229442,0.006686979221605105,0.00964470577230725,0.010629991148874973,0.002866189111502493,0.0021476766733954378,0.01375920858738744
2022-09-08,-0.003023540677113301,-0.002359749424510338,-0.002512086388515522,-0.003117190286556215,-0.00113777220337552,-0.0012401015206314758,-0.000929892112691233,0.002813008958960417
2022-09-09,0.005048183069465528,0.001978492660641429,0.0019231288973895477,0.004844147651713371,0.008317036919632148,-0.0001620688620407318,-0.00012148986184845612,0.009351305817542954
2022-09-12,0.0013240310596018823,-4.973735285584979e-05,-0.0003032552544446343,0.001409669130310931,0.004920478361362779,-0.00048607161469715887,-0.0003643536209282372,0.006352341231611769
2022-09-13,-0.01414823582586533,-0.007728648016754547,-0.007177801724259303,-0.012511023422070777,-0.01975039065172257,-0.002327162074395983,-0.0018809076690186055,-0.029050036540600788
2022-09-14,0.0012943465360160111,0.0011348813643594635,0.001223177542359677,0.0010868377865611567,0.00045629909566735627,0.0004874423525660365,0.0003651732800995511,0.002765633073767537
2022-09-15,-0.008270081333839663,-0.004615984243082849,-0.004303913534789872,-0.006652311080571183,-0.008111696133819235,-0.0011360026134233925,-0.0008283005348060923,-0.008011044437677195
2022-09-16,-0.00280893300797036,-0.001583192513060605,-0.0017309076887226382,-0.003171746291708466,-0.003599179017357068,-0.00032363494539566773,-0.00019676855517769543,-0.00523514763673949
2022-09-19,0.0012253747785013758,-0.00034900196794096505,-0.0004091788007893893,0.0004781600230185923,0.0020226315251337112,-0.0003809655107094301,-0.00033096603384030754,0.00441603390459111
2022-09-20,-0.006944709269362193,-0.0042519713457043196,-0.004335362071400062,-0.007030934421266566,-0.008651301658072041,-0.0018421746309416065,-0.0013339212311553883,-0.008807556964433916
2022-09-21,0.00043081698674107827,0.0006643017993219757,0.0010029546488874441,-2.0736770424689688e-05,-0.0045147223104095024,0.001086427844993798,0.0008132012098254204,-0.009680145837273169
2022-09-22,-0.010765803775744764,-0.007993709085364342,-0.008350772399703499,-0.011150214911216927,-0.009494858333430445,-0.00396016434478319,-0.002919297848719582,-0.009166165516583225
2022-09-23,-0.007411803705448805,-0.0042365468785813265,-0.003942677487313695,-0.007483060360713778,-0.011426583194068973,-0.0010343749253137746,-0.0007507200965737315,-0.011168023450864872
2022-09-26,-0.014299841996804674,-0.011053785903059055,-0.011247874869791286,-0.015081765026111915,-0.014068759142365606,-0.005017571095369711,-0.0037517363273558146,-0.010913898013530265
2022-09-27,-0.007225483173883385,-0.004615377102094698,-0.005056522897408544,-0.006932977435559207,-0.005365707764482641,-0.001754751156096357,-0.0013334202937829165,-0.0034333742900442
2022-09-28,0.02098567110334093,0.014175308089728,0.014343621504725013,0.01919817454163586,0.017800100327148405,0.00626251297961411,0.004766864398239923,0.01801976536247807
2022-09-29,-0.009341388820028662,-0.006639471888019943,-0.00656489112751224,-0.009839680029158693,-0.011720315269480586,-0.0018531779392002568,-0.0013165106624531964,-0.014651075831244254
2022-09-30,-0.006471901516409528,-0.0035261296545601173,-0.0035484147586033465,-0.004192709703351949,-0.0032975018095136033,-0.001150889353709661,-0.0009518324182412607,-0.01011065444010506
2022-10-03,0.018616715596950106,0.01136948183783737,0.011126837517555277,0.015326765725709679,0.016254461207153348,0.003441424372659929,0.0026422928183373884,0.019180319023714976
2022-10-04,0.010838087184584122,0.005808562100307668,0.005473584946499299,0.010157293590388639,0.015988344899997342,0.0011499062823905337,0.0009285803486982491,0.019285998698994833
2022-10-05,-0.0044780567744170385,-0.004450777498105518,-0.005293608172930897,-0.005893917314869546,-0.0069036708239388345,-0.002065136692587899,-0.0015269716814433343,-0.003158475521592208
2022-10-06,-0.003954042781601053,-0.003954042781601608,-0.002515702071773873,-0.004203305624735365,-0.007333058708076323,-0.0014496686116675095,-0.0010639373863574608,-0.007833345402306402
2022-10-07,-0.011165336647461999,-0.011165336647470214,-0.005585130482380851,-0.007452407875985889,-0.013188371090726125,-0.0020092722461582113,-0.0014827259721823527,-0.018905287664026216
2022-10-10,-0.005529693668051006,-0.005529693668049229,-0.005473677551093625,-0.005809131414210689,-0.0073868733257485,-0.0017339454743111604,-0.001275743971000054,-0.00626762999834507
2022-10-11,-0.0007936526744632966,-0.0007936526744625194,-0.00035945280332738694,-0.00034169482537049767,-0.0014768100570969889,0.0001120318834590961,8.386351313038887e-05,-0.003791457549387256
2022-10-12,0.0002838587497353551,0.00028385874973224645,0.0010139653790528502,0.0004664221268468882,-0.0009417285496843286,0.0005029873240682825,0.00039946929461120995,-0.0013719660621166474
2022-10-13,0.006299558501335456,0.006299558501347224,-0.0007497562699532168,0.0015580807838910804,0.0067036552733281685,-0.0013990955685831974,-0.001047456423544868,0.014007144361735557
2022-10-14,-0.010155192680001979,-0.010155192680009528,-0.005277209571094454,-0.0070062435362932,-0.01217468699267632,-0.0019055706598266609,-0.0014261353294866552,-0.015391432066126698
2022-10-17,0.009915630662438168,0.009915630662448605,0.0036503500740634465,0.00653324694472146,0.013495745704443785,0.0007869474683566136,0.0005656852938573653,0.015936338498440783
2022-10-18,0.0038661061922096174,0.003866106192213614,0.0014684325184108893,0.0022610294236251605,0.004590818272339092,0.0010082277709295706,0.0008002907706172735,0.00796488881459334
2022-10-19,-0.007494799312993905,-0.007494799312996903,-0.0072323886380762925,-0.008365579323642458,-0.011675233062286017,-0.003306046446846289,-0.0024970628305989173,-0.007445984457395749
2022-10-20,-0.0044971514591685136,-0.004497151459171733,-0.003709799865905805,-0.003970598289476213,-0.0049501560274022305,-0.0025323530754427503,-0.0018476458222576042,-0.007619006135612283
2022-10-21,0.011910117893935812,0.011910117893944472,0.004349627777445297,0.005205533767111081,0.009026226528442427,0.0007870389297357505,0.0006340331667413768,0.015126086363924651
2022-10-24,0.0033306054593851275,0.0033306054593891243,-0.0010797110136574473,-0.0012135307016981622,-0.002423300518132554,-0.0005633340525752484,-0.0004210128972261806,0.006816592103496388
2022-10-25,0.008307945280227491,0.008307945280233708,0.006591488217799757,0.009210559955560749,0.014682758930486983,0.0038309997425707287,0.0029087209811240466,0.013622454813395635
2022-10-26,0.00030830731579811754,0.0003083073157983396,0.0022927766717706355,0.0027824364252466705,0.003934496632720386,0.0016274279155576998,0.0012401806287118955,-0.0030031504500294126
2022-10-27,0.0010358465905875303,0.001035846590586642,0.003134138971208733,0.0025769566518674125,0.0009664462554479503,0.002184341772188958,0.0016801731947617693,-0.0011943270690585317
2022-10-28,0.0050795639897880385,0.005079563989797364,-0.0012059182390213863,0.0006596678719743565,0.004477009207943805,-0.00083823380398651,-0.0006504433768248497,0.013350755914838475
2022-10-31,-0.003636815977448693,-0.0036368159774474718,-0.0031387537284059963,-0.003191916155340535,-0.003792843321532957,-0.0013414705299896745,-0.0010497403548048734,-0.005368961463992905
2022-11-01,0.0019058578289701256,0.0019058578289714578,0.0025827622674972073,0.002893764286424849,0.0040320604839714225,0.0005866183928198154,0.000512312516596003,-0.0020553242367084
2022-11-02,-0.011804182642089267,-0.011804182642102479,-0.0033849613307869175,-0.006126180852490282,-0.011905197097645481,-0.0006176299572520083,-0.00046217384582769583,-0.016160939868279378
2022-11-03,-0.00589464096865544,-0.005894640968656106,-0.003899548429114108,-0.004087517446963673,-0.003933459618623791,-0.0012720990696618584,-0.0008408483718693738,-0.00795641170847039
2022-11-04,0.01160357850809235,0.011603578508098789,0.005822384729775143,0.007613891914206805,0.013224041346467708,0.0001690185250249332,0.00014947567133605233,0.00892787424085495
2022-11-07,0.002459169957033991,0.00245916995703932,-0.0012840069573197832,-0.0006259641640434799,0.0004956060515568517,-0.00148646409456632,-0.0010915442408981901,0.004288005458185085
2022-11-08,0.006301818465888065,0.006301818465886511,0.004842750307020305,0.005145708146291561,0.006234759672993251,0.0018271813179724372,0.0013921097679012728,0.005054517696316374
2022-11-09,-0.008332744643397949,-0.00833274464340783,-0.0018177109216825915,-0.003741996049346885,-0.008281118133389831,0.0007892288577080464,0.0006827465161196589,-0.011876363583433691
2022-11-10,0.029457918096003288,0.029457918096019498,0.01974500464189366,0.02468915922720294,0.0371349524601281,0.00854091632103704,0.006517850695593408,0.04124044505821667
2022-11-11,0.0038972899298204133,0.0038972899298224117,0.0019945327708923433,0.0028122993393335793,0.005558444334623935,-5.4227592779843015e-05,-6.337582108761897e-05,0.005849441018577872
2022-11-14,-0.004044194221175412,-0.004044194221178188,-0.0032547316765205725,-0.004430039869797842,-0.006747555356314439,-0.0013543628849402856,-0.0010401471897667491,-0.006170074889318977
2022-11-15,0.005797920602546469,0.005797920602549134,0.006472505688513319,0.006913519500192367,0.009156454005804004,0.0029937471730681064,0.0023165768865258674,0.007777905817197173
2022-11-16,-0.003403416533455661,-0.0034034165334646538,0.0024361441784057636,0.0010280822465795758,-0.0020913172843963768,0.0023682476714912415,0.0018025067524036764,-0.002439708286578246
2022-11-17,-0.004231204104438113,-0.004231204104438002,-0.004294074515144408,-0.004140423523398606,-0.0038827637552967253,-0.001635361199483376,-0.0012073027786518864,-0.003383780069262876
2022-11-18,-0.0004930385931468662,-0.0004930385931433134,-0.0024902647890692187,-0.0016064166257543366,-8.250708127854889e-05,-0.0006229071127994423,-0.0004456788846847193,0.00204158084259487
2022-11-21,-0.001256946727406505,-0.0012569467274078372,-1.1842794351624164e-05,-0.00018872985594564629,-0.0014735080888310659,0.0,0.0,-0.0021499540440642617
2022-11-22,0.005649978051909255,0.005649978051911919,0.003730592700933233,0.004772739187210329,0.0068890837559507645,0.0022507367242772247,0.0017594024173710476,0.01013847534987078
2022-11-23,0.004210590332545117,0.004210590332543118,0.005117160050850167,0.005271191031994471,0.0058909686625212565,0.002693746713285927,0.0021156437171607756,0.006197265478642633
2022-11-25,0.000526864853329867,0.0005268648533309772,0.0002411560686856884,0.0004737104999525954,0.0009259711325573239,5.3772440191002246e-05,6.293164847770427e-05,-6.634101003444304e-05
2022-11-28,-0.008067036103470926,-0.008067036103478364,-0.003495474244749941,-0.005029657937349219,-0.008850266973089993,-0.000451488553943169,-0.00031712197990241275,-0.010169664119970112
2022-11-29,0.00024087618172541347,0.0002408761817285221,-0.0010384390344539973,-7.226812008565009e-05,0.002429197069105271,-0.0013554908215464012,-0.0009521411488337961,-0.0025277467659186037
2022-11-30,0.015227246238327607,0.015227246238334047,0.009942782911025017,0.011423740991249653,0.0161253543350941,0.003204756508779383,0.0024324051743893627,0.021783441649617652
2022-12-01,0.006379130020270685,0.00637913002026691,0.008729464091970396,0.008253915155328917,0.007191042620226407,0.003724109075409654,0.0029377192619433057,0.003292324651861467
2022-12-02,0.0014530727167745283,0.0014530727167747504,0.003008151980447238,0.002867700553270014,0.002305110806345656,0.0016261433477247067,0.0012020672789763154,0.0007031228093936637
2022-12-05,-0.01350542900975038,-0.013505429009758929,-0.008276673019095626,-0.00982354973773758,-0.013343282544139745,-0.014432655692020457,-0.015522183803930889,-0.013955619774945527
2022-12-06,-0.003461245716440131,-0.003461245716445127,0.0013318811535008024,0.00025378981435064674,-0.0018370023216777165,-0.007314133604528039,-0.009094104659249758,-0.007519768730934295
2022-12-07,0.002298659290945748,0.002298659290940419,0.005443585592928679,0.004751047070179926,0.0035175576221238014,0.002410723302277651,0.0013337618206330504,0.002286502285323566
2022-12-08,0.002288593843676301,0.0022885938436791875,-0.0005828650954576853,0.0005310155991888887,0.002580859382021794,0.0034947241883349633,0.004580149557044555,0.003619802455259835
2022-12-09,-0.00443714826490027,-0.004437148264902269,-0.004754598053804737,-0.005322870232980947,-0.006065756573376602,-0.006709887898084799,-0.006857140126558914,-0.006726872647104809
2022-12-12,0.0024630531369662645,0.0024630531369707054,-0.0008019534811982698,0.00040377041021977256,0.0023802104474877073,0.008463144150357094,0.0099027679070125,0.008629175195299377
2022-12-13,0.006666769632528213,0.006666769632526881,0.006505037325973184,0.006883421840599313,0.008667145633792561,0.0071661034062582285,0.007221993262424675,0.007172557292775883
2022-12-14,-0.0030695414578416624,-0.0030695414578457703,-3.0141012412165935e-05,-0.0006344881740298902,-0.0015350556223101552,-0.0026148788771838127,-0.0034666931069511353,-0.002713247035367905
2022-12-15,-0.011303868079498791,-0.011303868079508561,-0.0025029268337500854,-0.005101982610903444,-0.010842764340121103,-0.014400296208188612,-0.016931026293490414,-0.014692326058177496
2022-12-16,-0.0030790980629497033,-0.003079098062952701,-0.0019241859344206746,-0.003516045232265008,-0.00616342815554638,-0.008072935192125041,-0.009021290945714466,-0.008182120656412106
2022-12-19,-0.004269719598614441,-0.004269719598614885,-0.0041853462376351125,-0.0046043123257479834,-0.005700816623870786,-0.00752300350477042,-0.007792237607007757,-0.007553974559892818
2022-12-20,0.0036970880947395646,0.0036970880947431173,-0.0017387924512081154,-0.0013064470102338577,-0.0009710509481202223,-0.001825239518662869,-0.00100342023756117,-0.0017307251184861538
2022-12-21,0.005936058461390559,0.005936058461395888,0.003125686743449929,0.004073355800144229,0.006441754635828856,0.00974888733771917,0.011030181132239747,0.00989635156381885
2022-12-22,-0.00800694067165686,-0.008006940671661633,-0.003068300223440623,-0.003945648827919701,-0.005985205439714036,-0.008356895172032086,-0.009765455016738755,-0.008519188465475724
2022-12-23,0.0019782869908631096,0.0019782869908666623,-0.0012508386543286232,-0.0006891540054447809,0.000739205905505802,0.0019935977882361566,0.0028807698457573583,0.002095688653415584
2022-12-27,-0.0007111688681149531,-0.0007111688681120665,-0.0036344628254927347,-0.0029551957726186018,-0.001658057517428313,-0.005516317426567885,-0.005137204316534194,-0.005472657003202097
2022-12-28,-0.00614022185125207,-0.006140221851259398,-0.0023552785440513757,-0.004149408479109606,-0.008051370985678541,-0.007808581896757594,-0.008909739727811727,-0.007935439112016551
2022-12-29,0.008783792521692257,0.008783792521700029,0.004605216330128226,0.006669918337724123,0.011229163695903432,0.011967981153871543,0.013387298378866319,0.012131330856358646
2022-12-30,-0.0009671868734556499,-0.000967186873456205,-0.002330617281881886,-0.003077262515146395,-0.00474328638799093,-0.0033286260394214118,-0.0031864796828140474,-0.003312246065919844
2023-01-03,0.0017229212694691576,0.0017229212694671592,0.004282931714072236,0.0043002895595392054,0.00460507323786663,-0.00010750958290917101,-0.0010307127848402375,-0.0002139066268431744
2023-01-04,0.005517114342362017,0.005517114342364904,0.005165479507441395,0.006692713216093882,0.010822844646066532,0.00657377928200753,0.006728189017219055,0.006591560110085437
2023-01-05,-0.005824917779187033,-0.005824917779190142,-0.0022780505394606188,-0.0035989214056102448,-0.006671000830193341,-0.0009313598892111141,-0.0009030940474472615,-0.007002083891334165
2023-01-06,0.01387087043212576,0.013870870432131088,0.010308468794501868,0.012133562251672503,0.017029365754654524,0.004516536764850754,0.0034324302513044636,0.018039654456394993
2023-01-09,0.0011020432847492767,0.0011020432847481665,0.0025034223378901377,0.002357731664540008,0.0023975748601205993,0.0011513439978914075,0.0008870444533759514,0.0006487534453281096
2023-01-10,0.002746646466332159,0.00274664646633882,-0.001569097577029832,-0.0009487040488496135,0.0010365189975458655,-0.0016430535578099148,-0.0012564832550148175,0.0027045046497520264
2023-01-11,0.00525636157249898,0.005256361572501644,0.004046819366478882,0.005821587859163646,0.009155473396320168,0.0023032525197561604,0.001796937882251104,0.009809767879092934
2023-01-12,0.0070657352257912365,0.007065735225793901,0.0069313086231848065,0.007732986545985421,0.009432236533175375,0.0034457972075505605,0.0027236052993666604,0.005321292247411957
2023-01-13,0.002416075039615162,0.0024160750396189368,-0.001372315336938823,-0.0009099610393699109,0.0006328944291071892,-0.0013638550500163493,-0.001024994062402973,0.001016414779521968
2023-01-17,-0.0027991320473425008,-0.002799132047343278,-0.0022588598138471028,-0.0020686595167483945,-0.001999901591433928,-0.0003839495205194554,-0.00022070747337865626,-0.0014591526953491307
2023-01-18,-0.003945380151515687,-0.00394538015152579,0.00497661158892071,0.0028260218659050818,-0.0011918016568588374,0.003770652744200742,0.0028549672162980766,-0.006206225419788547
2023-01-19,0.001879883437060581,0.0018798834370579165,0.0021706434664148233,0.0013474259128092303,-0.00010146719654113845,-0.0006549578117973631,-0.00042477839728272127,-0.005122105785833719
2023-01-20,0.0034435906799807903,0.00344359067998834,-0.0026533335774459044,-0.000791653861807684,0.0033063062190819004,-0.0016900539360211742,-0.0012253486619637766,0.009222686130028634
2023-01-23,0.00396498904952991,0.003964989049535461,-0.00028813748894851443,0.0007058314707264479,0.0029333504947743894,-0.0009823149328335168,-0.000738039918960598,0.00638916856353422
2023-01-24,0.0014726486756462265,0.0014726486756426738,0.003753417400472081,0.0034058769982789894,0.0027114923549105274,0.001856940494447512,0.0014175076427533906,0.0011113182247550757
2023-01-25,0.002049954967361156,0.0020499549673618223,0.0014484037789725956,0.0016698134331030179,0.0018711609881023605,0.0007067656369115216,0.0006212974719184139,0.0006922679881460336
2023-01-26,0.001060252063802336,0.0010602520638061108,-0.0011157630676905672,-5.639031989801424e-06,0.002156682908214247,-0.000600692446684481,-0.0003837875491811138,0.00572650591978574
2023-01-27,0.0003491179326122751,0.0003491179326149396,-0.0013985358994794694,-0.0007641408287338836,9.955390804816666e-05,-0.00038233102181939316,-0.00026477397809954173,0.0013127704417066344
2023-01-30,-0.005769604728488642,-0.005769604728492639,-0.0037221676915416557,-0.004745393680042231,-0.007458418605681527,-0.0010910840851883208,-0.0007970889848819551,-0.008724195261094247
2023-01-31,0.007339123325875718,0.0073391233258846,0.0035547422559463193,0.004959397699733303,0.00849228372583366,0.0019102944781872466,0.001457278641763704,0.010432066826331576
2023-02-01,0.009101242699964596,0.009101242699968592,0.007084199425163806,0.007470684471587941,0.009084903191266314,0.002762983859318169,0.0021439755754295575,0.009185699655660517
2023-02-02,0.0011974908437359932,0.0011974908437457632,-0.0021159282428762083,-0.00017730741038446407,0.0030501455674314393,0.0004885030239420995,0.0004575857880209089,0.009010166109505224
2023-02-03,-0.00993635454129993,-0.009936354541297487,-0.0094670692601726,-0.009761901279965346,-0.011497726803120112,-0.0037016001056042747,-0.002828310352390173,-0.00997366478686057
2023-02-06,-0.004391408123556095,-0.004391408123560647,-0.004235749003550837,-0.004937020118080615,-0.0069289039728250845,-0.0065544561796206935,-0.006609544090799613,-0.005952127993786194
2023-02-07,0.004261691256461253,0.004261691256464584,0.00013290788449515922,0.0008454695993769246,0.0020976738225833014,0.007198774786024709,0.008625011121507375,0.007388626243437946
2023-02-08,-0.002615487304588049,-0.0026154873045950433,0.0017939481940345559,0.0004586195987639208,-0.002299918220341368,-0.005909462285597078,-0.007176672567330344,-0.00607835223938924
2023-02-09,-0.0064246212757718135,-0.006424621275775699,-0.004086397488670124,-0.004437431115253854,-0.005326108694718501,-0.00677096983210268,-0.007218428337805505,-0.006830539848544759
2023-02-10,0.00013015553736561714,0.00013015553736805963,-0.0030453354901300855,-0.0026324442718879126,-0.002267643166050326,-0.00023922258176201083,0.0004281570296431614,-0.00015040923474018975
2023-02-13,0.003649654590564655,0.003649654590569096,0.0017102838993916514,0.0030491984392913007,0.005686534465150217,0.008034182949569812,0.008913257393157403,0.008151235852887462
2023-02-14,-0.001156257972333652,-0.001156257972333652,-0.001976287426749379,-0.0019842007906989423,-0.002262511975389403,-0.0015811516282557836,-0.0012770648841912147,-0.0015406304405629623
2023-02-15,-0.00022272417864532823,-0.00022272417864044325,-0.002527564691431894,-0.001995562174586629,-0.0014742521222710359,0.001151580842248645,0.0017035390671484851,0.001225151648179823
2023-02-16,-0.004503574857274373,-0.004503574857275594,-0.0028711111661242628,-0.003686427996779762,-0.005446745530095165,-0.009934642615783917,-0.010933176003504963,-0.01006780125622897
2023-02-17,0.0009114237245266832,0.0009114237245262391,0.0014009927394207367,0.001195098526013183,0.00033661373841264997,-0.0006799697628847579,-0.0011578867080294097,-0.0007436462908516628
2023-02-21,-0.01053889432624222,-0.010538894326251325,-0.0067275466130387596,-0.008538410166718524,-0.012898629005985374,-0.015403856716025288,-0.016518693538188578,-0.015552333371717575
2023-02-22,-0.0006575864307982737,-0.0006575864307973855,0.00010450795544558744,-0.00026152695396564063,-0.0011191820320965995,0.00014171271321306023,-0.00020671334370225836,9.535404257254854e-05
2023-02-23,0.0024516630282522822,0.0024516630282536145,0.0027168882871480005,0.003177667302534548,0.00434010297884635,0.004453572078681578,0.004595469445384026,0.00447244605866981
2023-02-24,-0.006209370891794408,-0.006209370891795407,-0.005441668302700209,-0.00676885355075707,-0.009826932266245869,-0.008624217847261417,-0.009142435399995485,-0.008693155177531331
2023-02-27,0.002165587600065022,0.002165587600065022,0.0017318501053145141,0.002223408564351992,0.0032529767762321526,0.002737635412886741,0.002917425449900257,0.0027615416425657013
2023-02-28,0.0009540949884776495,0.0009540949884774275,0.001129974816792334,0.000685243346219444,-0.000612063770850213,-0.002144043844826804,-0.0025506846179625953,-0.002198122252577872
2023-03-01,-0.00021551551508103284,-0.00021551551507770217,-0.0021506814822271902,-0.0017369984857337206,-0.0006050925438164656,-0.004569370721161259,-0.0043412171343929495,-0.004539039716627724
2023-03-02,0.002025681533474044,0.0020256815334760425,-7.768590127821273e-05,0.00048692605641553754,0.0018035023101525827,0.003614633928276323,0.0045749606965241885,0.003742326262022422
2023-03-03,0.009355736910248602,0.009355736910250378,0.007573907545220138,0.008730105320337467,0.011120596157531804,0.012583899831501988,0.013397685281612226,0.012692196680714751
2023-03-06,-0.004906931837678985,-0.004906931837688089,-0.002563483793543986,-0.003420798547064674,-0.004759331791237553,-0.00021404044451966975,0.00014306691016274797,-0.00016648424506759962
2023-03-07,-0.009571035541166784,-0.009571035541170003,-0.00492604740725644,-0.006358419157368456,-0.009851236614815018,-0.00975785122722539,-0.011189272857259569,-0.009948533517077585
2023-03-08,-0.00033314040950516155,-0.0003331404095039403,-0.001096979346463689,-7.012418088514494e-05,0.0018465606003896795,0.0005979051462099427,0.0008376336760997916,0.000627986003734371
2023-03-09,-0.004161278206529229,-0.004161278206540553,0.001321785336744652,-0.0013863201345900578,-0.007045594554513257,-0.009654519838320663,-0.011818900377494557,-0.00991439304520092
2023-03-10,0.001997391282820171,0.0019973912828055163,0.010105843886502708,0.006607825680174484,3.591755830334442e-05,-0.00369064591764956,-0.006337370613933135,-0.004007822015006046
2023-03-13,0.0033649502159325273,0.0033649502159192046,0.00669063227298472,0.005035357254447925,0.0025938626293442457,0.0022842428688469862,0.0013040700779853864,0.002167056431035874
2023-03-14,0.0033769444426503537,0.0033769444426605677,-0.003548121413320282,-0.0015995020947255911,0.002068413912857281,0.007146164327993754,0.009471494439501349,0.007423934229610296
2023-03-15,0.001469785423183989,0.001469785423173331,0.007163379504836698,0.004189029175452941,-0.0012538952694127747,0.0005503547854486257,-0.001112520669260375,0.0003513139950486188
2023-03-16,0.003399672911645446,0.0033996729116536617,-0.002707667632559696,-0.0010105538050668716,0.003288283773065448,0.008101768219693772,0.010319674101397114,0.008366855872612877
2023-03-17,0.0015187988699798538,0.001518798869965865,0.006431935341729256,0.0032991906987962505,-0.0017479328845545483,-0.0035466852832238827,-0.005379299184101849,-0.0037661464134844946
2023-03-20,0.0035237650816797306,0.003523765081687058,-0.0012091936367556455,0.000548680185600281,0.0034465994154910806,0.0035353509705182695,0.004890252992229449,0.0036973419099752824
2023-03-21,1.63774692352181e-05,1.6377469242767617e-05,-0.002366246854262677,-0.0012892597831821728,0.0015091520121541802,0.006635869055608978,0.008231398533198542,0.006826855931753695
2023-03-22,-5.050909792492231e-05,-5.050909793902214e-05,0.00761750562830521,0.004224063129348421,-0.0018507386855686203,-0.0062959419680322926,-0.008854535098552274,-0.00660263601724187
2023-03-23,0.0031512093465464464,0.0031512093465420055,0.004224061552113634,0.0032134344383416558,0.0025392212107016032,0.0023463432187149635,0.0023539128920218033,0.0023472485252413744
2023-03-24,-0.000392419921954934,-0.00039241992195160336,-0.0006909608882675888,0.0003300796383916005,0.0024966325575019876,0.004762538249635462,0.005232098787198103,0.004818696425617164
2023-03-27,-0.0025267785599244474,-0.0025267785599161208,-0.007331401330996079,-0.005850704856447342,-0.0038736930672769176,-0.0032707570414295395,-0.0020543886721495763,-0.003125222808535555
2023-03-28,0.001907790778122198,0.0019077907781233083,0.001003779052901832,0.0012715967457277433,0.0016954626393523853,-0.0017631271694115158,-0.0017617694456203425,-0.001762964547996626
2023-03-29,0.003052697618923128,0.0030526976189253485,0.0008539443923949452,0.002178029439753759,0.0049185486840852555,0.008890197238830222,0.010213022128448435,0.009048638826500088
2023-03-30,0.003460011217005121,0.003460011217004455,0.002530461199042433,0.003456440804642691,0.005456736416377339,0.00411211800444411,0.004574175812180892,0.0041675249236408085
2023-03-31,0.005329638171439166,0.005329638171444717,0.003443117653597394,0.004659355499766926,0.007046882705945556,0.01043300368869482,0.011314300726767312,0.010538725802449411
2023-04-03,0.0031974162739971668,0.0031974162739958345,0.0037655813582759823,0.003278107195793911,0.003287834809833745,0.004077160565076898,0.004048323647390051,0.004073698577124141
2023-04-04,0.0012774100560632995,0.0012774100560537516,0.004024774129082198,0.002826777646937506,0.0008075165441328025,-0.0017641969373802802,-0.0027337010026371455,-0.0018805868583497976
2023-04-05,-0.0008828939788748658,-0.0008828939788791956,0.0012932928976152613,0.0004620460350281963,-0.00149642176861009,-0.0003660054096705778,-0.000879068867962518,-0.00042754653925480834
2023-04-06,-0.000344981614473161,-0.0003449816144727169,-0.00018249283497062674,0.0004378065826660116,0.0014143955652825557,0.002180175021343489,0.002589254556467191,0.0022189581940788017
2023-04-10,-0.0015762726379371372,-0.0015762726379296987,-0.005040436756995725,-0.003954772007342733,-0.002152406848208499,-0.002024654236908563,-0.0012448931034310107,-0.001957086238926764
2023-04-11,0.0024947095090532834,0.00249470950905617,0.001259118118464464,0.001843060481223402,0.002916020042550427,0.00024094238242478028,0.00021382056599028587,0.00023859054099495403
2023-04-12,-0.0006049709441757756,-0.0006049709441794393,0.0005904078098395438,9.693179082215231e-05,-0.0009999762227351772,-0.001972292614677129,-0.0024772697354111806,-0.0020160801207960155
2023-04-13,0.006261473944963569,0.0062614739449669,0.002081009566160308,0.002629678402099378,0.004925579663780155,0.007582891867879082,0.008930579291423824,0.007699698349284745
2023-04-14,-0.006422656798313886,-0.006422656798315329,-0.0048382848469769035,-0.005459788583160319,-0.0067788631358562945,-0.003004550299922859,-0.0027654741182088216,-0.0029838038288998447
2023-04-17,-0.000706509456899207,-0.000706509456894544,-0.0035875073225150045,-0.0022114215856938735,0.0002682126583108957,-8.167103134903986e-05,0.00079557183800949,-5.529279943905507e-06
2023-04-18,0.000504740827141692,0.0005047408271390275,0.0012983680141618326,0.001061899068366401,0.0006608852231553275,0.0010045939730032316,0.0009235937826577167,0.0009975577947811676
2023-04-19,-0.0009405624137515112,-0.0009405624137497348,-0.002243146910941185,-0.0017313110039236523,-0.001749937984655725,-0.0005671311930960377,-0.000437307030466072,-0.0005558546955274357
2023-04-20,0.00039764216640159056,0.00039764216639803784,0.00289064072592371,0.0020142787960808484,0.0003266459369373198,-0.0017196204081105781,-0.0027115579120307043,-0.001805790096298332
2023-04-21,-0.002458315808211098,-0.002458315808210987,-0.00200366570835242,-0.0019581471696847874,-0.0022690929399984405,-0.00034521750412697116,-0.0001120332052880757,-0.0003249791470275598
2023-04-24,0.002116160013686308,0.0021161600136847536,0.0030510613302505707,0.0027052261869118244,0.0021237109512237673,0.0023558843765008053,0.002095241603358833,0.0023332580453303553
2023-04-25,-0.00384162574584046,-0.0038416257458531167,0.0034175449844928707,0.0008337174205736986,-0.004502427025852462,-0.006992359714012908,-0.009208622477419381,-0.007184707220442066
2023-04-26,-0.004188184735007705,-0.0041881847350099255,-0.002967144377936659,-0.0032877837404570176,-0.0037548355175068826,-0.004070051697775412,-0.004164809956205606,-0.004078258919025468
2023-04-27,0.004963041957688041,0.004963041957695591,-0.0016242823734630152,0.0007685814682405478,0.005654259406306261,0.010163880305689155,0.012581893978793612,0.010373291589469424
2023-04-28,0.0035897584309345643,0.0035897584309363406,0.0037113400732642354,0.0041428545653567905,0.005770765085762131,0.007373753547305961,0.007670538909734903,0.007399512731492308
2023-05-01,-0.0034582844399617674,-0.0034582844399579926,-0.007352610755947286,-0.006867817378775842,-0.006494211763887203,-0.004464485713094768,-0.0035114024733595706,-0.004381741565909869
2023-05-02,0.0017297555877031634,0.0017297555876918391,0.0074890111382377444,0.004781735916896901,-2.704291703792272e-06,-0.0029630673922826922,-0.005046196749061149,-0.0031440772271772444
2023-05-03,0.0016416788136586202,0.001641678813657066,0.0032756128641793225,0.002751759955202937,0.0016573500688672471,-0.0025376716710513447,-0.0036494737183923043,-0.0026340954005654726
2023-05-04,-0.0012652098359979824,-0.0012652098360019792,0.0003612099560992288,-5.7697564759262576e-05,-0.0005028037950397524,-0.0049280997596493625,-0.005523751738799154,-0.004979706530116368
2023-05-05,0.00239268918313007,0.002392689183140284,-0.003103627001389664,-0.00021616463720408596,0.004849915730427368,0.00953512637392806,0.011737310918183308,0.009725817410630722
2023-05-08,-0.0012108231460840058,-0.0012108231460838947,-0.002896110658951123,-0.002893212639437648,-0.0029021596784529757,-0.0015690388709814762,-0.0010387737383908968,-0.0014957623422923172
2023-05-09,-0.00045180736180250314,-0.00045180736180416847,-0.00020668530170397936,-0.0008740040963151063,-0.002086278233979333,-0.0030346496188219385,-0.003357770530987958,-0.003076699843907127
2023-05-10,0.0021036659981577,0.0021036659981568118,0.003439786240191589,0.003273424087936183,0.003518648881664088,0.005074485258375283,0.0048983475318200576,0.005051569555438062
2023-05-11,-0.0021212467855084016,-0.0021212467855125094,0.0008397113801248413,3.877581719002876e-05,-0.0017297904194059077,0.00046161628116370146,-3.222421318560542e-06,0.00040114949818481627
2023-05-12,-0.0021469418381617755,-0.0021469418381608874,-0.003581995224451462,-0.0033918237381723726,-0.003698552674130773,-0.0029187751590489253,-0.0025263455912987176,-0.002867748078244192
2023-05-15,0.0020433126237764387,0.002043312623781768,-0.0007628230106506706,0.00012714036943450857,0.002287797888216314,0.0010464293475282993,0.0016507814202435522,0.0011250393278743331
2023-05-16,-0.006289416271532677,-0.006289416271536896,-0.003791070202479374,-0.005016069469382267,-0.007890518589671935,-0.004954389883160992,-0.005370130418592356,-0.005008494964372723
2023-05-17,0.0043906145803045415,0.0043906145803145336,-0.0005934228982309442,0.0011115096360887478,0.004338663514820595,0.006458127777041467,0.007828720399430278,0.006636433875162995
2023-05-18,-0.0005402860900394213,-0.0005402860900344253,-0.003752418277988112,-0.0031805272912259763,-0.0023883554084367375,0.00427745050920203,0.005658912554249662,0.004457383520994007
2023-05-19,6.530488192946216e-05,6.530488192746375e-05,-0.0005920362861827622,-0.0006645153618402011,-0.0006354201544057636,-0.002040160748950748,-0.0019251086176561572,-0.002025157484939921
2023-05-22,0.00039784273861132036,0.00039784273861420694,-0.00033060499301196256,0.00010470273704177302,0.0013132560782120883,0.00022360469002791206,0.00030495672336416924,0.00023421438827764263
2023-05-23,-0.001659648258120483,-0.0016596482581210381,0.00033322639110866525,-0.0010176320275552264,-0.004072357502940993,-0.006517662868037122,-0.007692800110626896,-0.006670931727251195
2023-05-24,-0.005613430110930406,-0.005613430110934403,-0.003403972983358483,-0.004816020541424382,-0.00769076036096783,-0.005616384107694827,-0.006087551301839023,-0.005677773506020167
2023-05-25,-0.0016171131889602952,-0.0016171131889599621,-0.003135688684674842,-0.0026892664942821387,-0.002083786652142594,0.003780149897859575,0.005018401546733164,0.0039414179090893064
2023-05-26,0.005153888874021018,0.005153888874025014,0.00242401233881262,0.0037121198474425743,0.006925199907668489,0.008370363811731396,0.00953571778939688,0.00852230055745995
2023-05-30,0.002072488222359725,0.0020724882223552843,0.0041265659713953795,0.002926899652495818,0.0009374107672679433,0.002783169001386865,0.002158036274343633,0.0027015834268364625
2023-05-31,-0.0020916164525894843,-0.0020916164525955905,0.0012822849627369681,0.0003760956227736312,-0.001400539289687197,-0.0020122274353069347,-0.0028774524917786204,-0.0021250860567535446
2023-06-01,0.005563810588244733,0.005563810588246509,0.0036833616584799334,0.004461575736121048,0.006663008168436679,0.006871599337261447,0.0075549293387222605,0.006960664645248471
2023-06-02,0.003545459526125949,0.003545459526144157,-0.003761337310039692,-0.0002530153108262212,0.006469153544892858,0.006709708523140234,0.008720443594617544,0.006971942622765459
2023-06-05,-0.0014126324571833715,-0.0014126324571916982,0.0006535441896882155,-0.0006029852410329717,-0.002872649633133384,-0.0011292535723513852,-0.0013330846427080933,-0.0011558827741835476
2023-06-06,0.004457342413313858,0.004457342413324739,0.0011662120619382321,0.002856823506274031,0.005863853613698566,0.0017966254172516738,0.0018643506379649732,0.0018054717065858483
2023-06-07,-0.0014280747041723885,-0.00142807470416062,-0.005588382732922503,-0.003940543995747947,-0.001691152271047991,-0.004233943665172268,-0.0039968570591575325,-0.004164492055630409
2023-06-08,0.004681082840048534,0.004681082840044093,0.0056102494694749705,0.005085391170348341,0.004741502806986375,0.00558813242384848,0.005689856891160305,0.005613104229201138
2023-06-09,-0.0020100071267308284,-0.00201000712673316,-0.00183876903943192,-0.0018431642063843068,-0.0019595329532938743,0.00018190148926122696,0.0005552021337897894,0.0002735480987106076
2023-06-12,0.002432630000365199,0.002432630000365421,0.0012397038244582603,0.0015031617243241868,0.002320542049068619,0.006352652915539325,0.007063296653632367,0.006527167555816948
2023-06-13,-0.00031941564879989226,-0.0003194156487950073,-0.0032377351836814228,-0.001757478541288715,0.0010041763247532476,0.002234977539024241,0.003330133888650444,0.0025040611981228533
2023-06-14,-0.0007777097943030276,-0.0007777097943078015,0.001439208487928001,0.001344721954439354,0.00137383674294278,0.0007948302714255728,0.0007891956372694242,0.0007934446817514651
2023-06-15,0.007145090353986916,0.007145090353987804,0.006062555418793636,0.006335044878654106,0.007766253534288614,0.010218518933929888,0.010874670191422409,0.010379869701659938
2023-06-16,-0.002201329742111735,-0.002201329742112512,-0.0018836038870367888,-0.0019861313685408666,-0.00251706336865265,-0.0031016999546529256,-0.0032495427791845444,-0.0031380730240575527
2023-06-20,-0.003068367146248807,-0.0030683671462511386,-0.00048658117889999186,-0.00181177029599211,-0.004777661927661825,-0.00226219140364603,-0.0028555938477515808,-0.0024081670695622615
2023-06-21,-0.0016029328982031243,-0.0016029328982041235,-0.0002720506361549857,-0.0004211008589977139,-0.0010741065095718483,-0.002669394886370191,-0.0033768007869265926,-0.0028433370967518856
2023-06-22,-0.0035275538542264284,-0.003527553854228871,-0.003664050943989472,-0.0043968263204365865,-0.0056871674712253295,0.00029903161849964555,0.0011383746455124744,0.0005053050959962224
2023-06-23,-0.00245496286444169,-0.0024549628644492394,0.0011859134745044742,-0.0007681990796996052,-0.004741494227070819,-0.0034068622635357038,-0.004438091441468339,-0.003660453247555262
2023-06-26,0.00045449618340343,0.0004544961834054284,0.0009780310854159424,0.0017905619632045955,0.0033234745546009137,-0.0020021898451463294,-0.0025363083373916018,-0.0021334331426643427
2023-06-27,0.0029460563094545478,0.0029460563094618752,-0.0013271821485958402,0.0005365903556271423,0.004090183393215652,0.005910862476724343,0.007207290327053917,0.006229291390517089
2023-06-28,0.0004330990390950529,0.00043309903909438674,0.0017016077362483895,0.001387547440282022,0.0009846508586222047,0.0015178844657135482,0.0012484041894655906,0.0014516303240077466
2023-06-29,0.0011335981153766106,0.0011335981153859365,-0.004529940115677422,-0.0031953407358390473,-0.0009350338475000441,-0.0006611073660355293,0.0004685605883349986,-0.00038342473440644564
2023-06-30,0.005193465672283182,0.005193465672282516,0.00419120524348604,0.00478789201097829,0.006320168754685218,0.008553618075078262,0.00938559766828484,0.008758300511638062
2023-07-03,0.0008636196012679065,0.0008636196012714592,-0.0009010990018383236,-5.885680495187895e-05,0.0017571064041079776,5.787911994725725e-05,0.000527661424782222,0.0001735261651321096
2023-07-05,-0.004124202637962315,-0.004124202637966645,-0.003639926588183906,-0.004097096287994595,-0.005248068934641137,-0.0029776378800251413,-0.0027882683075564074,-0.002931003970007562
2023-07-06,-0.005481767525921555,-0.0054817675259247745,-0.005469336443145734,-0.006534448924146674,-0.009437106102846538,-0.007467706485713044,-0.007641746910496017,-0.007510571594809279
2023-07-07,0.0020700708930163625,0.0020700708930205813,0.0006165475922228492,0.0011315415570898324,0.002523718143523368,-0.0016388044198916152,-0.001813240915448766,-0.0016817614005478765
2023-07-10,0.0031154606802363816,0.0031154606802401563,0.0025067975282153654,0.0026293242836417097,0.0033613760183290875,0.0029963845803069322,0.002916115850567058,0.0029784721811738635
2023-07-11,0.00344811213572771,0.0034481121357305966,0.002066317170135834,0.003155504569354095,0.005717608870129842,0.004682323102875863,0.0051145090385109615,0.004831514535069026
2023-07-12,0.008391070316337679,0.008391070316339011,0.00802094408643561,0.008589099306286041,0.010527184783041932,0.007893694318205302,0.007888050629448973,0.007891745557100815
2023-07-13,0.0041417121124580625,0.0041417121124582845,0.004755564438083892,0.005363002191072885,0.0070357751809269065,0.007320872227410735,0.007528607972284274,0.007392602946979077
2023-07-14,-0.003165199770477911,-0.0031651997704797985,-0.0038629004660372113,-0.0038200667395873467,-0.004313140256175019,-0.002339581014573766,-0.001953818942283636,-0.00220636019202769
2023-07-17,0.0023627751754471404,0.002362775175450027,0.0010700328498138845,0.0009828863994842951,0.001026682129578349,0.002539630768070511,0.002777611071062447,0.0026218367656198893
2023-07-18,0.005761231367418684,0.005761231367423791,0.0018505493941585183,0.002296019220075163,0.0032341337454162566,0.005061756528675909,0.005693692096298886,0.005280081172403639
2023-07-19,0.002139562965638886,0.002139562965640218,0.0022732674038505873,0.00268411137712099,0.00329328792326411,0.0022279220928715926,0.0022099729072173613,0.002221718356147928
2023-07-20,-0.0038117162783847247,-0.003811716278385946,-0.00332327108943109,-0.0037435278320244736,-0.005166721017856202,-0.0057895264452779704,-0.00597492426166768,-0.00585360432518367
2023-07-21,-0.0010569671379135892,-0.0010569671379153656,0.00012158119357041919,9.898083911497046e-05,0.00014202104739702293,0.00034563427328571095,0.0002890330482698822,0.0003260739356010234
2023-07-24,0.0009326491089221012,0.0009326491089249878,-0.0003731892013482119,0.0003467367070069116,0.0019333226976545603,0.0019018122896470313,0.0024878497168527858,0.002104328498514274
2023-07-25,0.001309767333205647,0.001309767333206091,0.00013540958713464946,0.00015073060228698587,0.0006336928231562844,0.0013476953408277925,0.0017501200837222175,0.0014868139702854943
2023-07-26,0.002450567271603532,0.0024505672716055305,0.0025988477924445696,0.002535100386587441,0.0032205003632361784,0.0014505146983874173,0.0011453667659204747,0.0013449970230698938
2023-07-27,-0.007996347544947269,-0.007996347544948268,-0.00794499648253355,-0.008437321643454454,-0.010263765976835537,-0.007474102925029702,-0.007300333807743531,-0.007414026955636199
2023-07-28,0.005975356561100709,0.005975356561103151,0.004661794614494674,0.005042785202376665,0.00710385283735171,0.007268163105806913,0.007890525006406746,0.007483352534747079
2023-07-31,0.0022609892723863823,0.002260989272389269,0.0014016007029016286,0.0017123181685796407,0.002549798383328028,0.0018776598904637343,0.0018906182764111268,0.0018821422256445342
2023-08-01,-0.004810411311023777,-0.004810411311023444,-0.00581920732122676,-0.0060809202152419806,-0.00716812069541739,-0.004307007467587276,-0.004000040390880866,-0.004200825959080334
2023-08-02,-0.005666925354723684,-0.00566692535472646,-0.0037142909628941068,-0.005154334950990602,-0.008657128168446104,-0.00967955486438532,-0.010733546159940599,-0.01004420944722828
2023-08-03,-0.0026921818985127244,-0.002692181898511725,-0.004011962256580293,-0.004420132913044439,-0.00475756853677145,-0.004139038037756393,-0.003809286330768935,-0.00402503164981538
2023-08-04,0.0019525250396243976,0.001952525039621511,0.005968213403321876,0.00493824686098332,0.003148388515865408,0.00029726366111892943,-0.0010117576997755728,-0.00015540760998833392
2023-08-07,0.00232203579416157,0.0023220357941644565,-0.000523436285759904,0.00042781122231816404,0.0021801474934664,0.004828704622298785,0.005879594167303992,0.005191800355375253
2023-08-08,-0.0028259987816642296,-0.0028259987816682264,0.00031024068591656295,-0.0005621515690753531,-0.002557830004907946,-0.0011464795950447693,-0.0019412226496228202,-0.001458631346599626
2023-08-09,-0.0035228645234143263,-0.003522864523417102,-0.0005352173823539585,-0.0006732585781491496,-0.0011585172790986586,-0.0038629259650746484,-0.004557014212805743,-0.0041400625830916304
2023-08-10,-0.0017534877955073247,-0.0017534877955068806,-0.0035044190666545516,-0.0032253038160362513,-0.002791150362118633,-0.0018966031920403248,-0.0012787224976830158,-0.0016499981356762339
2023-08-11,-0.0008279468239713594,-0.0008279468239708043,-0.002276115204279394,-0.0022498710360200347,-0.002963852373941922,-0.0018486633665520946,-0.001618923184394605,-0.0017569366618548354
2023-08-14,-0.00038440197592204406,-0.0003844019759233763,-0.001186122028715375,-0.0015459981084986474,-0.0020594753503784258,0.0028696157861254346,0.0035614411329041307,0.0031458740892333914
2023-08-15,-0.005344078144726039,-0.005344078144729814,-0.002959418857558238,-0.004238405698171688,-0.007089698337856887,-0.007779070747414352,-0.008700448943707806,-0.008147146048869125
2023-08-16,-0.004843759605600573,-0.0048437596056042365,-0.0028862721135268776,-0.003913663186292715,-0.006147209399322118,-0.005554667959308923,-0.00601367448929202,-0.0057379311619432105
2023-08-17,-0.0035932483703333684,-0.003593248370337032,-0.0011731954957857615,-0.002007849541203477,-0.003663944343004877,-0.0052286893457408334,-0.0059421576617245675,-0.0055134701011994025
2023-08-18,0.0013288759253240467,0.001328875925325157,0.001299998949392922,0.0012201865170218262,0.0011389881863865803,0.0014081439131934381,0.0012876695873440536,0.0013600773354947027
2023-08-21,0.00048528365852518185,0.0004852836585249598,-0.0021669963342353382,-0.0021571586846873547,-0.0018962678394803811,0.0019853518194341557,0.0031331497514004436,0.0024432645633207795
2023-08-22,2.4815445424319904e-05,2.481544542320968e-05,0.001011841492094545,0.0009291416734027447,0.00043445568813638147,-0.0011585905535733687,-0.0015673379685133826,-0.0013217721177267716
2023-08-23,0.008193067719381775,0.00819306771938244,0.008310237646356189,0.008974331400729119,0.011111771112071178,0.010086881284965044,0.010259364432344764,0.010155723674885264
2023-08-24,-0.005128281826058179,-0.005128281826061287,-0.0026266212697920732,-0.003514284404520507,-0.005499236348216918,-0.008897310037784045,-0.00999230421928754,-0.009334394771292831
2023-08-25,0.001453913671723095,0.0014539136717239831,2.1633100115936443e-05,0.0005734437325510822,0.0015363433279458327,0.003936865174956949,0.004603966285316119,0.004202972589409493
2023-08-28,0.0033148312502209176,0.003314831250223804,0.0021215232338851475,0.0029115899912162124,0.00510932662161756,0.004660523115080029,0.005138142370856524,0.004851122074473135
2023-08-29,0.00804546629274494,0.00804546629274805,0.0056955849063560215,0.006697507336965058,0.009474257632321681,0.010970850039049296,0.011776679331804818,0.011292516499266547
2023-08-30,0.0018734334419430176,0.001873433441944794,-8.547528163160845e-05,0.0002397469299488808,0.0008250934933557996,0.002328395409692652,0.0027877265937934492,0.0025118364614657995
2023-08-31,-0.00020839734451216785,-0.00020839734451316705,0.0005520615525991257,-6.747675219320737e-05,-0.001666113674418268,-9.729046656725693e-05,-0.0003927453957361937,-0.0002153174593308993
2023-09-01,0.0006357484647208089,0.0006357484647265821,-0.0026424415410727375,-0.0018534531150162792,7.97443128626174e-05,-0.0006518330037478259,4.214829449877833e-05,-0.00037465370636324824
2023-09-05,-0.00698135542895173,-0.006981355428961389,-0.00405278711349133,-0.005458456828370317,-0.008405886053419742,-0.004808295781023486,-0.004697193805160094,-0.004763902642499707
2023-09-06,-0.003360483014359983,-0.00336048301436076,-0.00192129365764937,-0.00198961172003298,-0.0028092210743164703,-0.004600457289520077,-0.005176843181684876,-0.004830779870584223
2023-09-07,-0.0003254678390562926,-0.00032546783906051147,0.0019112238205998278,0.0010982430760098083,-0.0005275807405028532,-0.00042828805972316975,-0.001065058712810818,-0.0006816915819322089
2023-09-08,0.0003433710840334836,0.00034337108403170724,0.0007967633406316121,0.0005520366320741488,4.1800737026642665e-05,0.0009329685004013655,0.0010419902817184745,0.0009763594843545942
2023-09-11,0.0015497132210491316,0.0015497132210500197,1.7839715829692793e-05,0.0006364928159496852,0.002253578815227586,0.0033124118557403825,0.00412566532492753,0.0036361103086279822
2023-09-12,-0.0021055058211192357,-0.002105505821119791,-0.0006225683371726687,-0.0007065094942909633,-0.0013514275292575428,-0.002939735335948712,-0.003546049945563068,-0.0031811838412709736
2023-09-13,-0.0004970566707922508,-0.0004970566707949153,0.0007982261761931841,-5.462241474707419e-05,-0.0013609290953913167,0.001323233428818238,0.0012852600155066618,0.001308117072153392
2023-09-14,0.0038703587321460287,0.003870358732153578,-0.0004013573404659798,0.0015288313767178874,0.0051371603784475806,0.0045061475131509265,0.00554126177052372,0.004918193672764248
2023-09-15,-0.0031552694915788493,-0.003155269491581625,-0.0011632906836464008,-0.0018852773139313994,-0.0034653605791811204,-0.008286474669895849,-0.00933364053068897,-0.008703576641430844
2023-09-18,0.0010897047049887032,0.0010897047049853725,0.0015703029924218903,0.0007849548656286842,-0.000543716537709682,0.0010561554553558672,0.0010673650028680814,0.0010606175494696224
2023-09-19,-0.0015798524822310256,-0.0015798524822306925,-0.002101858600920381,-0.002142017211752889,-0.0025168672041613327,-0.0020495625356516944,-0.0020382347025391656,-0.002045053326150348
2023-09-20,-0.0032817248765965035,-0.00328172487659939,-0.000956565711440871,-0.001304977746759417,-0.0022991694369018933,-0.006114295807870929,-0.006923376779315538,-0.006436364512002912
2023-09-21,-0.008350214620186924,-0.008350214620190366,-0.0060771641117806086,-0.0084254042202766,-0.013203442870385551,-0.012296698640089865,-0.01331604546309939,-0.012702268416406204
2023-09-22,0.0007241563273425733,0.0007241563273396867,0.0033253767499545894,0.0026371852319180267,0.0020038754741669162,0.0002402144130466688,-0.00041854873263924564,-2.1726194702420543e-05
2023-09-25,-0.0014977612143542984,-0.0014977612143496355,-0.0052339033487794895,-0.004908884926410395,-0.00408224500957477,-0.0005371725106988468,0.0006260991890065792,-7.481030916101084e-05
2023-09-26,-0.007194292108743783,-0.007194292108749223,-0.0030688542835461963,-0.004723244088770451,-0.008419009920605847,-0.009149718004594076,-0.010524133735425933,-0.009696385931876161
2023-09-27,-0.0017386820610884035,-0.0017386820610830744,-0.003352198687108787,-0.0027419327690034745,-0.002199492003010395,-0.0013218359027453719,-0.000937691170757482,-0.001169171704424543
2023-09-28,0.0028664780795968348,0.0028664780796008316,0.0017379670998840524,0.0026205042486036056,0.004105340068526253,0.004513110572252899,0.004840517448646109,0.004643256550714625
2023-09-29,-0.0039291841077099265,-0.003929184107712591,-0.001817010348413528,-0.0018652637508351777,-0.0020547586251278283,-0.0015934802524297798,-0.0017906855049617532,-0.0016718857832662692
2023-10-02,-0.00541011671670788,-0.0054101167167111,-0.005612763515922103,-0.006671624955162936,-0.008742759572850534,-0.0028355829327495474,-0.0021511084999209507,-0.0025634796580699115
2023-10-03,-0.007320105392623399,-0.007320105392626397,-0.006284789060808871,-0.007581410894281437,-0.010703544085130412,-0.011284661694227371,-0.011822030987235554,-0.011498373688684338
2023-10-04,0.0031759979308951802,0.003175997930893404,0.003833281595512661,0.0038502740142589698,0.004064449392277236,0.007035414893237002,0.00711519133396421,0.007067131629196366
2023-10-05,-0.0007820885002652878,-0.0007820885002659539,-0.00011381619046346714,0.0002944529635695581,0.0011695968940379498,-0.00020864157561983898,-0.0003667459301538445,-0.0002715021561103814
2023-10-06,0.004201418724254724,0.004201418724158135,-0.0004929211457764815,0.0006566802603820143,0.002468004634432086,0.005585340694447716,0.007169687451713536,0.005557226422542527
2023-10-09,0.008441795691791265,0.008441795691868537,0.008152695611538752,0.00786183088784198,0.00828168263678486,0.008056954504839897,0.00770747184893561,0.008056954504839675
2023-10-10,0.003255377637831014,0.0032553776377401977,0.0007738971459079202,0.0018570851997457005,0.004065058643283992,0.002712054764666627,0.0033266148621202696,0.002712054764666405
2023-10-11,0.003550209602404486,0.0035502096024073726,0.003607358909445635,0.004412907721684789,0.006288465774255236,0.004382153436522929,0.004344645901628974,0.004382153436523151
2023-10-12,-0.006949160632759299,-0.006949160632746865,-0.005699696210717309,-0.0067193750351827175,-0.009842887774614062,-0.007037247661264567,-0.006779285081590536,-0.007037247661264456
2023-10-13,0.004046170151376982,0.004046170151494222,0.005589229431715026,0.004476823680310549,0.002860673817055792,-0.0013590897663412482,-0.0023427535910439667,-0.0013590897663413593
2023-10-16,0.004442911873577371,0.004442911873499211,-0.001938523049074714,-9.277554613396077e-05,0.0021107239184474658,0.004248218486655242,0.0058083652657972,0.004248218486655242
2023-10-17,0.001812230361657674,0.0018122303616208146,-0.003912690375611483,-0.002647952237496365,-0.0020960243949633695,-0.002548959902433756,-0.001900415956836432,-0.002548959902433867
2023-10-18,-0.0042938138699541994,-0.004293813869843732,-0.002726341035955815,-0.0043593445084048055,-0.008520284054412075,-0.009847804342124955,-0.010739711037550337,-0.009847804342124955
2023-10-19,-0.002392105323155813,-0.0023921053230991918,-0.0011921854715271074,-0.0028313903270982266,-0.006567462904414567,-0.0068648165141491635,-0.007270522510839927,-0.0068648165141491635
2023-10-20,-0.003999758940233522,-0.003999758940149145,0.0011161766310610055,-0.0004567145037475129,-0.0029556385632983906,-0.006078601100749426,-0.007681638958597192,-0.006078601100749315
2023-10-23,-0.002629254788832358,-0.0026292547888308038,0.001409738990663989,0.00030531756691432044,-0.0003625404627671802,0.000463889043818666,-9.196633886143779e-05,0.000463889043818666
2023-10-24,0.002813673155790619,0.0028136731557584227,0.002307907866758274,0.003051439430859393,0.005419616939895899,0.005828789978487459,0.006241611110559875,0.005828789978487237
2023-10-25,-0.005056933477477821,-0.005056933477443293,-0.004415563713339177,-0.005553797066031652,-0.00901934798119941,-0.011490958722662814,-0.012145101632540456,-0.011490958722662703
2023-10-26,-0.0007383882720308765,-0.0007383882719389501,0.0032550463268090635,0.0030021541507831984,0.002937042065327189,-0.004648654235890559,-0.006552600378804341,-0.004648654235890781
2023-10-27,-6.831355417813434e-05,-6.831355414405049e-05,0.001170140202622072,6.491857093071651e-05,-0.0018779859727287018,-0.0026344790774504023,-0.003080843219288698,-0.0026344790774500693
2023-10-30,0.002339833943820313,0.0023398339437084026,-0.0009281781797749744,0.0004127070065793603,0.0026154817324137714,0.006131863150102834,0.007594463762549353,0.006131863150102612
2023-10-31,0.0012308204418092217,0.001230820441775915,-0.001079191893927245,3.0469423236700877e-05,0.0013369760261257024,0.003492317884979501,0.004129011426376783,0.003492317884979723
2023-11-01,0.004140134158992392,0.004140134158985509,0.006568869777980879,0.006309312540422107,0.007705579607085067,0.010485421912922899,0.010616432198796044,0.010485421912922899
2023-11-02,0.011048243942694214,0.011048243942558322,0.005755825157327754,0.008453094341368095,0.014246707281518667,0.013700768606811575,0.015023412129066216,0.013700768606811353
2023-11-03,0.00937347771695829,0.009373477716904999,0.005584836143977867,0.007243419809797702,0.010876187080104405,0.007917803922595779,0.008250991934819485,0.007917803922596
2023-11-06,-0.0039457413078206605,-0.0039457413078207715,-0.0030917222998623206,-0.0037149196926791195,-0.004719450516867951,-0.0005652051840554506,5.764856853796019e-05,-0.0005472292773220921
2023-11-07,-0.001262743650563447,-0.0012627436504792922,0.0024960512870324525,0.0011606418578882227,0.00028672897657178176,0.003705281446758857,0.0034844573291332726,0.003699783864591133
2023-11-08,-0.0035761609664444194,-0.003576160966417441,0.00011729889999934073,-0.00022293517644000893,-4.8981022496619175e-05,0.0017509497863625878,0.0015185399634389807,0.0017451650106548033
2023-11-09,-0.004789043744461208,-0.004789043744522048,-0.005094737375961,-0.005565303884808359,-0.007810396440787848,-0.007494608927180901,-0.007506853402303282,-0.007494913628234623
2023-11-10,0.003185937884144119,0.003185937884109924,0.0012531989563673296,0.002030309723432433,0.004271274344665343,0.01011460636164263,0.011487334093942536,0.010148765976564
2023-11-13,0.000927898292389262,0.0009278982923717205,0.00046715834718957794,0.0001602447159849696,-0.00021211624129513496,-0.0007248616518059636,-0.0007971134095793309,-0.0007266619816765907
2023-11-14,0.018598995092683923,0.018598995092548476,0.010534733927713313,0.014336169552072953,0.02214090021202897,0.01643187357429965,0.01712972570565552,0.016449261046924457
2023-11-15,-0.0005907221594751988,-0.0005907221595015111,-0.0024745260675212988,-0.0020266848919993086,-0.0015120333958031917,-0.000863018970391316,-9.658758437769421e-05,-0.0008439100138170064
2023-11-16,0.00028807990672108374,0.00028807990676349426,0.003721885317450102,0.0025516734439079425,0.0010175286989104748,0.003206316640905982,0.0027518496313645446,0.003194977222884088
2023-11-17,0.003050163087025659,0.003050163086940616,0.0012491725886130123,0.0019588700008741355,0.003319049823643061,0.0014520803139335126,0.0014576881045078594,0.0014522201722551031
2023-11-20,0.0025498574032898347,0.0025498574032787324,0.002112329297084159,0.0025214520123941764,0.003979305410287681,0.005120561061829232,0.005727498548703691,0.005135698168068359
2023-11-21,-0.0011191607207564624,-0.0011191607207426957,0.0005752214492931174,-0.0003187251619884979,-0.0018477543471946412,-0.0010308048501689315,-0.0014295113883957544,-0.0010407545019527342
2023-11-22,0.0013808280631184555,0.0013808280631126824,0.000565884209333456,0.0009085330288436388,0.0015216409302187817,0.002955093171715939,0.0032998663500591885,0.002963693577703097
2023-11-24,0.001652518802071734,0.001652518801991576,-0.001698935434188642,-0.0007769668087843629,5.439303536936002e-05,-0.001549740131673083,-0.0010200585542576857,-0.0015365227360115696
2023-11-27,0.0011341384032597102,0.001134138403303675,0.0034406064075027665,0.0029044287473911634,0.002687878986842751,0.00132419990067989,0.0005488473144443784,0.0013048421520061027
2023-11-28,0.002676600128094231,0.002676600128109996,0.004250276020000721,0.0038601205610699907,0.0037119312342051014,0.0022579162626419347,0.0019361989121216006,0.0022498902087739747
2023-11-29,0.0016323392210491061,0.0016323392210599863,0.0028168430956854174,0.00283530451999936,0.0031607078153681467,0.0016546047998657887,0.0010753371373273257,0.0016401580244407299
2023-11-30,0.0003084656783356454,0.0003084656783276518,-0.0015541512116297174,-0.000934689076158457,-0.00045690291539168815,0.0010740434322482617,0.0017787916409011117,0.0010916097466540098
2023-12-01,0.011901596182492424,0.011901596182457341,0.006994538299530895,0.008712987084630752,0.011991991508226052,0.006768118562370029,0.006540771291737579,0.0067624478916819
2023-12-04,-0.0038184810089113563,-0.003818481008874497,-0.004965215881737817,-0.0042176671034807045,-0.003597480368236483,-0.004636263760182335,-0.004734247288947113,-0.004638707202672454
2023-12-05,-0.0032346277556719594,-0.0032346277556133396,0.002393645856871851,0.001123963735040645,0.00019898606941803898,0.0023507573470260557,0.0016812140405253473,0.002334062362126632
2023-12-06,-0.0001280535147254458,-0.00012805351472722215,0.0015348154161596295,0.0012762973804625322,0.0013290839493802498,-0.001339014074809075,-0.0020473799955108563,-0.0013794890605866028
2023-12-07,0.004178871753742541,0.004178871753697466,0.0007325030322709036,0.0013843419132841817,0.0024055342501096977,0.004570599729394109,0.005382621035888713,0.004621233676752601
2023-12-08,-0.0007729654890326065,-0.0007729654890576976,-0.003497063882780038,-0.002727814428578501,-0.0023853502347285227,0.0006126937389372422,0.0015224266533164776,0.0006694635291686346
2023-12-11,-0.0006254125565986479,-0.0006254125566382829,-0.0011247066345331236,-0.0006725123786838205,0.00040186794073027166,0.002391398660420707,0.0027641227939043667,0.0024146774785340774
2023-12-12,0.0005903587115088094,0.0005903587115063669,0.001494525557089732,0.0010938883761351104,0.001074803115183487,0.004158279002941967,0.0043619877986846856,0.004171006252644993
2023-12-13,0.017050339776894186,0.01705033977687198,0.011941423733255352,0.013979205765974445,0.01818241490482575,0.013281577384287369,0.013365869131769736,0.01328684473736641
2023-12-14,0.009934132352200864,0.00993413235221774,0.00713895816108856,0.008979113895041024,0.012843848293540683,0.004758844257992223,0.004300957139145467,0.0047302288680715066
2023-12-15,-0.004558440252096729,-0.004558440252029339,-0.002244694588931395,-0.0033867149628993287,-0.004912281076045688,-0.0015117075748980469,-0.001514206516085581,-0.0015118636780546701
2023-12-18,0.0014296728019280724,0.001429672801880555,-0.0007042964789669703,-0.00042511733515948613,-0.0003386592899491392,0.002599116735458873,0.0033663744869107948,0.002647045464786668
2023-12-19,0.007198781430505674,0.007198781430435952,0.0022994528511190993,0.0036658231393820184,0.00605589926478034,0.004435093894570752,0.004849887012509324,0.004461023603211878
2023-12-20,-0.007310922378628293,-0.0073109223785217115,-0.00034440961765280775,-0.002327598642938855,-0.005806797687552989,-0.007454143985379136,-0.00921171378433483,-0.007564056406545117
2023-12-21,0.007282528491073359,0.00728252849093769,0.0023319736915143885,0.003867470217618907,0.006666360041810426,0.005805688385089436,0.006791654216016019,0.005867244958473794
2023-12-22,0.0022456168692894796,0.0022456168692548406,-0.0001796937160979395,0.0003870421319480677,0.0008864875485128376,0.0011396860607713055,0.0014376329461269766,0.0011583048039909283
2023-12-26,0.0051320888794157415,0.005132088879392649,0.002175508691345085,0.002963876923647746,0.004386312226112965,0.002891285073539862,0.0032097826752495173,0.002911193586970784
2023-12-27,0.0033822655096718,0.0033822655096633625,0.0046286472162444525,0.004590395148031057,0.005772013289237599,0.0036340249813644476,0.0031800916656210543,0.0036056422619261674
2023-12-28,-0.0024250591322816373,-0.002425059132294405,-0.0018471715202952321,-0.0015405329874038642,-0.001071863795923722,-0.0008673839579315112,-0.0006092417079507362,-0.0008512501512933923
2023-12-29,-0.003953353622706657,-0.003953353622712541,-0.0012757697101937193,-0.0022701604408709164,-0.003899403873915297,-0.0025271275510048152,-0.0025634293848868506,-0.002529396953361296
2024-01-02,-0.0033590351523951067,-0.003359035152322054,-0.0033944799793111935,-0.0031000566496035553,-0.003917080688820018,-0.0055285887028656555,-0.005744550865285358,-0.005542089076430612
2024-01-03,-0.00878670931973291,-0.008786709319666741,-0.001431610711163378,-0.0037769396877508354,-0.006986772048250156,-0.00415877606092685,-0.004978165667682166,-0.004209987872919929
2024-01-04,-0.0015706946897106056,-0.001570694689763008,-0.002820979218773445,-0.0025167470456690655,-0.0029828019367628134,-0.0036918959673206686,-0.0035577926140207827,-0.003683520979695487
2024-01-05,-0.0008359574117797752,-0.0008359574118099733,-0.0017759720983239191,-0.0016586366767974425,-0.0017825090499424823,-0.0004263761858234183,1.7945919228434803e-06,-0.00039963280173815896
2024-01-08,0.005766910341283404,0.005766910341236331,0.002698554294335409,0.004063996137660508,0.00657395490221635,0.010337614103840709,0.011328511765331228,0.010438507427933619
2024-01-09,-0.003291157397805611,-0.003291157397747879,-0.0009489648464205969,-0.0021111842176504414,-0.004230071973242655,-0.0015184682691532503,-0.001747154481826163,-0.0015409440178778544
2024-01-10,0.0016914920605060058,0.0016914920604567119,-0.0006816618644219785,-8.791088917803336e-05,0.0004952795543033961,0.00326127468220605,0.004096962443579377,0.0033433908218238884
2024-01-11,-0.0001335793405022878,-0.00013357934045710174,0.003603520950923089,0.00219382847121663,0.0008716185126758091,0.0018576736033402153,0.001305079556594535,0.0018033339650391778
2024-01-12,0.0025569108601337653,0.0025569108601393165,0.003170556010262393,0.0030675735724814412,0.002925962942118776,0.0010884732151004162,0.00093001622308031,0.0010728990097885749
2024-01-16,-0.006099369869438043,-0.006099369869344562,-0.006401375897855055,-0.00699578970875514,-0.009633074965747057,-0.004864704751145643,-0.004498038512028679,-0.004828671502291271
2024-01-17,-0.006187460072563988,-0.006187460072503481,-0.003788162661939043,-0.005019837366089019,-0.007315460564463749,-0.004282309393670025,-0.0046046667690009535,-0.004313998819680087
2024-01-18,0.005834555021742904,0.005834555021678067,0.0012816330596598924,0.0018296204301759822,0.002400434261028872,0.0048085939804167754,0.005832384732544327,0.0049092086170703375
2024-01-19,0.005453317119202605,0.005453317119183065,0.0016358071206539204,0.002770514388523271,0.004955017061797351,0.007400623822871877,0.008617358855886215,0.007520310211280856
2024-01-22,0.004094693882442657,0.004094693882430445,0.0004745645437216339,0.0014758954478333308,0.002805149413747321,0.0020322347446446454,0.0020943375587350044,0.0020383502543264154
2024-01-23,-0.0002203055450104019,-0.00022030554501961674,-0.0007334021806850721,-0.0010760467235718663,-0.0014476964217801092,0.000889292902187977,0.001414746344936768,0.0009410392716253657
2024-01-24,-0.0032552977218833767,-0.0032552977219458823,-0.001315790147450091,-0.0019089673409612429,-0.0021349498613396634,-0.0003022018361319434,-1.5948236802287852e-05,-0.0002739983959653136
2024-01-25,0.004248419430900707,0.0042484194309067025,0.003657875505944874,0.004032788360709638,0.005076370119585727,0.005262483902851445,0.00535493870685233,0.005271595461973311
2024-01-26,-0.00011304688781610395,-0.00011304688785485073,-0.0010758386705130851,-0.0007190039110935853,-0.00047630112645014044,-0.0009564942954057853,-0.0008667769002033143,-0.0009476517789736016
2024-01-29,0.006248061612789346,0.006248061612772249,0.0034917207483193824,0.004215966042999675,0.005682002243128981,0.005992471248336573,0.006316625873956205,0.006024422405992214
2024-01-30,-0.0008801290913319493,-0.0008801290913187376,0.00026595629191117354,-0.0003453880135544374,-0.0012648991204595728,0.00026021981774815295,1.4733813336720303e-05,0.00023601581262089333
2024-01-31,-0.008031526989214721,-0.008031526989133675,0.0018016716154514167,-0.0005118784745959948,-0.0035142982936579026,-0.008289736060419495,-0.010315651294455885,-0.008489439561923273
2024-02-01,0.007865003290870698,0.007865003290806083,0.004555609917701986,0.006078684966420056,0.009214902944913117,0.010348093249331836,0.011055403807172626,0.010417687587358726
2024-02-02,-0.0025815156191996147,-0.0025815156192146027,-0.006238492171205312,-0.006226586814654933,-0.006983063387492439,0.002715865163636755,0.004622075129991243,0.002903541068320914
2024-02-05,-0.006179506191017925,-0.006179506191008488,-0.0047136627431907385,-0.005912588757497783,-0.008244051760497029,-0.005320813030238902,-0.004898154677936306,-0.005279128895596563
2024-02-06,0.003752656225652684,0.0037526562256311458,0.00459307131892861,0.005030335409505815,0.007266884657830319,0.003727112734041693,0.0035717475873364712,0.0037117841783851357
2024-02-07,0.0006947592030537297,0.0006947592030341898,-0.0008873326042380114,-0.0007019651481791067,-0.0005216079557106568,0.004147285558705249,0.005162806784845042,0.004382442324186497
2024-02-08,0.0026171946623052555,0.002617194662312583,-0.0014552005653529765,-0.000373170127428768,0.00029901047838953865,-0.0006322601015648077,-0.00030389436425182215,-0.0005600371877696464
2024-02-09,0.0029479070996167867,0.0029479070995821477,-0.00035956235278133963,0.0004559090006657218,0.0017658575486514394,0.0030951739932973954,0.003742975673428406,0.003237692259449698
2024-02-12,0.0033210852224767606,0.0033210852224621057,0.0006355740651884378,0.0012055951250391495,0.0023508191866687955,-0.0001664748158221041,-0.00023928659828442722,-0.0001825016890444342
2024-02-13,-0.01502622173470225,-0.01502622173461965,-0.008283342463756505,-0.010388812108420797,-0.014987053137674455,-0.011962730341912087,-0.012498717208232146,-0.012080701711143615
2024-02-14,0.006834152844259478,0.006834152844197305,0.0036540952725192533,0.004765585561189001,0.007270435966165278,0.007233611109545013,0.007806544396012249,0.007359661073600643
2024-02-15,0.008825717112781906,0.008825717112714404,0.0033175658910729044,0.005408812230914384,0.00864769945596744,0.005187901075455192,0.005584286672630334,0.005275147804842062
2024-02-16,-0.0029006771330770675,-0.0029006771330917225,-0.0012589976182396656,-0.0018450435962042988,-0.002921370752148267,-0.004353524567967004,-0.004545204114269619,-0.004395727302761054
2024-02-20,-0.0018438879793846175,-0.0018438879794112628,0.001428481979178553,0.0006993023057437764,-2.4322645297836232e-05,-0.0028285762875246423,-0.003498157232894261,-0.0029759780579194928
2024-02-21,-0.0006577256910765827,-0.0006577256910914597,-0.0013760025238651608,-0.0009317522459555416,-0.0007632753334090303,-0.0004918048326405522,-0.00011529565782752993,-0.00040896338851348357
2024-02-22,0.0052048705184633,0.0052048705183789234,0.0015782078324289017,0.0024803878961674464,0.004682212815134701,0.012862864631681292,0.014910379703002796,0.01331350155839428
2024-02-23,0.0023660543458245975,0.002366054345831481,0.0022117099642322557,0.002289349720185463,0.0027434267423507297,0.0016866447540759832,0.0013739160504020465,0.0016177079288708374
2024-02-26,-0.0012769542399665434,-0.0012769542399529987,-0.00149234982568347,-0.0018419708933085088,-0.0027541779267321598,-0.0029344181675184933,-0.0031185843485146414,-0.002975005237196404
2024-02-27,0.0018296547899432358,0.0018296547899212534,-0.0004184326979334019,4.4659096407384524e-05,0.0006249961429969364,0.0005261242833940472,0.0008602104642627673,0.0005997405485869134
2024-02-28,-0.0009297734068025587,-0.0009297734067404972,0.00027325763071694986,0.0003079788903221914,-0.0005513850441646317,-7.114632959037692e-05,-0.0004437868054183447,-0.00015327945180121372
2024-02-29,0.003347964666330583,0.0033479646663339135,0.002080880149138764,0.002639666376522243,0.0036261473683854017,0.0029005260421257617,0.0031017185322923524,0.0029448576894106626
2024-03-01,0.008029776828461621,0.008029776828412327,0.005827218789809185,0.006503418821040219,0.008258197329659378,0.007505948909669158,0.008044460666915665,0.007624625541299945
2024-03-04,0.0018718697530282213,0.001871869753045985,0.00035927252727563364,0.0007461239998081126,0.0004925032450850964,-0.0016417122369979387,-0.0015269113255478306,-0.0016164019964598486
2024-03-05,-0.0011917789626588737,-0.0011917789626119113,0.002427130300104219,0.0011681644145062897,-0.00048023426759868926,-0.004007215771698158,-0.005530210453277951,-0.004343021615539677
2024-03-06,0.0040196560229435185,0.004019656022859808,0.002730571347946409,0.00344479138386089,0.005229786865329711,0.00391855472900815,0.0042663494292645154,0.003995148715747243
2024-03-07,0.005205914060065098,0.005205914059978056,0.0022996060957904962,0.002872963899780423,0.004114420705180422,0.006660643414655221,0.007478098440292014,0.006840718189327077
2024-03-08,0.0003089653267733805,0.00030896532679758337,0.001101894925556346,0.0011856024849019597,0.0010044261859811776,-0.00326301822845787,-0.00396440263517106,-0.0034712168040962332
2024-03-11,-0.0011370553874888722,-0.0011370553874618938,-0.0002790629485265317,-0.00080696334884367,-0.0013338660486363896,-0.000661446664375509,-0.0007033193656654779,-0.0006743924927091749
2024-03-12,-0.000578635170985109,-0.0005786351710572735,-0.0016104868761023239,-0.0011826794119607076,-0.0003037314125189372,0.005188337571277346,0.006563692359186968,0.005613545189610214
2024-03-13,0.0011060746437507873,0.0011060746437396851,-0.000512302749847704,-0.0005109382882774183,-0.001107260971649926,-0.0015703528154843438,-0.0015566656794870903,-0.001566117273194001
2024-03-14,-0.005580069338817717,-0.0055800693388115,-0.004350586648995458,-0.0052791182282250215,-0.007370403208389442,-0.0036824943388531484,-0.0033093113346973624,-0.0035670101820975963
2024-03-15,-0.00143123188070704,-0.0014312318807055968,-0.0010330751764472401,-0.0010661608056313776,-0.001385011214176446,-0.004370413174475063,-0.005001777925565665,-0.004565844053788126
2024-03-18,0.0007765072836878328,0.0007765072836791731,-0.00018058397985953878,-6.753431293826662e-05,0.00014098986902566502,0.0032598731607089704,0.0040095138258942065,0.003491813216887074
2024-03-19,0.0028110084868611107,0.002811008486862665,0.0014965398411366237,0.0015810454267843888,0.0018266636102874934,0.00442667436069466,0.004721806468150236,0.0045180358297141066
2024-03-20,0.00866935905833599,0.008669359058282922,0.003825457706367885,0.00493131594782148,0.006643382736877035,0.0059797993881700595,0.006669195445285547,0.006193252996015586
2024-03-21,0.0032899819817810982,0.0032899819817915343,0.0009554191440264148,0.001647965995314804,0.002634639661258209,0.0023458641973610472,0.0025947105009456184,0.002422949445886502
2024-03-22,-0.0040405381344741365,-0.004040538134425287,0.0006504080762554931,-0.0007930236975560723,-0.0025041743882914247,0.0005174336406006397,5.81473329779314e-05,0.0003751359049239955
2024-03-25,-0.0009837089613681238,-0.0009837089613816685,-0.0013664544271535517,-0.0015275927258855404,-0.001954405291884398,-0.002327415130577104,-0.002392836694027012,-0.002347677851979868
2024-03-26,4.3304184510484234e-05,4.330418450515516e-05,0.0003616487070612351,0.00023851028953680853,-0.00015528541626264047,-0.0013668356760294653,-0.001728034475374618,-0.0014787030629690445
2024-03-27,0.009155050124805886,0.009155050124785014,0.0039101857061158984,0.005837974536208268,0.008858419907560533,0.006635718385613165,0.00716122705670208,0.006798433773187007
2024-03-28,0.003622083519242425,0.0036220835192608547,0.0012116662663754774,0.001709057001584302,0.002299106508711901,-0.0005646569251493982,-0.0004540308841325391,-0.0005303909909885052
2024-04-01,-0.0012740823666638201,-0.001274082366677698,-0.0027865345592953394,-0.0034008143996291373,-0.004951793979944941,-0.0034874954767278865,-0.0029398521866268457,-0.0033178523940828875
2024-04-02,-0.0020065279846326334,-0.002006527984585782,0.0009306072206702876,-0.0005871268357632298,-0.002915963240987529,-0.004403825859698451,-0.004942300767360686,-0.004570692120326569
2024-04-03,0.0035161535701750957,0.0035161535701351276,0.0015277466852241517,0.0019104262423150775,0.0024173243371439224,0.0008204534478750691,0.0008408630905456516,0.00082677576543011
2024-04-04,-0.005048976607946121,-0.005048976607861966,1.6274314553532676e-05,-0.0012097489239553116,-0.0030308324163619282,-0.0066294164523703625,-0.008060517351565766,-0.007072736398684554
2024-04-05,0.00604802882123856,0.006048028821185714,0.00011084229749447339,0.0011106302045693628,0.0020055783733696764,0.004402239898628979,0.005961376892062331,0.004884741806450377
2024-04-08,0.0030952936437766976,0.0030952936437413925,0.0006383628575994393,0.0017111623506613771,0.0031108199626084243,-8.89234173001574e-05,3.3807476271130454e-05,-5.090152654452229e-05
2024-04-09,0.0027927187895882,0.0027927187896048533,0.003120891134569037,0.0034600174008596607,0.004771383330077983,0.0021890542597027274,0.0019505479050263563,0.0021076015055658814
2024-04-10,-0.012228864661526284,-0.012228864661486427,-0.00897820008936867,-0.01125657384936618,-0.01575763917491757,-0.01048373316220097,-0.010282978500816164,-0.010410631507867585
2024-04-11,0.006780774346363261,0.0067807743463370596,0.0025001380634981363,0.003119352566256506,0.003615302375011842,0.004328181224998673,0.005049725901655533,0.004590954269514391
2024-04-12,-0.008802077498271,-0.008802077498122562,-0.0018783882979914734,-0.003987864195873714,-0.007572864383086908,-0.007304791054099979,-0.008890035645292893,-0.00788237106178069
2024-04-15,-0.0010038918878682024,-0.0010038918878677583,-0.0024287486254712665,-0.0029407384553366,-0.005367886730123117,-0.010242397190493024,-0.010853238056818704,-0.01046472952712929
2024-04-16,-0.001961627439303726,-0.0019616274392475486,-0.002329000300525852,-0.0031722367339362956,-0.00514837890058828,-0.0020949364284417182,-0.0020191136827065748,-0.0020673494897186506
2024-04-17,-0.003980565849704076,-0.0039805658496900875,0.001384544199521276,0.0002464402302704283,-0.000581169961600625,-0.001651608141171046,-0.0027411128289661635,-0.0020480268088544085
2024-04-18,0.0004497056419092704,0.0004497056419066059,-0.0007763218246824577,-0.0005504151055242268,-0.0005197660321707431,-0.002444221578104644,-0.002404144230419236,-0.00242964947482438
2024-04-19,0.0009630596496361665,0.0009630596496428279,0.0007582281876092889,0.0010474859924514135,0.001179859489773838,-0.004452909975483421,-0.005424070252007418,-0.00480603238737165
2024-04-22,-0.0019267842020035397,-0.0019267842020918025,-0.001497190076860222,-0.0006214473665110409,0.00161605694292688,0.00530806132504269,0.006142066287577075,0.005611124533300149
2024-04-23,0.006192674618293648,0.006192674618236582,0.0022266399757275845,0.0034354744245634894,0.005742570503156408,0.00823365042641222,0.00931977979794718,0.008628539736953211
2024-04-24,-0.0012395924154691151,-0.0012395924154615656,-0.0014216098240601438,-0.0013323858600385874,-0.0014291530364269889,-0.001460637689850941,-0.0012792347863935793,-0.0013946389588583852
2024-04-25,-0.0015180695583866255,-0.001518069558364643,-0.0006506460804417413,-0.0012258740633256382,-0.0022680527783689453,-0.0036060934205391915,-0.003737370730695466,-0.0036538607769989184
2024-04-26,0.004985365406688258,0.004985365406652287,0.0029672546451551263,0.0033870289021096234,0.004872419567010899,0.006883975421843491,0.00766164260309754,0.00716691839104544
2024-04-29,0.002250561380424454,0.0022505613804015834,0.0023277549916778106,0.0028609892660504954,0.004560021581474283,0.0032799447924998226,0.0033320578352056263,0.0032989146837363315
2024-04-30,-0.012604739447058866,-0.012604739446993252,-0.006253900228354037,-0.007967395943301203,-0.011095335444599508,-0.01098530972850198,-0.012187677093800975,-0.011423003066502346
2024-05-01,0.0022483771861778745,0.002248377186199413,0.002737024415472078,0.0024018888883521328,0.0022509910900678776,-0.0004768344495824639,-0.0011663114752312742,-0.0007276280756591813
2024-05-02,0.005352397375801843,0.005352397375719686,0.004328640421987329,0.005325019455919788,0.008467788844890745,0.007146998428022355,0.007687860486905063,0.007343647777425577
2024-05-03,0.004982103545373873,0.004982103545338568,0.004106450875099199,0.004536211505317134,0.006263430336899578,0.00943662540180834,0.010174805230666939,0.0097051082492281
2024-05-06,0.006851328261161083,0.006851328261113787,0.0022763471499220866,0.003118941747668247,0.004313840265780966,0.006414424203228908,0.0073284868706404716,0.006747031920933733
2024-05-07,6.032100373865035e-05,6.032100372665994e-05,-0.0004129800182860466,0.00026487941250596947,0.000997809254311921,0.0016442281225321764,0.0015913628303232397,0.0016249804710819493
2024-05-08,-0.0013725979479924932,-0.0013725979479926043,-0.0013876101017048503,-0.0017034104521660431,-0.002413213060062258,-0.0009262676665751091,-0.0006843333917389005,-0.0008397732849757533
2024-05-09,0.007862807227960511,0.007862807227931867,0.0037762235715663728,0.0052864634834211,0.007217007746899817,0.004511642583921782,0.004819502243997187,0.004620297739323043
2024-05-10,0.000714317405824838,0.0007143174058121815,-0.0003994038746486517,-0.0003560040483626681,-0.0006424861303983009,-0.00037190134508569006,3.0236308105946463e-05,-0.00022994382695484816
2024-05-13,-0.0016668139428271944,-0.0016668139428245299,-0.0002964737545690932,-0.00024132423570277783,0.0005214291110464675,0.0003720917951275382,0.00029451833709370767,0.0003447006734909053
2024-05-14,0.005453859672792882,0.0054538596727591315,0.003032815059430316,0.003802402720008091,0.005197274256808937,0.004024436079060667,0.004204133461051196,0.004087883887816668
2024-05-15,0.007407435460823564,0.007407435460788703,0.006241877367630266,0.006839996095387324,0.008751534364584757,0.009891812732325311,0.010466139688446008,0.010094620393377607
2024-05-16,-0.0023637484170053735,-0.002363748416972067,-0.0009705030118178914,-0.0013531341688380882,-0.0016079306793432835,-0.0018126661898316687,-0.0018371174123520406,-0.0018213036377345837
2024-05-17,0.0037546951903677517,0.003754695190335555,0.0013013311837348773,0.0015741492320560102,0.0017927302428020209,-9.594250466871124e-05,0.0003003176075724312,4.403503013472587e-05
2024-05-20,0.0008305123069478615,0.0008305123069416442,-5.6159714502679314e-05,-0.00020680722635757487,-0.0007207011643961536,0.0002111617460802684,0.0004061043183702928,0.00028004219323563007
2024-05-21,0.0005031134884065924,0.0005031134884372346,0.0008168889198632012,0.0006308626828914754,0.00025423377909516987,0.0024529406529563147,0.002512357663815079,0.002473937534318793
2024-05-22,-0.0064794524523673624,-0.00647945245230741,-0.003150969917214308,-0.004045758004974864,-0.005092439765467582,-0.0022538270231704516,-0.0024182375985370985,-0.0023119289303343837
2024-05-23,-0.00971800053188343,-0.00971800053187466,-0.005095063161220215,-0.006476452080061645,-0.008714035182123325,-0.00565200859567172,-0.006099855688711631,-0.005810258741818286
2024-05-24,0.00401772614469631,0.004017726144644129,0.0015489933496499741,0.0021710502185527947,0.0034070661959793025,0.00455246277393373,0.005118425127767168,0.004752391583706661
2024-05-28,0.0011957361187688864,0.0011957361187493465,-0.0013711215661166287,-0.001328495969560084,-0.0022305777405157157,-0.0013874304151473282,-0.0008366409609577019,-0.0011927906202082728
2024-05-29,-0.006835916858458302,-0.006835916858347613,-0.004133758718001146,-0.005423056047409114,-0.008245105602696867,-0.005705498796048092,-0.006042238444467052,-0.005824539396023898
2024-05-30,0.0023394072397855403,0.002339407239744906,0.002577402234144044,0.003389551043700534,0.004562153069299857,-0.0023506761395645226,-0.003450660368853886,-0.0027394456536570244
2024-05-31,0.0038652620161860884,0.003865262016148785,0.001783080469881515,0.003103752137960214,0.004845697464264109,0.006693059059686535,0.007196848010007972,0.006870987161405218
2024-06-03,0.0022020086554033202,0.00220200865541198,0.00441007655155623,0.00377703486989045,0.003997893411297193,0.0028714416297417333,0.0024246013313513615,0.002713575569105231
2024-06-04,-0.004417697818780875,-0.004417697818741684,-7.830328915503504e-05,-0.000556866690772484,-0.0014382380173072473,0.0022250736083262446,0.0019717961557705888,0.002135617955434821
2024-06-05,0.007991167341396599,0.007991167341369287,0.004225454623354441,0.004738266838857141,0.006373605769612878,0.008310642531440315,0.009226262770121396,0.008633979708918105
2024-06-06,0.00026095835699502246,0.00026095835697059755,0.0008929950765306227,0.0008616496781297389,0.0008791102963712216,-8.072655431090592e-05,-0.00011671472674912309,-9.34426855216941e-05
2024-06-07,-0.011774708694673452,-0.011774708694641922,-0.009090031420881384,-0.009676494332284569,-0.011064936787643864,-0.003994808907969438,-0.0033222404003071526,-0.003722153676395723
2024-06-10,0.0015558451821469088,0.0015558451821264807,0.000522341434366913,0.0006961353410883664,0.0008528320027134662,0.0013625491482147645,0.0018429601960057163,0.0015541727766339442
2024-06-11,0.0005555578336302602,0.0005555578337363976,0.002278230430736272,0.001220350374834478,0.00024017281210708674,0.002979480245161925,0.0028026342626932266,0.002908920585487307
2024-06-12,0.006108565096650365,0.006108565096570873,0.0035592623426228265,0.004555783423538573,0.006918344704159196,0.006841546936979581,0.007214210214764094,0.006990219849955626
2024-06-13,-0.003080124257671346,-0.003080124257541228,0.0014674001007244364,0.00030615309764137066,-0.00041495110757272524,0.0028972977950871837,0.0026441632556519767,0.0027962880557610426
2024-06-14,-9.749937076120041e-05,-9.749937068681547e-05,0.0019642927940073385,0.0011301359249249465,0.00027258528784490643,0.0010858401301763188,0.0010147085958283064,0.0010574604084956363
2024-06-17,0.0023855932238905364,0.0023855932238558974,-0.0014407043324866642,-0.000753965676936752,0.00010121408195851167,0.0033040262978558665,0.0044656413707002685,0.0037674621690009236
2024-06-18,0.0023937205094062275,0.002393720509407782,0.0032899176727880786,0.003263733928316137,0.003921157163906397,0.002975912370409617,0.0028975428742195053,0.002944624468979695
2024-06-20,0.0013949770350896173,0.0013949770350920598,0.0003023223485416615,0.00022334726400075056,-0.0007056797206722587,-0.002441076967641509,-0.0025254362891500293,-0.0024747546402164033
2024-06-21,-0.003957117011873068,-0.003957117011836431,-0.0019928014575748554,-0.002237602741257838,-0.0023569169838579818,-0.0012139231048448051,-0.0014587382689384976,-0.001311652506803429
2024-06-24,0.0020547524444123333,0.002054752444351937,0.0007798191988630521,0.0016591810584145605,0.002703346735436263,-0.0014075234305300777,-0.0017299781945752102,-0.001536227345250274
2024-06-25,-0.001679636302965748,-0.0016796363029697448,-0.0003554491194928122,-0.0009948699084927348,-0.0018626384381029704,0.0027270049877747837,0.003085940411161392,0.002870241915585492
2024-06-26,-0.0022316290675119532,-0.0022316290674828654,-0.0033580613037453855,-0.0034030167579643944,-0.004056521370695898,-0.0011795911761868227,-0.0006030136461070423,-0.0009494524057545028
2024-06-27,0.004190444422728756,0.004190444422726536,0.002486582199288101,0.003017364048441662,0.0036091116045515736,0.0016485758424247265,0.0016238785692883617,0.001638714599597746
2024-06-28,0.0001745368823644622,0.00017453688233493025,-0.002184313964646134,-0.0013809373172964934,-0.0010056330425701754,-0.004187478408242962,-0.0041040420740361405,-0.004154164051603626
2024-07-01,-0.0009022454969720428,-0.0009022454970023519,-0.0020831760157122847,-0.0023370695075057846,-0.0033431277330376874,-0.0006866884926323147,6.530546515515212e-05,-0.00038641816026208087
2024-07-02,0.0028875706952908864,0.002887570695289998,0.002426137348709112,0.0025629223690761815,0.003540983799002806,0.005093110056769268,0.005444010472317906,0.005233287511076989
2024-07-03,0.004317016645547955,0.004317016645487559,0.005397747145062581,0.005249133213082402,0.006423788896550597,0.004989672284197111,0.004870781687573045,0.00494216799518199
2024-07-05,0.0037020194421772956,0.0037020194421619745,0.004337893475910626,0.0041064084563713354,0.003913682695328102,0.005430355833050404,0.005568813375158577,0.005485674420570019
2024-07-08,-0.0012718003619990315,-0.001271800361966835,-0.0011496606907202,-0.0009975783165919738,-0.0004901570411616207,0.0005848420553153932,0.0006798873240909664,0.0006228190746939699
2024-07-09,-0.0011521015137568869,-0.0011521015137465618,-0.0003620200402540963,-0.0006564735902857555,-0.0009021328822932384,0.0005059412409935682,0.0006554346784617415,0.0005656773965918571
2024-07-10,0.005871731755457077,0.005871731755372034,0.002169481912241533,0.0034379938528243947,0.005371883971318603,0.006100572247641267,0.006981858842699529,0.006537996633019683
2024-07-11,0.009181752983289604,0.00918175298328694,0.004994389659720877,0.00682144528333839,0.009648456361238233,-0.0031817657310462266,-0.004532127643737116,-0.003839063196710235
2024-07-12,0.0038015031505405084,0.0038015031504772256,0.002085581606752873,0.0029225788827185184,0.004489070900770553,0.004747584506584301,0.005105002565858996,0.004921439036415176
2024-07-15,0.0039014184700238985,0.00390141847008163,-0.0013242421652397418,-0.00046418504542211636,-0.0005154034657957052,0.0005565481079750079,0.0011750861227994847,0.0008574710073872005
2024-07-16,0.013610539605276806,0.013610539605267702,0.005441143438853047,0.007273140853178761,0.010263602174030328,0.004947813212095253,0.005130400193130047,0.005036671194460496
2024-07-17,-0.005165111955755086,-0.005165111955715007,-0.0017310249238726705,-0.0020302828343732315,-0.0033448917252586474,-0.008021599841858684,-0.009511212346212883,-0.008746603919699725
2024-07-18,-0.006873798828723188,-0.006873798828672784,-0.0033240729498813515,-0.0044709012416008775,-0.006750297940900873,-0.005543310063868878,-0.0060369172403969,-0.00578336656988232
2024-07-19,-0.007318355249449793,-0.0073183552494283655,-0.004357576047562706,-0.004736594296521401,-0.005825076600825985,-0.005033785472745134,-0.005442194621218421,-0.005232356876960997
2024-07-22,0.0054352329138063205,0.005435232913729271,0.0008874791480639743,0.0023497441596529445,0.0047063855566076285,0.006021326367281032,0.007106691298660817,0.006548927124260251
2024-07-23,0.0019022172940974524,0.0019022172941363102,-0.00017226907316181261,-7.214365756325058e-05,-0.0005659571883177561,-0.0009426982851277188,-0.0011235319033920943,-0.0010306510280513326
2024-07-24,-0.01051744819246625,-0.010517448192401413,-0.004088045643358407,-0.005973458272401255,-0.009632526081597259,-0.0148495137998097,-0.016854724756968253,-0.015824705292351804
2024-07-25,-0.0015635043571916585,-0.0015635043571318175,-0.0005331821483935961,-0.0008187947612841029,-0.0007584743820078232,-0.0020956938463350117,-0.002827252944793024,-0.0024510996278441777
2024-07-26,0.009488919650008087,0.009488919649935923,0.004783270831130393,0.006457005134962834,0.00951939680914382,0.008264605133353697,0.008994728406058528,0.008619179609987482
2024-07-29,-0.0013436956642048914,-0.0013436956641658115,0.0004848503101224644,0.0002011031814497244,-0.00011452894845209727,0.0009405734920013842,0.0008907338178523183,0.0009163605173216904
2024-07-30,0.002505507673630669,0.002505507673619789,0.0014248699525405417,0.0019467751721600202,0.002349318888032581,-0.0026010449424923587,-0.0032531553268034807,-0.002917843321099123
2024-07-31,0.009815019694249694,0.009815019694186633,0.007085838932804567,0.007313997950999074,0.008990768160970886,0.011556053548114953,0.01259584218412435,0.012061018023113323
2024-08-01,-0.010215116245273936,-0.010215116245086975,-0.0007543793386483033,-0.0028379622667973337,-0.005915077375141298,-0.006581010119868003,-0.008331744206865443,-0.007431688488187871
2024-08-02,-0.011086362230980695,-0.011086362230828262,0.0029141132954935145,-7.481018922472771e-05,-0.0033103583646271195,-0.006090566242702544,-0.009097158671067418,-0.0075501390600759555
2024-08-05,-0.015669785165115968,-0.01566978516493467,-0.00475448944400636,-0.008082475134553513,-0.014054678054042369,-0.017880399241154477,-0.020849525940407454,-0.019319537225355843
2024-08-06,0.0017694113731170358,0.0017694113730704064,-0.0031520737468029303,-0.0014092722691405601,0.0005151526935320838,0.0031091758921957258,0.0047718038298705245,0.003913795653749608
2024-08-07,-0.004005125784334762,-0.004005125784394381,-0.0017688267102216049,-0.0021268713808191286,-0.0026906537308716283,-0.005043784654137462,-0.005504994271158581,-0.0052671753044324365
2024-08-08,0.013318949143256598,0.013318949143131587,0.0037862959563796927,0.005913413533830791,0.00969798975009839,0.013379711277295092,0.015864671470708247,0.014089857657922478
2024-08-09,0.0016848818343211391,0.0016848818343146998,0.002583645944383317,0.0026045669262075855,0.0032211477926309406,0.003988852038175228,0.004063479253786362,0.004009568455533241
2024-08-12,0.0019042879152897374,0.0019042879153059467,0.00328866056215249,0.0023567791127061533,0.0012301857899352786,0.0010027010979716255,0.0008786940059777315,0.0009682750431485587
2024-08-13,0.0074547353660041615,0.007454735365902909,0.0034084548742188137,0.004765458581347026,0.00762482403833209,0.011553635954766328,0.012826754003942398,0.011907039204968495
2024-08-14,-0.002083061982571466,-0.0020830619826062158,-0.0005493711054519457,-0.0004686359018400976,-0.00014315650593388352,0.002680340292384953,0.0028095018594629373,0.0027162266778253397
2024-08-15,0.009172677438517907,0.00917267743841954,0.0001521468864587039,0.0019889364917604624,0.004656656401006876,0.008827629104142254,0.010936075478238605,0.009413496552774125
2024-08-16,0.006237743808690466,0.006237743808651164,0.004241098182342196,0.004327244399097152,0.0049297458002284245,0.0021259412814014222,0.00212054306599474,0.0021244390334964613
2024-08-19,0.003963779882751428,0.003963779882671048,0.0016091116345093859,0.002755800231661887,0.005105076968375144,0.0063743093333139544,0.007199501885552406,0.00660394799532682
2024-08-20,-0.0013244849914023638,-0.0013244849913544021,0.0014768255356889526,0.0007288981973925246,-0.0006631886598454928,0.00011804981178031859,-0.0003334508466666941,-7.670360969824763e-06
2024-08-21,0.0034111949481503423,0.003411194948098828,0.0017214075733507084,0.0024366636935295727,0.0036960355683055557,0.0029820677470331347,0.003115334445470852,0.003019163715258566
2024-08-22,-0.00668401880235181,-0.006684018802325498,-0.0044931504721344995,-0.0046736421773505565,-0.005887864645638952,-0.006524071752228466,-0.006923607493577788,-0.006635296735001295
2024-08-23,0.01256108642579079,0.012561086425693535,0.006072849749468867,0.008393516089915787,0.012192720194382334,0.008357033685720383,0.00898352862728169,0.008531390214162604
2024-08-26,3.011696103749628e-05,3.0116961069026615e-05,-0.00046013308425973953,-0.0005602401354382058,-0.0012466599946304724,-0.0019250569381866756,-0.0020609493207077723,-0.0019628933909749957
2024-08-27,-0.0002744219604531306,-0.0002744219604835507,0.000276962326009933,0.00031770811204001603,0.00023680844031148673,0.0008240772247594119,0.0009552424998016118,0.0008605939231398629
2024-08-28,-0.003548237600171422,-0.0035482376001371163,-0.0017508607844582968,-0.0022258131366699185,-0.0032578926227238014,-0.003777464290308008,-0.004271655031476196,-0.003915061080401516
2024-08-29,0.0021624570945344423,0.002162457094508463,2.287085626173635e-05,0.0003078561870621943,0.0005129377160097981,-0.00047220866411723517,-0.00031230316028407756,-0.00042770235223676956
2024-08-30,0.0010877371573199124,0.0010877371572739492,-0.001491690111595556,-0.000489425652334452,0.0008142540601501214,0.005013302804897313,0.006133319817038574,0.005325071819215488
2024-09-03,-0.011334199972246939,-0.011334199972111048,-0.0007179879996407346,-0.002942414081258171,-0.006145421567971376,-0.010867177140798767,-0.013259377831183028,-0.011533607786895939
2024-09-04,-0.00069683214642835,-0.000696832146393267,0.002061223616822927,0.0015225448067262004,0.0014305509468877098,0.00020128419955556254,-0.00047956973004448233,1.1939829335894103e-05
2024-09-05,0.00068762667685629,0.000687626676861619,0.002293854763018688,0.0016505031649538537,0.0012067996250717528,-0.0005684702481065784,-0.0010496441645124754,-0.0007022181615736756
2024-09-06,-0.009147483448785021,-0.009147483448647908,-0.0020868049372403386,-0.0038152072892571054,-0.0068320840439333175,-0.009672709159714743,-0.01143719494419737,-0.010162998086667985
2024-09-09,0.0035521571236596383,0.003552157123598798,0.0023666911911708333,0.0032274501735674033,0.004796336782442623,0.007281569729326032,0.008274511079997993,0.007607565940985328
2024-09-10,0.001504315763431352,0.0015043157634782034,0.002129471868156152,0.0023636100384114567,0.0027584206978077397,0.003805540762936266,0.0038847919810978127,0.003831208207994985
2024-09-11,0.0024368918777450954,0.0024368918777066817,0.0005992064155000421,0.000919017289584767,0.001761928450435768,0.005954508415282778,0.007027267609480026,0.0063019662602781246
2024-09-12,0.008684760086483445,0.008684760086421273,0.0025530717020203486,0.0037484950884820734,0.00518841503408618,0.004783198218660578,0.0057428270237853685,0.0050942380881424665
2024-09-13,0.009411871896760848,0.009411871896773949,0.003711622224966682,0.004942115228747879,0.006653960808944204,0.004061513688242702,0.004377250505045005,0.004163917983248
2024-09-16,0.0018230927459514934,0.0018230927459161883,0.0019773378513339157,0.002381332432901173,0.003339048993804994,0.001957033863213775,0.00184414042388803,0.0019204108642110196
2024-09-17,0.00038188945704442645,0.00038188945707817723,-0.0007658752852951478,-0.0010506267253137525,-0.0013501034261760303,-0.00023636297362950032,-5.9562799873180694e-05,-0.00017901278813658994
2024-09-18,-0.0027921569497784127,-0.0027921569497779686,-0.0028691968243322874,-0.0029029151789516927,-0.003449202245141003,-0.0031671140707738576,-0.003187008010236081,-0.003173568009146699
2024-09-19,0.011055232810902371,0.011055232810735172,0.0032122827646485774,0.0048637042204233705,0.00823656945449125,0.010611320901648513,0.012337327903250817,0.011171259904617425
2024-09-20,0.0012198385735240347,0.0012198385736343909,0.002649021686262909,0.0014580834125779152,-0.0007050669970238843,-0.0012532083214661371,-0.0014332403234247337,-0.0013116803836786817
2024-09-23,0.0010582625623221098,0.0010582625622943542,0.000523821604559771,0.001190872748912053,0.0022313842290626607,0.001249225536678944,0.001557029518722386,0.0013491841145443217
2024-09-24,0.0045451733209787015,0.004545173320954055,0.004919542340073857,0.00474743605942729,0.006159049849867149,0.002224945881609486,0.0023901553157661404,0.0022786083707488913
2024-09-25,-0.004071712141480832,-0.004071712141462069,-0.003126573592435511,-0.0037103491811657507,-0.0053597266837395185,-0.002683583172851667,-0.002518022111889895,-0.002629800485090872
2024-09-26,0.003735354825238568,0.0037353548250669277,0.002386916961709229,0.0030401903266288333,0.005589486856603987,0.0024396227544358773,0.0028303123754418458,0.0025665529196203796
2024-09-27,-0.0003328261280718392,-0.0003328261280072242,0.0009675966439954831,0.0005463614155205576,0.00046432304068200203,0.00033479103575428937,-7.983256258958793e-05,0.00020004958203356793
2024-09-30,-0.00035155790172924917,-0.00035155790171026435,-0.002244613168609244,-0.001513638397633743,-0.0011391590294610454,0.001800885107414274,0.0024510296028112943,0.002012105360241989
2024-10-01,-0.0020231424129909525,-0.0020231424129197872,0.003047857497633588,0.0013521462791490357,-0.00027426005323505365,-0.00460987440196492,-0.005815208472985001,-0.005001637295875105
2024-10-02,-0.001068822933520508,-0.001068822933515623,0.00044936237359194386,-0.0001170147526268206,7.160166440178806e-05,-0.0006178035211118482,-0.0004173506354686607,-0.0005527047293724108
2024-10-03,-0.0029067456168079264,-0.0029067456167675143,-0.003688160331455581,-0.004150717949826688,-0.005937903709813619,-0.0028653660609213594,-0.0026186013289889454,-0.0027852162472461472
2024-10-04,0.003633987967904817,0.0036339879678168874,-0.0026640093010870114,-0.0013750876167945014,0.0006280266044083049,0.0031122757745547514,0.004663540240740671,0.003616214609884816
2024-10-07,-0.00495450135901121,-0.004954501358981012,-0.001849645159374247,-0.0027496486390810038,-0.0038681616041659206,-0.0066890760423506945,-0.0072790282923987926,-0.006880926048656422
2024-10-08,-0.0009723645723327401,-0.0009193263290900866,-0.0010361121627606718,-0.0009816955984064402,-0.002053814892497674,0.0062588676383832365,0.0070585938727114605,0.006226817301153709
2024-10-09,-0.00029785857361364076,-0.0005948683515033526,-0.0018538410119123272,-0.001335401191766672,-0.001186169677760196,0.0030375194080869417,0.003988662500934659,0.0030375194080869417
2024-10-10,0.0014908427948900904,0.0017009297059242812,0.0011322271549294438,0.0003727072945158838,-0.000995752660955862,-0.001174542223869257,-0.001300992284351321,-0.001174542223869257
2024-10-11,0.004350680483623526,0.003979401473785504,0.0018796836217607193,0.0034149147913968836,0.005144897754481903,0.0036457786019399308,0.004224207180657524,0.0036457786019399308
2024-10-14,0.0011221742710298965,0.0008571919117923432,-0.0005427045669715858,0.0003074500663993174,0.0012918734307456603,0.004686475548398628,0.005566732097647131,0.004686475548398628
2024-10-15,-0.0031659596269479895,-0.0017504539391909324,0.00039358475640338675,0.00028980744620343835,-0.0003980461647963285,-0.0030819747336681136,-0.004225781072730306,-0.0030819747336681136
2024-10-16,0.0029269316790250244,0.002843441498886712,0.0020755867080466395,0.003073585491272457,0.0049382571873710646,0.0030748371903739358,0.0033584380445510487,0.0030748371903739358
2024-10-17,0.00036580192534541034,-1.3803073389828668e-05,-0.002133996593547627,-0.0019352993802338458,-0.0029981003851511367,-0.0018255435278285992,-0.001328530325969579,-0.0018255435278285992
2024-10-18,0.004459033266329238,0.004032504507882173,0.0022825820619272186,0.002718977234464237,0.0035698110148012496,0.0025472351774400437,0.0028751395170536487,0.0025472351774400437
2024-10-21,-0.003547747913161148,-0.0031659323314392473,-0.004627704803524035,-0.005801652870915164,-0.008529960749272703,-0.0035973481142033137,-0.003079486679861132,-0.0035973481142034247
2024-10-22,0.0016031652487087378,0.002047781190299025,0.0011933711458589347,0.000942795177139244,0.0001578915251227997,-0.0002595524615771616,-0.0003682611376876199,-0.0002595524615771616
2024-10-23,-0.006428568545036484,-0.005792895252516139,-0.00342979264831178,-0.0037415900873145613,-0.004246611024247948,-0.0065083794718667765,-0.007168044735742285,-0.006508379471866554
2024-10-24,0.0027170741734183768,0.0024957036764485796,0.0015947523362194183,0.002012317845645928,0.002472695334315933,0.002015203089316131,0.002076622697809949,0.002015203089315909
2024-10-25,-0.0006035382458524641,-0.00045663025857090034,-0.0011159370565108073,-0.0015606852217068257,-0.0024411002733313314,-0.001044068156523137,-0.0008803429434226517,-0.0010440681565229148
2024-10-28,0.0014116232293117648,0.0006683523742130326,-0.0003446438818353048,0.0008923167594530046,0.0022761680046807786,0.0014106189376104084,0.0018415082019413997,0.0014106189376104084
2024-10-29,0.002299571045260018,0.002666183298279723,0.0014809006393678992,0.0009709951834731001,-0.00014304702720091544,0.0012899440818041619,0.0013662492598978115,0.001289944081804384
2024-10-30,-1.1842775048065413e-05,0.00020524200959992633,-0.0002489949304509409,0.00018591100375631164,-0.00019404725020788494,-0.002206439374600744,-0.0024096087928751064,-0.002206439374600744
2024-10-31,-0.008428907593393875,-0.007957286531644181,-0.00316614298658191,-0.00509581454737662,-0.00733988320648471,-0.012014917350490317,-0.01394892356874311,-0.01201491735049054
2024-11-01,-0.0006494804472940707,-0.0011697632038173422,-0.0025241495460759378,-0.0023801786492931853,-0.0027629766324485105,0.0010833269157060066,0.0019015168170848362,0.0010833269157060066
2024-11-04,0.0007318273841394607,0.0010451658102568206,0.0024157131989033243,0.0027255547121984858,0.004144188848510311,0.00026422723281727123,-0.00034860104855372054,0.0002642272328174933
2024-11-05,0.005026516533498393,0.004415236729483851,0.0028759684509207517,0.004436602148257585,0.007557754410285167,0.008240343665912642,0.009191434440202872,0.00824034366591242
2024-11-06,-0.0036174327974437537,-0.0031121483877077916,-0.005245481511879535,-0.0034387343106447865,-0.00243730179090329,0.011647387499126971,0.014960058869301296,0.011851376206176045
2024-11-07,0.008737579083207603,0.00831433636215495,0.007260426438860046,0.007006371552727542,0.008685452855936582,0.007657165442155112,0.007689670812802474,0.007659114158496294
2024-11-08,-0.0027403544603021857,-0.0016428860792937483,-0.000816383888423422,-0.0002933535164485468,-0.00019029055364194747,0.00343938672599875,0.003686934741660597,0.003454227827093037
2024-11-11,-0.0054494628333272566,-0.00561156013905717,-0.0037023849590457347,-0.003210628638298463,-0.002413740046092072,-0.0002518815013470288,1.8491614299787074e-05,-0.00023566822132881082
2024-11-12,-0.006304962517308277,-0.005446852388279799,-0.0053426470960679096,-0.006623101884136173,-0.009552680006749581,-0.004183507248682217,-0.0038837226658680057,-0.0041655257011912195
2024-11-13,-0.00300513683124648,-0.002614192478720856,-0.0016172975658026445,-0.0021635817202366736,-0.002952716584012638,0.00014994344512153646,0.0002411588909503326,0.00015541623828840834
2024-11-14,-0.002121545390242119,-0.002348234039072472,-0.0013134714444243967,-0.002055979858178625,-0.0031469643229919964,-0.003986094918569383,-0.004586264187578237,-0.004022107282828147
2024-11-15,-0.003468218005762025,-0.0031458939169417555,-0.000697180522254981,-0.001535677258165058,-0.00279846448101273,-0.007746603466836421,-0.009050010581987622,-0.007824768388732806
2024-11-18,0.006251204208089778,0.005830045609688472,0.0032720269776493893,0.003937754422471462,0.004708210296673787,0.0028884284957679807,0.003203730841062624,0.0029073137296697915
2024-11-19,0.00302821367867967,0.003296604384433799,0.0022986268564249013,0.0025068782116550725,0.0028084749909065287,0.00291438144139633,0.003098057104288676,0.0029253860632336703
2024-11-20,0.000725194561685294,0.0008282331608602256,-0.00016052142909794842,2.7118085790922564e-05,-0.00022674654090260038,-0.0002094529214402563,-6.378362532699633e-05,-0.000200723885256604
2024-11-21,0.002608215461925578,0.0022850969534351506,0.0002749869486708967,0.0017826488686174535,0.003014809691838316,0.0028473059642446508,0.0034020545143869096,0.002880553076378911
2024-11-22,0.003995626276654285,0.0036529401168978737,0.0016990552392917024,0.0031784754518877634,0.0044844419010472425,0.0022023686906960105,0.002493262541743535,0.00221981156573281
2024-11-25,-0.0032980637393067447,-0.003034681070080869,0.002201244253087209,0.002487068737796694,0.005337696944429204,0.005566194924773615,0.004971690026288611,0.0055305368866698235
2024-11-26,0.00014875668811464848,0.0005551903874747577,-0.0008433963195810801,-0.0010872804584619589,-0.0015896252321668802,0.0027114386999340656,0.003442475249086252,0.002755261453405433
2024-11-27,0.0011991690963462087,0.0009840497144317784,0.0019335871096657353,0.002068928476857357,0.0026458938600366633,-0.0008738148415400326,-0.001458823029057088,-0.0009089078051883748
2024-11-29,0.005410735369613562,0.0047254485403602775,0.003610526095508604,0.0037323215314071234,0.004408591836800202,0.004645982836043228,0.004802905931654999,0.004655391021306743
2024-12-02,-0.0008718717494975436,-0.0008611353083931572,-8.768682486115509e-05,-0.0007689672061822472,-0.0008830128079436728,0.001944261360167454,0.002165124779881955,0.001957504975244051
2024-12-03,0.0011498034721335593,0.0006370339791517132,-0.0003716715460765352,-0.0006287253524354108,-0.0013240001844107008,-0.0007627587737358832,-0.0005107063152495206,-0.0007476418410976571
2024-12-04,0.002775278378260193,0.003043292205222148,0.0027121312972917533,0.0025191142375675657,0.0028711019333371723,0.005175561098436976,0.005461214763125444,0.005192697337198737
2024-12-05,-0.0012307589689009024,-0.001610266994038989,-0.0006253839477068368,-0.001390999370304069,-0.0015010118983747045,-0.0009629335701341057,-0.0011406945856630157,-0.0009736002245539499
2024-12-06,0.0005410272272297068,0.000905801507786741,0.0014220762288403854,0.0009501677928429597,0.0007251423336769314,0.0022726929221557057,0.00220093538901045,0.002271027832682515
2024-12-09,0.0013364956101773462,0.00158521681275281,0.0008715996331327691,0.0008296994037277905,0.0011922546408156265,-0.0043180539586796796,-0.004540363930044866,-0.004352959085514474
2024-12-10,0.00021157974977370486,0.0006661286874214412,-0.0005495635211650862,-0.0011188644981457996,-0.0036061809554190916,-0.002139329405977719,-0.00231484317406494,-0.0021668818237812193
2024-12-11,0.004196133406064062,0.0034342886935432304,0.00040634072339784666,0.001218578288288752,0.0015141263029072594,0.0036631707381962197,0.004640158694734664,0.003816517049039403
2024-12-12,-0.006245543787234853,-0.0057079489382230175,-0.0041310106265173285,-0.0048182100060572,-0.006001566668501046,-0.004679015442495271,-0.004798534889724482,-0.004697790397073076
2024-12-13,-0.003228136798619441,-0.0033053135787682875,-0.003034837267152146,-0.00336475111552903,-0.0038784617047791237,-0.001629485616083115,-0.0012396823515559152,-0.0015682587783347746
2024-12-16,0.00033383063564751403,0.0007422037190383257,0.0003399528470344748,0.00024264305584864587,1.8229021375049115e-05,0.002799763244858644,0.0030813739226134285,0.002844010707877098
2024-12-17,-0.0020509276601634596,-0.0018900325548109054,-0.0008515056160454115,-0.0018064327327919072,-0.0028736166411456043,-0.002473097324169893,-0.0029049400946660198,-0.0025409657367988503
2024-12-18,-0.015612978161891888,-0.014399187924424295,-0.009438624538655072,-0.013144440971528448,-0.019660105641962744,-0.02078371931348577,-0.02293268949958327,-0.021121328242959647
2024-12-19,-0.0009293884555107157,-0.0009077770767632609,-0.0016910511675779505,-0.0023244359374977597,-0.003478698874912589,-0.0013396701141975553,-0.0010986068174158037,-0.0013018685088580506
2024-12-20,0.005275840703631296,0.005642405757990909,0.0037575368205442494,0.004429718302296992,0.0057969333348317775,0.00798687934134179,0.00881643190585768,0.008116989571082645
2024-12-23,0.0011257667993385123,0.00042940702956650867,-0.0011953071057636544,-0.0006840917946865366,-3.631160302441927e-06,0.003008190407589817,0.004044097530016666,0.003170778810939412
2024-12-24,0.0038009393747124864,0.0036171638936579598,0.0020784177798347514,0.0027754902281427185,0.00407867252036298,0.006758500680681401,0.007642462122450899,0.006897361582987038
2024-12-26,0.001767609048681562,0.0014898541474388516,0.0008367384221539265,0.0014241737909925778,0.0017768280227705713,0.0002650507766883692,0.00019393774684539622,0.0002538714125726038
2024-12-27,-0.004527680064579154,-0.004529091100541227,-0.002701112521983462,-0.0037718521235905467,-0.005586616632454633,-0.007079882336940346,-0.007904442678443258,-0.007209500045275874
2024-12-30,-0.003258637628255845,-0.00244803956483719,0.0008962253155910815,-0.0003972828904554859,-0.0020307012561926463,-0.005136001603947338,-0.006637187040383408,-0.00537181698605993
2024-12-31,0.0002554914162806732,5.59584622548126e-05,-0.0005022108253528446,0.00021860357070258019,0.0003646340691487726,-0.0030784968531861745,-0.003315617786018077,-0.003115697870789469
2025-01-02,0.0017452357978187116,0.001922951006617879,0.0009302006337168489,0.0006603815710499727,-0.0002773542075308333,-0.0013275381165950284,-0.00162090700522588,-0.001373554435738722
2025-01-03,0.0017005334973456687,0.0010592641626332444,-0.0006140623079350371,0.0007563007149571366,0.0029663375454447305,0.0071944766402454174,0.008617368630034816,0.007417608800642572
2025-01-06,0.002307093816898975,0.001362934035028518,-4.4961196016490845e-05,-3.474171690054373e-05,-0.0002754253204853008,0.00310184907691724,0.0037818333789332303,0.0032086084531104397
2025-01-07,-0.002312074452486712,-0.002342991046830778,-0.002124091259631089,-0.002584843143148552,-0.004611776935219303,-0.008153118731696551,-0.008928528295771954,-0.008274929694366162
2025-01-08,0.0013934847789347504,0.001516123356034793,0.0009566826107560988,0.0010759453887161374,0.0007331053107106911,0.0012559172964157206,0.0012789882268342545,0.0012599755602076268
2025-01-10,-0.004616473602037874,-0.003905650036082231,-0.003844547823219191,-0.005327454212851079,-0.009330896431871794,-0.011197838548131944,-0.012202789251888668,-0.011349921607659463
2025-01-13,-0.002301263986416946,-0.0023380529217948975,-0.0017575168849770506,-0.0010884133949463637,-0.0006570377104484493,0.0003770698226499558,0.000605187194889556,0.00041156192234681477
2025-01-14,0.002464039441452126,0.0022942503700535966,0.0016744010620561856,0.0026109498764141925,0.004132725252071978,0.0010430939792627214,0.0011001881291394788,0.0010517284740367838
2025-01-15,0.008838858858598808,0.008591220482561779,0.007039434531342481,0.007666120159747658,0.010170997237814339,0.014158021644063767,0.015188888152534386,0.014313929778017265
2025-01-16,0.0017423651437722398,0.0016406504053234627,0.0016016737239770151,0.0024918755494562905,0.0036670778597891474,-0.00011418635200310945,-0.00045749305911935156,-0.0001661528076967178
2025-01-17,0.002163722016474523,0.001822346747164083,0.0009204475255426559,0.0012019760288020098,0.002308816623909582,0.005865227482816149,0.006796661555392491,0.006006177899104959
2025-01-21,0.007995402610130764,0.006679438650024405,0.003945051850092973,0.006109298167142674,0.009448827365069468,0.006640665939243728,0.007257079403194977,0.006734018766931138
2025-01-22,0.00169707844568312,0.0016492809761239346,-0.0004621984616800523,-0.0011542516956474236,-0.002521756930450425,0.0026049578833722276,0.003377466723031519,0.002722011383143208
2025-01-23,0.002160295473638829,0.0015423935497189678,0.0002469376312050908,0.0009317620738391597,0.0016960020373064655,0.0027527035299907965,0.0034546991432653495,0.002859142126389269
2025-01-24,0.001990535058295162,0.0016489317554220229,0.0017861890559967009,0.0018813947304652245,0.0021742641086164305,-0.0010650258352618014,-0.0015566213357909309,-0.001139607225233208
2025-01-27,-0.0049288147655510706,-0.004442040500451938,0.00039764622448479336,-5.3994454279893134e-05,-0.0005253544223060569,-0.006354944425461806,-0.008259646466954762,-0.006643791697092616
2025-01-28,0.0036038908766324873,0.0037017609738385637,0.0014181889097237832,0.0010763607486650173,0.0006410845685724809,0.00481971568062467,0.00571158067184796,0.004954746627659823
2025-01-29,-0.0017505573380696138,-0.0017957344321879454,-0.0008772812484685311,-0.0015730454241305036,-0.0024704864373467084,-0.0028679756150949975,-0.0032500335068101904,-0.002925863851252264
2025-01-30,0.006289884095937115,0.005589867552998173,0.0033289075160942705,0.004657304595186096,0.00690137648129685,0.003696014202368314,0.004078774809003871,0.0037539900564351747
2025-01-31,-0.0020839008156362526,-0.0014264851203991125,-0.001003233352703914,-0.0016680184531651099,-0.003509425162309676,-0.003769189631269043,-0.004163309629539258,-0.0038289053818044705
2025-02-03,-0.0015803085649088722,-0.0005175796373541042,0.0004016337206123044,-0.0006777502062377261,-0.0023979398591942314,-0.003594461486961631,-0.004338241434997836,-0.003707118718885627
2025-02-04,0.005945701728220065,0.005150615340498543,0.0031918789165696904,0.004074901827686883,0.00586299365731624,0.0045419787909066756,0.00506692723786939,0.004621440163987023
2025-02-05,0.0041776432022369026,0.0036847249002309734,0.0034265913897375544,0.00448015840237681,0.006148936711725783,0.004507378562653042,0.00440588810213427,0.00449200915346748
2025-02-06,0.0006502160275243529,0.00016755913363941666,-0.0005886516585770218,-0.00030559242239314166,0.00039656404365229214,0.0017273903867973672,0.0021964475688214247,0.0017984169014431117
2025-02-07,-0.0032245179583529904,-0.002776061266171692,-0.002062400098287842,-0.0028599427652173937,-0.00435945848774677,-0.007063895509349161,-0.007730285679943605,-0.007164843066583937
2025-02-10,0.006351086349428048,0.00591254108466388,0.002836769819461793,0.0032791916554082423,0.003754394855165044,0.00440114810100134,0.005088999082636825,0.004514966922607888
2025-02-11,-0.0003406946975964553,-0.0008479916823000977,-0.0012203841386614345,-0.0008624131462954265,-0.0008626038919828938,-0.00011977092532400313,0.00013546613639858762,-7.796994325415252e-05
2025-02-12,-0.0011445646529639752,-0.0016539817637505339,-0.0027336501450170303,-0.003125851521182943,-0.004065049238701324,-0.004027832079292137,-0.0038467276741604994,-0.0039981657061931575
2025-02-13,0.0073161474817082794,0.00665986963549714,0.005212222929716459,0.006348682525336269,0.008584737723324354,0.008742907897574481,0.009199235357412183,0.008817669408777373
2025-02-14,-0.0023132122024297486,-0.0020029201987946665,0.0007654621350590141,-0.00021612412449223406,-4.5447506874962684e-05,0.0012819559871659614,0.0009689221858659725,0.0012306513127948726
2025-02-18,0.0045166803848655235,0.0036751037585116553,4.311123279765461e-05,0.0014201861038130037,0.0021085633564716932,0.0002645176040600994,0.0009231887187892696,0.0003724422856814513
2025-02-19,-0.0001492424772432388,0.0007134346816517478,0.0008962418735067867,0.0002644732290395524,-0.0005360379142546057,0.002009505005027279,0.002112379286878463,0.002026370457829163
2025-02-20,0.0006281975604480738,0.0004973081632282383,0.001490058875877276,0.0009433837766734676,0.0010156529416414095,-0.0020517714571834933,-0.002593250093937738,-0.0021405503637824674
2025-02-21,-0.004019679421866984,-0.0031211222483568113,0.0010231090918966235,-0.0013921760611549372,-0.003895145028917857,-0.008517830884084532,-0.01065130531170344,-0.008867469051537569
2025-02-24,-0.00031760795668223096,-0.00021188184914855412,0.00019179703559202288,0.00019285799212687138,-0.0007100182872905592,-0.0022786859752095268,-0.0028903896810926755,-0.002378752809246043
2025-02-25,-0.0018208070777546714,-0.00202126885732401,0.0017629970594488231,0.0016659468624802276,0.0028708807062096664,-0.00042302418002493347,-0.0015557547193219001,-0.0006082292492580743
2025-02-26,0.0011751389529623957,0.0012274067328519322,0.0014513862150824508,0.0010651733768261007,0.0014140209619919464,0.0009785717469181776,0.0008901764509512411,0.0009641325358982211
2025-02-27,-0.008916203480451856,-0.008136853337474603,-0.004069661730361052,-0.005146456145511458,-0.007368313260336379,-0.010035975008842346,-0.011530257133743671,-0.010280045245054437
2025-02-28,0.0028390202859394087,0.0029716841204749933,0.00239065552502149,0.002868834042058621,0.0036934985964820477,0.010905412044036167,0.012050015378049395,0.011092130944042378
2025-03-03,0.0003929763622334548,-0.00018053700080511437,0.001220251765971181,0.0006373463278841474,-0.0010095796383673417,-0.009278654633336103,-0.01124769812725046,-0.00960016858872803
2025-03-04,-0.0011863541487037166,-0.0009686705786785543,-0.0006891407424207685,-0.001861915793369362,-0.003750361434346039,-0.008263874722771458,-0.009196604347993298,-0.008415921507180624
2025-03-05,0.005776002853402407,0.0035531669299346813,1.3687174101439936e-05,0.0021298224278580857,0.005935192628916841,0.005107739269642364,0.006608299085363756,0.0053521570086791925
2025-03-06,-0.006297375188774157,-0.005625281763103951,-0.0023063713613340475,-0.004316467155336956,-0.007461328544923429,-0.01103234840462708,-0.012786007208307026,-0.011318348911440346
2025-03-07,0.002521413775390613,0.0014940137561001432,-3.865588395324249e-05,0.0009960759849938494,0.002326929730069649,0.002702817695422466,0.003362844233285145,0.0028103002373647268
2025-03-10,-0.010106865935106457,-0.007890876052137785,-0.0011022475258988251,-0.004025986743771304,-0.008274930789404222,-0.01359553750304654,-0.016753961412017238,-0.014110156931551376
2025-03-11,0.00018134418164517108,6.0526407917205205e-05,-0.001214700871249641,-0.0013508493452750736,-0.002396699472517305,-0.00635972537409446,-0.006809114193916388,-0.00643275041957192
2025-03-12,0.0027907412089775985,0.0019092379819520833,-0.00018125595863882626,0.00017519188317405288,0.00020880920448518303,-0.001420573622758825,-0.0013153686370994677,0.0020541426699616228
2025-03-13,0.00048446894649445404,0.001377165695947813,0.002212213151719933,0.00047343796290855167,-0.0021742711572528828,0.0012597563228358144,0.0009672778852192199,-0.006574338506830202
2025-03-14,0.006638336404774625,0.004949740462605989,0.0008935417216822117,0.003586559109792331,0.007935584567217768,-0.0007129809686451383,-0.0004213981481464568,0.011165312900730973
2025-03-17,0.005107616686304661,0.0042104778411884425,0.0024647681152420997,0.0039714141754163546,0.006651663682158526,0.0005476909954200693,0.00041068404387800683,0.005116824558686117
2025-03-18,0.0004781969743270498,0.0007477410200817936,0.001290117750193387,0.0007188767012660247,-0.0005721435524811413,0.000492261922862669,0.0003918410214434065,-0.005887037552235297
2025-03-19,0.0046699648126811155,0.004637100750476186,0.0034726470916044416,0.0038747546189521476,0.004658932643174296,0.0012579375112506952,0.0009661261257998266,0.007483305778496652
2025-03-20,-0.0018458837497542513,-0.001226779090021446,-0.0004980305484566516,-0.0009645321110517413,-0.0019940964228385427,0.0002725223496360396,0.0002497358688731133,-0.0012138825399152786
2025-03-21,-0.0027483346332907166,-0.002308893372575782,-0.0013734608114801539,-0.002418937400326171,-0.003857451931346789,-0.00011048797936752397,7.67510505905733e-06,-0.00017927653819926892
2025-03-24,0.0018381000916209977,0.0014335800076408223,-0.0017379028638232485,0.00038622551680433936,0.002978966577136255,-0.0016937965661124599,-0.001248004482859777,0.0087451418527289
2025-03-25,0.0027252378914417452,0.002358917527094384,0.0015790011251808345,0.0010465731041664483,0.00019723334469423648,0.0005467370042393505,0.000432606447561934,0.0019250027541535264
2025-03-26,-0.004683863157442292,-0.0038191179341273696,-0.002234604152877462,-0.002668103444859349,-0.004017149824607658,-0.0008204879370539153,-0.0005926320530624807,-0.007909796419028114
2025-03-27,0.003214161521225112,0.003120505873722923,0.0017832468960226056,0.0016920529017405705,0.001032732477638909,-5.553594855389754e-05,3.691955376528e-06,-0.0018188058452212053
2025-03-28,-0.003004838254445086,-0.0016537086210399732,0.0021396073011619166,0.00025873231154394105,-0.002735631166691066,0.0024624405252500203,0.0019141212389932605,-0.009702127725272347
2025-03-31,0.00416368903160258,0.004976021216442472,0.0030573083346934204,0.0035396658466491093,0.003825384916129826,0.0007641847091510723,0.000595867845001985,0.004339200154513501
2025-04-01,0.0010573197855663352,0.000955579960758568,0.0013856642348695214,0.001376471782313038,0.0022039044713400013,0.0013898317864879939,0.0010971578169587382,0.003461092825268075
2025-04-02,0.0017049763937149187,0.0015656805063259949,0.0003732137576093475,0.0013315996530733898,0.0026639432588719814,-0.00027359828893336324,-0.00018265054932331548,0.003262270176205062
2025-04-03,-0.012580202926465778,-0.010541477128510612,-0.0010626319952098395,-0.00704650986651878,-0.015338084387410689,0.0021323185882375917,0.0016227765847054432,-0.026412325331987008
2025-04-04,-0.026635577350787587,-0.021566306420944925,-0.00903086123292518,-0.014909363931772446,-0.024750017125487855,0.0005986252091045863,0.0005625709502046217,-0.03353223966261776
2025-04-07,-0.012205576942130536,-0.011788920922729429,-0.011912446890577133,-0.012756388913455319,-0.017274126488791897,-0.004799318531032992,-0.003580731534138848,-0.007587024107087559
2025-04-08,-0.0037301583850843922,-0.004081615950390138,-0.004421533348269446,-0.005834427134610798,-0.010214959047444405,-0.0021924518623946954,-0.001598701480043041,-0.010876284537252756
2025-04-09,0.036574228442550094,0.03125763797240211,0.013559693957951202,0.021899180945034402,0.036761802512220276,0.000933534159196947,0.0006996267394805411,0.053814116428319014
2025-04-10,-0.006095057731939524,-0.00531045381032591,-0.005638295967711371,-0.007543045128549863,-0.01344595035807461,-0.0031932447389618757,-0.002395087849310862,-0.023425455484763158
2025-04-11,0.01199712086233462,0.009491486730595522,0.003362483542478145,0.006121025997746221,0.010201697887534555,-0.00016860332660906252,-1.2653449916744108e-05,0.009822059793252125
2025-04-14,0.0033926254550800117,0.0029525987790111063,0.0037687577176226394,0.004462122751707431,0.006937800040377029,0.002318765150004287,0.0017601626079595256,0.008256745889730022
2025-04-15,0.0017372388857324061,0.001492610312379794,0.0017718811307780857,0.0017266186800495298,0.0020021260439213595,0.0010461919107738193,0.0008070237256914137,-0.0006334060915766937
2025-04-16,0.003680622736690342,0.0041047585398339415,0.003698682587538915,0.0034484042418956307,0.001111694680688835,0.0012097514725453173,0.000952572045156419,-0.011793729628167271
2025-04-17,0.0010420281784011554,0.0001614412048289715,-8.691022884954602e-05,0.0010258637834692497,0.0025604368991265503,-0.0006078400152459418,-0.0003426606871703708,-0.00011134355119790662
2025-04-21,0.001711776579558233,0.0016046268952585319,-0.0009237030549770209,-0.0015053600859624705,-0.005097347520032103,-0.002145638302285091,-0.001586261083260987,-0.016187065201866413
2025-04-22,0.004665383285481495,0.0031512074630013487,0.0018149642654738951,0.003753205223878453,0.008164857172291429,0.0007710767557123077,0.0006005828426960402,0.015355703638295859
2025-04-23,-0.0015539051861425124,-0.001579886939402031,0.00015726623922307503,0.00012080125395885766,0.0022833306333689407,0.0008807508282127063,0.0006828956135023212,0.010245279301974497
2025-04-24,0.010551737648868631,0.010150678665168833,0.006846977001902843,0.007798241110556603,0.010196270833250587,0.0023107418513608202,0.0017551355822631454,0.014676423944827821
2025-04-25,-0.0008311519339265772,-0.0007142456958574295,0.0006788024642874202,0.00011178885386087245,0.0004996533188332819,0.0015348673733304175,0.001241866252244872,0.005698719038362832
2025-04-28,0.005126716585200031,0.0047206065202858305,0.0032459910357409694,0.003919611463986783,0.004550828746861413,0.0010410258775026549,0.0008037853980698006,0.001365926513878124
2025-04-29,-0.0001824460942247974,-0.0002854724674505871,0.0007282668382415647,0.0009288329129621964,0.0022834247195719914,0.0010404951663383066,0.0007809362221609106,0.004644350776618955
2025-04-30,-0.0013206267730659915,-0.0012196801587753825,-0.0004028998925038607,-0.0008664972175449481,-0.001401669596677202,-0.00011121597515495463,-1.5802507550954914e-05,1.3732099834129485e-05
2025-05-01,-0.004961034942989606,-0.004892347408445574,-0.0038625462410184497,-0.003667613464576447,-0.0028228583888445513,-0.00105461182611577,-0.0007644786413804061,0.003064017500256977
2025-05-02,0.005327181156291605,0.0036317485424717244,-0.00025230367715911584,0.0021499149536488016,0.006233890115828977,-0.001869206458348649,-0.0013573790564400667,0.006538057256568752
2025-05-05,0.006618152474956451,0.006491349123588952,0.0031063992288982156,0.003333438945645417,0.00239432015117913,-0.0004960719259146096,-0.0003494003210430252,-0.0036836250862700703
2025-05-06,0.005357715019126186,0.0054935164264275915,0.003521533545018052,0.003346488569321515,0.0015866435559139802,0.000935643264669217,0.0007243452177372323,-0.004214107249235544
2025-05-07,-0.0035635184844945433,-0.0031832253836264757,-0.0012615890756543235,-0.0016709055029828779,-0.0017504080224119978,0.0008792868545808297,0.0007049709821940198,0.0034704002777685705
2025-05-08,-0.004746774206924154,-0.004787495094009331,-0.004391192504587638,-0.0038459711650378203,-0.0030694864125859755,-0.0020896801594341152,-0.0015450876291543958,0.0018232215666871276
2025-05-09,0.002769895008562173,0.0022155100030241126,0.001496368036542517,0.0020511506821032643,0.0027690650333815903,0.0004940157664763412,0.0004385344567876537,-0.00046573774524161227
2025-05-12,-0.000381147504482926,-0.000749870906358252,-0.0024794044385654246,-0.0009242632052157695,0.003843298925796379,-0.0013239183052131676,-0.0009702963594879765,0.01857291217511281
2025-05-13,0.003090936826762425,0.0030532388116655262,0.0015119803691563405,0.0012519015970378078,0.0006294211185524645,-0.00011096612592820243,-6.04805894131033e-05,0.0038302142986410548
2025-05-14,-0.005229703722833268,-0.0051146488422109115,-0.0033658696591062354,-0.00444742823617672,-0.004853505214847287,-0.0013799590060034062,-0.0010345507275006938,-0.0005931422296000521
2025-05-15,0.006789365162431116,0.006342747189109765,0.004882600102106283,0.005943824437463663,0.007328197694242533,0.002264838453466256,0.0017427972471451003,0.00510382323444758
2025-05-16,-0.000759558632005719,-0.0008730269539477531,-0.000124458678383621,0.00041183221901386347,0.0018072900431760353,0.0004937536734923587,0.00046101168781076396,0.004206044706004608
2025-05-19,0.00440110083991363,0.003746327744754696,0.001751325283477101,0.001973942825779451,0.0018941695023713123,-0.00011035676082404855,-8.275130260404495e-05,0.0005202584249694997
2025-05-20,0.0037117242250710447,0.0032015338272017857,0.0007124159479789949,0.0011220462624457195,0.0003581879918355124,-0.0006076794299256782,-0.0004102748007943635,-0.0028677638867039557
2025-05-21,-0.003636765985588153,-0.0038104277799788644,-0.004150529228031941,-0.005610059679594492,-0.009171299155024348,-0.002427887899056125,-0.0017974658359442008,-0.01264417686651298
2025-05-22,-0.0015493446979427672,-0.001184657736800654,0.0008056808248364522,-3.987119136950046e-05,-0.0004595290079415504,0.0012152112172061358,0.000955913545726661,0.0013714944275284857
2025-05-23,0.004846727104216075,0.004691484879726593,0.003226648321669412,0.003378063169180434,0.002826425880992689,0.0008803023682146804,0.0007733196105828011,-0.0035141035762503714
2025-05-27,0.002526981476103529,0.0016425617356272681,0.001814016098600657,0.0033646267819043008,0.006882036696588489,0.0018762248553141347,0.0014062015046176768,0.014320185778132544
2025-05-28,-0.00396481681229377,-0.003324443457932702,-0.0025734703333479825,-0.003261186870697097,-0.004442811025911597,-0.0008269543031504956,-0.000597482798816662,-0.004342460166650186
2025-05-29,0.0036034421731252486,0.0035613331883546095,0.0031801074542929797,0.0035887209139764398,0.0046141753618524906,0.0015965383908671527,0.0012649192722475888,0.0037496259474676386
2025-05-30,-0.00125437415378582,-0.0012404967653003585,0.00017318898698315266,-0.00030828459892473514,-0.0010842604093436181,0.000879364971648533,0.0007047753846658456,0.00012272621064179923
2025-06-02,0.008430344778507237,0.007300345851809942,0.0021928957445682684,0.0033069709006656733,0.0036267139278209903,-0.0007902297222328603,-0.0005541324851285889,0.002678363666026584
2025-06-03,-0.002004349223592161,-0.0012853692545919948,-0.0009097920346107236,-0.0007949630196758539,-9.60215327462377e-05,-0.000332609090516911,-0.000203944987763216,0.003034211215943605
2025-06-04,0.003188594629956798,0.0032360682338026248,0.004187341694438906,0.0038256399057754464,0.0046488241017941245,0.0025399505400054423,0.0019270886657589692,0.0020208203586917772
2025-06-05,-0.0023412638044671974,-0.002655757065715525,-0.0020257529912878214,-0.0017724406712604779,-0.0015219009962073038,-0.000607855935874646,-0.00038791980351926547,-0.0036045390251033815
2025-06-06,-0.0013812345398266368,-0.0020323519722758032,-0.003400226201958678,-0.002288869521424486,-0.000702401377933759,-0.0020954366977995464,-0.0015490155501728387,0.004141935937809427
2025-06-09,0.0017314512714905472,0.0019444335087748232,0.001806538963932347,0.0020612889142619384,0.0027610523254413266,0.0007714170805768195,0.0006464833154908867,0.0012458606546119633
2025-06-10,0.0019644110875551846,0.0019331412113579027,0.0015492412201072447,0.002029146851753927,0.003407128111091895,0.0008273440233654838,0.0006430128783632139,0.004244059543731193
2025-06-11,0.0012432759166356444,0.0015817083595921488,0.0022718376208537006,0.0014169768933991467,0.0006971911904121164,-0.0009864195901742034,-0.0016793057359483221,-0.00047356535064357885
2025-06-12,0.0052918423128467396,0.00487300378688893,0.0035413403694657397,0.0038536728297755563,0.004428187542916184,0.0037538245339077125,0.003760450743667265,0.0037547987198234267
2025-06-13,-0.001550567287915805,-0.0008543666481932721,-0.0017462981444482661,-0.002665248166560996,-0.0060711455042691265,-0.008096341582088828,-0.008854945605199394,-0.00820787223730235
2025-06-16,-0.000897727853971797,-0.0013481853047058179,-0.0013603005228153275,-0.0010208584567389378,0.0003779431223849272,0.00498693137048023,0.006149935727800759,0.005157805775483526
2025-06-17,-0.002666260525618247,-0.0013821389902467507,0.0010310439813863148,-0.0003071332707014207,-0.002292501175574002,-0.0038379190094188775,-0.005007431276848218,-0.0040099191925407895
2025-06-18,-0.0009101582246024975,-0.0011314692912226532,-0.0003636065612323547,-0.00011493030021414441,0.0003070339231372454,0.00010213988973850618,2.68489182395637e-05,9.107793562757038e-05
2025-06-20,-0.0015724017644513921,-0.0007658967987166365,0.00018162662869403157,-0.00042234876613123085,-0.0017680050631969646,-0.0013738855757059465,-0.0017207887500210184,-0.0014248502593492418
2025-06-23,0.004384897825803646,0.003979188813678647,0.0025925884418367406,0.0037781102149943013,0.006064529485125814,0.007132769179542198,0.00791968056031278,0.00724834265101304
2025-06-24,0.0015242617697119876,0.0007734970269388519,0.001887092635725951,0.0020609911556017657,0.004828629557475317,0.007777479890878514,0.008577501395034659,0.007895057156643626
2025-06-25,0.00017173924282820607,0.0006295173140442589,0.00043376536020911516,-0.0010167648245980043,-0.0027963378038903253,0.00040931910259200954,0.0004320990454040885,0.00041266928370475853
2025-06-26,0.003698206774342294,0.002989774441857884,0.002461549831386245,0.003113291217410552,0.004626430912763491,0.005892399874355636,0.006397639866031257,0.005966705519705684
2025-06-27,-0.002670298311640229,-0.003370577561105148,-0.002577980573197358,-0.0022842984656405996,-0.0014165483698871384,0.0020583385624717287,0.0027853040280352293,0.002165299173155777
2025-06-30,0.004805509702018984,0.004872687479645643,0.003749418924514858,0.0038701901524866855,0.004318062338860562,0.004583102678438644,0.004687152339815759,0.004598421288618537
2025-07-01,0.0020062980762816096,0.0021120715563067716,0.0009693531633381269,0.0020422413930036853,0.0031320479427381365,-0.000573604075537526,-0.0005445318572689928,-0.0005693235684413045
2025-07-02,0.0027155135537870745,0.0024439621519394272,0.0006885282320370223,0.0016040453560544066,0.0023666396430359615,0.002242256010853705,0.0027931924006623365,0.002323376261242238
2025-07-03,0.00022991881393519265,1.0370540212134571e-05,-0.0010351574102331895,-0.0006216952128426101,0.0002199235461766147,0.004249750098128002,0.005354157431467499,0.004412440009772034
2025-07-07,-0.0038353665686946536,-0.0030129725344121283,-0.0025110474140299655,-0.0037237601190914793,-0.0065448343824349164,-0.006154255984892498,-0.006623202550072982,-0.006223401130577733
2025-07-08,-0.0015126705502042093,-0.0024050686344574412,-0.0015684823334158882,-0.0009867270919947657,-5.1118927784310486e-05,-0.0006198990382162428,-0.0006314868088433956,-0.0006216069422834147
2025-07-09,0.003648370705042092,0.0033596166655853743,0.002876825761620516,0.003263548126679394,0.004225266282973372,0.0051607518930361085,0.005353745942393351,0.005189196714208144
2025-07-10,0.0012862480775310825,0.0012375128892807563,0.0005108019123791774,0.0012708275708224193,0.0021805500328389016,0.0018289310032353345,0.0021059849856943647,0.0018697718534548269
2025-07-11,7.147643114002733e-05,0.0005888866065493215,-0.0009577314707673867,-0.001297604918103601,-0.002977131061786542,-0.003797120927276687,-0.0037469700790637717,-0.003789726389318293
2025-07-14,-0.00012844209315510113,-0.000258117454941309,-0.00012849725817698499,0.00018344315427953894,0.0006913020707335349,0.0011209772736067158,0.001332727128432909,0.001173088624910834
2025-07-15,-0.0035012080124821043,-0.0027572719038514437,-0.002002721548065023,-0.0037388896309896724,-0.005588603282464355,-0.003810840143516625,-0.0039420479070438885,-0.0038390044687044433
2025-07-16,0.0034331137908947262,0.0032530036186877442,0.002624743469610058,0.003179419166938091,0.004025649281036214,0.002744461879058857,0.002880247767504729,0.002773605903968468
2025-07-17,0.0014094935551394183,0.0013363439575240221,0.0008846787056182581,0.0012395510922795783,0.002173915266519222,0.0037104255490953975,0.004282121201184763,0.0038331428978279902
2025-07-18,0.0005021102418758527,0.0009015979865396595,0.0012466075286825529,0.0006306833262803568,-3.1544621857948485e-06,0.0003856993722619606,0.00017616982868617903,0.00034070268489760913
2025-07-21,0.005557428836761913,0.005249541714360539,0.003739749547136073,0.004042803619096924,0.00451502356623279,0.0022229154985851096,0.002113373145251396,0.0021993950335057466
2025-07-22,0.0030252841370770334,0.002743550089510771,0.0018564074828981703,0.0031972437835428025,0.00474220965482508,0.0006551532987824071,0.0004911365678079704,0.0006199393513610651
2025-07-23,0.0012296971338210394,-0.0008347846722803753,-0.0017884937092457198,-0.000324545544504673,0.0024319033970627846,0.0042849676627354505,0.005338523932918227,0.004511134220723134
2025-07-24,-0.0021118251811323985,-0.0015821725525986263,-0.001062940658912992,-0.0021421730737155587,-0.003581925400438557,-7.494720664680266e-05,0.00011615121701824549,-3.3890384916523963e-05
2025-07-25,-0.0013703887718882202,-0.0010936220882157288,0.0002554718088261243,2.270782398361426e-05,0.0004012819770591314,0.003379261615887863,0.0035295426480996817,0.0034115538097629905
2025-07-28,-0.004140851637419285,-0.0029241418948855458,-0.0021228304471084813,-0.0033102746964668306,-0.005193801254232744,-0.0007940961250142431,-0.0006546127173274741,-0.0007641205863948564
2025-07-29,0.0012280891063554122,0.0015781293710304123,0.0030547574711938807,0.00304161139414183,0.0036240673968805925,0.000489888479187961,-0.0002859267557255851,0.00032314443036707274
2025-07-30,-0.006200835882144484,-0.005725401055749257,-0.003917955790453509,-0.005095289529928104,-0.006400980198843831,-0.001761676271706425,-0.0016248097104268888,-0.001732277791231529
2025-07-31,-0.0009058360913609675,-0.00011470053337969688,-2.7864944318278795e-05,-0.0012273473497910192,-0.0031081163130679546,-0.00220959972558632,-0.002597372765861472,-0.0022929010469761035
2025-08-01,0.0020751642267238246,0.0030751681599896497,0.005605433265077231,0.0039223321563952585,0.0014365023794136178,-0.006466071518325567,-0.008973314896692286,-0.007004512636403448
2025-08-04,0.007079846879963103,0.006002560296024084,0.002927991170446953,0.004594403543931813,0.007150237018266781,0.009336044018781076,0.010796193049809721,0.00964899547942144
2025-08-05,-0.00045178314063698544,-0.0006368938046866779,-1.0904991667337605e-05,0.00043544510109216894,0.001074700193312239,-0.002719103774907916,-0.003241192710154883,-0.0028311294236366136
2025-08-06,0.0019381977717063403,0.001276775805531205,4.9447814284286906e-05,3.4356028589144216e-05,0.0003358198857976724,0.0041167482565107605,0.0049431940947535224,0.004294007440126091
2025-08-07,0.003281059865718472,0.0026074435642442495,0.0013405467129308235,0.0018145676198733085,0.0021926226933770554,-0.0005242213971859977,-0.000543618145162017,-0.0005283843732400983
2025-08-08,0.0019084283811514613,0.0012606663972143384,-0.000692374031428189,-0.0002875198311488303,-0.00017522133650971217,0.0037235584708112945,0.0047065253073412805,0.003934521929063184
2025-08-11,-0.0040029681840269005,-0.003605715775299889,-0.0012088164561417925,-0.0020552113842922104,-0.002538035948850159,-0.0009633839001949029,-0.0012355261684450225,-0.0010218357426403646
2025-08-12,0.003538810995973307,0.0026467230059543656,0.0009794695933253994,0.002836700309333917,0.005757148815683122,0.0064578491005213845,0.0075119433082224685,0.006703286701368105
2025-08-13,0.0033109640387714023,0.003279284523567183,0.0034194745935776094,0.004369999175528161,0.006391865607156655,0.0035613977306385713,0.0035427167739163767,0.0035570739646095806
2025-08-14,-0.0025738260006030744,-0.002721632692090581,-0.0028274762802328324,-0.003469547495955294,-0.004927306964480627,-0.0011218301215603077,-0.0008363023857235197,-0.0010557447769469208
2025-08-15,-2.669298431634548e-05,-0.0004959854728087132,-0.0007298262002473077,-0.0005618071847593997,-0.0003937196859381542,-0.0018416869706998629,-0.0019212981878834468,-0.0018601170207382944
2025-08-18,-0.00032074574598550676,-0.00026198240766672765,-0.00020928036195844157,-0.0005052095840563098,-0.0006157982344472401,-0.0006466224747671001,-0.0005734576588865004,-0.0006296858091426882
2025-08-19,-0.0026852213141581593,-0.002534367753341482,-0.0005449528515386604,-0.00015427891285824114,0.00040965726138653125,-0.0025370186261175487,-0.003271110490707718,-0.0027069605282113995
2025-08-20,0.0023890372499433266,0.002187488286464534,0.0013993422757390128,0.0015480891238404126,0.0012547729888987558,-0.00131373160835635,-0.0016447647656799846,-0.001390322269458899
2025-08-21,-0.0024260468553600756,-0.0022388704456247632,-0.0017820768300557122,-0.0019259842354159007,-0.0025984144132255027,-0.003342552935591936,-0.0034915088113830484,-0.0033770078591189856
2025-08-22,0.009921834601166912,0.00907080840062191,0.006613726290198407,0.00904928009256567,0.012999480648562267,0.011200127471752364,0.012225652143640575,0.011437313916588199
2025-08-25,-0.0034758925629893023,-0.0024633402208831257,-0.0015577139495048797,-0.0025879557981579593,-0.004140977771179943,-0.003088850768512841,-0.003375392017644363,-0.003155174548490347
2025-08-26,0.00279989852309126,0.0029024677353750583,0.0017979869151265593,0.0018298661081666001,0.0014853017154872195,0.0028913768966356557,0.0031679993876410073,0.0029553907035313465
2025-08-27,0.0008817045485347563,0.0010499279874003342,0.0007271238531576518,0.0012110788557857521,0.0012805986747270737,0.001759215002365977,0.0018931423170565065,0.001790213980773947
2025-08-28,0.0033025597148736985,0.0030317046345160747,0.001768436089578218,0.0018752969116655471,0.002218594595963408,0.002614339539998012,0.002844844055362117,0.0026676978759094805
2025-08-29,9.221377928048113e-05,0.00046032855312128085,-4.932013255831702e-05,9.44637828403927e-06,-0.0008726427685838978,-0.003963174403147196,-0.004416067292447812,-0.004068030832259373
2025-09-02,0.0022563271356033088,0.0029396350384496284,0.0007164839955429159,7.024872175076524e-05,-0.0023017381938136294,-0.0052872846784818295,-0.0058090944304168834,-0.005408054926636652
2025-09-03,0.004042705300590033,0.004171970472977904,0.003290019435134628,0.0031750578500440163,0.0034770317233794312,0.0043776979076928235,0.004561749219279321,0.00442027848374571
2025-09-04,0.001698361758962763,0.0015299675075632901,0.0018389074901496993,0.002473765392039917,0.003946049596759371,0.006466143317436668,0.006908073965985695,0.006568399106114287
2025-09-05,0.004419169919167354,0.0044011046173348944,0.0044551435509945225,0.0048925702215842914,0.0061212665728662685,0.00023495878038670703,-0.0005092671467649135,6.269851638984747e-05
2025-09-08,0.005561794969024092,0.004908333107582763,0.0036151734059011176,0.003745240570532271,0.004389880627002851,0.002845048365546665,0.0027807985033934113,0.0028301854484318323
2025-09-09,-0.0005399256576716915,-0.00035088790375270573,-0.0008096500287612107,-0.00131278973465343,-0.0016698408061177616,0.0007099202179965403,0.0011405388896352786,0.0008095303060708936
2025-09-10,0.0018852360722552142,0.0020522879180890907,0.0017691715175498501,0.0014616493715466916,0.001643619083431469,0.0024370090821754786,0.002551269693689573,0.0024634484231893516
2025-09-11,0.0037706496291427527,0.0030688466012949167,0.0025072459363149058,0.004133308994396678,0.0072538785167297615,0.005749772268903497,0.006350701946383985,0.005902470841568475
2025-09-12,-0.0004376678310622495,-0.00019439885581851168,-0.000720804854131285,-0.0014313395623571923,-0.002639732670261963,-0.0006098300795265299,-0.0005109515433345813,-0.0005850145444721289
2025-09-15,0.005052637231514723,0.004566191894997296,0.002835704221091584,0.0030983848045413875,0.003676648132202809,0.0038834145119703845,0.004216082398015963,0.00396691032084906
2025-09-16,0.0006348349339435622,0.0007934277884058538,0.0008400073465668623,0.0005031430413562354,0.0002836164901667271,-0.0007402048287189489,-0.0008847871919309691,-0.0007765023434410656
2025-09-17,-0.002506060425149781,-0.002293759462634659,-0.0014207060845400354,-0.0016720309033393388,-0.00148348603680859,-0.0013867633698058102,-0.0013282719891452022,-0.001372080654527319
2025-09-18,-0.0001699112234374578,-0.0005790862365177007,-0.0014971330262405491,-0.00020151164733339666,0.0008234929822918957,0.001818917673955589,0.0025417815117447784,0.0020003814965232625
2025-09-19,0.0025930375264489047,0.003040296938523479,0.0011770571585976164,0.0005152294682646552,-0.0006563741480752894,0.0029767315650843784,0.0034006256262746337,0.003083201130735347
2025-09-22,0.005558886504146265,0.0049861362363725625,0.0013268914957138556,0.002312701303405884,0.0027476063278588647,0.002203949754061796,0.0028748761285641855,0.002372519807723128
2025-09-23,0.00029236926895759296,0.0005685640892236776,0.0014045643799518448,0.0013055432774746745,0.0011797989236428386,-0.002383190105749833,-0.0031027688741206427,-0.0025640746670331227
2025-09-24,-0.0042173500082831605,-0.003822879975188598,-0.0025444134317589295,-0.003470120915822772,-0.0046125610635989744,-0.00281393006935049,-0.002945197016730794,-0.002846909558888444
2025-09-25,-0.0015417899688866532,-0.0011351402220567408,-0.001222002734533989,-0.0016021433768764748,-0.002708466935893661,-0.0033122526504103522,-0.00367985020455619,-0.0034045987053359372
2025-09-26,0.00344172035002277,0.0029593847394011608,0.0011584589436883785,0.0023146931433504214,0.0033526811590480765,0.0035528651540299716,0.004138663355743644,0.003699985860862176
2025-09-29,0.005820524235357061,0.005617719703616908,0.003628720244456929,0.004005909851465983,0.004589449205339102,0.002711770534644442,0.0027366291734063353,0.0027180164038209664
2025-09-30,0.00355790868656225,0.003291202090245804,0.0014708158720089237,0.002011149335336304,0.0024641392488669034,0.0020723953416157403,0.002478824260118362,0.00217451472953889
2025-10-01,0.0027363332531273876,0.0023612362211595794,0.002247052071292943,0.0023378494013566176,0.0030792638428127628,0.0031610658302205774,0.003265629776589396,0.003187346559972548
2025-10-02,-0.00017780924583510327,-0.0002812242103007456,0.00023171748854688978,8.423931983436717e-05,0.0004170589402034963,0.001094674037717791,0.0010976308635424203,0.0010954172537784856
2025-10-03,0.0031058554542817696,0.002172900030589231,0.0004475605912659386,0.0015069475656863673,0.0022919292000878055,-0.0004268967221645603,-0.0002988193382339466,-0.0003947036256315428
2025-10-06,0.005501884996238271,0.005243736132323429,0.0015072442099064443,0.0017832750736190839,0.0010874872998267726,0.0011709022408430414,0.001736088496481436,0.001312979166846917
2025-10-07,-0.0003546475539359939,0.0005353618800620907,0.0011209173103519099,3.395642476911043e-05,-0.0015811664593562424,-0.0014266423127240468,-0.0019661934204667775,-0.0015623323691072999
2025-10-08,0.006150153643132761,0.0058683183175634035,0.0026860836986231096,0.003491416322682017,0.0038261871462392794,0.003521011930490703,0.004096339966716878,0.003665640892019928
2025-10-09,-0.006956970965517173,-0.006404802040193891,-0.0036004650991730003,-0.004831326383636703,-0.005977591448960817,-0.0019050766728335722,-0.002105560240101445,-0.001955496904656795
2025-10-10,-0.002731939484319934,-0.0006226463757740275,-0.000975490540072621,-0.0036032167965860395,-0.008379319254842033,-0.014575077669709446,-0.01765315834563086,-0.014599615052451442
2025-10-13,0.008920817362050748,0.007643953839230111,0.005327377675081069,0.006778779883374053,0.009876811965920274,0.009634841346109146,0.01100159115785515,0.009634841346109146
2025-10-14,0.0017102817851599728,0.0017265383776108312,0.0007912862067525062,0.0019052102054120112,0.002968492532566591,-0.0002446396489429459,-0.0005345940668300964,-0.0002446396489431679
2025-10-15,0.004366839997567817,0.003683303183045883,0.002038053885823121,0.0035282458820933282,0.005723937578085092,0.002348782182615139,0.0028590236949428416,0.002348782182615139
2025-10-16,0.004611969700762719,0.0048901693432015225,0.0031873055029187913,0.002885493538526962,0.0022658416637530987,-0.002426359425769631,-0.003466725276680571,-0.00242635942576952
2025-10-17,-0.0033658287857262215,-0.0035311220135157972,-0.001888695822177211,-0.0017573417989655837,-0.0015802617110214356,0.0027525022117418363,0.0034459558088197895,0.0027525022117416142
2025-10-20,0.010224083465577793,0.009035153083092107,0.00495326366603055,0.006576774629500459,0.009275364656370133,0.006789300765772444,0.007710432129055533,0.006789300765772444
2025-10-21,-0.013009220750280548,-0.011776249283207085,-0.004627559159079642,-0.005390609185497497,-0.006947856361459226,0.0004055939406024667,0.00027221724431192307,0.00040559394060224463
2025-10-22,-0.0009071263820381592,-0.000573203161414404,-0.00018089504366003428,-0.00020999891649142732,-0.0006361940347187067,-0.0030199701870113893,-0.0035272778648997027,-0.0030199701870111673
2025-10-23,0.0014323607562711782,0.0007856465934372725,0.00011604571589729495,0.000696782881768998,0.0018342313927062204,0.0025616503133572,0.0033303856714290703,0.0025616503133572
2025-10-24,0.0013393081034227539,0.0009300325322216807,0.0011867059061616558,0.0015213746189453037,0.002505522204689248,0.00548513540522233,0.006181063361355266,0.00548513540522233
2025-10-27,-0.0029939388299465852,-0.0033781747041303767,-0.0005047018659442015,-0.0001222037946078114,0.0006082172844898981,0.007388409619999203,0.00853239312303522,0.007388409619999425
2025-10-28,-0.0007465423328238963,-0.0007397564177077376,-2.0974649556193548e-05,-0.0012194601068489241,-0.002505367575872941,0.0018276895171185359,0.0020420384896411292,0.0018276895171185359
2025-10-29,-0.00275615220158254,-0.003088183399780564,-0.0032171428844930405,-0.004774875865040995,-0.0063317465067934675,-0.0017087698253179795,-0.0011768239138120196,-0.0017087698253180905
2025-10-30,0.0008011624308081888,0.0010782361895553816,-0.0011181275083481657,-0.0013518003967839531,-0.0021411128568683546,-0.007102816164751613,-0.007986074985241287,-0.007102816164751724
2025-10-31,-0.0003840494452108656,-0.00045258653828217366,-0.00020469307470871723,-0.00036020878305353943,-0.0004544522641530824,0.0016261295249480057,0.0019400511030160938,0.0016261295249482277
2025-11-03,0.0003357802096075613,3.873219911620929e-05,-0.0003527088324002392,-7.36502172163922e-05,0.0002900600007358367,0.0007227335027288895,0.00103351818511066,0.0007227335027288895
2025-11-04,-0.005808265172909222,-0.004586725077656673,-0.0024665486695991667,-0.0036310905005731975,-0.0057309550524059505,-0.006778792297422953,-0.007986103868894312,-0.006778792297422731
2025-11-05,0.001815343640366729,0.001094852447450112,-0.0003360703302428547,0.0007909013044409274,0.002496590492283568,0.0006791588412824456,0.0012625576397944371,0.0006791588412822236
2025-11-06,-0.001175852585392656,-0.0001246283031350881,0.0009194596653909759,-5.524948199397972e-05,-0.0017671391655031954,-0.004839228078952984,-0.006289987703262723,-0.004839228078952762
2025-11-07,0.0015371415276344003,0.0012991346626871625,0.00046552939103006175,0.0015803713332653846,0.0028353317130487277,0.0004152109841537577,0.000574779547631632,0.0004152109841537577
2025-11-10,0.00877987179420403,0.007251752807031053,0.0038926982306020097,0.004832118422211984,0.0069849021808443545,0.009208804144958727,0.010788822569441692,0.009191176787081368
2025-11-11,0.0028720637289831874,0.002839127499616678,0.002640895422766576,0.0031933105555026486,0.003988345128526527,0.002507650738952538,0.002455159900913939,0.002508277359886568
2025-11-12,0.002876170010699841,0.002442244275698391,0.0005612429237888961,0.0009098369391180583,0.0011903608828363055,0.00013841576204631778,0.00022763699814420946,0.00013735072033371765
2025-11-13,-0.0059761736651787745,-0.0049462345766456695,-0.003880441227651632,-0.005636290609246197,-0.008473268619694108,-0.011003113741852033,-0.012329706897114767,-0.010987276653579903
2025-11-14,-0.004331390525232348,-0.004153009918195005,-0.0022423423418588273,-0.0023184457640424982,-0.0025431951290311172,-0.0007468550641083205,-0.0006247413898975429,-0.0007483108985733011
2025-11-17,-0.004377971639638489,-0.003401076977483819,-0.0019918446407213297,-0.003853178749302022,-0.006538077045306401,-0.0054162215815143355,-0.006406168977279525,-0.005404418007767142
2025-11-18,0.00021891777147908797,0.0008439588552959787,0.00041077533343036876,-5.227314013156459e-05,-0.0007396357842474055,-0.004604109487472918,-0.005510099124675927,-0.00459331785885464
2025-11-19,0.0005679545108181472,0.000342673854232034,-0.00011095797316351685,-0.000766081520706785,-0.0011772315981168902,0.001998321564589345,0.002402976386211675,0.001993505987873734
2025-11-20,-0.002890103512953046,-0.00166261938127088,-0.0011108325628744753,-0.0025658556082162054,-0.004999587597764865,-0.008462916657237418,-0.010133403199398705,-0.008443028982512368
2025-11-21,0.002928570330086311,0.002353858502742945,0.0022570027343320476,0.0042484503758279946,0.006878212350209134,0.006888206416518994,0.007647356805111638,0.006879183896741692
2025-11-24,0.006922567810890623,0.005879962274104589,0.003894838298116099,0.004610293618077632,0.006492513922605081,0.00955497945774697,0.010875439636511608,0.009539273785132085
2025-11-25,0.002779077986601264,0.002269656145301946,0.002250563026274577,0.0038566503768404647,0.0061305414763330734,0.006479335621224935,0.007183338806013628,0.006470951061133379
2025-11-26,0.003982295349518994,0.0033953438689657833,0.0024608898239439903,0.0032685858487424557,0.00447473145868571,0.004574239160840321,0.005158629964531647,0.004567274237847974
2025-11-28,0.0031513657246982074,0.0024025561310156984,0.0006319391530520413,0.0010118450591336536,0.0019322393531893134,0.002690184314095845,0.0034028839563460256,0.0026816851724644764
2025-12-01,-0.001179982648319089,-0.0012376651300173291,-0.0021061344456189124,-0.003003750188310894,-0.0039849222006876905,-0.0043229473382576655,-0.004392197458122804,-0.004322120917308325
2025-12-02,-0.0007254371053486697,-0.0007098743640795435,-1.0484049420389496e-05,-0.00017504668020884573,-0.0003733529854695883,0.001395862391736724,0.0014707972583258844,0.0013949681927780677
2025-12-03,0.0014289210230493676,0.001282881889947296,0.0013311549998769046,0.001994818477704774,0.0028593973897359515,0.0026953011493149326,0.002896027131885859,0.002692905701584314
2025-12-04,-0.00023423148405865568,-0.0004944717650061659,-0.0007733338063864448,-0.0007267117757282504,-0.000612894861467983,-0.00023725953888797946,3.3940527831566314e-05,-0.0002404966743025927
2025-12-05,-0.00041904309250329064,-0.0006492901317944888,-0.0005572059396734552,-0.000597708543769393,-0.00047293922505975416,0.000653284035273094,0.0009603357617951058,0.0006496179562873738
2025-12-08,-0.001662671649040104,-0.0015510603487208785,-0.0014453324188008487,-0.0019939734515266316,-0.0027835841471537393,-0.0023798820231596407,-0.0025273238065477432,-0.002378121078598028
2025-12-09,0.00030738627238569016,0.00022780905116270844,-0.0004405449931244032,-0.0001889455099630677,-4.33172102750623e-05,-0.0007573330604230266,-0.0007709062036325154,-0.0007571709762601575
2025-12-10,0.0036795204294699513,0.0033117684531751568,0.0031820730025768906,0.004413972941750499,0.006168165173979334,0.0050624325160817385,0.005412237125016484,0.005078449977024668
2025-12-11,0.0027416644412143754,0.002353810106805021,0.00089419353351472,0.001703467479200027,0.0027634199202501986,0.0014732763032583307,0.0017182253139493842,0.001481352856731677
2025-12-12,-0.002044088800668198,-0.0016537935256448755,-0.002460282850139217,-0.003069202077982003,-0.0043495657976512225,-0.0077260488255864734,-0.00849431262948841,-0.007751386308182284
2025-12-15,0.00018508820887164212,0.0002276365979547723,0.00022294278696866066,0.00042135576286495,0.00048545275584510605,-0.00038348631457518767,-0.000650344619742893,-0.0003922807613226942
2025-12-16,-0.00022719399781634397,0.0001920309327989589,0.0003814764810055049,-0.0006052004273282563,-0.0018422006606247932,-0.0009168081145128903,-0.001385914439190672,-0.0009322637531167244
2025-12-17,-0.0004392253050777839,0.0001914976599370899,-0.0004757809122825085,-0.0006624030424480232,-0.0014141610836453378,-0.006678119888703926,-0.007753089052108808,-0.006713520798666162
2025-12-18,0.002136318375950852,0.001768433160375782,0.0021446893299403857,0.002194914696954875,0.0026805748568041743,0.005351788404513558,0.005897636777725923,0.005369745482604271
2025-12-19,0.0014138847667655163,0.0006360858917935364,0.00024691230013829113,0.0005539339307982782,0.001448777353444397,0.004723790917091408,0.005768920710721437,0.004758191187410832
2025-12-22,0.006083660194782681,0.005263059194286157,0.0024463802244907296,0.0032734563611975798,0.004782451378463115,0.0036638650448157506,0.004321451148780797,0.003685531153131416
2025-12-23,0.003931230348003689,0.003347846704210289,0.001713874859968767,0.0019008932782944576,0.002397122596095924,0.0027499845709606507,0.0032300194355754375,0.00276581075235538
2025-12-24,0.0008624890270811925,0.0008989444330214091,0.001515006851858347,0.0017345795811105624,0.0021272921676265266,0.0029753513745984783,0.003065464454288902,0.002978323671515959
2025-12-26,0.0028000369617733334,0.0025768967654928865,0.0013942071294894554,0.00154893181710003,0.00195610485037645,5.694732775385347e-05,6.638516126900029e-05,5.725865304406774e-05
2025-12-29,-0.009837950653897698,-0.008824788744569934,-0.0034823593350699067,-0.003932440067393239,-0.005176625983201344,-0.0015337915206901087,-0.002033685200121038,-0.001550281636228168
2025-12-30,-0.00021165145181678557,-0.00020419683906469643,-0.0001910879396402887,-0.00019912908717056865,-0.0002891017430404208,-0.0009969768107235266,-0.0010956004626306859,-0.0010002285582335624
2025-12-31,-0.0037860281628608883,-0.0034033737206232706,-0.0026361116781541405,-0.0035081886866583645,-0.004919303195064617,-0.005438898466628261,-0.005895930028155472,-0.0054539659411591
2026-01-02,0.0015397692170406874,0.0011174387967560762,0.0012051405522652825,0.0026518746036559016,0.0043804966601763695,0.0009559408546708781,0.001183186729770025,0.0009634293962295093
2026-01-05,0.008052111711576826,0.0072528929920951946,0.004328318854327939,0.005481176316292302,0.007218151019908303,0.004728884453685911,0.005201928878155071,0.004744476334295644
2026-01-06,0.0034932073255244944,0.0029230318522084353,0.0015278778929910253,0.002555583771854497,0.004223465248849534,0.0035639201735642168,0.004156028392100941,0.003583445367119076
2026-01-07,-0.002404726496233467,-0.0018945411659325728,-0.0006734737592515305,-0.0015781565488787175,-0.003039638668167255,-0.0015032210574044136,-0.0019303813739278697,-0.0015173150120405543
2026-01-08,0.00048356793232740003,0.0002343986283654953,-0.0006101374086150413,0.0005688243194854614,0.0018909855103055317,-0.0008021087532364968,-0.0006446474638541755,-0.0007969155410109119
2026-01-09,0.0035587125294080924,0.0030666408283306357,0.002215785786004343,0.00305135950708868,0.0041920851984014185,0.004893525853172376,0.005346891355639594,0.004908480525959824
2026-01-12,0.004437978717585667,0.0038968075887171327,0.0020215415320528063,0.0027635667292744692,0.00386575110496179,0.000588364362976268,0.000844327873845474,0.0006072086680086741
2026-01-13,-0.0002495964173654386,7.108397387023402e-05,0.00024916921975859374,-9.009968624418274e-05,-0.0004535666218169476,-0.0009077509814273688,-0.0011932697208358878,-0.0009255244986372535
2026-01-14,0.001665130402659587,0.0018609991192362063,0.0012357933516933262,0.0024487850871135475,0.0033549375728723074,-0.0020975795801490005,-0.0027838869213658857,-0.002140290704324199
2026-01-15,-0.00126088099169408,-0.001475018987137644,-0.0009056819801621652,0.0003898816351544099,0.0017519184586105574,0.0009892129865514132,0.0014024764157531955,0.0010149151175566917
2026-01-16,-0.0019551503884049914,-0.002031805083563154,-0.0018172468183588197,-0.0013763328372375927,-0.0010915519419038011,-0.0011458986542689509,-0.001067600709182659,-0.0011410271775141867
2026-01-20,0.0030547129696598674,0.003606847914457756,-0.0007203893326938049,-0.0024860493404917916,-0.004892698541249074,-0.013652159260654328,-0.015323732661914113,-0.013756167476402292
2026-01-21,0.0070513626476864655,0.0062211400903717795,0.004575441744635533,0.006264715495032158,0.00882093922860494,0.007971165662493451,0.008837792440794301,0.008025002986985053
2026-01-22,0.005374096099648895,0.0047189556639661845,0.0024667148224271074,0.002691673035130293,0.0033201798339610455,0.003271927537269903,0.003753394701137447,0.003301861766275449
2026-01-23,0.0038761875544164326,0.0036485268867609832,0.00223643603425816,0.0018224844386280914,0.0014211446709104791,0.0006786512252010546,0.0006117208757923098,0.00067448809585402
2026-01-26,0.004963614088825841,0.004467587863852929,0.002580506862867038,0.0027950271308618824,0.0033486528733615017,0.0035646904188837425,0.003958576210818743,0.003589188940975152
2026-01-27,0.006849819025288584,0.005892253403543046,0.0029340829861483897,0.0036157615250032027,0.0048192083142544195,0.0021321473096309607,0.0026228955037199686,0.002162681618903095
2026-01-28,0.009227221445269107,0.008735032885891503,0.0037563758142684645,0.002817732767720793,0.002469575452012318,-0.0002552041494685575,-0.00023045475120597736,-0.0002536635369392304
2026-01-29,0.0006748149881430354,0.0006622843952750479,0.00021558255808340476,0.0013118657851471927,0.0022516120722551047,-0.0011950581420558937,-0.0014163174172903137,-0.0012088315163161223
2026-01-30,-0.026314083989574466,-0.02429648664563322,-0.011168237647461665,-0.01295196645511143,-0.016081523668807995,-0.002089016771827823,-0.002369759987169817,-0.0021064893866961087
2026-02-02,-0.00867834268755674,-0.008572004452409576,-0.003785391527963644,-0.0035231891436795504,-0.003386980799420125,0.0028536829643817097,0.003499371286414865,0.002893858064995536
2026-02-03,0.012527651786459648,0.01207289000889089,0.004931473294734756,0.0054050305761101924,0.005894766574646493,-0.005087090662843408,-0.00597758439457996,-0.005142531150434393
2026-02-04,-0.0014440875494055039,-0.001202117835039318,-0.0010786598993185459,-2.4391756888286764e-05,0.0007356915036496048,-0.0032222317908664477,-0.003693280445383529,-0.003251533790279759
2026-02-05,-0.007400420298874,-0.0057060840241877075,-0.0014808603888509797,-0.0025987179157660467,-0.004708854907431781,-0.005656465562159263,-0.007332207357354181,-0.0057606603687196944
2026-02-06,0.011267121229555421,0.009325286347865447,0.005441153652092856,0.008547551806363574,0.01311606069425153,0.011620667043543476,0.013570630985671572,0.011741720875033668
2026-02-09,0.007481741663285302,0.006587749598272241,0.0034522022120513363,0.004503127600852697,0.005957766618968963,0.002924017012774227,0.0033687480754249766,0.002951675841325052
2026-02-10,-0.0021088919402110218,-0.001600912039829927,0.00034971260707017393,0.0014402509960387277,0.0020462751277630087,-0.0004935145694707765,-0.001070763576975109,-0.0005294299171093586
2026-02-11,0.002334187021820089,0.0018634221777171778,0.000510956539850449,0.0008046850106675496,0.0012451460065869835,-0.000892723358845271,-0.0007051896369281163,-0.000882864928886895
2026-02-12,-0.0100584514673272,-0.008123497731923668,-0.0027965209688003423,-0.004067807928424982,-0.00689030454325168,-0.007475721777546518,-0.00948154136327295,-0.007559066094033784
2026-02-13,0.006737497561606798,0.006474083223827698,0.0037114103482329686,0.004924793168426644,0.0064829800571650775,0.0015718848508137206,0.0013398190464140036,0.001562260904833801
2026-02-17,-0.007058057376867599,-0.006640821628269178,-0.0027328817688334617,-0.0024775074431190314,-0.002458329314126817,0.000990007182044783,0.001179954880894618,0.000997882708547948
2026-02-18,0.0058499721266505045,0.005073559720888188,0.001999913895662564,0.0017075253785263644,0.001983106811394242,0.002564273188711441,0.0031777410737234835,0.0025897131461301015
2026-02-19,0.00041231472113545387,0.0005521418444951465,0.00012906343537699705,-0.00015608892588736545,-0.0006387049165516023,-0.001370604485893323,-0.001668509265880136,-0.0013829655728713197
2026-02-20,0.006221935275222412,0.005312927577048043,0.0030754018351097923,0.004315814617891212,0.006272104408763468,0.004198737862087798,0.004928691576202571,0.004229017474639107
2026-02-23,0.005017472620463481,0.005409269821528673,0.0023358485559799025,0.0011664603489154324,-0.00028822214696289095,-0.0051670510449114415,-0.006391831302269835,-0.005217892227971532
2026-02-24,-0.0020979429096309454,-0.0023887722709794446,-0.0005658677397967216,0.0003749925912039931,0.0015133658128050342,0.004126014417928925,0.004913897024900082,0.004158681186203994
2026-02-25,0.001368483749121907,0.0007244459613895415,0.0008096273601605475,0.0014009951792965936,0.0022599207347004935,0.004915440711711572,0.005786929098248184,0.00495160107355197
2026-02-26,0.001631192971815576,0.0019480759909467071,0.0008373349550010456,0.001264126281088629,0.0012570418550577056,-0.002774706046468234,-0.003483984645859084,-0.0028041603569746165
2026-02-27,0.002537656274546496,0.0027573401572607015,0.0014109745852441957,0.0010419260187604085,0.00037524330407623374,-0.0019366494252474054,-0.0025978182845729503,-0.0019640871578724406
2026-03-02,0.0020544409179710232,0.0018352913599986032,-0.001037962417020477,-0.0018622384614094267,-0.0022799181965580395,-0.0014026200391906718,-0.0009592685052802752,-0.0013842331529314578
2026-03-03,-0.013540798174089153,-0.011792383073383372,-0.006892417940236872,-0.010137295581819306,-0.014187877863076959,-0.005688278887451159,-0.0064649586342995224,-0.005720503427769086
2026-03-04,0.0029097563648936564,0.002092217917571304,0.0008903006696872051,0.0017893462165450291,0.0032071782961271555,0.003968753338319253,0.0047534800154611645,0.004001287369056916
2026-03-05,-0.004727625597153451,-0.003970407891197958,-0.0029693149369833804,-0.005563542737658689,-0.008512866999039748,-0.004111459751365176,-0.004419274712973209,-0.004124231031478076
2026-03-06,0.0007939550002233897,0.0013598452978982323,-0.0003925049105137912,-0.0020149637080896232,-0.004394762534981833,-0.008511744433357116,-0.009720072745069697,-0.008561863268765624
2026-03-09,0.002345896120518942,0.001965628609444936,0.0026466526426716097,0.003342639553005178,0.00450424310283104,0.006301058163421747,0.00689145125697288,0.0063255177799288465
2026-03-10,0.0010866069370065734,0.0007156825459242455,-0.0008210900539235011,-0.0006871419021435843,-0.00044777533506934475,-0.0022819982635258196,-0.00214528123550195,-0.0022763309772314555
2026-03-11,-0.0021755830418141997,-0.0023757997442207524,-0.0024824196550047306,-0.003000216967509406,-0.0036035906861252576,-0.0024605886151199963,-0.0021246228156835967,-0.0024466601053516612
2026-03-12,-0.009282086815077362,-0.008055063780884941,-0.006081526975447615,-0.0077552294670555355,-0.010884580292519597,-0.010603192694603969,-0.011776154719841725,-0.0106518371913914
2026-03-13,-0.005227081638386477,-0.004600905942527489,-0.0029383817651794653,-0.0034480578457407596,-0.004359085071806601,-0.003727821311185875,-0.004188591744518688,-0.0037067188772120785
2026-03-16,0.0032968967362914103,0.0026871888793205123,0.0034574584586692936,0.005185388465233531,0.007425637310502831,0.0075246635519112814,0.008146350692666449,0.007505910351788714
2026-03-17,0.0015537069518969382,0.0016029374989825484,0.0022850922548065533,0.002532176825740473,0.0030837721281486985,0.002471032140129781,0.0025441377711601376,0.002468825506087402
2026-03-18,-0.011808552722282983,-0.010562567987040472,-0.007107738515793716,-0.008881505686388569,-0.0120371580343277,-0.009904397467986659,-0.010877720936345647,-0.00987501628319587
2026-03-19,-0.009777779670367526,-0.00887928400909932,-0.0035446779939125594,-0.00367471171275513,-0.004429902809727326,-0.0011664057361900904,-0.0015437417059860348,-0.0011550268361817384
2026-03-20,-0.013290589781422946,-0.012140312348749682,-0.00971549009119077,-0.013363302359579832,-0.01818227654095861,-0.011893801684099037,-0.012548109075779634,-0.011874078144506361
2026-03-23,-0.0016351247803743085,-0.0020853520108132795,0.0014477152169602991,0.003993874775821249,0.00704094304356051,0.00801276181622712,0.008719225930494678,0.007991480583100063
2026-03-24,-0.001817051931606417,-0.0017216563189677014,-0.0021921684789211193,-0.0024473632964764347,-0.002875526431533104,-0.003067540535144908,-0.003148312762642602,-0.0030651056292575474
2026-03-25,0.00895032560186615,0.008273835826096976,0.0056042231406581156,0.007006366437154021,0.00899739191571891,0.004791156815094011,0.004954034481757352,0.0047862472230093545
2026-03-26,-0.014096886015750765,-0.012584528922495397,-0.00896763440467585,-0.010314247841741286,-0.013359400149929868,-0.012949428592853973,-0.014141577580075726,-0.012913487860608308
2026-03-27,0.003815564417242845,0.004336935195572877,0.0008253982527126613,-0.0003210836103194614,-0.0020595084184715784,-0.010115494808478842,-0.011827690320534656,-0.0100639400122432
2026-03-30,0.0012486443421158011,0.0019090619019117572,0.002727325455612384,0.0023747186598059855,0.0016691071565364535,1.5957461695581543e-05,-0.0008482178632541748,4.1931717755350206e-05
2026-03-31,0.015637440964623606,0.013046631781431506,0.008450936095636408,0.011462225633797063,0.016942930385097643,0.017731435808650664,0.020411498088095836,0.017650953690214966
2026-04-01,0.0058487142874086295,0.0048523769486772395,0.0024910612331874304,0.0035175313354283144,0.005133914806734419,0.004893353985582216,0.005652271165888623,0.004870501923399884
2026-04-02,-0.003002525203351536,-0.0023837269384292537,2.7804016867527537e-05,-0.0001434802109349098,-0.0004418692846414052,0.0015626952849419062,0.001458869467310553,0.001565824058362919
2026-04-06,-0.0002505969981523304,-0.0006865510546035791,-0.0005107080526841612,0.0003364475680609491,0.0012397791473839348,0.002046718227397104,0.0026433828338907617,0.0020287397606626456
2026-04-07,0.002818496994693609,0.002762290825327307,0.0017924674910203553,0.001710332899133249,0.0019489130403360644,0.0009675044604622318,0.000878617440565721,0.000970184412576236
2026-04-08,0.007751043198984009,0.005625393910408061,0.0054451181772723345,0.009805978633081969,0.015739623945742576,0.015850872162581853,0.018192357072648768,0.015780282627576137
2026-04-09,0.0030128551478065813,0.002674907618697153,0.0014474548338090365,0.0014715788925498963,0.002115270388000523,0.003733126838286527,0.004282598598372989,0.0037165223923301127
2026-04-10,-0.000601001150807301,-0.0006824116457011531,-0.0004097038009893694,-0.00017189129899597422,-7.728919788274613e-05,-0.0009962651858874683,-0.0009147692019979559,-0.0009987292958455463
2026-04-13,0.0021090606897642417,0.001682585649743773,0.0022535993969865498,0.0029430927309079813,0.004267367218724782,0.006782881150632525,0.007541020245729779,0.006759956154694269
2026-04-14,0.008556382423909437,0.007572984238529257,0.005092172228201353,0.006074863423199739,0.008025063641731167,0.008227505623045639,0.009194158664429963,0.008266481739675147
2026-04-15,-0.0012049711722450507,-0.0015674148384499098,-0.0007894269885009297,-0.001216473735846546,-0.0011349468421995024,0.004274422313349957,0.005205825485169457,0.004305842435694096
2026-04-16,-0.0006233317972519359,-0.0008578850060695364,-0.0009847238156668325,-0.00040233998714434005,0.00037177068841032224,0.0007358630062155314,0.0011017718688992595,0.0007482177031237214
2026-04-17,0.0070177385297338635,0.006175445974415439,0.005086044992681726,0.007375682856252563,0.01050969462443807,0.008986661974740517,0.009815996741759925,0.009014673866766465
2026-04-20,-0.002401215307159754,-0.0021402816264319835,-0.0012545443803194667,-0.0010945563926815227,-0.0010878602721123842,-0.0014188330286392103,-0.0015401422140486343,-0.0014229336627695766
2026-04-21,-0.009067333958126755,-0.008130098831184318,-0.005206037274157471,-0.007505027940797215,-0.010337407538267618,-0.005218376024758831,-0.005562893764478716,-0.005230020447033468
2026-04-22,0.005604080150296342,0.004778340665633651,0.003169423100802371,0.0032430989060241444,0.0040181531947440785,0.006655811125257927,0.007567492931968012,0.006686614925321743
2026-04-23,-0.0031746735648925384,-0.0027147553241573252,-0.0021133552473393546,-0.0023595084794181265,-0.003040460147282542,-0.003145675930548486,-0.003370947743422059,-0.003153294048892863
2026-04-24,0.003309230003933239,0.002811497223420112,0.0027949674247633727,0.003340076703935768,0.004502718711298925,0.005507748967798154,0.006117525949259406,0.005528365568128857
2026-04-27,-0.0017693772977066535,-0.0018529710801117316,-0.001406694110006268,-0.0017803661741735421,-0.0021808190428557195,0.0003678956240693587,0.000690978179013868,0.0003788254670329394
2026-04-28,-0.0052366951705824505,-0.004614017957102701,-0.0024424950911730026,-0.002505387129830061,-0.0031271050871443107,-0.00311222295907132,-0.0035718292995663425,-0.00312777623649807
2026-04-29,-0.0038886237594093487,-0.003933796543948875,-0.003412681380812188,-0.004435594493492734,-0.005542866686438219,-0.0017689101003474095,-0.0013294499039533392,-0.0017540452016192587
2026-04-30,0.006503960629122396,0.005379112710309553,0.0038194749031468245,0.006455528077680794,0.009785502316825845,0.006496496956271303,0.007305051776314242,0.006523858245937708
2026-05-01,0.0009873972961178534,0.0010157010272398015,0.0012658133445062614,0.0009985995937287218,0.000820753898121529,0.002337624573488073,0.002489668264731071,0.002342773686650146
2026-05-04,-0.006214218925246984,-0.00577994734494669,-0.003778925318670412,-0.00505940084607448,-0.006624382623928948,-0.0035393865525318313,-0.0035605064800243724,-0.003540101905027182
2026-05-05,0.003919978186800233,0.003156576135156408,0.002376872544318287,0.004168517383448256,0.006399480527868429,0.005494323848391769,0.006091534370846752,0.005514551535700241
2026-05-06,0.011066143860721578,0.009617579127105591,0.0067067035854906365,0.00908861430101049,0.012506968571513566,0.010269760574653564,0.011235755501529221,0.010302497867300753
2026-05-07,-0.0013702934190940042,-0.0010892559354512832,-0.001833146385353035,-0.003470240116884016,-0.005179996345054505,-0.0029276847444908993,-0.002982410121723844,-0.0029295410851168935
2026-05-08,0.004275561180346665,0.003653771874781331,0.00321735740474538,0.0040492302949768355,0.005259671626541618,0.006031813684793441,0.006578959628911862,0.006050372449292851
2026-05-11,0.0004442070659917974,0.00010584222661780274,-0.0006847955257988092,-0.0010921726916330865,-0.001357588589940173,0.0004106315050045328,0.0008631756229333654,0.00042598951418981734
2026-05-12,-0.0022982000320120877,-0.002201328086011367,-0.00270929677192977,-0.004123713402199858,-0.0055940980812048124,-0.0019179066421985969,-0.0017473793991633624,-0.001912116922818674
2026-05-13,0.0002460018674623754,-0.00014395610324502428,0.0006906600986120726,0.0004802332353768257,0.0005832077121488144,0.0034517449961337654,0.003964287027302227,0.0035831493110221047
2026-05-14,-0.000362695008097047,-0.0007440775576879055,-0.000305169918515924,-0.00036215471803302535,-9.073093828038115e-05,0.004578054097446271,0.005383723888793268,0.00475594729607276
2026-05-15,-0.009691610450070276,-0.008742294420248875,-0.007052014859837419,-0.00972904670197472,-0.013285768901613926,-0.009548669094975759,-0.010177477221949172,-0.009687597699914896
2026-05-18,0.0002440121722584454,6.635673638322181e-05,-0.00030204273494460754,0.0009280398020747871,0.0020081707711263608,-0.0007431965138327001,-0.0007524452278885319,-0.0007452389100374157
2026-05-19,-0.0065056132111454,-0.0060556849904079835,-0.004557119001434962,-0.004979264464152866,-0.006050965550052245,-0.0051433692776036155,-0.00544889009923244,-0.00521083704261438
2026-05-20,0.007274775091071772,0.006569222994200263,0.005565494291586592,0.00768381098293891,0.010634743700173033,0.008420797955422943,0.008902866430335,0.008527227034128115
2026-05-21,0.0004714616071703759,0.00032538514658453366,0.0005214934740833677,0.0011693820800648957,0.0017413603444422776,0.001558784654178691,0.0016351097483786603,0.0015756416682299879
2026-05-22,-0.000506833754732261,-0.0005098616319560989,0.0004406369136766841,0.0007375726442915287,0.0012473496744522805,0.002771706753341263,0.003071762492299124,0.002837980423616937
2026-05-26,0.003077674150713916,0.0025939298593744553,0.0034466577245422236,0.005460313218227597,0.007824554563183428,0.005064726573684508,0.0054262970805725175,0.005144605701516092
2026-05-27,-0.002460278254063586,-0.0020988695598599394,-0.0004366967440900815,-0.0009288536559123317,-0.0014907145987131942,0.0003350838220099739,0.0002327132769122109,0.0003124615080243309
2026-05-28,0.004243023000534807,0.0038805877016243606,0.0023566422626948302,0.0019859790585772252,0.0018939354459572844,0.0042125269476585014,0.004592283020119048,0.004296440501121879
2026-05-29,0.0031389118579696618,0.002881481414068965,0.0015717205080376662,0.0006811422596382233,3.622215167253806e-05,0.0015918663081244677,0.001764095949909894,0.001629934583118775
2026-06-01,-0.0025662946537926556,-0.002597436276673304,-0.0007650446447244885,-0.0013332584832960181,-0.001903601251394993,0.0013960033776538872,0.0016994496075590781,0.001463083711055857
2026-06-02,0.0008040774273092577,0.0005933419366261905,0.0008527883885280918,0.002246702024570446,0.0036636019837072986,0.0009415536136410108,0.0010511297133894981,0.0009657824074942312
2026-06-03,-0.004427622559418198,-0.0038631943583589123,-0.0031388665604039634,-0.004122793470486497,-0.0056539059209620435,-0.005005369252340519,-0.005512063740130357,-0.005117415976789941
2026-06-04,0.0028817268744083524,0.0025911708548158607,0.0015762953915297029,0.002968260370997511,0.00471163623101889,0.0028956499485082166,0.0031466878381654073,0.002951140616328285
2026-06-05,-0.015719904819284647,-0.013352806900187142,-0.009765605844221814,-0.011967541453815955,-0.016106325098575236,-0.01748381256841247,-0.01961314493259425,-0.01795458258865601
2026-06-08,0.0007835885659861486,0.0003609460871627501,0.00016049198927969854,0.0003475971602697747,0.0007249459267077984,0.0013768675281546905,0.0016521175948305267,0.0014376192626996964
2026-06-09,-0.0031155355873955237,-0.0025219978865104187,-0.00015680096508474684,0.0013158634640397793,0.002480860929082729,-0.0008722244387586731,-0.0013828518903373777,-0.0009849515609456905
2026-06-10,-0.012484039046984474,-0.010799552538067747,-0.005891283698281069,-0.006831484256474396,-0.0090457035384377,-0.009749543697519347,-0.011239865974494334,-0.010078419138580652
2026-06-11,0.012210318253114139,0.010577716212630595,0.007945970927991208,0.010895628591929496,0.014872317591577922,0.012314513490000456,0.013420164531906975,0.012558215709946197
2026-06-12,0.0013577646305231728,0.0008649220875096564,0.0006176972898717104,0.0016905097486303866,0.0031469050040682234,0.0027984224766799404,0.0034698476180032856,0.0029379073500541697
2026-06-15,0.009544160469348917,0.007994164352564725,0.005053234121972006,0.005266665714457552,0.0068577844021950884,0.010806774051297374,0.012463562311718857,0.011147394259853671
2026-06-16,-0.00042561904386262395,2.6694408206573428e-05,-0.00023619695637189242,-0.0004111072966948015,-0.0011240087366365392,-0.0029688896223151184,-0.003701807922517397,-0.0031197669220669466
2026-06-17,-0.009395810582953246,-0.00866830584150824,-0.00609998308695292,-0.007024625052187483,-0.00921452393412081,-0.008757732042076083,-0.009595063940339266,-0.008930003104027695
2026-06-18,0.0028038727527588403,0.002326028417090731,0.00324796339193667,0.004441350832717239,0.006219802070775771,0.007005661658181284,0.007713922856020794,0.007151280177878583
2026-06-22,-0.003143123366502687,-0.0031795874135840396,-0.0023007432434247743,-0.001278719749384316,-0.0003453234959163165,-0.0028440524259951694,-0.0028633781317028983,-0.002848028011275261
2026-06-23,-0.007189096495861302,-0.00537955185672534,-0.0036067876608267824,-0.005370899238787641,-0.00791197077034933,-0.008149575292366484,-0.009674923837620919,-0.008463357358799661
2026-06-24,-0.004808290346848931,-0.004003294802478519,-0.0003111992322054613,0.0001783692743608789,8.250665917497457e-05,0.0012279063016302771,0.000680870373777509,0.0011155121056838357
2026-06-25,0.0027268702555638402,0.0024415555246175558,0.0013793304974274445,0.0025372452158454184,0.0036142918908408372,0.0002906999741445482,0.00022556327747502714,0.0002773227756547314
2026-06-26,0.0015951813759818023,0.0020487717804491545,0.0011031301876889277,0.001563478640677518,0.0019798757697389036,-0.002714850333909502,-0.003329013285391924,-0.002840975160628423
2026-06-29,0.0011729309070496186,0.000324097556049896,0.0013529122963633622,0.0010025884962188147,0.001531755141776392,0.009789857000820579,0.011345668651167262,0.010109202926016359
2026-06-30,0.00047828615005474084,-0.0005086623747864172,-0.0011409635661548956,-0.0013040588089048288,-0.0008317132107482639,0.0034875877692597257,0.004745566719305927,0.0037461166254209033
2026-07-01,-7.123833359334864e-05,9.451631301105046e-05,-0.0009288775235156699,-0.0019107676571089582,-0.002716220184491802,-0.001760644114549459,-0.0018120969940584875,-0.00177122879023639
2026-07-02,0.004696195863883146,0.004463177861908418,0.002275593299018608,0.0025665266932990427,0.0028799402577672772,-0.0002741839694599957,-0.0004324156199795315,-0.00030673340403664096
2026-07-06,0.0043509513996473625,0.0034378292228585128,0.0025764269753281166,0.003181070203980063,0.0043624096958860825,0.005251673906172538,0.00605165522951534,0.005416215361851995
2026-07-07,-0.0052349652919225775,-0.004798220518420049,-0.004488302062855998,-0.005389194888900328,-0.006656723125263664,-0.004667131148225256,-0.004782492318688658,-0.004690873817099539
2026-07-08,-0.0027789537655844576,-0.0025622004274710175,-0.0015823935838804593,-0.0029577887810260384,-0.004511699001128577,-0.0024156266668743376,-0.0024742784497961967,-0.0024276967739178534
2026-07-09,0.004197635919744647,0.0036182109531592843,0.0025061626317415264,0.0033136781103062507,0.004731778763419792,0.0054968625110454195,0.006107002630855396,0.005622419012608182
2026-07-10,0.00021842019618123487,-0.00016090300525783974,9.144807654681841e-05,0.0006194210491243801,0.0012830042848106515,0.0024561499782016494,0.002993430316284851,0.002566766448411917
2026-07-13,-0.0083583715590827,-0.007525351851855211,-0.005435295612860491,-0.00622406605230752,-0.0077258519965003325,-0.006147880332281308,-0.006545660463515568,-0.0062298110423852915
2026-07-14,0.004469428206299364,0.00405023015866135,0.002914160445831593,0.0032571443841851178,0.003949410688310229,0.0033755343056869336,0.0034765003084087365,0.0033963236475775815
2026-07-15,0.0015837210019047365,0.0014079298380698102,0.0016430863118561678,0.0020348101285272424,0.002803070425642762,0.002997869994060043,0.0032243143672716634,0.0030650128505271823
2026-07-16,-0.005434215553333566,-0.0046733198569948176,-0.0027111805999536776,-0.0019565086124708753,-0.001609891801534813,-0.0032229180268853463,-0.0037363489034677455,-0.003360981463217616
2026-07-17,0.00022606683575676634,0.0009403958235483234,-5.3125295618960955e-05,-0.0008807397850632004,-0.0024711584831770272,-0.0057774179485465815,-0.0068569837698463365,-0.0060676078011207
2026-07-20,-0.0016895592794384795,-0.0016629412754999295,-0.0016186458621616495,-0.002408087879152254,-0.003167697158553251,-0.0018347950717159112,-0.0017278294289857499,-0.001806065288499692
2026-07-21,0.005274747443480887,0.003984689235050798,0.0017544258184660766,0.003670266698070357,0.006080806014604256,0.004065340771179926,0.00511910564254503,0.004348392491100306
2026-07-22,0.0013592700749687214,0.0011404001486463589,-0.00026768775862673344,-0.0005724341781548903,-0.0009229420032015323,-0.0013947457223895121,-0.0013513658502717352,-0.0013830845158274707
2026-07-23,-0.007863302193645061,-0.006864888972733962,-0.004718569885658219,-0.0053238077341185575,-0.006931679779698663,-0.008177844998451422,-0.009196770427446044,-0.008451757223603695
2026-07-24,0.0007110519173985086,0.0007455074133220219,0.0004889003396908453,0.0012371923210929836,0.0020178673994990515,0.0008009348691482288,0.0007959819895639875,0.0007996044136617808
2026-07-27,0.001611427533017018,0.0015477099201797184,0.0012966562271050641,0.001910322802038511,0.0025745831569348177,0.000985247129407174,0.000802175571382957,0.0009360701459906196
2026-07-28,-0.0014612879128282907,-0.001097533328837108,0.0002875132364130728,-1.0082627934782096e-05,-0.00028777149861647366,0.0024512054267731287,0.0024456701116779556,0.0024497187202185966
2026-07-29,-0.0029058655530831423,-0.0020780714164126968,-0.002689972532506024,-0.004304061109582369,-0.006640422187466077,-0.010494720723433382,-0.011658580059309642,-0.010807315451149213
2026-07-30,0.0075676423863921816,0.005758283244154949,0.003936631057311235,0.00541149715391076,0.007878103845316842,0.01010634958205392,0.01172738142764329,0.010541359142156148
2026-07-31,-0.001940886399337538,-0.0022779897906021196,-0.0010333438901138914,-0.0017475337680491476,-0.0018754850801935286,0.003204930694271857,0.004182927785583601,0.0034676876544239565
2026-08-03,0.0037740086106783366,0.0029501805247356128,0.0026073130504418174,0.0033597422619529027,0.005058682914409918,0.009475484486261898,0.010656465912439739,0.009793003088575558
2026-08-04,0.00689115234037696,0.005683393788439073,0.005086418691822692,0.0063370946357510505,0.008797749297819513,0.012485854468199387,0.013885357419165967,0.012862446500398583
2026-08-05,0.007594938553665775,0.007217322843553253,0.0028767092744466094,0.0026570021550638145,0.002543247384215741,-0.001071089727461505,-0.0012916076619478023,-0.0011304887921119722
2026-08-06,-0.0009933770563029798,-0.001052390397788372,-0.0013810488420837874,-0.002232719790371873,-0.003173366696325397,-0.002170016453807211,-0.002050634900080839,-0.0021378648338820083
2026-08-07,0.006857774210083489,0.006178138554981505,0.0038962188917890384,0.004892985386261817,0.006387887680255444,0.004515023547471131,0.004914520141452661,0.004622624638864314
2026-08-10,0.0008256936799506676,0.0005252244231801484,-0.0011580513370894607,-0.002200436117953508,-0.0031428344006603215,-0.001408827618030739,-0.001074899027215026,-0.0013188605914730145
2026-08-11,-0.0014157018260605447,-0.0011718033896045421,-0.0005693736803271676,-0.0005995055146508221,-0.0009714454152677243,-0.0015805507487516302,-0.0019736339691870386,-0.001686481083812863
2026-08-12,0.0030281793005908497,0.00266648734318764,0.001730903004899087,0.00273773976305014,0.003975377581909134,0.0018799979476054052,0.0020288034934901056,0.0019200873904299254
2026-08-13,-0.00047899845404653085,-0.0005464106878867447,0.001037742989619339,0.0015864523107342876,0.002399804533873784,0.00513821912908452,0.0055354987413152035,0.0052791516996799626
2026-08-14,0.00021378424324192125,5.969198027888645e-05,-0.0009763277501507739,-0.0004990251590576422,-0.00016387049290178535,-0.0020623541100008858,-0.0020152836017529596,-0.002046457008219038
2026-08-17,0.0001982436003400423,0.00014156623759076226,-0.0008206531973695697,-0.000982598659697631,-0.0012996045095130526,-0.0036407103254033624,-0.003900971849937984,-0.003728611079844346
2026-08-18,-0.004807088931571779,-0.0037150773649302637,-0.0017699975387687195,-0.003895976280262836,-0.006505890891375099,-0.0037846880532461658,-0.004553066251257065,-0.004044155288866924
2026-08-19,0.01010251161157405,0.0098093871950089,0.006205638503945288,0.0071930882129593865,0.008416550009792134,0.0031710944206155833,0.0029139172183845208,0.003084294767973672
2026-08-20,-0.0017309716501960892,-0.0014778427663256766,-0.0018025322417055678,-0.0019450352284168249,-0.0027028103991191266,-0.006209666222292243,-0.006742423414350496,-0.006389446094866691
2026-08-21,0.0043354559093535805,0.0035082695489432325,0.0010897658746422678,0.002054266878309452,0.003463420442239906,0.0016849513318317744,0.002224363637329363,0.0018669123203103322
2026-08-24,0.0015124656246339185,0.001835263337667925,0.0009867510402592483,0.0007130013124294621,0.00028072740145757,-0.0008183186107211249,-0.0012804535083936752,-0.0009742670831421885
2026-08-25,0.003222390617756199,0.003165128045687693,0.003587202023221714,0.004044566861385768,0.0046426602833686825,0.003533616837885667,0.0034307226278094127,0.0034989055943837055
2026-08-26,-0.0038857852322439213,-0.0037172172114908753,-0.0019884573363663227,-0.0024249163097581627,-0.0029480265918766513,-0.00034704012731645584,-0.00019700224436836056,-0.00029642845901323156
2026-08-27,0.0017709447214893093,0.0012940022605083534,0.0007471390551017087,0.00018168973247756348,0.00016513644215754297,0.0036350576647521393,0.0043389230419370595,0.003872513321216964
2026-08-28,-0.008871120396124477,-0.008545593930485262,-0.005166579155962858,-0.005577189808028571,-0.0065308195691778925,-0.002547978518523397,-0.002443790479007779,-0.002512813365351474
2026-08-31,-0.0012873525774363959,-0.001111630667537944,-0.0010729219874119345,-0.001984970085104565,-0.003079237339319585,-0.0023782984186563327,-0.0026140866317224676,-0.002457886271678089
2026-09-01,-0.008442120129207531,-0.0076793551019159745,-0.004290381674594168,-0.004980967616123766,-0.006367506233759701,-0.005012327276285977,-0.005393454415242971,-0.005140952624472894
2026-09-02,0.004313920385334402,0.0037646401231066218,0.0019633767489868337,0.002463301440705612,0.003311045298823645,0.0028945276117950947,0.0032870155598681006,0.0030269534631042205
2026-09-03,0.006805726516094346,0.005820413763846233,0.0033959593366470475,0.00430299040527049,0.0059102156256736205,0.006777441662073169,0.007679284975441236,0.007081803449255242
2026-09-04,-0.0025158352609444545,-0.0022514029066514896,-0.0007206555777846679,-0.00017865356248925046,-9.21153330429858e-05,-0.002178668263219885,-0.0025875058923455763,-0.00231672813920647
2026-09-08,-0.004862073429750313,-0.004260258891319979,-0.0021902726700142594,-0.0027253806603220188,-0.003832299113141424,-0.0036702425634492775,-0.004143624818282787,-0.003830055048754555
2026-09-09,-3.3559447471298576e-05,0.00010682557706198637,-0.0011859743718245497,-0.0025720639527363476,-0.004049095841502481,-0.0036134930098941087,-0.00384590429668763,-0.0036919296929729395
2026-09-10,-0.007325971706519385,-0.007043859811152631,-0.006170132040926424,-0.007326071836019188,-0.009097286937079452,-0.006178692407168951,-0.0061393881029764286,-0.006165429614096829
2026-09-11,0.0022378110961915887,0.0013008540000232216,0.00037395371827675383,0.001877232693880293,0.0037979475942504504,0.004790352547747512,0.005711216744620495,0.005101095901833608
2026-09-14,-0.004361635896202309,-0.00368174570617541,-0.0023631679739901656,-0.0037189726699968784,-0.005492682586825448,-0.0030650670169092287,-0.0034588616774317016,-0.003198365279619808
2026-09-15,-0.0005953003198747586,-0.0003385513006672891,-0.0007191905073539173,-0.0012946149479013958,-0.002097167578992032,-0.002768233511599383,-0.0031839241351537817,-0.0029090256562173122
2026-09-16,-0.002764344492314219,-0.002468446877856967,-0.0016830727348937646,-0.002029467456169498,-0.002637144908541611,-0.002768704750590323,-0.003138545856870678,-0.002893933378919189
2026-09-17,0.00770430699447755,0.006972679322417408,0.005535010895493464,0.00606872619068799,0.007428163915095265,0.008749802782691107,0.009369430477174312,0.008959557969751009
2026-09-18,0.00012870576348178453,-0.00020073163583189668,-0.0013597357451266001,-0.002121749566129316,-0.0026109587546475632,-0.0008758518726805775,-0.0003902557494318559,-0.0007114020200494897
2026-09-21,0.0034772187836940027,0.0026118303216149386,0.003619222753930895,0.004618347226725827,0.006491612891060372,0.010525714991273416,0.011812572537476251,0.01096165657767978
2026-09-22,0.000975368593015169,0.0008051212205317793,0.0002929145963181945,0.0006877417828756727,0.0010459129364375208,5.563417125231673e-05,4.167601925586517e-05,5.0901665643809935e-05
2026-09-23,-0.008949813063213519,-0.00867536245020506,-0.007890059696510243,-0.009465415895805629,-0.011696486954299479,-0.007718140478201074,-0.007605056781081698,-0.007679799851594393
2026-09-24,-0.002756389562938666,-0.003034114056891024,-0.003496994828965372,-0.003755738420614829,-0.004044062346036159,-0.0025377674617071966,-0.0021172179027357796,-0.0023951708848776176
2026-09-25,0.0032022172502623736,0.0028275442492431413,0.00252992399711216,0.0027594132775867752,0.003342927981198729,0.004258523044678997,0.004539044279996851,0.004353666440326309
