Date,VOO,IJR,VEA,VWO,BND,VGLT,VCIT,SCHP,VNQ,IAU,SHV
2016-09-30,169.17874145507812,53.50260925292969,27.88214874267578,28.550535202026367,62.38469314575195,62.46320724487305,62.42975616455078,20.467174530029297,58.24589920043945,25.3799991607666,87.67658233642578
2016-10-03,168.64224243164062,53.36469650268555,27.829975128173828,28.740224838256836,62.318580627441406,62.208248138427734,62.348026275634766,20.448501586914062,57.15805435180664,25.31999969482422,87.6392593383789
2016-10-04,167.8589324951172,53.14921188354492,27.747989654541016,28.451904296875,62.11058044433594,61.48207473754883,62.13838577270508,20.344329833984375,56.37910079956055,24.479999542236328,87.6392593383789
2016-10-05,168.55715942382812,53.45087814331055,27.897056579589844,28.88437843322754,62.00654220581055,61.30421829223633,62.00563430786133,20.329959869384766,55.23755645751953,24.440000534057617,87.6630859375
2016-10-06,168.75296020507812,53.39485549926758,27.747989654541016,28.88437843322754,61.984283447265625,61.296836853027344,62.068504333496094,20.322782516479492,55.257713317871094,24.18000030517578,87.6392593383789
2016-10-07,168.1314239501953,52.959598541259766,27.56912612915039,28.785741806030273,62.03632354736328,60.993003845214844,62.16633605957031,20.329959869384766,55.16371536254883,24.200000762939453,87.67105102539062
2016-10-10,168.90625,53.54999542236328,27.680912017822266,28.983007431030273,61.96940231323242,60.615074157714844,62.13139343261719,20.30481719970703,55.506168365478516,24.280000686645508,87.64720916748047
2016-10-11,166.85421752929688,52.67087173461914,27.278440475463867,28.44432258605957,61.87287521362305,60.5113639831543,62.040557861328125,20.286861419677734,54.968963623046875,24.18000030517578,87.67105102539062
2016-10-12,167.0670928955078,52.75705337524414,27.241178512573242,28.413972854614258,61.910011291503906,60.56320571899414,62.096466064453125,20.27967071533203,55.60017013549805,24.200000762939453,87.6551742553711
2016-10-13,166.53065490722656,52.23560333251953,27.16664695739746,28.23945426940918,61.984283447265625,60.778106689453125,62.22224807739258,20.31559181213379,56.03666305541992,24.260000228881836,87.67898559570312
2016-10-14,166.57315063476562,52.0933837890625,27.189001083374023,28.315343856811523,61.85799026489258,60.01485061645508,62.012596130371094,20.286861419677734,55.7882080078125,24.1200008392334,87.67898559570312
2016-10-17,166.07931518554688,52.00718307495117,27.144285202026367,28.262226104736328,61.991729736328125,60.3038444519043,62.1244010925293,20.37666130065918,55.90906524658203,24.18000030517578,87.67898559570312
2016-10-18,167.0585174560547,52.170955657958984,27.434953689575195,28.762975692749023,62.073387145996094,60.52615737915039,62.285160064697266,20.391027450561523,56.26495361328125,24.31999969482422,87.67105102539062
2016-10-19,167.5183563232422,52.38211441040039,27.531848907470703,28.91472625732422,62.11799621582031,60.60771179199219,62.33401870727539,20.41617202758789,56.38582992553711,24.479999542236328,87.6869125366211
2016-10-20,167.24586486816406,52.054595947265625,27.531848907470703,28.876785278320312,62.08082580566406,60.63736343383789,62.33401870727539,20.398212432861328,56.25823974609375,24.3799991607666,87.6630859375
2016-10-21,167.28839111328125,51.908077239990234,27.472225189208984,28.88437843322754,62.13289260864258,60.770721435546875,62.36200714111328,20.408985137939453,56.050086975097656,24.420000076293945,87.67898559570312
2016-10-24,167.9696502685547,52.347660064697266,27.434953689575195,29.028533935546875,62.043758392333984,60.43728256225586,62.23619079589844,20.37666130065918,56.177669525146484,24.360000610351562,87.6869125366211
2016-10-25,167.49281311035156,51.86066436767578,27.412599563598633,29.005775451660156,62.043758392333984,60.54096221923828,62.243221282958984,20.408985137939453,56.076942443847656,24.540000915527344,87.6869125366211
2016-10-26,167.1181640625,51.47713851928711,27.278440475463867,28.793333053588867,61.93229675292969,60.20756912231445,62.096466064453125,20.40538787841797,55.34500503540039,24.420000076293945,87.6869125366211
2016-10-27,166.6753692626953,50.94706344604492,27.248619079589844,28.573305130004883,61.76142120361328,59.6295280456543,61.879844665527344,20.31559181213379,53.89457702636719,24.459999084472656,87.67105102539062
2016-10-28,166.1474609375,50.852237701416016,27.23373031616211,28.413972854614258,61.73172378540039,59.503570556640625,61.85891342163086,20.319189071655273,54.022159576416016,24.579999923706055,87.6869125366211
2016-10-31,166.1474609375,51.140995025634766,27.21136474609375,28.641586303710938,61.79856872558594,59.80738067626953,61.879844665527344,20.344329833984375,54.90182876586914,24.639999389648438,87.71072387695312
2016-11-01,164.9894256591797,50.442848205566406,27.136838912963867,28.42913818359375,61.77846908569336,59.79248046875,61.8405876159668,20.369165420532227,53.7065544128418,24.780000686645508,87.70757293701172
2016-11-02,163.8996124267578,49.95155334472656,26.935592651367188,28.102893829345703,61.838043212890625,60.09693908691406,61.89664077758789,20.37636375427246,52.92089080810547,24.959999084472656,87.6916732788086
2016-11-03,163.26100158691406,49.80934143066406,26.92069435119629,28.034605026245117,61.80078887939453,59.70344924926758,61.84761047363281,20.318777084350586,52.51127243041992,25.100000381469727,87.70757293701172
2016-11-04,163.0396270751953,50.0463752746582,26.697093963623047,27.738712310791016,61.912471771240234,60.11924362182617,61.96675109863281,20.369165420532227,52.92759323120117,25.1200008392334,87.71551513671875
2016-11-07,166.61575317382812,51.265968322753906,27.062301635742188,28.679521560668945,61.83059310913086,59.61433029174805,61.882659912109375,20.35836410522461,53.854270935058594,24.68000030517578,87.6837387084961
2016-11-08,167.38211059570312,51.386634826660156,27.129383087158203,28.81608772277832,61.71892547607422,59.42870330810547,61.749549865722656,20.325977325439453,54.13631820678711,24.579999923706055,87.69965362548828
2016-11-09,169.1702117919922,52.98115158081055,27.08466148376465,28.05738067626953,61.10863494873047,57.02307891845703,61.09798812866211,20.192794799804688,53.31707000732422,24.559999465942383,87.69965362548828
2016-11-10,169.5618896484375,53.98094940185547,26.99522590637207,27.24555015563965,60.848079681396484,56.33995056152344,60.99290084838867,20.142404556274414,52.42397689819336,24.200000762939453,87.64404296875
2016-11-11,169.246826171875,55.33845138549805,26.779083251953125,26.744792938232422,60.736427307128906,56.065277099609375,60.82478713989258,20.099205017089844,52.739585876464844,23.65999984741211,87.65194702148438
2016-11-14,169.2723388671875,56.183101654052734,26.659835815429688,26.615812301635742,60.50568389892578,55.835060119628906,60.460472106933594,19.937232971191406,53.98857498168945,23.459999084472656,87.65194702148438
2016-11-15,170.6432342529297,56.34257125854492,26.823810577392578,27.11656951904297,60.58756637573242,56.05783462524414,60.61460876464844,19.948022842407227,53.53867721557617,23.65999984741211,87.65194702148438
2016-11-16,170.35374450683594,56.368446350097656,26.577848434448242,26.89653778076172,60.71409606933594,56.40677261352539,60.726722717285156,19.99122428894043,53.38421630859375,23.579999923706055,87.65991973876953
2016-11-17,171.16261291503906,56.635623931884766,26.75672149658203,26.904111862182617,60.46846389770508,55.64943313598633,60.48151397705078,19.962427139282227,52.84031295776367,23.479999542236328,87.67578887939453
2016-11-18,170.85610961914062,56.90279006958008,26.51822853088379,26.84342384338379,60.31960678100586,55.5751953125,60.1031494140625,19.919233322143555,52.994754791259766,23.260000228881836,87.65991973876953
2016-11-21,172.11630249023438,57.13121032714844,26.74927520751953,27.108976364135742,60.312164306640625,55.67915725708008,60.11720657348633,19.955232620239258,52.83359909057617,23.360000610351562,87.66783905029297
2016-11-22,172.43130493164062,57.868133544921875,26.831253051757812,27.40488052368164,60.36429214477539,55.67169189453125,60.250274658203125,19.976821899414062,53.760257720947266,23.34000015258789,87.65194702148438
2016-11-23,172.58456420898438,58.22152328491211,26.734357833862305,27.13932991027832,60.20796203613281,55.43414306640625,59.99807357788086,19.922826766967773,53.531959533691406,22.860000610351562,87.65194702148438
2016-11-25,173.27426147460938,58.467159271240234,26.786540985107422,27.28348159790039,60.23027420043945,55.48609924316406,59.96302795410156,19.901248931884766,53.84086227416992,22.739999771118164,87.6837387084961
2016-11-28,172.45684814453125,57.769020080566406,26.68964195251465,27.420047760009766,60.3717041015625,55.82020950317383,60.15218734741211,19.897645950317383,54.08930587768555,23.0,87.6837387084961
2016-11-29,172.72933959960938,57.75176239013672,26.83870506286621,27.435216903686523,60.4163932800293,56.042999267578125,60.21527862548828,19.940837860107422,54.606353759765625,22.8799991607666,87.67578887939453
2016-11-30,172.33767700195312,57.544918060302734,26.80143928527832,27.48075294494629,60.20796203613281,55.18168258666992,60.03311538696289,19.937232971191406,53.98185729980469,22.579999923706055,87.65194702148438
2016-12-01,171.6649932861328,57.368221282958984,26.734357833862305,27.1696720123291,59.98420715332031,54.758296966552734,59.88065719604492,19.902244567871094,53.189491271972656,22.540000915527344,87.66548919677734
2016-12-02,171.78419494628906,57.37685775756836,26.808897018432617,27.13932991027832,60.20048904418945,55.048492431640625,60.09845733642578,19.887798309326172,53.719974517822266,22.639999389648438,87.69723510742188
2016-12-05,172.7719268798828,58.36804962158203,27.017580032348633,27.321413040161133,60.27507781982422,54.944313049316406,60.16166687011719,19.938318252563477,54.11616897583008,22.520000457763672,87.66548919677734
2016-12-06,173.37644958496094,59.02739715576172,27.20391273498535,27.435216903686523,60.26762390136719,54.97409439086914,60.18980026245117,19.96357536315918,54.465335845947266,22.520000457763672,87.69723510742188
2016-12-07,175.5732421875,59.64364242553711,27.561662673950195,27.844942092895508,60.409332275390625,55.34611892700195,60.33729934692383,19.999650955200195,55.553157806396484,22.579999923706055,87.65751647949219
2016-12-08,176.03302001953125,60.634857177734375,27.584020614624023,27.973915100097656,60.28998565673828,54.63180160522461,60.2178840637207,19.96357536315918,55.935935974121094,22.540000915527344,87.65751647949219
2016-12-09,177.1058807373047,60.75981521606445,27.666000366210938,27.844942092895508,60.110992431640625,54.08119583129883,60.13353729248047,19.873380661010742,55.875484466552734,22.31999969482422,87.66548919677734
2016-12-12,176.9100799560547,60.147865295410156,27.576562881469727,27.61732292175293,60.043861389160156,54.13322830200195,60.02116394042969,19.887798309326172,56.24481201171875,22.3799991607666,87.66548919677734
2016-12-13,178.11917114257812,60.216800689697266,27.86723518371582,27.898040771484375,60.110992431640625,54.349029541015625,60.02819061279297,19.85895347595215,56.217952728271484,22.31999969482422,87.66548919677734
2016-12-14,176.64613342285156,59.46696853637695,27.412599563598633,27.093799591064453,59.805240631103516,53.79838943481445,59.655860900878906,19.7001895904541,54.989105224609375,22.0,87.65751647949219
2016-12-15,177.30172729492188,60.02289962768555,27.367877960205078,27.215198516845703,59.71574783325195,53.999298095703125,59.5294075012207,19.57750129699707,54.66679382324219,21.719999313354492,87.6813735961914
2016-12-16,176.9951629638672,59.66517639160156,27.375328063964844,27.048274993896484,59.76790237426758,53.895145416259766,59.57155990600586,19.563079833984375,55.48600387573242,21.81999969482422,87.7051773071289
2016-12-19,177.3953857421875,59.99702453613281,27.352981567382812,26.866182327270508,59.924564361572266,54.46810531616211,59.803428649902344,19.649667739868164,56.08365249633789,21.940000534057617,87.7210464477539
2016-12-20,178.07656860351562,60.60899353027344,27.412599563598633,26.911928176879883,59.93203353881836,54.20020294189453,59.73313903808594,19.678537368774414,56.21123123168945,21.780000686645508,87.7210464477539
2016-12-21,177.59124755859375,60.271968841552734,27.412599563598633,26.828060150146484,60.021514892578125,54.453189849853516,59.86660385131836,19.714611053466797,55.358421325683594,21.799999237060547,87.72904968261719
2016-12-22,177.3650665283203,59.674983978271484,27.33745574951172,26.576488494873047,59.980411529541016,54.3480224609375,59.859580993652344,19.783178329467773,55.265892028808594,21.719999313354492,87.72105407714844
2016-12-23,177.5192413330078,59.938865661621094,27.397560119628906,26.70608901977539,60.01031494140625,54.43006896972656,59.90890121459961,19.819257736206055,55.409847259521484,21.799999237060547,87.72105407714844
2016-12-27,177.95626831054688,60.30225372314453,27.360000610351562,26.835695266723633,59.965431213378906,54.221221923828125,59.88069152832031,19.80842399597168,55.526397705078125,21.940000534057617,87.72105407714844
2016-12-28,176.55108642578125,59.59709548950195,27.307397842407227,27.0034236907959,60.114990234375,54.62406921386719,60.03573989868164,19.844051361083984,55.19044876098633,21.979999542236328,87.71314239501953
2016-12-29,176.5167999267578,59.72688293457031,27.405088424682617,27.422719955444336,60.27948760986328,54.81801986694336,60.19074249267578,19.851322174072266,55.87605667114258,22.280000686645508,87.72908020019531
2016-12-30,175.90846252441406,59.49326705932617,27.45768928527832,27.277870178222656,60.40658187866211,54.97471237182617,60.38806915283203,19.93492889404297,56.582218170166016,22.15999984741211,87.72105407714844
2017-01-03,177.1337127685547,59.82637405395508,27.630525588989258,27.575199127197266,60.41401290893555,55.11643600463867,60.33171463012695,19.98218536376953,56.767333984375,22.31999969482422,87.74494934082031
2017-01-04,178.17898559570312,60.825740814208984,27.968669891357422,27.8267765045166,60.458927154541016,55.325340270996094,60.52900695800781,20.003992080688477,57.59690856933594,22.420000076293945,87.73702239990234
2017-01-05,178.04193115234375,59.9475212097168,28.21664047241211,28.11648941040039,60.765445709228516,56.123565673828125,60.768592834472656,20.073068618774414,57.78201675415039,22.760000228881836,87.72908020019531
2017-01-06,178.7358856201172,59.61440658569336,28.103925704956055,28.00213050842285,60.52621841430664,55.59389114379883,60.46555709838867,20.003992080688477,57.78886032104492,22.600000381469727,87.75291442871094
2017-01-09,178.1704559326172,59.09958267211914,28.036291122436523,27.956390380859375,60.67573547363281,56.048946380615234,60.60649871826172,20.04033660888672,57.26781463623047,22.760000228881836,87.7687759399414
2017-01-10,178.144775390625,59.63169479370117,28.066354751586914,28.108863830566406,60.660797119140625,55.98926544189453,60.65583038330078,20.05125617980957,56.781036376953125,22.8799991607666,87.7608413696289
2017-01-11,178.6502227783203,59.82637405395508,28.261722564697266,28.352821350097656,60.69071578979492,56.1906852722168,60.70515441894531,20.083967208862305,56.431392669677734,22.920000076293945,87.7608413696289
2017-01-12,178.25608825683594,59.186100006103516,28.284269332885742,28.42142677307129,60.705650329589844,56.11610412597656,60.72629165649414,20.116683959960938,56.71933364868164,23.020000457763672,87.7687759399414
2017-01-13,178.6073760986328,59.61872863769531,28.38947105407715,28.390939712524414,60.60845184326172,55.81768798828125,60.60649871826172,20.08032989501953,56.63706970214844,23.100000381469727,87.7687759399414
2017-01-17,177.97335815429688,58.84866714477539,28.314329147338867,28.360445022583008,60.79537582397461,56.41449737548828,60.81787872314453,20.149396896362305,57.07585144042969,23.420000076293945,87.7608413696289
2017-01-18,178.35035705566406,59.077964782714844,28.186586380004883,28.25370979309082,60.4813232421875,55.67592239379883,60.55015182495117,20.04397964477539,57.17184829711914,23.200000762939453,87.7687759399414
2017-01-19,177.75064086914062,58.51554489135742,28.133981704711914,28.177480697631836,60.376670837402344,55.33278274536133,60.381011962890625,20.04033660888672,56.589088439941406,23.18000030517578,87.7767562866211
2017-01-20,178.32473754882812,58.80108642578125,28.26924705505371,28.22321319580078,60.42152786254883,55.22085952758789,60.45149230957031,20.054899215698242,57.00043869018555,23.239999771118164,87.7767562866211
2017-01-23,177.91339111328125,58.602081298828125,28.329349517822266,28.612037658691406,60.586021423339844,55.750545501708984,60.70515441894531,20.116683959960938,57.48036575317383,23.399999618530273,87.78471374511719
2017-01-24,179.04437255859375,59.45867156982422,28.4495906829834,28.817874908447266,60.496315002441406,55.377559661865234,60.50783920288086,20.083967208862305,57.494075775146484,23.299999237060547,87.7687759399414
2017-01-25,180.53517150878906,60.124881744384766,28.727617263793945,29.06945037841797,60.316856384277344,54.788204193115234,60.3387336730957,20.018535614013672,57.11698532104492,23.1200008392334,87.7608413696289
2017-01-26,180.3981170654297,59.80475997924805,28.63744354248047,28.947471618652344,60.339298248291016,54.9373893737793,60.44444274902344,20.058517456054688,57.00728225708008,22.8799991607666,87.78471374511719
2017-01-27,180.1410675048828,59.55384826660156,28.56981658935547,28.97797393798828,60.40658187866211,55.10896682739258,60.51491165161133,20.069427490234375,56.451961517333984,22.920000076293945,87.7687759399414
2017-01-30,179.0529327392578,58.74915313720703,28.366931915283203,28.83312225341797,60.3916130065918,54.967185974121094,60.41622543334961,20.058517456054688,56.06802749633789,23.040000915527344,87.7767562866211
2017-01-31,179.04437255859375,59.14719009399414,28.464614868164062,28.84836769104004,60.51874542236328,55.29547119140625,60.60649871826172,20.109418869018555,56.47251510620117,23.34000015258789,87.7687759399414
2017-02-01,179.07005310058594,59.08661651611328,28.562301635742188,28.909347534179688,60.412357330322266,54.95832443237305,60.46455001831055,20.05125617980957,55.79376983642578,23.280000686645508,87.77674865722656
2017-02-02,179.14718627929688,58.792415618896484,28.607391357421875,29.00846290588379,60.449806213378906,54.97331237792969,60.51398468017578,20.0657958984375,56.458805084228516,23.399999618530273,87.768798828125
2017-02-03,180.47518920898438,59.735538482666016,28.727617263793945,29.191436767578125,60.46478271484375,54.928443908691406,60.591644287109375,20.04762077331543,56.767333984375,23.479999542236328,87.78472137451172
2017-02-06,180.09820556640625,59.18177795410156,28.517215728759766,29.12282371520996,60.652130126953125,55.32463455200195,60.82478713989258,20.102142333984375,56.671356201171875,23.799999237060547,87.8006362915039
2017-02-07,180.1410675048828,58.9827880859375,28.494680404663086,29.016088485717773,60.749473571777344,55.65354919433594,60.902435302734375,20.102142333984375,56.47251510620117,23.739999771118164,87.79264068603516
2017-02-08,180.37237548828125,58.88759994506836,28.539758682250977,29.24480438232422,60.91433334350586,56.34873962402344,61.02250671386719,20.153034210205078,56.91817855834961,23.8799991607666,87.80860900878906
2017-02-09,181.4005889892578,59.83070755004883,28.64495849609375,29.39728355407715,60.749473571777344,55.76567077636719,60.79652786254883,20.105783462524414,57.055294036865234,23.719999313354492,87.78472137451172
2017-02-10,182.12881469726562,60.31523513793945,28.750165939331055,29.66411590576172,60.734493255615234,55.7208366394043,60.79652786254883,20.120319366455078,57.45978546142578,23.780000686645508,87.8006362915039
2017-02-13,183.09698486328125,60.45368576049805,28.855369567871094,29.778470993041992,60.6671142578125,55.541412353515625,60.74000930786133,20.0985164642334,57.48036575317383,23.6200008392334,87.8006362915039
2017-02-14,183.8595428466797,60.592124938964844,28.84033203125,29.824209213256836,60.539730072021484,55.18259811401367,60.61285400390625,20.036714553833008,57.17870330810547,23.639999389648438,87.77674865722656
2017-02-15,184.79344177246094,60.946868896484375,28.94553565979004,30.0452938079834,60.44231033325195,54.98078155517578,60.521034240722656,20.069427490234375,56.986732482910156,23.739999771118164,87.79264068603516
2017-02-16,184.64781188964844,60.825740814208984,29.00565528869629,29.961444854736328,60.554691314697266,55.22746658325195,60.7470588684082,20.073068618774414,57.322654724121094,23.860000610351562,87.78472137451172
2017-02-17,184.93055725097656,60.73921203613281,28.90796661376953,29.862329483032227,60.69703674316406,55.57130813598633,60.8812141418457,20.109418869018555,57.43234634399414,23.780000686645508,87.8006362915039
2017-02-21,186.0186767578125,61.26699447631836,29.03571128845215,30.106292724609375,60.6895866394043,55.42182540893555,60.84592819213867,20.113048553466797,58.16594696044922,23.799999237060547,87.80860900878906
2017-02-22,185.93296813964844,61.0506706237793,29.013166427612305,30.182527542114258,60.7270393371582,55.58623504638672,60.923622131347656,20.149396896362305,57.97397994995117,23.81999969482422,87.8006362915039
2017-02-23,186.03579711914062,60.61807632446289,29.065778732299805,30.197778701782227,60.83941650390625,55.74323272705078,61.0860481262207,20.18939208984375,58.2756462097168,24.059999465942383,87.8006362915039
2017-02-24,186.2585906982422,60.60075759887695,28.817794799804688,29.877574920654297,61.06417465209961,56.29642105102539,61.36857604980469,20.251178741455078,58.549861907958984,24.18000030517578,87.82450103759766
2017-02-27,186.5327911376953,61.07665252685547,28.83281707763672,29.75559425354004,60.93681335449219,56.00485610961914,61.1849365234375,20.196653366088867,58.8583984375,24.079999923706055,87.81657409667969
2017-02-28,185.9844207763672,60.098934173583984,28.765193939208984,29.496389389038086,60.89189910888672,56.20671463012695,61.17790603637695,20.18212127685547,58.453887939453125,24.079999923706055,87.80860900878906
2017-03-01,188.62335205078125,61.20641326904297,29.043230056762695,29.96907615661621,60.64262008666992,55.33690643310547,60.92575454711914,20.073068618774414,58.2756462097168,24.079999923706055,87.77196502685547
2017-03-02,187.51803588867188,60.54019546508789,28.862882614135742,29.435394287109375,60.530006408691406,55.112117767333984,60.812469482421875,20.011268615722656,57.96027755737305,23.780000686645508,87.76399230957031
2017-03-03,187.6208953857422,60.36713790893555,29.00565528869629,29.686975479125977,60.57505416870117,55.1795539855957,60.869102478027344,20.069427490234375,57.7340087890625,23.760000228881836,87.77995300292969
2017-03-06,187.03823852539062,59.95183563232422,28.90796661376953,29.732725143432617,60.53752899169922,54.99970626831055,60.812469482421875,20.04033660888672,57.47348403930664,23.600000381469727,87.76399230957031
2017-03-07,186.47271728515625,59.52788543701172,28.83281707763672,29.770843505859375,60.42490768432617,54.85738754272461,60.63541030883789,20.0148983001709,57.19926071166992,23.420000076293945,87.76399230957031
2017-03-08,186.07862854003906,59.138526916503906,28.682540893554688,29.473520278930664,60.28229904174805,54.542694091796875,60.44417953491211,19.913129806518555,56.143436431884766,23.260000228881836,87.73217010498047
2017-03-09,186.27572631835938,58.80108642578125,28.80276870727539,29.221927642822266,60.09458923339844,54.130653381347656,60.17509078979492,19.869495391845703,55.30017852783203,23.139999389648438,87.74014282226562
2017-03-10,186.92689514160156,59.09526062011719,29.028194427490234,29.46588897705078,60.21470260620117,54.28797912597656,60.30256271362305,19.88766860961914,55.12876892089844,23.18000030517578,87.77196502685547
2017-03-13,187.03823852539062,59.27696990966797,29.1634578704834,29.839460372924805,60.09458923339844,54.010765075683594,60.16801834106445,19.862226486206055,55.265892028808594,23.18000030517578,87.74812316894531
2017-03-14,186.40423583984375,59.00010681152344,28.94553565979004,29.671730041503906,60.08708953857422,54.2430305480957,60.20338439941406,19.851322174072266,55.252174377441406,23.079999923706055,87.74812316894531
2017-03-15,187.95501708984375,59.93455123901367,29.396398544311523,30.365503311157227,60.46242141723633,54.86486053466797,60.69914627075195,20.022174835205078,56.369686126708984,23.479999542236328,87.77995300292969
2017-03-16,187.6379852294922,60.047019958496094,29.516637802124023,30.571346282958984,60.37239074707031,54.61764144897461,60.585853576660156,20.003992080688477,56.260009765625,23.6200008392334,87.77196502685547
2017-03-17,187.26101684570312,60.384456634521484,29.561716079711914,30.540857315063477,60.492496490478516,54.93977355957031,60.71333312988281,20.04033660888672,56.5205078125,23.639999389648438,87.77196502685547
2017-03-20,187.0982208251953,60.0556755065918,29.546688079833984,30.838178634643555,60.61259841918945,55.17204666137695,60.88327407836914,20.07670021057129,56.47251510620117,23.739999771118164,87.77995300292969
2017-03-21,184.70777893066406,58.4636344909668,29.373863220214844,30.464609146118164,60.75526809692383,55.584110260009766,60.98947525024414,20.0985164642334,56.22572708129883,23.959999084472656,87.77995300292969
2017-03-22,185.08477783203125,58.368465423583984,29.41143035888672,30.610485076904297,60.83781051635742,55.831336975097656,61.10279846191406,20.127586364746094,56.19464874267578,24.040000915527344,87.77995300292969
2017-03-23,184.89541625976562,58.74051284790039,29.494089126586914,30.625762939453125,60.80778884887695,55.741455078125,61.039066314697266,20.113048553466797,56.60898971557617,23.979999542236328,87.77995300292969
2017-03-24,184.83517456054688,58.735294342041016,29.569528579711914,30.709754943847656,60.79277420043945,55.861297607421875,61.01071548461914,20.13848876953125,56.546844482421875,24.020000457763672,87.77196502685547
2017-03-27,184.53395080566406,58.79608154296875,29.637409210205078,30.61811637878418,60.920448303222656,56.16850662231445,61.17359924316406,20.196653366088867,56.035797119140625,24.15999984741211,87.76399230957031
2017-03-28,185.90252685546875,59.26485061645508,29.773191452026367,30.69450569152832,60.80778884887695,55.808876037597656,61.046165466308594,20.134855270385742,56.27751541137695,24.079999923706055,87.77196502685547
2017-03-29,186.177978515625,59.42110061645508,29.80336570739746,30.740312576293945,60.92791748046875,56.138526916503906,61.18073272705078,20.196653366088867,56.595191955566406,24.139999389648438,87.79585266113281
2017-03-30,186.67724609375,59.924598693847656,29.690223693847656,30.56466293334961,60.83034133911133,55.69651794433594,61.10279846191406,20.134855270385742,56.69877243041992,23.940000534057617,87.8038330078125
2017-03-31,186.22962951660156,60.03745651245117,29.644956588745117,30.335542678833008,60.86782455444336,55.84632873535156,61.17359924316406,20.185747146606445,57.03717041015625,24.020000457763672,87.81974792480469
2017-04-03,185.99722290039062,58.93498229980469,29.614784240722656,30.572294235229492,61.089019775390625,56.435691833496094,61.42216873168945,20.261796951293945,57.20292663574219,24.139999389648438,87.8014144897461
2017-04-04,186.1005096435547,58.97838592529297,29.59969711303711,30.64103126525879,61.02131271362305,56.135398864746094,61.35823440551758,20.20721435546875,57.20292663574219,24.18000030517578,87.79347229003906
2017-04-05,185.53240966796875,58.33598709106445,29.441286087036133,30.58757209777832,61.0739860534668,56.293033599853516,61.42216873168945,20.269086837768555,57.28581237792969,24.200000762939453,87.76956939697266
2017-04-06,186.01443481445312,58.90025329589844,29.463926315307617,30.53411293029785,61.096561431884766,56.23298645019531,61.45766067504883,20.25088882446289,57.58966064453125,24.100000381469727,87.79347229003906
2017-04-07,185.85086059570312,58.89157485961914,29.426204681396484,30.526473999023438,60.96116256713867,56.015254974365234,61.25174331665039,20.167192459106445,57.67252731323242,24.15999984741211,87.78548431396484
2017-04-10,185.97998046875,59.07387924194336,29.426204681396484,30.381362915039062,61.02131271362305,56.23298645019531,61.386661529541016,20.19266128540039,58.031639099121094,24.15999984741211,87.8014144897461
2017-04-11,185.74758911132812,59.62945556640625,29.54690170288086,30.411922454833984,61.21696090698242,56.735992431640625,61.58548355102539,20.22905731201172,58.43220520019531,24.479999542236328,87.8014144897461
2017-04-12,184.98147583007812,58.761356353759766,29.524261474609375,30.518827438354492,61.359867095947266,57.043819427490234,61.748783111572266,20.305477142333984,58.328636169433594,24.68000030517578,87.80941009521484
2017-04-13,183.75064086914062,58.07555389404297,29.335674285888672,30.358448028564453,61.45013427734375,57.2390251159668,61.86948776245117,20.33458137512207,58.19739532470703,24.799999237060547,87.8253402709961
2017-04-17,185.36026000976562,58.735294342041016,29.57706642150879,30.61811637878418,61.412498474121094,57.066307067871094,61.80561065673828,20.283641815185547,58.90182876586914,24.700000762939453,87.80941009521484
2017-04-18,184.85235595703125,58.787391662597656,29.40358543395996,30.25916290283203,61.63068389892578,57.82459259033203,62.096736907958984,20.345510482788086,59.060665130615234,24.81999969482422,87.80941009521484
2017-04-19,184.4478302001953,59.11726760864258,29.267799377441406,30.037681579589844,61.517845153808594,57.434200286865234,61.94762420654297,20.287275314331055,58.977760314941406,24.6200008392334,87.8253402709961
2017-04-20,185.95419311523438,59.933284759521484,29.531803131103516,30.350818634033203,61.43506622314453,57.29157257080078,61.88370895385742,20.269086837768555,58.984676361083984,24.65999984741211,87.80941009521484
2017-04-21,185.4119110107422,59.77702331542969,29.54690170288086,30.320266723632812,61.45013427734375,57.2390251159668,61.91212463378906,20.25088882446289,58.77060317993164,24.739999771118164,87.81735229492188
2017-04-24,187.3916778564453,60.523590087890625,30.19561767578125,30.671573638916016,61.36737060546875,56.99128723144531,61.819820404052734,20.25088882446289,58.12141799926758,24.579999923706055,87.83322143554688
2017-04-25,188.51930236816406,61.06179428100586,30.391738891601562,30.893062591552734,61.179325103759766,56.31559371948242,61.63516616821289,20.21086311340332,58.36314010620117,24.31999969482422,87.8253402709961
2017-04-26,188.38160705566406,61.46114730834961,30.27859878540039,30.778507232666016,61.239505767822266,56.63838195800781,61.79851150512695,20.247251510620117,57.92804718017578,24.440000534057617,87.81735229492188
2017-04-27,188.5279083251953,61.400360107421875,30.323843002319336,30.679222106933594,61.28462219238281,56.66841125488281,61.84111785888672,20.25088882446289,57.77613830566406,24.360000610351562,87.8253402709961
2017-04-28,188.16636657714844,60.584354400634766,30.301212310791016,30.80905532836914,61.352333068847656,56.735992431640625,61.88370895385742,20.269086837768555,57.1753044128418,24.420000076293945,87.81735229492188
2017-05-01,188.62257385253906,60.905548095703125,30.38419532775879,30.931245803833008,61.23773956298828,56.306365966796875,61.806095123291016,20.244306564331055,57.5136833190918,24.18000030517578,87.82609558105469
2017-05-02,188.682861328125,60.653804779052734,30.56523895263672,31.083999633789062,61.34326171875,56.47187042236328,61.94136428833008,20.226070404052734,57.417015075683594,24.200000762939453,87.81813049316406
2017-05-03,188.49346923828125,60.280540466308594,30.467172622680664,30.862512588500977,61.275428771972656,56.59981155395508,61.806095123291016,20.17503547668457,56.65044021606445,23.84000015258789,87.80220031738281
2017-05-04,188.66563415527344,60.22843933105469,30.685916900634766,30.53411293029785,61.20759582519531,56.321407318115234,61.7135124206543,20.09850311279297,56.37418746948242,23.6200008392334,87.81016540527344
2017-05-05,189.423095703125,60.49755096435547,30.995201110839844,30.709754943847656,61.24528121948242,56.374053955078125,61.76342010498047,20.113079071044922,56.90596389770508,23.639999389648438,87.81813049316406
2017-05-08,189.4317626953125,60.280540466308594,30.85187339782715,30.518827438354492,61.139747619628906,56.02794647216797,61.61382293701172,20.054759979248047,56.50540542602539,23.600000381469727,87.81813049316406
2017-05-09,189.19073486328125,60.3586540222168,30.799081802368164,30.862512588500977,61.10959243774414,56.05049514770508,61.6636962890625,20.040172576904297,56.2015266418457,23.459999084472656,87.81813049316406
2017-05-10,189.54360961914062,60.688533782958984,30.844331741333008,31.106916427612305,61.10206604003906,56.01287841796875,61.677974700927734,20.05112075805664,56.643531799316406,23.479999542236328,87.81016540527344
2017-05-11,189.15628051757812,60.237117767333984,30.78398895263672,31.091632843017578,61.147274017333984,56.005374908447266,61.7135124206543,20.113079071044922,56.360382080078125,23.540000915527344,87.83409118652344
2017-05-12,188.86361694335938,59.75965118408203,30.91976547241211,31.25966453552246,61.32819366455078,56.419219970703125,61.99834442138672,20.124006271362305,56.132503509521484,23.6200008392334,87.83409118652344
2017-05-15,189.819091796875,60.141624450683594,31.100801467895508,31.549869537353516,61.31315612792969,56.238651275634766,61.99834442138672,20.091205596923828,56.2982292175293,23.700000762939453,87.842041015625
2017-05-16,189.78466796875,60.141624450683594,31.25921058654785,31.580432891845703,61.373477935791016,56.46437072753906,62.09090042114258,20.102144241333008,55.918392181396484,23.780000686645508,87.842041015625
2017-05-17,186.4190216064453,58.63113784790039,30.882047653198242,31.106916427612305,61.70517349243164,57.2845344543457,62.439849853515625,20.215137481689453,56.14628219604492,24.239999771118164,87.86597442626953
2017-05-18,187.09898376464844,58.71794509887695,30.942394256591797,30.53411293029785,61.65235137939453,57.32215881347656,62.3971061706543,20.229717254638672,56.457069396972656,24.040000915527344,87.85798645019531
2017-05-19,188.26104736328125,58.98704147338867,31.296934127807617,31.076358795166016,61.6900749206543,57.382347106933594,62.38286590576172,20.26252555847168,56.76094436645508,24.15999984741211,87.86597442626953
2017-05-22,189.31121826171875,59.45582580566406,31.379899978637695,31.068727493286133,61.637306213378906,57.29957580566406,62.36151123046875,20.240646362304688,56.981929779052734,24.239999771118164,87.86597442626953
2017-05-23,189.681396484375,59.65549850463867,31.349727630615234,31.05345344543457,61.50910949707031,56.923377990722656,62.2261962890625,20.204195022583008,57.03025436401367,24.100000381469727,87.85798645019531
2017-05-24,190.13755798339844,59.62945556640625,31.417612075805664,31.160367965698242,61.637306213378906,57.19426345825195,62.36151123046875,20.207849502563477,57.49298095703125,24.200000762939453,87.86597442626953
2017-05-25,191.02420043945312,59.70758056640625,31.410078048706055,31.320756912231445,61.637306213378906,57.2393684387207,62.34724426269531,20.193275451660156,57.49988555908203,24.18000030517578,87.86597442626953
2017-05-26,191.0328369140625,59.698890686035156,31.327096939086914,31.397123336791992,61.66745376586914,57.31465530395508,62.389984130859375,20.229717254638672,57.08551788330078,24.3799991607666,87.86597442626953
2017-05-30,190.85203552246094,59.3603401184082,31.2742919921875,31.343669891357422,61.75790786743164,57.5780143737793,62.46121597290039,20.273460388183594,56.72640609741211,24.280000686645508,87.85798645019531
2017-05-31,190.8090057373047,59.31692886352539,31.334644317626953,31.11454963684082,61.78809356689453,57.743560791015625,62.532386779785156,20.288043975830078,56.76094436645508,24.399999618530273,87.86597442626953
2017-06-01,192.29812622070312,60.3499641418457,31.54586410522461,31.343669891357422,61.8046989440918,57.71714782714844,62.5295524597168,20.287675857543945,57.05789566040039,24.420000076293945,87.8707504272461
2017-06-02,192.9006805419922,60.74060821533203,31.84758949279785,31.44295883178711,62.008663177490234,58.365699768066406,62.70805740356445,20.346073150634766,57.64492416381836,24.579999923706055,87.88665008544922
2017-06-05,192.7715301513672,60.34127426147461,31.711807250976562,31.44295883178711,61.91047668457031,58.01124572753906,62.67229080200195,20.30227279663086,57.396278381347656,24.6200008392334,87.8786849975586
2017-06-06,192.2206573486328,60.254486083984375,31.63637351989746,31.465862274169922,62.023780822753906,58.32797622680664,62.78657913208008,20.338768005371094,57.120059967041016,24.899999618530273,87.8707504272461
2017-06-07,192.5391082763672,60.3499641418457,31.613744735717773,31.44295883178711,61.940704345703125,58.05648422241211,62.70805740356445,20.269420623779297,57.520606994628906,24.780000686645508,87.8786849975586
2017-06-08,192.6079559326172,61.165977478027344,31.568485260009766,31.504060745239258,61.89533615112305,57.950923919677734,62.61518859863281,20.265771865844727,57.38246536254883,24.600000381469727,87.8786849975586
2017-06-09,192.38417053222656,61.669498443603516,31.455337524414062,31.290206909179688,61.84249496459961,57.83778381347656,62.536659240722656,20.232908248901367,57.78303527832031,24.399999618530273,87.8707504272461
2017-06-12,192.30679321289062,61.53925323486328,31.35727882385254,31.175634384155273,61.82740020751953,57.845340728759766,62.57950210571289,20.20737648010254,58.300987243652344,24.34000015258789,87.86274719238281
2017-06-13,193.24496459960938,61.83441925048828,31.628833770751953,31.320756912231445,61.84249496459961,57.85289764404297,62.636634826660156,20.229278564453125,58.43220520019531,24.3799991607666,87.8946533203125
2017-06-14,193.03843688964844,61.452449798583984,31.591106414794922,31.297836303710938,62.06914138793945,58.682369232177734,62.907955169677734,20.236572265625,58.51506042480469,24.239999771118164,87.8946533203125
2017-06-15,192.65103149414062,61.15729522705078,31.25167465209961,31.022899627685547,62.001129150390625,58.606971740722656,62.7794075012207,20.14897346496582,58.81204605102539,24.139999389648438,87.8946533203125
2017-06-16,192.7026824951172,60.82742691040039,31.5307674407959,31.122190475463867,62.06914138793945,58.697479248046875,62.829410552978516,20.159912109375,58.66010284423828,24.139999389648438,87.90259552001953
2017-06-19,194.27792358398438,61.1052131652832,31.6439151763916,31.328393936157227,61.97846221923828,58.5767822265625,62.679443359375,20.127063751220703,58.66701126098633,23.959999084472656,87.90259552001953
2017-06-20,193.0039520263672,60.37600326538086,31.35727882385254,30.95415687561035,62.06914138793945,59.07447052001953,62.81509017944336,20.156272888183594,58.528892517089844,23.899999618530273,87.90259552001953
2017-06-21,192.92652893066406,60.09819793701172,31.328271865844727,31.071746826171875,62.099327087402344,59.29314041137695,62.77226638793945,20.167213439941406,58.41149139404297,23.959999084472656,87.90259552001953
2017-06-22,192.81460571289062,60.31523895263672,31.389320373535156,31.187023162841797,62.122005462646484,59.36859130859375,62.843685150146484,20.240219116210938,58.466739654541016,24.059999465942383,87.91852569580078
2017-06-23,193.1431427001953,60.82742691040039,31.458026885986328,31.30231285095215,62.13713073730469,59.29314041137695,62.85794448852539,20.24751853942871,58.66960906982422,24.15999984741211,87.92652893066406
2017-06-26,193.20364379882812,60.94027328491211,31.51906394958496,31.632770538330078,62.20509338378906,59.511871337890625,62.91510009765625,20.287675857543945,59.08795166015625,23.920000076293945,87.91057586669922
2017-06-27,191.66456604003906,60.48405838012695,31.51143455505371,31.30231285095215,61.993553161621094,58.946319580078125,62.70805740356445,20.196413040161133,58.55805587768555,24.040000915527344,87.91057586669922
2017-06-28,193.35935974121094,61.459190368652344,31.79380989074707,31.48675537109375,61.993553161621094,58.66730880737305,62.72230911254883,20.22196388244629,58.69749450683594,24.059999465942383,87.91852569580078
2017-06-29,191.6905059814453,61.076087951660156,31.473278045654297,31.133235931396484,61.865116119384766,58.380760192871094,62.572383880615234,20.145307540893555,58.02817916870117,23.920000076293945,87.92652893066406
2017-06-30,192.0104522705078,61.04127502441406,31.534330368041992,31.379161834716797,61.81980514526367,58.12435531616211,62.49385070800781,20.097862243652344,58.02817916870117,23.8799991607666,87.93450927734375
2017-07-03,192.43414306640625,61.61588668823242,31.473278045654297,31.525190353393555,61.82663345336914,57.890140533447266,62.38216018676758,20.089811325073242,58.7672119140625,23.459999084472656,87.92726135253906
2017-07-05,192.77133178710938,61.25022888183594,31.488527297973633,31.47138786315918,61.86455154418945,57.95059585571289,62.439414978027344,20.097131729125977,57.93754959106445,23.579999923706055,87.92726135253906
2017-07-06,191.04196166992188,60.40568542480469,31.297739028930664,31.125532150268555,61.72042465209961,57.512271881103516,62.410797119140625,20.060562133789062,56.84992218017578,23.540000915527344,87.95122528076172
2017-07-07,192.25257873535156,61.04127502441406,31.35117530822754,31.210086822509766,61.70525360107422,57.25536346435547,62.346351623535156,19.98743438720703,57.17063522338867,23.299999237060547,87.94325256347656
2017-07-10,192.4513702392578,60.67559814453125,31.404600143432617,31.43295669555664,61.73562240600586,57.26290512084961,62.42510986328125,19.98011589050293,56.64772415161133,23.34000015258789,87.95122528076172
2017-07-11,192.30441284179688,60.81489944458008,31.503803253173828,31.655832290649414,61.79629898071289,57.391361236572266,62.5109748840332,20.03862190246582,56.58498764038086,23.3799991607666,87.96713256835938
2017-07-12,193.74847412109375,61.276336669921875,31.78618049621582,32.255279541015625,61.94044876098633,57.72386932373047,62.69715118408203,20.097131729125977,57.28218460083008,23.459999084472656,87.97514343261719
2017-07-13,194.0769805908203,61.424346923828125,31.877756118774414,32.347503662109375,61.91768264770508,57.429161071777344,62.64704895019531,20.078845977783203,57.372825622558594,23.420000076293945,87.96713256835938
2017-07-14,194.95895385742188,61.5810661315918,32.10670852661133,32.677982330322266,61.94044876098633,57.4820671081543,62.783077239990234,20.10079002380371,57.923606872558594,23.6200008392334,87.99108123779297
2017-07-17,194.9849395751953,61.737789154052734,32.05329513549805,32.50890350341797,62.02385711669922,57.640716552734375,62.797401428222656,20.13735580444336,58.39072799682617,23.719999313354492,87.99108123779297
2017-07-18,195.13192749023438,61.546241760253906,32.121978759765625,32.56270217895508,62.16803741455078,58.16213607788086,62.99781799316406,20.195858001708984,58.2652473449707,23.899999618530273,87.98314666748047
2017-07-19,196.1608428955078,62.25148391723633,32.27461242675781,32.87779235839844,62.17561721801758,58.13188934326172,62.954898834228516,20.210487365722656,58.704498291015625,23.860000610351562,87.98314666748047
2017-07-20,196.22140502929688,62.33853530883789,32.3814582824707,32.80863571166992,62.21357345581055,58.27547073364258,63.012123107910156,20.1556396484375,58.432559967041016,23.899999618530273,87.99108123779297
2017-07-21,196.0830841064453,62.033809661865234,32.29749298095703,32.73945999145508,62.28179168701172,58.524837493896484,63.14814758300781,20.188547134399414,58.39072799682617,24.1200008392334,87.98314666748047
2017-07-24,196.01394653320312,62.04250717163086,32.2364501953125,32.862422943115234,62.25145721435547,58.313270568847656,63.083717346191406,20.18489646911621,58.27918243408203,24.15999984741211,87.99108123779297
2017-07-25,196.4808349609375,62.62586212158203,32.25934982299805,32.80863571166992,62.01631164550781,57.648292541503906,62.825984954833984,20.10810089111328,58.35586166381836,24.059999465942383,87.95122528076172
2017-07-26,196.5413818359375,62.19924545288086,32.46540069580078,33.046871185302734,62.16803741455078,57.73142623901367,63.06226348876953,20.166606903076172,58.76026916503906,24.239999771118164,87.99108123779297
2017-07-27,196.30792236328125,61.911922454833984,32.343299865722656,32.87779235839844,62.09214401245117,57.43672180175781,62.96206283569336,20.1556396484375,58.829986572265625,24.219999313354492,87.99108123779297
2017-07-28,196.0830841064453,61.816162109375,32.37381362915039,33.000755310058594,62.205955505371094,57.7994270324707,63.076576232910156,20.195858001708984,58.66960906982422,24.420000076293945,88.0070571899414
2017-07-31,195.97067260742188,61.65073013305664,32.442501068115234,33.05455017089844,62.198368072509766,57.7994270324707,63.09088897705078,20.203174591064453,58.74631118774414,24.440000534057617,88.02301788330078
2017-08-01,196.41163635253906,61.833553314208984,32.625675201416016,33.19289016723633,62.45128631591797,58.17355728149414,63.230140686035156,20.22295570373535,59.011253356933594,24.420000076293945,88.01261138916016
2017-08-02,196.52406311035156,61.03254318237305,32.610408782958984,33.269744873046875,62.413150787353516,58.23417663574219,63.17273712158203,20.204647064208984,58.47441101074219,24.34000015258789,88.02058410644531
2017-08-03,196.17820739746094,60.8236083984375,32.564613342285156,33.14678955078125,62.542694091796875,58.80975341796875,63.24448776245117,20.263227462768555,58.35586166381836,24.399999618530273,88.03655242919922
2017-08-04,196.5067596435547,61.06737518310547,32.610408782958984,33.231327056884766,62.44363784790039,58.302310943603516,63.10093688964844,20.230276107788086,58.55107498168945,24.219999313354492,88.0285873413086
2017-08-07,196.82669067382812,61.00643539428711,32.63330078125,33.49262619018555,62.46654510498047,58.370479583740234,63.151180267333984,20.25958251953125,58.48834228515625,24.200000762939453,88.0285873413086
2017-08-08,196.4375762939453,60.84103012084961,32.46540069580078,33.446510314941406,62.382720947265625,58.188697814941406,63.02197265625,20.263227462768555,58.20946502685547,24.239999771118164,88.0445785522461
2017-08-09,196.3251953125,60.327308654785156,32.3814582824707,33.262054443359375,62.4284553527832,58.499244689941406,63.02197265625,20.30352783203125,58.01425552368164,24.520000457763672,88.01261138916016
2017-08-10,193.62738037109375,59.395729064941406,31.915916442871094,32.49353790283203,62.519832611083984,59.00666427612305,63.014801025390625,20.347463607788086,57.59592819213867,24.719999313354492,88.02058410644531
2017-08-11,193.8867950439453,59.37833023071289,31.908279418945312,32.59344482421875,62.57318115234375,58.938507080078125,63.10093688964844,20.33281707763672,57.24036407470703,24.81999969482422,88.03655242919922
2017-08-14,195.78909301757812,60.257686614990234,32.129608154296875,32.87779235839844,62.52744674682617,58.68861389160156,63.06504821777344,20.263227462768555,58.19554138183594,24.639999389648438,88.05253601074219
2017-08-15,195.806396484375,59.66563415527344,32.099082946777344,32.85474395751953,62.42079544067383,58.43864440917969,62.95018768310547,20.21562957763672,58.02122116088867,24.459999084472656,88.05253601074219
2017-08-16,196.11764526367188,59.74399948120117,32.29749298095703,33.2543830871582,62.51224136352539,58.64313888549805,63.17273712158203,20.25225067138672,58.25128936767578,24.65999984741211,88.06847381591797
2017-08-17,193.0653533935547,58.58603286743164,31.93117904663086,32.83168411254883,62.62644958496094,59.03697967529297,63.208595275878906,20.30352783203125,57.88874435424805,24.780000686645508,88.06050109863281
2017-08-18,192.71084594726562,58.481563568115234,32.02275848388672,33.06992721557617,62.596038818359375,59.05970001220703,63.17273712158203,20.28154182434082,57.303096771240234,24.739999771118164,88.07644653320312
2017-08-21,192.94427490234375,58.40320587158203,32.030391693115234,33.15446853637695,62.62644958496094,59.180904388427734,63.208595275878906,20.288867950439453,57.9166259765625,24.81999969482422,88.07644653320312
2017-08-22,194.8983917236328,58.9691047668457,32.19065856933594,33.446510314941406,62.55032730102539,59.00666427612305,63.151180267333984,20.277883529663086,57.749305725097656,24.719999313354492,88.06050109863281
2017-08-23,194.23268127441406,58.812416076660156,32.2059326171875,33.607906341552734,62.733116149902344,59.339927673339844,63.352176666259766,20.336477279663086,58.341915130615234,24.799999237060547,88.07644653320312
2017-08-24,193.78302001953125,58.8907470703125,32.16776657104492,33.68476486206055,62.64174270629883,59.13545227050781,63.24448776245117,20.29252815246582,58.16067123413086,24.719999313354492,88.07644653320312
2017-08-25,194.2067413330078,59.1780891418457,32.358558654785156,33.969112396240234,62.71791076660156,59.33232879638672,63.373687744140625,20.30352783203125,58.439544677734375,24.84000015258789,88.08444213867188
2017-08-28,194.27586364746094,59.23902130126953,32.358558654785156,33.96142578125,62.74836730957031,59.355064392089844,63.4167594909668,20.33281707763672,57.99330139160156,25.200000762939453,88.08444213867188
2017-08-29,194.4228973388672,59.22161865234375,32.22119140625,33.89225387573242,62.81690979003906,59.54438400268555,63.47416305541992,20.365779876708984,57.93059158325195,25.15999984741211,88.0924301147461
2017-08-30,195.3913116455078,59.55246353149414,32.17539596557617,33.930694580078125,62.80931091308594,59.47627639770508,63.49570846557617,20.362112045288086,58.258262634277344,25.15999984741211,88.10041809082031
2017-08-31,196.5413818359375,60.13578796386719,32.450130462646484,34.045955657958984,62.86261749267578,59.69587326049805,63.57466506958008,20.413393020629883,58.592933654785156,25.440000534057617,88.08444213867188
2017-09-01,196.8786163330078,60.562408447265625,32.51119613647461,34.291900634765625,62.75883102416992,59.259483337402344,63.4415283203125,20.383686065673828,58.79511260986328,25.5,88.07166290283203
2017-09-05,195.42591857910156,59.93553161621094,32.27461242675781,34.03059387207031,63.018375396728516,60.147464752197266,63.758174896240234,20.490022659301758,58.63474655151367,25.780000686645508,88.1036148071289
2017-09-06,196.10899353027344,60.118385314941406,32.51119613647461,34.27653884887695,62.91152572631836,59.730072021484375,63.599876403808594,20.47169303894043,58.78815460205078,25.65999984741211,88.07166290283203
2017-09-07,196.06576538085938,59.94424057006836,32.77830505371094,34.445613861083984,63.109981536865234,60.28410339355469,63.8229866027832,20.54502296447754,59.164634704589844,25.920000076293945,88.11158752441406
2017-09-08,195.7631378173828,60.031341552734375,32.770660400390625,34.222740173339844,63.041297912597656,60.25371170043945,63.69341278076172,20.563358306884766,59.213436126708984,25.899999618530273,88.1036148071289
2017-09-11,197.89891052246094,60.67559814453125,33.014892578125,34.622371673583984,62.850460052490234,59.59344482421875,63.477481842041016,20.493684768676758,59.75725555419922,25.520000457763672,88.11956024169922
2017-09-12,198.6251983642578,61.119632720947266,33.08356857299805,34.560890197753906,62.75883102416992,59.25187683105469,63.4415283203125,20.45701789855957,59.053070068359375,25.600000381469727,88.09563446044922
2017-09-13,198.74627685546875,61.31989288330078,32.93094253540039,34.33031463623047,62.682472229003906,59.03937911987305,63.35517501831055,20.427688598632812,58.89970397949219,25.420000076293945,88.09563446044922
2017-09-14,198.67709350585938,61.29375076293945,33.02251052856445,34.39948272705078,62.720672607421875,59.27467346191406,63.36235809326172,20.449697494506836,59.387733459472656,25.520000457763672,88.1036148071289
2017-09-15,198.95382690429688,61.62459182739258,33.037784576416016,34.630062103271484,62.7282829284668,59.28983688354492,63.37675857543945,20.44601821899414,59.499290466308594,25.399999618530273,88.11158752441406
2017-09-18,199.29969787597656,62.11216354370117,33.091209411621094,34.59930419921875,62.682472229003906,58.963523864746094,63.3048210144043,20.43868637084961,59.178558349609375,25.139999389648438,88.08766174316406
2017-09-19,199.54180908203125,61.98157501220703,33.251468658447266,34.630062103271484,62.63665771484375,58.81929016113281,63.34797286987305,20.405685424804688,58.78815460205078,25.200000762939453,88.08766174316406
2017-09-20,199.65130615234375,62.207942962646484,33.16640090942383,34.530548095703125,62.58327102661133,58.849674224853516,63.24001693725586,20.35434341430664,58.62777328491211,25.0,88.11158752441406
2017-09-21,199.0863494873047,62.24274826049805,33.112770080566406,34.561641693115234,62.56798553466797,58.811710357666016,63.20400619506836,20.303014755249023,58.5162353515625,24.81999969482422,88.11158752441406
2017-09-22,199.06028747558594,62.64326477050781,33.189388275146484,34.351688385009766,62.6290168762207,58.99385452270508,63.32636642456055,20.35434341430664,58.10347366333008,24.940000534057617,88.11956024169922
2017-09-25,198.76478576660156,62.83478546142578,33.043800354003906,33.71409606933594,62.76647186279297,59.365753173828125,63.484683990478516,20.413022994995117,58.44156265258789,25.200000762939453,88.11158752441406
2017-09-26,198.8343048095703,63.15446090698242,32.921180725097656,33.706336975097656,62.735897064208984,59.25187683105469,63.470314025878906,20.39101791381836,58.540184020996094,24.920000076293945,88.13552856445312
2017-09-27,199.60781860351562,64.44708251953125,32.967166900634766,33.51972198486328,62.54505920410156,58.43982696533203,63.29042053222656,20.32868766784668,58.01190948486328,24.65999984741211,88.12757873535156
2017-09-28,199.842529296875,64.62174987792969,33.07444763183594,33.535274505615234,62.56034851074219,58.25767135620117,63.36235809326172,20.325016021728516,58.40635299682617,24.719999313354492,88.13552856445312
2017-09-29,200.55514526367188,64.8226318359375,33.26603317260742,33.87739181518555,62.56798553466797,58.35633087158203,63.34079360961914,20.262678146362305,58.52609634399414,24.6200008392334,88.1515121459961
2017-10-02,201.39817810058594,65.70472717285156,33.22771072387695,33.90850067138672,62.54344940185547,58.23080062866211,63.32421875,20.239912033081055,58.44156265258789,24.420000076293945,88.15472412109375
2017-10-03,201.80670166015625,65.85323333740234,33.357975006103516,34.375022888183594,62.57406997680664,58.30686569213867,63.43965148925781,20.2656192779541,58.35706329345703,24.440000534057617,88.15472412109375
2017-10-04,202.08477783203125,65.56501770019531,33.29668045043945,34.41389846801758,62.57406997680664,58.32209396362305,63.50459289550781,20.28765869140625,58.65287780761719,24.5,88.1467056274414
2017-10-05,203.28414916992188,65.70472717285156,33.26603317260742,34.6316032409668,62.5281867980957,58.13191223144531,63.410762786865234,20.27297019958496,58.864200592041016,24.3799991607666,88.13872528076172
2017-10-06,203.0928955078125,65.5912094116211,33.22771072387695,34.49943161010742,62.459346771240234,57.98740768432617,63.345802307128906,20.24725914001465,58.67402267456055,24.479999542236328,88.13872528076172
2017-10-09,202.7366180419922,65.2855453491211,33.243045806884766,34.3828010559082,62.52054977416992,58.109100341796875,63.4179801940918,20.258281707763672,58.81489181518555,24.700000762939453,88.15472412109375
2017-10-10,203.2493896484375,65.44274139404297,33.549564361572266,34.71713638305664,62.55113220214844,58.20039367675781,63.4612922668457,20.291324615478516,58.99097442626953,24.780000686645508,88.13872528076172
2017-10-11,203.57968139648438,65.25059509277344,33.66451644897461,34.81821823120117,62.58172607421875,58.32969665527344,63.48295211791992,20.317047119140625,59.188201904296875,24.860000610351562,88.16273498535156
2017-10-12,203.26681518554688,65.1719741821289,33.66451644897461,34.81821823120117,62.6352424621582,58.5731086730957,63.46852111816406,20.361116409301758,59.56853485107422,24.860000610351562,88.17070770263672
2017-10-13,203.49270629882812,65.14576721191406,33.83310317993164,35.12923049926758,62.76531982421875,58.96869659423828,63.670562744140625,20.361116409301758,59.72352981567383,25.079999923706055,88.17070770263672
2017-10-16,203.81431579589844,65.04096984863281,33.802452087402344,35.09813690185547,62.70412063598633,58.89261245727539,63.57669448852539,20.32070541381836,59.42769241333008,24.899999618530273,88.17070770263672
2017-10-17,203.94471740722656,64.88377380371094,33.72581481933594,34.92707824707031,62.711822509765625,59.00672149658203,63.620052337646484,20.3060245513916,59.49814224243164,24.719999313354492,88.17070770263672
2017-10-18,204.12716674804688,65.31172943115234,33.78713607788086,34.95817565917969,62.612308502197266,58.61117172241211,63.511844635009766,20.280317306518555,59.43474578857422,24.6200008392334,88.18667602539062
2017-10-19,204.23147583007812,65.1719741821289,33.72581481933594,34.70158767700195,62.642921447753906,58.71770095825195,63.58393478393555,20.295005798339844,59.258628845214844,24.780000686645508,88.19464111328125
2017-10-20,205.2483673095703,65.48641967773438,33.67983627319336,34.8415412902832,62.48994445800781,58.14715576171875,63.410762786865234,20.23623275756836,58.9205207824707,24.600000381469727,88.18667602539062
2017-10-23,204.50091552734375,65.16325378417969,33.59555435180664,34.530548095703125,62.54344940185547,58.22319412231445,63.48295211791992,20.26195526123047,58.69513702392578,24.65999984741211,88.17870330810547
2017-10-24,204.78770446777344,65.34664154052734,33.672176361083984,34.62382888793945,62.43638229370117,57.92652130126953,63.37467575073242,20.210529327392578,58.342960357666016,24.540000915527344,88.17870330810547
2017-10-25,203.8056640625,65.00607299804688,33.53423309326172,34.54608154296875,62.38285827636719,57.652645111083984,63.25920867919922,20.210529327392578,58.17390823364258,24.579999923706055,88.17070770263672
2017-10-26,203.99684143066406,65.31172943115234,33.49592971801758,34.36723709106445,62.30632019042969,57.462486267089844,63.237586975097656,20.181142807006836,57.6949577331543,24.360000610351562,88.17870330810547
2017-10-27,205.73507690429688,65.66109466552734,33.626190185546875,34.78711700439453,62.44404602050781,57.78959274291992,63.38907241821289,20.239912033081055,57.95554733276367,24.459999084472656,88.17070770263672
2017-10-30,204.98764038085938,64.73529052734375,33.70284652709961,34.507198333740234,62.589385986328125,58.33730697631836,63.52623748779297,20.32070541381836,57.90625,24.520000457763672,88.18667602539062
2017-10-31,205.22225952148438,65.38159942626953,33.85609817504883,34.70158767700195,62.55113220214844,58.31449890136719,63.46852111816406,20.317047119140625,57.899200439453125,24.420000076293945,88.18667602539062
2017-11-01,205.57859802246094,64.9187240600586,33.93273162841797,34.78711700439453,62.5917854309082,58.55838394165039,63.480812072753906,20.318511962890625,58.180931091308594,24.5,88.18668365478516
2017-11-02,205.66549682617188,64.99730682373047,34.001705169677734,34.895965576171875,62.65308380126953,58.817543029785156,63.51697540283203,20.370044708251953,58.67402267456055,24.540000915527344,88.19464874267578
2017-11-03,206.3520965576172,64.57810974121094,33.97105407714844,34.69382095336914,62.706783294677734,58.985172271728516,63.524234771728516,20.373720169067383,58.52609634399414,24.420000076293945,88.19464874267578
2017-11-06,206.66500854492188,64.71781921386719,34.03235626220703,35.02814483642578,62.75273132324219,59.19861602783203,63.56763458251953,20.414215087890625,58.9205207824707,24.6200008392334,88.19464874267578
2017-11-07,206.5780487060547,64.01914978027344,33.91739273071289,34.81044387817383,62.775753021240234,59.38151550292969,63.56036376953125,20.43630027770996,59.39952087402344,24.520000457763672,88.18668365478516
2017-11-08,206.88226318359375,64.30734252929688,34.06300354003906,34.934844970703125,62.72975540161133,59.23671340942383,63.46638870239258,20.43630027770996,59.69536209106445,24.6200008392334,88.18668365478516
2017-11-09,206.13485717773438,64.0103759765625,33.83310317993164,34.80265426635742,62.668426513671875,59.122413635253906,63.40846252441406,20.432615280151367,59.75873947143555,24.700000762939453,88.19464874267578
2017-11-10,206.0131378173828,64.06277465820312,33.748817443847656,34.67048645019531,62.41543197631836,58.306880950927734,63.13351821899414,20.336910247802734,59.8221321105957,24.520000457763672,88.19464874267578
2017-11-13,206.2565460205078,64.17632293701172,33.61853790283203,34.600502014160156,62.42314529418945,58.42881774902344,63.09006881713867,20.336910247802734,60.12501525878906,24.559999465942383,88.20269012451172
2017-11-14,205.75244140625,64.15885162353516,33.587894439697266,34.36723709106445,62.49981689453125,58.74131774902344,63.11900329589844,20.36267852783203,59.998226165771484,24.6200008392334,88.20269012451172
2017-11-15,204.70077514648438,63.80949783325195,33.42695617675781,34.087337493896484,62.645408630371094,59.37392807006836,63.24203109741211,20.414215087890625,59.39248275756836,24.559999465942383,88.21066284179688
2017-11-16,206.4476776123047,64.90123748779297,33.748817443847656,34.69382095336914,62.56111145019531,58.848026275634766,63.22032165527344,20.381078720092773,59.88553237915039,24.579999923706055,88.19464874267578
2017-11-17,205.8914794921875,65.18074035644531,33.61853790283203,34.88819885253906,62.62242889404297,59.30530548095703,63.27821731567383,20.406850814819336,59.62490463256836,24.860000610351562,88.20269012451172
2017-11-20,206.16094970703125,65.67854309082031,33.67983627319336,35.03592300415039,62.58405303955078,59.2519645690918,63.234737396240234,20.3847713470459,59.44881057739258,24.559999465942383,88.20269012451172
2017-11-21,207.53408813476562,66.56941223144531,33.94039535522461,35.471351623535156,62.637752532958984,59.404388427734375,63.328853607177734,20.373720169067383,59.89256286621094,24.600000381469727,88.21066284179688
2017-11-22,207.38633728027344,66.42967224121094,34.05533981323242,35.58798599243164,62.768070220947266,59.610191345214844,63.509735107421875,20.43997573852539,59.75873947143555,24.84000015258789,88.21866607666016
2017-11-24,207.82090759277344,66.47332000732422,34.26991653442383,35.45579528808594,62.75273132324219,59.450130462646484,63.51697540283203,20.42526626586914,59.8361930847168,24.760000228881836,88.22669219970703
2017-11-27,207.76004028320312,66.15021514892578,34.05533981323242,35.09035110473633,62.72975540161133,59.36625671386719,63.509735107421875,20.417892456054688,59.554466247558594,24.8799991607666,88.23468017578125
2017-11-28,209.8198699951172,67.27685546875,34.22392654418945,35.30028533935547,62.72975540161133,59.46537780761719,63.545921325683594,20.417892456054688,59.329078674316406,24.860000610351562,88.23468017578125
2017-11-29,209.74159240722656,67.68733215332031,34.07832717895508,34.81044387817383,62.57646179199219,58.90134811401367,63.39394760131836,20.3590030670166,59.35020446777344,24.700000762939453,88.23468017578125
2017-11-30,211.49717712402344,67.66986846923828,34.147300720214844,34.5849609375,62.484458923339844,58.710819244384766,63.3071403503418,20.340599060058594,59.441768646240234,24.5,88.23468017578125
2017-12-01,211.1061553955078,67.26810455322266,34.04768371582031,34.2505989074707,62.65191650390625,59.467044830322266,63.41455841064453,20.426584243774414,59.582645416259766,24.600000381469727,88.24346923828125
2017-12-04,210.88015747070312,67.30304718017578,33.90974426269531,34.36723709106445,62.65956497192383,59.467044830322266,63.39274978637695,20.445035934448242,59.28681182861328,24.540000915527344,88.2354736328125
2017-12-05,210.13272094726562,66.59558868408203,33.86376190185547,34.31281280517578,62.736385345458984,59.764949798583984,63.49433898925781,20.452411651611328,58.79377746582031,24.34000015258789,88.24346923828125
2017-12-06,210.1240692138672,66.30736541748047,33.71050262451172,33.88516616821289,62.8055305480957,59.955909729003906,63.588680267333984,20.470863342285156,58.737403869628906,24.299999237060547,88.24346923828125
2017-12-07,210.81936645507812,66.63929748535156,33.810123443603516,33.93182373046875,62.7210578918457,59.528167724609375,63.50883865356445,20.445035934448242,58.88530349731445,23.979999542236328,88.25149536132812
2017-12-08,211.9665069580078,66.59558868408203,34.001705169677734,34.320594787597656,62.698001861572266,59.55869674682617,63.47980880737305,20.4339656829834,59.188201904296875,23.979999542236328,88.26748657226562
2017-12-11,212.65313720703125,66.41218566894531,34.0706787109375,34.54608154296875,62.65191650390625,59.39828109741211,63.46531677246094,20.42289161682129,59.181156158447266,23.8799991607666,88.26748657226562
2017-12-12,213.0181427001953,66.25501251220703,34.09365463256836,34.29726791381836,62.644229888916016,59.375389099121094,63.42179489135742,20.4339656829834,59.469940185546875,23.920000076293945,88.24346923828125
2017-12-13,212.9659881591797,66.58686828613281,34.2392578125,34.67048645019531,62.820919036865234,59.79554748535156,63.63946533203125,20.459796905517578,59.56853485107422,24.1200008392334,88.25149536132812
2017-12-14,212.1229705810547,65.82704162597656,34.07832717895508,34.45277786254883,62.84394454956055,60.04756164550781,63.61040115356445,20.467180252075195,59.554466247558594,24.079999923706055,88.25942993164062
2017-12-15,213.90463256835938,66.92748260498047,34.05533981323242,34.54608154296875,62.85160827636719,60.238555908203125,63.595916748046875,20.46348762512207,59.927799224853516,24.1200008392334,88.26748657226562
2017-12-18,215.23435974121094,67.89694213867188,34.438514709472656,34.90373992919922,62.751766204833984,59.726741790771484,63.51612091064453,20.42289161682129,60.32221984863281,24.219999313354492,88.25149536132812
2017-12-19,214.45216369628906,67.2878646850586,34.33121871948242,34.81044387817383,62.55975341796875,59.01638412475586,63.283912658691406,20.371225357055664,59.040287017822266,24.239999771118164,88.25942993164062
2017-12-20,214.28701782226562,67.43684387207031,34.30821990966797,34.857086181640625,62.43683624267578,58.3517951965332,63.21861267089844,20.31217384338379,58.35706329345703,24.299999237060547,88.26748657226562
2017-12-21,214.72158813476562,67.7085189819336,34.41810607910156,35.20240020751953,62.4752082824707,58.64973068237305,63.262142181396484,20.36385154724121,58.13099670410156,24.360000610351562,88.27708435058594
2017-12-22,214.67816162109375,67.53324890136719,34.50321960449219,35.49146270751953,62.505950927734375,58.77193069458008,63.269432067871094,20.378610610961914,58.53158187866211,24.5,88.27708435058594
2017-12-26,214.4283905029297,67.5946044921875,34.51095962524414,35.530513763427734,62.5683479309082,58.92965316772461,63.34510803222656,20.38967514038086,58.824851989746094,24.639999389648438,88.28511047363281
2017-12-27,214.5506134033203,67.51573181152344,34.59608459472656,35.522705078125,62.76088333129883,59.641727447509766,63.5852165222168,20.481565475463867,59.01795196533203,24.760000228881836,88.27708435058594
2017-12-28,214.952392578125,67.78738403320312,34.70439910888672,35.694580078125,62.72235870361328,59.60348892211914,63.541561126708984,20.485275268554688,59.33269500732422,24.8799991607666,88.3091049194336
2017-12-29,214.21005249023438,67.31419372558594,34.7121467590332,35.86646270751953,62.822486877441406,59.726009368896484,63.592498779296875,20.53714370727539,59.35415267944336,25.020000457763672,88.3091049194336
2018-01-02,215.78201293945312,67.82244110107422,35.013919830322266,36.48360824584961,62.645355224609375,59.09811782836914,63.43240737915039,20.485275268554688,59.132415771484375,25.34000015258789,88.30113220214844
2018-01-03,217.06576538085938,67.7611083984375,35.230587005615234,36.835174560546875,62.69926452636719,59.335487365722656,63.48335266113281,20.50379180908203,58.96074676513672,25.280000686645508,88.30113220214844
2018-01-04,218.0176544189453,67.94515228271484,35.54783248901367,37.06174087524414,62.66847229003906,59.366127014160156,63.468807220458984,20.511205673217773,57.9450569152832,25.420000076293945,88.31713104248047
2018-01-05,219.4149169921875,68.2343521118164,35.71807098388672,37.389862060546875,62.58372116088867,59.1746826171875,63.42515182495117,20.50379180908203,57.97367477416992,25.3799991607666,88.31713104248047
2018-01-08,219.86898803710938,68.33953094482422,35.70260238647461,37.39765930175781,62.591453552246094,59.11345672607422,63.40327072143555,20.481565475463867,58.274070739746094,25.3799991607666,88.31713104248047
2018-01-09,220.33187866210938,68.26942443847656,35.73355484008789,37.389862060546875,62.40662384033203,58.34008026123047,63.228694915771484,20.414865493774414,57.52301788330078,25.260000228881836,88.31713104248047
2018-01-10,219.95632934570312,68.15546417236328,35.64069366455078,37.22580337524414,62.41429138183594,58.31710433959961,63.2868766784668,20.407470703125,56.87928009033203,25.31999969482422,88.3091049194336
2018-01-11,221.58065795898438,69.40868377685547,35.87282180786133,37.46798324584961,62.41429138183594,58.53150177001953,63.31602478027344,20.388933181762695,56.68614196777344,25.3799991607666,88.31713104248047
2018-01-12,223.04782104492188,69.72417449951172,36.21330642700195,37.86641311645508,62.40662384033203,58.638694763183594,63.29414749145508,20.407470703125,56.228370666503906,25.719999313354492,88.32516479492188
2018-01-16,222.2356414794922,69.03182983398438,36.17460250854492,37.67890548706055,62.45280456542969,58.86076354980469,63.2868766784668,20.429689407348633,56.33566665649414,25.719999313354492,88.33311462402344
2018-01-17,224.38392639160156,69.72417449951172,36.3680534362793,38.210147857666016,62.383514404296875,58.75352478027344,63.15587615966797,20.422286987304688,56.729061126708984,25.540000915527344,88.34119415283203
2018-01-18,224.07827758789062,69.15454864501953,36.282936096191406,38.27265548706055,62.26028060913086,58.21757507324219,63.01035690307617,20.40375328063965,55.999473571777344,25.5,88.34918975830078
2018-01-19,225.03016662597656,70.16234588623047,36.4454231262207,38.63200759887695,62.12934875488281,57.92658615112305,62.86481475830078,20.37040901184082,56.299888610839844,25.559999465942383,88.34918975830078
2018-01-22,226.8378448486328,70.33763885498047,36.63888168334961,38.944496154785156,62.083106994628906,57.980159759521484,62.85752868652344,20.351890563964844,56.81488800048828,25.6200008392334,88.35717010498047
2018-01-23,227.35313415527344,70.40778350830078,36.75495529174805,39.08512878417969,62.24485397338867,58.21757507324219,63.03946304321289,20.396345138549805,57.60171890258789,25.760000228881836,88.34918975830078
2018-01-24,227.23965454101562,69.99586486816406,36.87101745605469,39.44449996948242,62.175540924072266,57.90359878540039,62.973995208740234,20.385231018066406,57.30130386352539,26.100000381469727,88.36519622802734
2018-01-25,227.34442138671875,70.18865966796875,36.73945999145508,39.30386734008789,62.34499740600586,58.37070083618164,63.15587615966797,20.414865493774414,57.20113754272461,25.8799991607666,88.37321472167969
2018-01-26,229.9904022216797,70.42529296875,37.04898452758789,39.82730484008789,62.22944641113281,58.102699279785156,63.04673385620117,20.388933181762695,57.00088119506836,25.940000534057617,88.38124084472656
2018-01-29,228.4010467529297,70.03092193603516,36.70851516723633,39.20231628417969,62.14474105834961,57.8882942199707,62.893951416015625,20.355588912963867,56.23551559448242,25.760000228881836,88.38124084472656
2018-01-30,225.96458435058594,69.38238525390625,36.42995834350586,38.70232391357422,62.02922439575195,57.52077865600586,62.77748107910156,20.30002212524414,55.82780838012695,25.65999984741211,88.38124084472656
2018-01-31,226.1741180419922,69.00555419921875,36.36030960083008,38.93669128417969,62.04461669921875,57.819393157958984,62.85752868652344,20.351890563964844,56.82919692993164,25.84000015258789,88.42127990722656
2018-02-01,225.94717407226562,69.29475402832031,36.45317459106445,38.569515228271484,61.87250900268555,57.02130126953125,62.60658645629883,20.251846313476562,55.6060791015625,25.940000534057617,88.3812026977539
2018-02-02,221.1090545654297,67.91886901855469,35.663909912109375,37.70233917236328,61.687255859375,56.4611930847168,62.43144989013672,20.225914001464844,55.133995056152344,25.600000381469727,88.39723205566406
2018-02-05,212.02679443359375,65.24592590332031,34.20917892456055,36.49142074584961,61.9574089050293,57.036678314208984,62.65764617919922,20.303722381591797,53.49598693847656,25.700000762939453,88.4212875366211
2018-02-06,215.94796752929688,66.06094360351562,34.874637603759766,37.39765930175781,61.7567024230957,56.583946228027344,62.43144989013672,20.222200393676758,53.50315856933594,25.3799991607666,88.39723205566406
2018-02-07,214.76898193359375,66.09602355957031,34.40264129638672,36.33517837524414,61.617794036865234,56.077518463134766,62.30742263793945,20.166624069213867,53.27424240112305,25.239999771118164,88.39723205566406
2018-02-08,206.7870330810547,64.28189849853516,33.55147171020508,35.124271392822266,61.57147216796875,56.03144073486328,62.16153335571289,20.1555118560791,51.743534088134766,25.299999237060547,88.40526580810547
2018-02-09,209.97457885742188,64.9742431640625,33.78359603881836,35.655513763427734,61.41710662841797,55.68614959716797,62.037479400634766,20.088823318481445,53.0382080078125,25.260000228881836,88.39723205566406
2018-02-12,212.85650634765625,65.60523223876953,34.23239517211914,36.1476936340332,61.43252182006836,55.977760314941406,62.001007080078125,20.09624481201172,53.05966567993164,25.360000610351562,88.39723205566406
2018-02-13,213.57257080078125,65.64904022216797,34.10085678100586,36.42893600463867,61.486568450927734,56.14658737182617,61.98643493652344,20.118478775024414,53.431602478027344,25.520000457763672,88.3812026977539
2018-02-14,216.3671112060547,66.85841369628906,34.774044036865234,37.178916931152344,61.28585433959961,55.59410858154297,61.77483367919922,20.081432342529297,53.04536056518555,25.959999084472656,88.3812026977539
2018-02-15,219.17039489746094,67.53324890136719,34.998451232910156,37.87421417236328,61.34765625,55.80894088745117,61.90614700317383,20.103652954101562,53.56036376953125,25.979999542236328,88.39723205566406
2018-02-16,219.14419555664062,67.76985931396484,35.122257232666016,37.73359680175781,61.47886276245117,56.06217956542969,62.037479400634766,20.122169494628906,53.85364532470703,25.899999618530273,88.41328430175781
2018-02-20,217.81678771972656,67.18270111083984,34.76631546020508,37.39765930175781,61.41710662841797,55.86265182495117,61.90614700317383,20.092538833618164,53.2170295715332,25.540000915527344,88.40526580810547
2018-02-21,216.6727752685547,67.33168029785156,34.63477325439453,37.350791931152344,61.185523986816406,55.17204284667969,61.69456481933594,20.06289291381836,52.16556167602539,25.420000076293945,88.4212875366211
2018-02-22,216.9347381591797,67.27912902832031,34.78177261352539,37.39765930175781,61.262752532958984,55.31011962890625,61.78208923339844,20.059179306030273,52.759239196777344,25.579999923706055,88.4212875366211
2018-02-23,220.49777221679688,68.14672088623047,35.1300048828125,38.00702667236328,61.4247932434082,55.778255462646484,61.98643493652344,20.144405364990234,53.603275299072266,25.540000915527344,88.42927551269531
2018-02-26,223.03909301757812,68.6112060546875,35.408546447753906,38.366390228271484,61.4556884765625,55.83195114135742,62.08123779296875,20.174041748046875,53.75348663330078,25.579999923706055,88.4212875366211
2018-02-27,220.19210815429688,67.61213684082031,34.866905212402344,37.33517074584961,61.3244743347168,55.72453689575195,61.85505294799805,20.129587173461914,52.50174331665039,25.299999237060547,88.42927551269531
2018-02-28,217.74691772460938,66.3764419555664,34.50321960449219,36.85080337524414,61.401676177978516,56.077518463134766,61.898860931396484,20.166624069213867,52.46598434448242,25.31999969482422,88.42927551269531
2018-03-01,214.873779296875,66.10477447509766,34.054420471191406,36.842987060546875,61.506065368652344,56.48347091674805,61.94789505004883,20.222200393676758,52.516056060791016,25.239999771118164,88.44854736328125
2018-03-02,216.0177764892578,67.19147491455078,34.15501403808594,36.936737060546875,61.39006042480469,55.99909973144531,61.80157470703125,20.174041748046875,52.49459457397461,25.360000610351562,88.4405517578125
2018-03-05,218.49795532226562,67.6822280883789,34.2943000793457,37.04611587524414,61.35136032104492,55.86839294433594,61.74306106567383,20.166624069213867,53.08827209472656,25.31999969482422,88.4405517578125
2018-03-06,219.0481414794922,68.49725341796875,34.58060836791992,37.15547561645508,61.374576568603516,55.90681838989258,61.80157470703125,20.17034339904785,53.3386116027832,25.600000381469727,88.44854736328125
2018-03-07,218.95205688476562,68.9968032836914,34.54191207885742,37.147682189941406,61.359092712402344,55.89143753051758,61.82352828979492,20.17034339904785,53.66765594482422,25.420000076293945,88.45655822753906
2018-03-08,219.97377014160156,68.89163970947266,34.64250564575195,37.171112060546875,61.4287109375,56.175941467285156,61.88935470581055,20.20368003845215,53.76778030395508,25.3799991607666,88.48067474365234
2018-03-09,223.78138732910156,69.94327545166016,34.89785385131836,37.83515548706055,61.35136032104492,55.82992172241211,61.74306106567383,20.15181541442871,54.06105422973633,25.399999618530273,88.48067474365234
2018-03-12,223.5630340576172,70.20619201660156,34.952022552490234,37.967960357666016,61.41328048706055,56.16053009033203,61.78693771362305,20.15922737121582,54.297088623046875,25.399999618530273,88.48067474365234
2018-03-13,222.08718872070312,69.97834777832031,34.735355377197266,37.600791931152344,61.4287109375,56.406585693359375,61.77233123779297,20.181459426879883,54.34718322753906,25.459999084472656,88.48870849609375
2018-03-14,220.91700744628906,69.64530944824219,34.789520263671875,37.647647857666016,61.56023025512695,56.89103317260742,61.86005401611328,20.23332405090332,54.39724349975586,25.440000534057617,88.48067474365234
2018-03-15,220.70741271972656,69.33857727050781,34.78177261352539,37.499237060546875,61.5679931640625,56.87561798095703,61.82352828979492,20.222200393676758,54.3829345703125,25.280000686645508,88.47261810302734
2018-03-16,220.93443298339844,69.85562896728516,34.735355377197266,37.382049560546875,61.513790130615234,56.614200592041016,61.867408752441406,20.19997787475586,54.762020111083984,25.219999313354492,88.4967269897461
2018-03-19,217.9827117919922,69.2421646118164,34.44905090332031,37.03049087524414,61.46741485595703,56.53732681274414,61.72111129760742,20.166624069213867,54.289939880371094,25.280000686645508,88.48870849609375
2018-03-20,218.36691284179688,69.22461700439453,34.480010986328125,37.350791931152344,61.39006042480469,56.28358459472656,61.56748580932617,20.15922737121582,54.103981018066406,25.15999984741211,88.48870849609375
2018-03-21,217.86044311523438,69.5226058959961,34.565120697021484,37.553916931152344,61.39006042480469,56.337371826171875,61.538230895996094,20.19997787475586,53.70341873168945,25.600000381469727,88.52079010009766
2018-03-22,212.4459991455078,68.08895111083984,33.930606842041016,36.36643981933594,61.49061965942383,56.88331604003906,61.63333511352539,20.237030029296875,53.38869857788086,25.5,88.4967269897461
2018-03-23,207.92237854003906,66.6209716796875,33.51278305053711,35.83519744873047,61.506065368652344,56.8679313659668,61.55287170410156,20.248140335083008,52.43737030029297,25.860000610351562,88.52880096435547
2018-03-26,213.64578247070312,68.12409973144531,34.11238479614258,36.91461181640625,61.46741485595703,56.65264129638672,61.5601921081543,20.225914001464844,53.033931732177734,25.979999542236328,88.52079010009766
2018-03-27,209.94363403320312,66.97257995605469,33.832767486572266,36.366676330566406,61.676246643066406,57.23698806762695,61.81618881225586,20.311138153076172,53.23615264892578,25.81999969482422,88.5528564453125
2018-03-28,209.35585021972656,67.06045532226562,33.99589157104492,36.116207122802734,61.66853332519531,57.36003112792969,61.867408752441406,20.303722381591797,54.57231140136719,25.459999084472656,88.53685760498047
2018-03-29,212.37368774414062,67.693359375,34.36868667602539,36.77371597290039,61.82320022583008,57.682945251464844,62.05756378173828,20.333370208740234,54.50729751586914,25.459999084472656,88.57695770263672
2018-04-02,207.46092224121094,66.14630889892578,33.8560791015625,36.233619689941406,61.815467834472656,57.75619125366211,62.05028533935547,20.365310668945312,53.7706184387207,25.780000686645508,88.57136535644531
2018-04-03,210.0927734375,67.13957214355469,34.120155334472656,36.58585739135742,61.74565505981445,57.324581146240234,61.89617156982422,20.331872940063477,54.22563552856445,25.579999923706055,88.57136535644531
2018-04-04,212.51409912109375,67.98345184326172,34.19781494140625,36.703269958496094,61.74565505981445,57.2166633605957,61.918148040771484,20.33930206298828,54.79618835449219,25.6200008392334,88.5793685913086
2018-04-05,214.0493621826172,68.7130126953125,34.45412063598633,36.78155517578125,61.66034698486328,56.8082275390625,61.91086959838867,20.283580780029297,54.7745361328125,25.479999542236328,88.58744049072266
2018-04-06,209.33831787109375,67.47360229492188,34.17452621459961,36.13186264038086,61.815467834472656,57.44021987915039,62.05754852294922,20.357885360717773,54.362850189208984,25.6200008392334,88.58744049072266
2018-04-09,210.1892852783203,67.29779815673828,34.46966552734375,36.10054397583008,61.87750244140625,57.494144439697266,62.094268798828125,20.372743606567383,54.189517974853516,25.68000030517578,88.60345458984375
2018-04-10,213.65452575683594,68.57239532470703,34.850250244140625,36.77371597290039,61.7689208984375,57.41709518432617,62.072288513183594,20.357885360717773,54.13173294067383,25.760000228881836,88.59544372558594
2018-04-11,212.52285766601562,68.68666076660156,34.687129974365234,36.82068634033203,61.815467834472656,57.60975646972656,62.12360763549805,20.40989875793457,54.24730682373047,25.940000534057617,88.60345458984375
2018-04-12,214.30377197265625,69.02949523925781,34.819183349609375,36.81285858154297,61.69914627075195,57.185855865478516,62.02822494506836,20.383882522583008,53.64060592651367,25.639999389648438,88.60345458984375
2018-04-13,213.7072296142578,68.78337860107422,34.850250244140625,36.42931365966797,61.74565505981445,57.31687545776367,62.020904541015625,20.387601852416992,53.922264099121094,25.81999969482422,88.61150360107422
2018-04-16,215.44419860839844,69.5481185913086,34.91237258911133,36.46061325073242,61.75341033935547,57.31687545776367,61.976844787597656,20.391321182250977,54.25450897216797,25.860000610351562,88.61150360107422
2018-04-17,217.7602996826172,70.2073974609375,35.09101104736328,36.491920471191406,61.77665710449219,57.47102355957031,62.013519287109375,20.421037673950195,54.89007568359375,25.8799991607666,88.61150360107422
2018-04-18,217.88308715820312,70.46227264404297,35.300724029541016,36.75023651123047,61.57505416870117,57.008609771728516,61.77138137817383,20.383882522583008,54.7745361328125,25.8799991607666,88.61150360107422
2018-04-19,216.68994140625,69.90850830078125,35.13761520385742,36.546722412109375,61.42776870727539,56.57700729370117,61.64668273925781,20.354164123535156,53.98005676269531,25.860000610351562,88.61955261230469
2018-04-20,214.93540954589844,69.49537658691406,34.96672821044922,36.116207122802734,61.272701263427734,56.1762580871582,61.47053527832031,20.27986717224121,53.48173141479492,25.639999389648438,88.62760162353516
2018-04-23,214.83889770507812,69.468994140625,34.927921295166016,35.8735466003418,61.24162673950195,56.20709228515625,61.404502868652344,20.283580780029297,53.438392639160156,25.440000534057617,88.62760162353516
2018-04-24,211.90875244140625,69.14376831054688,34.77256774902344,35.70917892456055,61.13310623168945,55.93735122680664,61.33847427368164,20.21299171447754,53.64060592651367,25.579999923706055,88.63561248779297
2018-04-25,212.45269775390625,69.02949523925781,34.69490432739258,35.44303894042969,61.04780578613281,55.59820556640625,61.22102737426758,20.198137283325195,53.539493560791016,25.3799991607666,88.63561248779297
2018-04-26,214.6371307373047,69.24925994873047,34.95120620727539,35.81093215942383,61.17185974121094,55.96817398071289,61.32376480102539,20.246429443359375,54.24007034301758,25.299999237060547,88.64360046386719
2018-04-27,214.865234375,69.02069854736328,34.990047454833984,35.99879455566406,61.26490783691406,56.35349655151367,61.4265251159668,20.294723510742188,55.17176818847656,25.420000076293945,88.65967559814453
2018-04-30,213.11065673828125,68.40538024902344,34.80363845825195,35.75614547729492,61.295921325683594,56.50765609741211,61.39714813232422,20.331872940063477,54.955074310302734,25.239999771118164,88.65967559814453
2018-05-01,213.56683349609375,68.70423889160156,34.77256774902344,35.552616119384766,61.20112991333008,56.266658782958984,61.29926300048828,20.275205612182617,55.45343017578125,25.059999465942383,88.670166015625
2018-05-02,212.11050415039062,68.87124633789062,34.72597122192383,35.31780242919922,61.2088623046875,56.21253967285156,61.32134246826172,20.286394119262695,55.25121307373047,25.059999465942383,88.670166015625
2018-05-03,211.6104736328125,68.44934844970703,34.795867919921875,35.20820999145508,61.263282775878906,56.45976257324219,61.29926300048828,20.31249237060547,55.215087890625,25.18000030517578,88.670166015625
2018-05-04,214.4178009033203,69.29318237304688,34.927921295166016,35.38042449951172,61.302127838134766,56.52154541015625,61.365535736083984,20.319944381713867,55.82176208496094,25.239999771118164,88.68621826171875
2018-05-07,215.08453369140625,69.82941436767578,34.92013931274414,35.2864875793457,61.271060943603516,56.45204162597656,61.3581657409668,20.32367515563965,56.19734191894531,25.239999771118164,88.69429779052734
2018-05-08,215.07577514648438,70.42711639404297,34.92013931274414,35.46652603149414,61.224403381347656,56.405677795410156,61.27718734741211,20.29757308959961,55.9156494140625,25.239999771118164,88.68621826171875
2018-05-09,217.16366577148438,70.82268524169922,35.02888107299805,35.51348876953125,61.15447998046875,56.10442352294922,61.24778747558594,20.286394119262695,56.29121398925781,25.200000762939453,88.69429779052734
2018-05-10,219.1990203857422,71.2006607055664,35.277427673339844,36.21796417236328,61.27881622314453,56.513824462890625,61.40231704711914,20.31621551513672,56.731788635253906,25.34000015258789,88.70234680175781
2018-05-11,219.73414611816406,71.31494140625,35.347320556640625,36.09272384643555,61.34103012084961,56.645164489746094,61.43910598754883,20.31249237060547,56.536800384521484,25.299999237060547,88.71038055419922
2018-05-14,219.979736328125,71.00728607177734,35.40945816040039,36.202308654785156,61.263282775878906,56.35161590576172,61.3581657409668,20.26402473449707,56.05289077758789,25.219999313354492,88.70234680175781
2018-05-15,218.47085571289062,71.04244232177734,35.11430740356445,35.51348876953125,60.975738525390625,55.73366165161133,61.041709899902344,20.20438575744629,55.14285659790039,24.799999237060547,88.71844482421875
2018-05-16,219.40077209472656,71.88630676269531,35.223045349121094,36.01445388793945,60.92914962768555,55.52507019042969,60.982845306396484,20.17082977294922,54.97674560546875,24.780000686645508,88.71038055419922
2018-05-17,219.21652221679688,72.32582092285156,35.2696533203125,35.51348876953125,60.874717712402344,55.24699783325195,60.960784912109375,20.141008377075195,54.702308654785156,24.760000228881836,88.73450469970703
2018-05-18,218.67266845703125,72.47528076171875,35.145381927490234,35.18473434448242,61.037933349609375,55.72591018676758,61.13738250732422,20.19320297241211,54.7745361328125,24.799999237060547,88.73450469970703
2018-05-21,220.27804565429688,73.14330291748047,35.37063217163086,35.4117317199707,61.037933349609375,55.73366165161133,61.166839599609375,20.20438575744629,55.4245491027832,24.81999969482422,88.72648620605469
2018-05-22,219.64645385742188,72.5455551147461,35.347320556640625,35.552616119384766,61.05348205566406,55.671852111816406,61.15213394165039,20.18947982788086,55.503990173339844,24.799999237060547,88.72648620605469
2018-05-23,220.3307342529297,72.61590576171875,35.01335144042969,35.39606857299805,61.23997497558594,56.05035400390625,61.3802375793457,20.249122619628906,56.06011199951172,24.81999969482422,88.75862121582031
2018-05-24,219.90963745117188,72.6334457397461,34.89684295654297,35.270835876464844,61.36436462402344,56.475215911865234,61.512691497802734,20.26030731201172,55.944557189941406,25.020000457763672,88.75862121582031
2018-05-25,219.35691833496094,72.52800750732422,34.702667236328125,35.35693359375,61.49645233154297,56.81509017944336,61.66725158691406,20.29757308959961,56.13957214355469,24.959999084472656,88.78275299072266
2018-05-29,216.8215789794922,72.57193756103516,34.00364303588867,34.574180603027344,61.92387771606445,58.01243209838867,62.02043914794922,20.420597076416016,56.40679168701172,24.959999084472656,88.80690002441406
2018-05-30,219.68150329589844,73.59160614013672,34.49296569824219,34.87945556640625,61.73735046386719,57.633907318115234,61.7408332824707,20.387046813964844,57.17235565185547,24.979999542236328,88.79080963134766
2018-05-31,218.26036071777344,72.81806945800781,34.306549072265625,34.91859436035156,61.71403884887695,57.572113037109375,61.75552749633789,20.383319854736328,56.97736358642578,24.920000076293945,88.79887390136719
2018-06-01,220.55880737304688,73.31910705566406,34.562862396240234,35.30997085571289,61.752296447753906,57.22991943359375,61.633766174316406,20.356422424316406,57.23013687133789,24.81999969482422,88.79721069335938
2018-06-04,221.5325927734375,74.16299438476562,34.71820068359375,35.67786407470703,61.61956024169922,56.835079193115234,61.51560592651367,20.319055557250977,57.72846984863281,24.780000686645508,88.80526733398438
2018-06-05,221.83963012695312,74.69915771484375,34.67936706542969,35.3647575378418,61.674232482910156,56.98992156982422,61.58207702636719,20.352689743041992,57.576812744140625,24.8799991607666,88.80526733398438
2018-06-06,223.61175537109375,75.17384338378906,34.974510192871094,35.8735466003418,61.502464294433594,56.5253791809082,61.412315368652344,20.319055557250977,57.71405029296875,24.8799991607666,88.80526733398438
2018-06-07,223.5064697265625,74.89256286621094,34.77256774902344,35.325618743896484,61.658607482910156,57.090579986572266,61.58207702636719,20.367631912231445,57.71405029296875,24.8799991607666,88.81334686279297
2018-06-08,224.2083282470703,75.07715606689453,34.8347053527832,35.3021354675293,61.58053970336914,56.88924789428711,61.53041458129883,20.34147071838379,57.92347717285156,24.920000076293945,88.82137298583984
2018-06-11,224.49778747558594,75.28811645507812,35.05994415283203,35.25517272949219,61.52585220336914,56.78862380981445,61.463951110839844,20.34147071838379,57.8368034362793,24.940000534057617,88.8294677734375
2018-06-12,224.87501525878906,75.36722564697266,34.842464447021484,35.231685638427734,61.51805114746094,56.78862380981445,61.441802978515625,20.326528549194336,58.183494567871094,24.860000610351562,88.8294677734375
2018-06-13,223.98020935058594,74.9189453125,34.85800552368164,34.973388671875,61.47905349731445,56.75761795043945,61.41966247558594,20.319055557250977,57.04957580566406,24.940000534057617,88.8294677734375
2018-06-14,224.6294708251953,75.17384338378906,34.77256774902344,34.7855224609375,61.61172866821289,57.21443557739258,61.596832275390625,20.356422424316406,57.59125900268555,25.0,88.8455810546875
2018-06-15,224.43638610839844,75.2002182006836,34.531803131103516,34.597679138183594,61.61956024169922,57.245418548583984,61.574703216552734,20.37510108947754,57.55514907836914,24.579999923706055,88.85356903076172
2018-06-18,223.9012451171875,75.63970947265625,34.291015625,34.19845962524414,61.61956024169922,57.22214889526367,61.537784576416016,20.393779754638672,57.57118606567383,24.520000457763672,88.85356903076172
2018-06-19,223.05029296875,75.56941223144531,33.91819763183594,33.80707931518555,61.7210693359375,57.524139404296875,61.596832275390625,20.419931411743164,57.51286315917969,24.459999084472656,88.86970520019531
2018-06-20,223.453857421875,76.15834045410156,33.98809814453125,33.91667175292969,61.58053970336914,57.06733703613281,61.43446731567383,20.360149383544922,58.15434265136719,24.360000610351562,88.86164855957031
2018-06-21,222.05899047851562,75.40238189697266,33.755096435546875,33.439186096191406,61.61172866821289,57.33056640625,61.4049186706543,20.4012508392334,58.43131637573242,24.299999237060547,88.89388275146484
2018-06-22,222.4537353515625,75.38480377197266,34.116878509521484,33.710994720458984,61.65081787109375,57.369258880615234,61.43446731567383,20.427400588989258,58.89056396484375,24.360000610351562,88.89388275146484
2018-06-25,219.3744659423828,74.21572875976562,33.637142181396484,33.26980209350586,61.64295959472656,57.48539733886719,61.412315368652344,20.431135177612305,58.73746109008789,24.280000686645508,88.90192413330078
2018-06-26,219.8569793701172,74.6715087890625,33.67646026611328,33.13587188720703,61.74451446533203,57.5318603515625,61.55256652832031,20.457290649414062,58.92698669433594,24.139999389648438,88.9100341796875
2018-06-27,218.03224182128906,73.62237548828125,33.369747161865234,32.403202056884766,61.89284896850586,58.08154296875,61.70016860961914,20.528276443481445,58.701026916503906,24.0,88.91804504394531
2018-06-28,219.36050415039062,73.81633758544922,33.48770523071289,32.710445404052734,61.84601593017578,58.066062927246094,61.65591049194336,20.513320922851562,59.22587203979492,23.940000534057617,88.9100341796875
2018-06-29,219.91575622558594,73.57833862304688,33.73937225341797,33.24617385864258,61.830379486083984,57.895721435546875,61.64848327636719,20.513320922851562,59.37166213989258,24.040000915527344,88.93415069580078
2018-07-02,220.17137145996094,74.34530639648438,33.37759780883789,32.883785247802734,61.79201889038086,57.88177490234375,61.618858337402344,20.53730010986328,59.04362106323242,23.799999237060547,88.93494415283203
2018-07-03,219.2812042236328,74.53046417236328,33.44837951660156,32.915287017822266,61.917236328125,58.14558029174805,61.789146423339844,20.567258834838867,59.48828125,24.020000457763672,88.94300842285156
2018-07-05,221.1584930419922,75.43849182128906,33.660728454589844,32.883785247802734,62.003334045410156,58.28528594970703,61.9815559387207,20.58598518371582,60.19535446166992,24.100000381469727,88.9591293334961
2018-07-06,223.0006561279297,76.01151275634766,33.8888053894043,33.28556442260742,62.073753356933594,58.47929000854492,61.974185943603516,20.615951538085938,60.51608657836914,24.059999465942383,88.9591293334961
2018-07-09,224.9749298095703,76.57574462890625,34.195533752441406,33.892189025878906,62.018959045410156,58.14558029174805,61.929786682128906,20.57474708557129,60.03498077392578,24.1200008392334,88.9591293334961
2018-07-10,225.75938415527344,76.21430206298828,34.23485565185547,33.86067581176758,61.9798469543457,58.1378288269043,61.885345458984375,20.5560245513916,60.15888214111328,24.079999923706055,88.9591293334961
2018-07-11,224.21697998046875,75.57955169677734,33.637142181396484,33.230430603027344,62.01112365722656,58.35513687133789,61.95939636230469,20.57474708557129,59.96208190917969,23.799999237060547,88.9752197265625
2018-07-12,226.13836669921875,75.75584411621094,33.920257568359375,33.69522476196289,62.0581169128418,58.324100494384766,62.05565643310547,20.548532485961914,60.144325256347656,23.899999618530273,88.98330688476562
2018-07-13,226.33226013183594,75.68533325195312,34.01463317871094,33.7188720703125,62.1129150390625,58.51808166503906,62.11485290527344,20.58598518371582,59.96208190917969,23.799999237060547,88.98330688476562
2018-07-16,226.19126892089844,75.42086029052734,34.02250289916992,33.52980422973633,62.026763916015625,58.26203155517578,62.033443450927734,20.544788360595703,59.64134979248047,23.81999969482422,88.99137878417969
2018-07-17,227.16079711914062,75.83519744873047,34.06182098388672,33.78977584838867,62.003334045410156,58.130096435546875,62.01120376586914,20.514820098876953,59.24773025512695,23.540000915527344,88.99137878417969
2018-07-18,227.5751190185547,76.14376068115234,34.077545166015625,33.75825881958008,61.97201919555664,57.92056655883789,62.01120376586914,20.481111526489258,58.98530197143555,23.540000915527344,88.99950408935547
2018-07-19,226.7112579345703,76.73443603515625,33.93598556518555,33.372230529785156,62.08944320678711,58.26203155517578,62.13707733154297,20.511079788208008,59.67781066894531,23.459999084472656,88.99950408935547
2018-07-20,226.49974060058594,76.45231628417969,34.140472412109375,33.805519104003906,61.94850540161133,57.58686447143555,62.04082107543945,20.454891204833984,59.101951599121094,23.6200008392334,89.00749206542969
2018-07-23,226.93161010742188,76.47877502441406,34.085418701171875,33.70311737060547,61.75291061401367,56.91175842285156,61.826148986816406,20.372482299804688,58.97804260253906,23.5,89.01557159423828
2018-07-24,227.9980926513672,75.76469421386719,34.29775619506836,34.207313537597656,61.84679412841797,57.090267181396484,61.94463348388672,20.372482299804688,58.67914962768555,23.5,89.01557159423828
2018-07-25,230.08702087402344,75.92337799072266,34.55729293823242,34.75091552734375,61.84679412841797,56.98938751220703,61.929786682128906,20.372482299804688,59.14567947387695,23.639999389648438,89.02364349365234
2018-07-26,229.40834045410156,76.73443603515625,34.415740966796875,34.41215515136719,61.84679412841797,56.91952896118164,61.974185943603516,20.36499786376953,59.34248733520508,23.459999084472656,89.03977966308594
2018-07-27,227.91880798339844,75.42086029052734,34.50224304199219,34.45942687988281,61.83115768432617,56.99713897705078,62.063045501708984,20.394954681396484,58.70831298828125,23.459999084472656,89.0317611694336
2018-07-30,226.60549926757812,75.07704162597656,34.47865295410156,34.41215515136719,61.76072311401367,56.810855865478516,61.9815559387207,20.391218185424805,58.744754791259766,23.440000534057617,89.03977966308594
2018-07-31,227.7512969970703,75.95864868164062,34.51010513305664,34.56970977783203,61.80768966674805,57.1135139465332,62.13707733154297,20.40620231628418,59.72882080078125,23.479999542236328,89.04783630371094
2018-08-01,227.46925354003906,75.9321517944336,34.39214324951172,34.30972671508789,61.773956298828125,56.681819915771484,62.038330078125,20.368593215942383,60.1515998840332,23.31999969482422,89.05186462402344
2018-08-02,228.6239013671875,76.60220336914062,34.13261032104492,33.91581726074219,61.80527877807617,56.736244201660156,62.09027099609375,20.372350692749023,59.91105651855469,23.18000030517578,89.06804656982422
2018-08-03,229.74322509765625,76.35535430908203,34.17979049682617,34.1285400390625,61.9387092590332,57.00074005126953,62.23136520385742,20.417482376098633,60.559814453125,23.280000686645508,89.08418273925781
2018-08-06,230.60702514648438,76.85786437988281,34.01463317871094,33.868568420410156,61.99359893798828,57.03962326049805,62.30562210083008,20.417482376098633,60.4796257019043,23.15999984741211,89.07612609863281
2018-08-07,231.25042724609375,77.00774383544922,34.22698974609375,34.175819396972656,61.8838005065918,56.7829475402832,62.186832427978516,20.398679733276367,60.370269775390625,23.200000762939453,89.08418273925781
2018-08-08,231.12696838378906,76.9636459350586,34.21912384033203,34.09701156616211,61.86806106567383,56.852935791015625,62.1645622253418,20.398679733276367,60.0203857421875,23.260000228881836,89.08418273925781
2018-08-09,230.83621215820312,77.05181884765625,34.15619659423828,34.04975891113281,61.98569869995117,57.26519775390625,62.20908737182617,20.44379997253418,60.049560546875,23.239999771118164,89.10033416748047
2018-08-10,229.26730346679688,76.89311218261719,33.51130294799805,33.372230529785156,62.11124801635742,57.7086181640625,62.32044982910156,20.507720947265625,59.59032440185547,23.219999313354492,89.11648559570312
2018-08-13,228.40350341796875,76.54930877685547,33.34613800048828,32.836509704589844,62.119110107421875,57.584110260009766,62.327911376953125,20.507720947265625,59.47370910644531,22.899999618530273,89.10840606689453
2018-08-14,229.87548828125,77.53669738769531,33.39332962036133,33.0334587097168,62.07986068725586,57.467445373535156,62.39472579956055,20.47011947631836,59.765262603759766,22.920000076293945,89.12454223632812
2018-08-15,228.1832275390625,76.63748168945312,32.88212203979492,32.06443405151367,62.15049743652344,57.778587341308594,62.446678161621094,20.507720947265625,60.22449493408203,22.540000915527344,89.12454223632812
2018-08-16,230.0341339111328,77.26341247558594,33.110198974609375,32.29290771484375,62.18183517456055,57.778587341308594,62.454105377197266,20.496444702148438,60.712894439697266,22.520000457763672,89.13264465332031
2018-08-17,230.80096435546875,77.74828338623047,33.330413818359375,32.568634033203125,62.25248718261719,57.871925354003906,62.55811309814453,20.50020408630371,61.274166107177734,22.700000762939453,89.1487808227539
2018-08-20,231.31207275390625,78.01276397705078,33.47197723388672,32.710445404052734,62.33087158203125,58.206417083740234,62.684356689453125,20.564123153686523,61.31790542602539,22.81999969482422,89.15686798095703
2018-08-21,231.81455993652344,78.93844604492188,33.69218063354492,33.06497573852539,62.299503326416016,58.04306411743164,62.55811309814453,20.541561126708984,60.94614791870117,22.899999618530273,89.1649398803711
2018-08-22,231.74400329589844,79.09709930419922,33.85734939575195,33.261940002441406,62.33876037597656,58.26863479614258,62.59520721435547,20.57540512084961,60.60356903076172,22.940000534057617,89.17301177978516
2018-08-23,231.40902709960938,78.85910034179688,33.605674743652344,32.741966247558594,62.33876037597656,58.32307434082031,62.57289505004883,20.594205856323242,60.45048522949219,22.739999771118164,89.1649398803711
2018-08-24,232.86338806152344,79.14118957519531,33.85734939575195,33.230430603027344,62.370113372802734,58.44754409790039,62.684356689453125,20.613006591796875,60.80765914916992,23.1200008392334,89.17301177978516
2018-08-27,234.61732482910156,79.19409942626953,34.32136535644531,33.77400588989258,62.291683197021484,58.113075256347656,62.602630615234375,20.586681365966797,60.58898162841797,23.200000762939453,89.17301177978516
2018-08-28,234.74948120117188,79.19409942626953,34.242713928222656,33.60857009887695,62.19752883911133,57.794151306152344,62.454105377197266,20.54532241821289,61.40536880493164,23.040000915527344,89.18109893798828
2018-08-29,236.03634643554688,79.36161041259766,34.431461334228516,33.79765319824219,62.15829849243164,57.871925354003906,62.42439270019531,20.53780174255371,61.41993713378906,23.139999389648438,89.18915557861328
2018-08-30,235.07568359375,79.15882873535156,34.124732971191406,32.8995361328125,62.20539855957031,57.980812072753906,62.47644805908203,20.564123153686523,61.02632522583008,23.020000457763672,89.19725036621094
2018-08-31,235.08445739746094,79.61727142333984,33.912391662597656,33.1201286315918,62.22103500366211,57.864166259765625,62.49866485595703,20.54532241821289,61.26688003540039,23.0,89.20531463623047
2018-09-04,234.7584228515625,79.28225708007812,33.574214935302734,32.37957000732422,62.125125885009766,57.52497482299805,62.415283203125,20.502338409423828,60.53795623779297,22.899999618530273,89.2158432006836
2018-09-05,234.09732055664062,79.2029037475586,33.32255172729492,32.03292465209961,62.14087677001953,57.39244842529297,62.37803649902344,20.498565673828125,60.887821197509766,22.959999084472656,89.22392272949219
2018-09-06,233.4098358154297,78.61224365234375,33.204566955566406,32.017154693603516,62.23520278930664,57.56399917602539,62.497169494628906,20.506103515625,61.062774658203125,23.020000457763672,89.23199462890625
2018-09-07,232.84573364257812,78.4359130859375,32.93718338012695,31.87535858154297,62.03863525390625,57.09617614746094,62.281246185302734,20.45708465576172,60.39944076538086,22.920000076293945,89.2401123046875
2018-09-10,233.28640747070312,78.52409362792969,33.11805725097656,31.497201919555664,62.07794952392578,57.291053771972656,62.32590103149414,20.464624404907227,60.66917037963867,22.920000076293945,89.24817657470703
2018-09-11,234.16786193847656,78.550537109375,33.165260314941406,31.53660011291504,61.944297790527344,56.89345932006836,62.2216911315918,20.426921844482422,60.6618537902832,22.959999084472656,89.24817657470703
2018-09-12,234.1942596435547,78.3036880493164,33.30681228637695,31.733551025390625,61.99146270751953,57.018211364746094,62.318458557128906,20.442001342773438,60.691001892089844,23.1200008392334,89.25627899169922
2018-09-13,235.52513122558594,78.3124771118164,33.519161224365234,32.13533401489258,62.03082275390625,57.08057403564453,62.36311340332031,20.41183090209961,60.9898796081543,23.040000915527344,89.24817657470703
2018-09-14,235.64846801757812,78.8767318725586,33.58993911743164,32.0959587097168,61.92858123779297,56.831058502197266,62.24397659301758,20.381664276123047,60.60356903076172,22.920000076293945,89.25627899169922
2018-09-17,234.31764221191406,78.00395965576172,33.62139892578125,31.843852996826172,61.920719146728516,56.8466911315918,62.2365608215332,20.377901077270508,60.80036926269531,23.0,89.2724838256836
2018-09-18,235.59567260742188,78.2243423461914,33.96745300292969,32.0959587097168,61.77919387817383,56.24630355834961,62.10995864868164,20.328872680664062,60.50878143310547,22.979999542236328,89.26435089111328
2018-09-19,235.86012268066406,77.73062896728516,34.085418701171875,32.52926254272461,61.684814453125,55.965641021728516,62.065242767333984,20.31755828857422,59.80174255371094,23.059999465942383,89.25627899169922
2018-09-20,237.75515747070312,78.40065002441406,34.45505905151367,32.79712677001953,61.763465881347656,56.1761589050293,62.10995864868164,20.328872680664062,60.36298751831055,23.139999389648438,89.2724838256836
2018-09-21,237.587646484375,77.96866607666016,34.462928771972656,32.93104934692383,61.80276870727539,56.1761589050293,62.07270812988281,20.347728729248047,60.341129302978516,22.979999542236328,89.28861236572266
2018-09-24,236.79441833496094,77.44855499267578,34.313499450683594,32.52138137817383,61.724159240722656,56.02800369262695,62.020565032958984,20.328872680664062,59.257530212402344,22.979999542236328,89.28861236572266
2018-09-25,236.50347900390625,77.49263000488281,34.47865295410156,32.72621154785156,61.676918029785156,55.97342300415039,62.005645751953125,20.321340560913086,59.264923095703125,23.040000915527344,89.28861236572266
2018-09-26,235.81027221679688,76.83544158935547,34.492862701416016,32.78599166870117,61.83423614501953,56.35550308227539,62.16206359863281,20.347728729248047,58.55534362792969,22.899999618530273,89.30481719970703
2018-09-27,236.4654541015625,76.86196899414062,34.39814376831055,32.88160705566406,61.88136672973633,56.386661529541016,62.2365608215332,20.36281394958496,58.83622360229492,22.719999313354492,89.32101440429688
2018-09-28,236.4388885498047,77.16271209716797,34.15345764160156,32.674407958984375,61.88136672973633,56.269683837890625,62.206756591796875,20.347728729248047,59.63450622558594,22.860000610351562,89.32907104492188
2018-10-01,237.31541442871094,76.01288604736328,34.24028778076172,32.75409698486328,61.765560150146484,55.83988571166992,62.190311431884766,20.303529739379883,59.08014678955078,22.799999237060547,89.33879089355469
2018-10-02,237.28883361816406,75.19913482666016,34.01927185058594,32.40345001220703,61.8758659362793,56.199371337890625,62.22018814086914,20.34130859375,58.947086334228516,23.059999465942383,89.33071899414062
2018-10-03,237.49246215820312,75.86248779296875,33.96401596069336,32.132484436035156,61.56064987182617,55.22245407104492,61.98119354248047,20.243093490600586,58.31881332397461,23.0,89.3469009399414
2018-10-04,235.54461669921875,74.9603271484375,33.52991485595703,31.399307250976562,61.40299987792969,54.855140686035156,61.75712966918945,20.190216064453125,57.83098220825195,22.979999542236328,89.36311340332031
2018-10-05,234.21661376953125,74.12889862060547,33.36415100097656,31.255857467651367,61.292667388916016,54.417503356933594,61.645042419433594,20.118438720703125,57.80141067504883,23.059999465942383,89.36311340332031
2018-10-08,234.15464782714844,74.0669937133789,33.18260955810547,31.3116455078125,61.269046783447266,54.24555969238281,61.645042419433594,20.125995635986328,58.63665008544922,22.780000686645508,89.37120819091797
2018-10-09,233.85366821289062,73.8370361328125,33.064208984375,31.231952667236328,61.38725280761719,54.753543853759766,61.667449951171875,20.163768768310547,58.71796417236328,22.84000015258789,89.37120819091797
2018-10-10,226.30136108398438,71.82039642333984,32.31435775756836,30.363296508789062,61.33994674682617,54.612876892089844,61.622650146484375,20.159996032714844,57.84577560424805,22.8799991607666,89.37120819091797
2018-10-11,221.53810119628906,70.26371765136719,31.86444664001465,30.092323303222656,61.51332092285156,55.25371551513672,61.801910400390625,20.17888069152832,56.19007110595703,23.440000534057617,89.3792724609375
2018-10-12,224.53065490722656,70.1398696899414,32.02231979370117,30.857402801513672,61.4975700378418,55.058345794677734,61.764564514160156,20.15243148803711,56.042240142822266,23.360000610351562,89.39552307128906
2018-10-15,223.29991149902344,70.46713256835938,31.967065811157227,30.55455780029297,61.481842041015625,55.0974235534668,61.764564514160156,20.171327590942383,56.41920852661133,23.5,89.39552307128906
2018-10-16,228.05441284179688,72.386474609375,32.519596099853516,31.255857467651367,61.52910614013672,55.144287109375,61.809356689453125,20.17510223388672,57.57966613769531,23.5,89.40361022949219
2018-10-17,228.1341094970703,72.02383422851562,32.32225036621094,30.881290435791016,61.41877365112305,54.855140686035156,61.65252685546875,20.122217178344727,57.35792541503906,23.440000534057617,89.3874282836914
2018-10-18,224.92906188964844,70.65288543701172,31.809202194213867,30.07639503479004,61.37934112548828,54.84733200073242,61.65252685546875,20.10711669921875,57.2470703125,23.5,89.42790222167969
2018-10-19,224.751953125,69.96296691894531,31.97494888305664,30.355323791503906,61.34783935546875,54.737937927246094,61.577842712402344,20.095779418945312,57.74229431152344,23.5,89.42790222167969
2018-10-22,223.82237243652344,69.90105438232422,31.82498550415039,30.674097061157227,61.32419967651367,54.675384521484375,61.58530044555664,20.088226318359375,56.936607360839844,23.440000534057617,89.42790222167969
2018-10-23,222.4765625,69.35270690917969,31.501373291015625,30.371259689331055,61.41084671020508,54.83949661254883,61.68989181518555,20.076885223388672,57.18793487548828,23.579999923706055,89.43600463867188
2018-10-24,215.83624267578125,66.91150665283203,30.63313865661621,29.48666000366211,61.576419830322266,55.25371551513672,61.801910400390625,20.137331008911133,57.72749710083008,23.6200008392334,89.44412994384766
2018-10-25,219.705322265625,68.3708724975586,30.9725341796875,30.044517517089844,61.50544738769531,55.01926803588867,61.73468017578125,20.069337844848633,58.4666633605957,23.600000381469727,89.4603042602539
2018-10-26,215.8185577392578,67.72518920898438,30.712060928344727,29.81340789794922,61.615787506103516,55.36311721801758,61.884090423583984,20.159996032714844,57.0622673034668,23.639999389648438,89.46842193603516
2018-10-29,214.70297241210938,67.53060913085938,30.58577537536621,29.23164939880371,61.56064987182617,55.238075256347656,61.83177185058594,20.14111328125,57.7866325378418,23.559999465942383,89.46842193603516
2018-10-30,217.98773193359375,69.08732604980469,30.964637756347656,29.829345703125,61.473976135253906,54.98802185058594,61.72721481323242,20.099552154541016,58.577518463134766,23.459999084472656,89.47653198242188
2018-10-31,220.27197265625,69.03426361083984,31.21722984313965,30.172021865844727,61.34783935546875,54.667579650878906,61.65998458862305,20.046680450439453,57.89011001586914,23.34000015258789,89.4846420288086
2018-11-01,222.55624389648438,70.36982727050781,31.627662658691406,31.255857467651367,61.46161651611328,54.76945114135742,61.761146545410156,20.027761459350586,58.16360855102539,23.639999389648438,89.49755859375
2018-11-02,221.175048828125,70.7855453491211,31.714479446411133,31.36743927001953,61.232460021972656,54.10352325439453,61.5213737487793,19.967235565185547,57.68315124511719,23.639999389648438,89.48945617675781
2018-11-05,222.43226623535156,70.85631561279297,31.698713302612305,31.51087760925293,61.27991485595703,54.299354553222656,61.56632614135742,20.001285552978516,58.54056167602539,23.600000381469727,89.49755859375
2018-11-06,223.84002685546875,71.25432586669922,31.86444664001465,31.3913516998291,61.27195739746094,54.260215759277344,61.58132553100586,19.98615264892578,58.83622360229492,23.5,89.48945617675781
2018-11-07,228.5679473876953,72.12995910644531,32.25911331176758,31.949195861816406,61.32727813720703,54.33073806762695,61.70120620727539,20.008846282958984,59.538421630859375,23.5,89.5057601928711
2018-11-08,228.17832946777344,71.97962188720703,31.93549919128418,31.176164627075195,61.22457504272461,54.30717086791992,61.54380798339844,19.971025466918945,59.5827751159668,23.440000534057617,89.51383972167969
2018-11-09,226.07115173339844,70.73248291015625,31.70659065246582,30.64221954345703,61.374691009521484,54.70675277709961,61.62628173828125,20.016401290893555,59.57536697387695,23.200000762939453,89.52196502685547
2018-11-12,221.70628356933594,69.4499740600586,31.161968231201172,30.235780715942383,61.46950149536133,55.05144500732422,61.61128616333008,20.065589904785156,59.693634033203125,23.020000457763672,89.55441284179688
2018-11-13,221.33444213867188,69.29959869384766,31.280364990234375,30.59440040588379,61.437904357910156,54.98876953125,61.64125061035156,20.04289436340332,59.63450622558594,23.020000457763672,89.54631042480469
2018-11-14,219.82044982910156,68.8308334350586,31.311933517456055,30.833480834960938,61.48530197143555,55.07495880126953,61.536354064941406,20.050451278686523,59.48667526245117,23.219999313354492,89.55441284179688
2018-11-15,222.0958251953125,69.75070190429688,31.414548873901367,31.43916130065918,61.493202209472656,55.05144500732422,61.56632614135742,20.07693099975586,59.08014678955078,23.239999771118164,89.56248474121094
2018-11-16,222.66249084472656,69.9718246459961,31.446117401123047,31.550739288330078,61.6275634765625,55.34132385253906,61.678741455078125,20.1487979888916,59.7158203125,23.399999618530273,89.57066345214844
2018-11-19,218.97052001953125,68.81314086914062,31.185638427734375,31.16021728515625,61.6275634765625,55.498008728027344,61.57379150390625,20.145009994506836,59.797122955322266,23.459999084472656,89.5868911743164
2018-11-20,214.94204711914062,67.48641204833984,30.60945701599121,30.506738662719727,61.5880126953125,55.52151107788086,61.536354064941406,20.103408813476562,59.183631896972656,23.440000534057617,89.59500885009766
2018-11-21,215.6591796875,68.18516540527344,31.059362411499023,31.080537796020508,61.65122604370117,55.52151107788086,61.56632614135742,20.099620819091797,59.235347747802734,23.5,89.59500885009766
2018-11-23,214.26914978027344,68.17631530761719,30.85414695739746,30.75379180908203,61.643341064453125,55.537208557128906,61.58881759643555,20.065589904785156,59.11711120605469,23.440000534057617,89.61934661865234
2018-11-26,217.62472534179688,68.8042984008789,31.272470474243164,30.968963623046875,61.595951080322266,55.458866119384766,61.55134201049805,20.058015823364258,59.22795486450195,23.440000534057617,89.61934661865234
2018-11-27,218.3064727783203,68.30011749267578,31.177751541137695,31.192108154296875,61.63545227050781,55.513710021972656,61.54380798339844,19.99750328063965,59.479278564453125,23.280000686645508,89.62747192382812
2018-11-28,223.40623474121094,69.9541244506836,31.635557174682617,31.885440826416016,61.66704177856445,55.23949432373047,61.69371795654297,20.016401290893555,60.011470794677734,23.399999618530273,89.63557434082031
2018-11-29,222.94578552246094,69.60919189453125,31.48558235168457,31.670269012451172,61.714473724365234,55.48234558105469,61.57379150390625,20.126102447509766,60.0262565612793,23.459999084472656,89.64369201660156
2018-11-30,224.42437744140625,70.1398696899414,31.375076293945312,31.630420684814453,61.73814010620117,55.67820358276367,61.52888488769531,20.1298828125,60.59538269042969,23.420000076293945,89.65181732177734
2018-12-03,227.19558715820312,70.56442260742188,31.79341697692871,32.25999450683594,61.83479309082031,56.06372833251953,61.67996597290039,20.167762756347656,60.9206428527832,23.579999923706055,89.65997314453125
2018-12-04,220.14796447753906,67.38027954101562,30.988323211669922,31.662294387817383,61.98527145385742,56.94316101074219,61.649871826171875,20.239744186401367,60.01885223388672,23.739999771118164,89.65997314453125
2018-12-06,219.59022521972656,67.1414566040039,30.69626808166504,31.407283782958984,62.09617614746094,57.155181884765625,61.77766418457031,20.232154846191406,61.50456619262695,23.719999313354492,89.68431091308594
2018-12-07,214.49046325683594,65.87665557861328,30.372657775878906,30.777700424194336,62.222877502441406,57.22584915161133,61.86787796020508,20.2586727142334,60.69888687133789,23.920000076293945,89.69247436523438
2018-12-10,214.74725341796875,65.4432601928711,30.11219596862793,30.41907501220703,62.28623962402344,57.48496627807617,61.93552780151367,20.224584579467773,60.30714416503906,23.84000015258789,89.7005844116211
2018-12-11,214.80921936035156,65.38134765625,30.143754959106445,30.729881286621094,62.29413986206055,57.47711181640625,61.93552780151367,20.133670806884766,60.33668899536133,23.81999969482422,89.69247436523438
2018-12-12,215.9956512451172,66.0270004272461,30.617345809936523,31.192108154296875,62.230796813964844,57.21800231933594,61.88287353515625,20.114721298217773,59.40538024902344,23.8799991607666,89.7087173461914
2018-12-13,215.9248046875,65.01869201660156,30.562089920043945,31.239925384521484,62.278343200683594,57.10023880004883,62.018165588378906,20.122303009033203,59.74869155883789,23.84000015258789,89.72499084472656
2018-12-14,211.9406280517578,64.01034545898438,30.143754959106445,30.84942626953125,62.333770751953125,57.280792236328125,62.033206939697266,20.133670806884766,59.5766487121582,23.739999771118164,89.73308563232422
2018-12-17,207.61351013183594,62.51871109008789,29.88328742980957,30.514711380004883,62.45256805419922,57.610595703125,62.07830810546875,20.163978576660156,57.33271789550781,23.8799991607666,89.74938201904297
2018-12-18,207.53341674804688,62.598663330078125,29.914857864379883,30.705984115600586,62.54759979248047,57.94039535522461,62.236167907714844,20.20564079284668,57.923606872558594,23.920000076293945,89.75830078125
2018-12-19,204.2219696044922,61.22159194946289,29.591243743896484,30.195938110351562,62.65851593017578,58.67061996459961,62.13846206665039,20.256210327148438,57.287841796875,23.81999969482422,89.76647186279297
2018-12-20,200.8660888671875,60.359840393066406,29.480741500854492,30.427047729492188,62.57135009765625,58.4586067199707,62.048248291015625,20.199172973632812,56.42765426635742,24.18000030517578,89.78270721435547
2018-12-21,196.86924743652344,58.96500015258789,28.904537200927734,30.179988861083984,62.57135009765625,58.46650314331055,62.14596176147461,20.195383071899414,55.642269134521484,24.059999465942383,89.79903411865234
2018-12-24,191.44813537597656,57.872215270996094,28.588659286499023,29.94649314880371,62.5856819152832,58.73097229003906,62.05172348022461,20.210590362548828,53.660125732421875,24.299999237060547,89.79092407226562
2018-12-26,201.13307189941406,60.56414794921875,29.314546585083008,30.476089477539062,62.45066833496094,58.140560150146484,61.878211975097656,20.176376342773438,55.45528030395508,24.280000686645508,89.79092407226562
2018-12-27,203.00247192382812,60.92841720581055,29.338468551635742,30.411901473999023,62.5856819152832,58.140560150146484,62.066776275634766,20.183975219726562,55.44779968261719,24.420000076293945,89.83161926269531
2018-12-28,202.74429321289062,61.21270751953125,29.529918670654297,30.628549575805664,62.736534118652344,58.589263916015625,62.29304504394531,20.2333984375,55.6273307800293,24.540000915527344,89.84789276123047
2018-12-31,204.56912231445312,61.585838317871094,29.593740463256836,30.5723876953125,62.89533615112305,58.80967330932617,62.489078521728516,20.244808197021484,55.776920318603516,24.579999923706055,89.83161926269531
2019-01-02,204.72940063476562,61.870155334472656,29.553844451904297,30.708799362182617,63.02241897583008,59.16393280029297,62.572044372558594,20.282817840576172,54.565181732177734,24.600000381469727,89.83978271484375
2019-01-03,199.84237670898438,60.71519088745117,29.314546585083008,30.227340698242188,63.268550872802734,59.832984924316406,62.7153434753418,20.408283233642578,54.94664764404297,24.81999969482422,89.8723373413086
2019-01-04,206.43850708007812,62.90960693359375,30.21590805053711,31.18222427368164,63.077980041503906,59.1324462890625,62.579593658447266,20.355052947998047,55.58992004394531,24.639999389648438,89.89675903320312
2019-01-07,207.98739624023438,63.74472427368164,30.31163787841797,31.246410369873047,62.98263931274414,58.974971771240234,62.49665451049805,20.35124969482422,56.13595199584961,24.700000762939453,89.89675903320312
2019-01-08,210.00808715820312,64.7131118774414,30.527019500732422,31.42294692993164,62.903263092041016,58.83330535888672,62.54941940307617,20.362653732299805,57.295310974121094,24.639999389648438,89.8886489868164
2019-01-09,210.97833251953125,65.37055206298828,30.901914596557617,31.880334854125977,62.99062728881836,58.699459075927734,62.78323745727539,20.38927459716797,57.21302795410156,24.780000686645508,89.88046264648438
2019-01-10,211.85960388183594,65.60154724121094,31.02954864501953,32.12105941772461,62.86357879638672,58.36883544921875,62.67761993408203,20.343652725219727,57.99093246459961,24.639999389648438,89.90491485595703
2019-01-11,211.7616729736328,65.73479461669922,30.838109970092773,31.920455932617188,62.99062728881836,58.59712600708008,62.858665466308594,20.400678634643555,58.155479431152344,24.68000030517578,89.9293441772461
2019-01-14,210.5955810546875,65.17509460449219,30.67856788635254,31.69579315185547,62.9350471496582,58.38460922241211,62.81337356567383,20.358856201171875,57.96100997924805,24.739999771118164,89.93749237060547
2019-01-15,213.0613250732422,65.61932373046875,30.870014190673828,31.90440559387207,62.94296646118164,58.17204284667969,62.858665466308594,20.336042404174805,58.514522552490234,24.700000762939453,89.94563293457031
2019-01-16,213.5331573486328,66.12572479248047,30.965736389160156,32.21736145019531,62.966819763183594,58.242923736572266,62.97173309326172,20.336042404174805,58.925899505615234,24.780000686645508,89.9293441772461
2019-01-17,215.1265106201172,66.76541137695312,31.069435119628906,32.36982345581055,62.89533615112305,58.242923736572266,62.97926330566406,20.328441619873047,59.21013259887695,24.760000228881836,89.95379638671875
2019-01-18,218.0195770263672,67.44059753417969,31.404447555541992,32.538326263427734,62.84768295288086,57.92018127441406,63.03962707519531,20.301836013793945,59.412105560302734,24.540000915527344,89.97821807861328
2019-01-22,215.1176300048828,66.32118225097656,30.917877197265625,31.992673873901367,62.95882034301758,58.30585861206055,63.12257766723633,20.31324005126953,59.232582092285156,24.600000381469727,89.97008514404297
2019-01-23,215.43809509277344,66.20567321777344,31.0773983001709,32.30561828613281,63.02241897583008,58.2979850769043,63.2884635925293,20.294219970703125,59.240055084228516,24.579999923706055,89.97008514404297
2019-01-24,215.6516876220703,66.57881927490234,31.117300033569336,32.57843017578125,63.157325744628906,58.660099029541016,63.439327239990234,20.309431076049805,59.44203186035156,24.520000457763672,90.0026626586914
2019-01-25,217.48545837402344,67.30731964111328,31.50816535949707,32.8994140625,63.08588409423828,58.416099548339844,63.41671371459961,20.286619186401367,60.182518005371094,24.899999618530273,90.0026626586914
2019-01-28,215.80307006835938,66.89866638183594,31.356592178344727,32.554378509521484,63.10969543457031,58.345245361328125,63.431800842285156,20.271419525146484,60.77340316772461,24.959999084472656,90.0026626586914
2019-01-29,215.53598022460938,66.88977813720703,31.444337844848633,32.5944938659668,63.236759185791016,58.628631591796875,63.560001373291016,20.309431076049805,61.25212860107422,25.139999389648438,89.99446868896484
2019-01-30,218.94532775878906,67.5827407836914,31.79531478881836,33.17223358154297,63.30026626586914,58.565643310546875,63.85409164428711,20.423490524291992,61.74580383300781,25.260000228881836,90.01893615722656
2019-01-31,220.77017211914062,68.1335678100586,31.803298950195312,33.52530288696289,63.59409713745117,59.09306335449219,64.22364807128906,20.552751541137695,62.38905334472656,25.280000686645508,90.05150604248047
2019-02-01,220.95713806152344,68.07138061523438,31.787338256835938,33.276554107666016,63.417381286621094,58.72538375854492,63.98846435546875,20.488128662109375,61.99261474609375,25.239999771118164,90.05805206298828
2019-02-04,222.53268432617188,68.94203186035156,31.899019241333008,33.34877395629883,63.36164474487305,58.457115173339844,63.94308853149414,20.44249725341797,62.45637130737305,25.1200008392334,90.05805206298828
2019-02-05,223.52081298828125,68.99534606933594,32.15427017211914,33.725921630859375,63.49698257446289,58.72538375854492,64.08678436279297,20.469106674194336,62.81540298461914,25.18000030517578,90.04988861083984
2019-02-06,223.2448272705078,68.89761352539062,31.946866989135742,33.324703216552734,63.47306442260742,58.74906921386719,64.07164764404297,20.450098037719727,62.40399932861328,25.020000457763672,90.07435607910156
2019-02-07,221.0550079345703,68.28461456298828,31.540061950683594,33.01176071166992,63.52083969116211,59.135684967041016,64.12456512451172,20.469106674194336,62.9201545715332,25.100000381469727,90.08251953125
2019-02-08,221.3398895263672,68.24906921386719,31.42839241027832,32.883365631103516,63.616397857666016,59.388153076171875,64.20777130126953,20.491928100585938,62.9201545715332,25.18000030517578,90.0988540649414
2019-02-11,221.45558166503906,68.80879211425781,31.364572525024414,32.6907844543457,63.592498779296875,59.16721725463867,64.11700439453125,20.453908920288086,63.0921516418457,25.059999465942383,90.0988540649414
2019-02-12,224.32188415527344,69.74161529541016,31.77936363220215,33.01176071166992,63.584537506103516,59.01730728149414,64.16992950439453,20.450098037719727,62.69573974609375,25.1200008392334,90.09071350097656
2019-02-13,224.99847412109375,70.01703643798828,31.787338256835938,32.779048919677734,63.48896789550781,58.80430221557617,64.06405639648438,20.44249725341797,63.017356872558594,25.020000457763672,90.0988540649414
2019-02-14,224.49996948242188,70.17694854736328,31.787338256835938,32.84324645996094,63.600460052490234,59.127777099609375,64.17750549316406,20.491928100585938,63.219329833984375,25.15999984741211,90.12335205078125
2019-02-15,226.97462463378906,71.22528839111328,32.218082427978516,32.787078857421875,63.62434768676758,59.222415924072266,64.20777130126953,20.514728546142578,63.64566421508789,25.31999969482422,90.13966369628906
2019-02-19,227.36630249023438,71.61619567871094,32.377620697021484,33.12409973144531,63.68003845214844,59.36445617675781,64.24559783935547,20.552751541137695,63.63069534301758,25.68000030517578,90.1478042602539
2019-02-20,227.89151000976562,72.12261199951172,32.5052490234375,33.26852798461914,63.65614318847656,59.23035430908203,64.2380142211914,20.564159393310547,63.234283447265625,25.65999984741211,90.1478042602539
2019-02-21,227.0636444091797,71.7850112915039,32.42548370361328,33.196311950683594,63.52880859375,58.70170593261719,64.14726257324219,20.5223388671875,63.29411315917969,25.34000015258789,90.17225646972656
2019-02-22,228.42556762695312,72.1137466430664,32.54513168334961,33.573463439941406,63.67210388183594,59.033103942871094,64.3817138671875,20.579355239868164,63.66810607910156,25.459999084472656,90.17225646972656
2019-02-25,228.7638702392578,71.95381927490234,32.64883041381836,34.02281188964844,63.64821243286133,58.85951614379883,64.3665771484375,20.564159393310547,63.166969299316406,25.440000534057617,90.17225646972656
2019-02-26,228.5947265625,71.2608413696289,32.78443145751953,33.91849136352539,63.735782623291016,59.11986541748047,64.48001098632812,20.598369598388672,62.972476959228516,25.459999084472656,90.17225646972656
2019-02-27,228.4790496826172,71.36743927001953,32.68073654174805,33.6536979675293,63.608421325683594,58.51236343383789,64.4043960571289,20.545150756835938,62.658329010009766,25.299999237060547,90.19676208496094
2019-02-28,227.9449005126953,71.092041015625,32.54513168334961,33.39691925048828,63.53676986694336,58.33879852294922,64.31363677978516,20.518537521362305,62.82289505004883,25.15999984741211,90.19676208496094
2019-03-01,229.51158142089844,71.50070190429688,32.74454879760742,33.437034606933594,63.34051513671875,57.779720306396484,64.23932647705078,20.46150779724121,62.62842559814453,24.719999313354492,90.20897674560547
2019-03-04,228.63034057617188,70.76332092285156,32.61691665649414,33.557403564453125,63.452178955078125,58.23834991455078,64.3379135131836,20.491928100585938,62.91263961791992,24.65999984741211,90.22534942626953
2019-03-05,228.36325073242188,70.4701156616211,32.64086151123047,33.95058822631836,63.500099182128906,58.356964111328125,64.3379135131836,20.491928100585938,63.08469772338867,24.68000030517578,90.2171859741211
2019-03-06,226.90342712402344,69.08416748046875,32.54513168334961,33.782081604003906,63.57985305786133,58.58626174926758,64.48954772949219,20.510927200317383,62.79295349121094,24.639999389648438,90.23356628417969
2019-03-07,225.07858276367188,68.36454010009766,32.13032913208008,33.236427307128906,63.76333999633789,58.92628479003906,64.61852264404297,20.56795883178711,62.658329010009766,24.6200008392334,90.2499008178711
2019-03-08,224.62457275390625,68.29348754882812,32.09044647216797,32.995704650878906,63.84315872192383,59.179344177246094,64.67156219482422,20.586973190307617,62.72565460205078,24.899999618530273,90.26624298095703
2019-03-11,227.90042114257812,69.38624572753906,32.385597229003906,33.66974639892578,63.81121826171875,58.9658203125,64.73982238769531,20.590768814086914,63.64566421508789,24.780000686645508,90.2499008178711
2019-03-12,228.71046447753906,69.27964782714844,32.40155029296875,33.806156158447266,63.962825775146484,59.4007682800293,64.88394165039062,20.632593154907227,63.9373779296875,24.940000534057617,90.26624298095703
2019-03-13,230.26824951171875,69.54617309570312,32.64086151123047,33.87837600708008,63.930877685546875,59.290042877197266,64.83843994140625,20.65540313720703,64.25152587890625,25.1200008392334,90.2826156616211
2019-03-14,230.18814086914062,69.25298309326172,32.60892868041992,33.70183563232422,63.87506103515625,58.910499572753906,64.78534698486328,20.659210205078125,64.34877014160156,24.81999969482422,90.2826156616211
2019-03-15,231.30978393554688,69.27074432373047,32.93598556518555,34.15922546386719,63.99472427368164,59.250484466552734,64.99765014648438,20.701017379760742,64.14681243896484,24.920000076293945,90.30712890625
2019-03-18,232.1376190185547,69.81269836425781,33.04767608642578,34.544376373291016,63.954833984375,59.23467254638672,64.95220947265625,20.72003746032715,63.825164794921875,24.959999084472656,90.29080200195312
2019-03-19,232.20877075195312,69.30628204345703,33.13540267944336,34.55241012573242,63.92293930053711,59.123992919921875,64.97490692138672,20.697223663330078,63.63069534301758,25.020000457763672,90.31532287597656
2019-03-20,231.3809814453125,68.78926086425781,33.103511810302734,34.544376373291016,64.2021713256836,59.701236724853516,65.35408020019531,20.837888717651367,63.825164794921875,25.18000030517578,90.32347106933594
2019-03-21,234.0261993408203,69.68956756591797,33.13540267944336,34.624629974365234,64.21810913085938,59.8277473449707,65.41472625732422,20.834091186523438,64.96211242675781,25.079999923706055,90.33163452148438
2019-03-22,229.5771484375,67.14908599853516,32.49726867675781,33.58148193359375,64.56914520263672,60.76871871948242,65.67257690429688,20.894914627075195,64.49088287353516,25.139999389648438,90.35616302490234
2019-03-25,229.3712615966797,67.47000122070312,32.49726867675781,33.73583984375,64.64897155761719,60.83197784423828,65.8090591430664,20.8911190032959,64.57316589355469,25.34000015258789,90.35616302490234
2019-03-26,231.02740478515625,68.10291290283203,32.696693420410156,33.84840774536133,64.66490173339844,60.80038070678711,65.85460662841797,20.860700607299805,65.0892562866211,25.219999313354492,90.3725357055664
2019-03-27,229.95315551757812,68.08509063720703,32.64883041381836,33.47856521606445,64.78457641601562,61.30645751953125,65.88494110107422,20.872106552124023,64.90226745605469,25.079999923706055,90.36437225341797
2019-03-28,230.84832763671875,68.72688293457031,32.6287956237793,33.76800537109375,64.81654357910156,61.51203918457031,65.9455795288086,20.887319564819336,65.53205108642578,24.719999313354492,90.38887786865234
2019-03-29,232.33428955078125,68.77146911621094,32.74094772338867,34.170005798339844,64.76861572265625,61.488304138183594,65.87736511230469,20.910123825073242,65.47179412841797,24.760000228881836,90.39703369140625
2019-04-01,235.01089477539062,69.6182861328125,33.165531158447266,34.6845588684082,64.51273345947266,60.56655502319336,65.6292953491211,20.837888717651367,65.43411254882812,24.639999389648438,90.39703369140625
2019-04-02,235.09149169921875,69.22605895996094,33.189579010009766,34.580039978027344,64.54467010498047,60.75678634643555,65.68254089355469,20.845497131347656,65.89363098144531,24.739999771118164,90.42166137695312
2019-04-03,235.5301055908203,69.56480407714844,33.4459228515625,34.7488899230957,64.45673370361328,60.194061279296875,65.61407470703125,20.799867630004883,65.81832122802734,24.700000762939453,90.40522766113281
2019-04-04,236.09410095214844,70.11746215820312,33.381832122802734,34.9739990234375,64.52069854736328,60.39220428466797,65.6673355102539,20.815078735351562,65.7128677368164,24.760000228881836,90.44625854492188
2019-04-05,237.2310028076172,70.73251342773438,33.45392608642578,35.255409240722656,64.56867980957031,60.431854248046875,65.77386474609375,20.834091186523438,66.17237091064453,24.739999771118164,90.43798065185547
2019-04-08,237.4368438720703,70.67903137207031,33.47796630859375,35.231292724609375,64.50466918945312,60.24161911010742,65.70538330078125,20.818883895874023,65.80326080322266,24.860000610351562,90.45439147949219
2019-04-09,236.17462158203125,69.79656982421875,33.2776985168457,35.18304443359375,64.6006851196289,60.431854248046875,65.79669952392578,20.837888717651367,65.45672607421875,24.959999084472656,90.43798065185547
2019-04-10,236.98924255371094,70.8573226928711,33.41387939453125,35.35188293457031,64.68868255615234,60.550724029541016,66.07061767578125,20.91392707824707,66.05937957763672,25.040000915527344,90.46260070800781
2019-04-11,236.9445343017578,70.71470642089844,33.34978485107422,34.94184494018555,64.57664489746094,60.225791931152344,66.017333984375,20.860700607299805,66.01419067382812,24.739999771118164,90.48717498779297
2019-04-12,238.546875,71.03559112548828,33.59812545776367,35.1589241027832,64.45673370361328,59.80573272705078,65.89561462402344,20.826480865478516,66.33061218261719,24.700000762939453,90.48717498779297
2019-04-15,238.38568115234375,70.75928497314453,33.61415481567383,34.9739990234375,64.47270965576172,59.940452575683594,65.88798522949219,20.841691970825195,65.9916000366211,24.65999984741211,90.47894287109375
2019-04-16,238.55577087402344,71.04450225830078,33.670230865478516,35.255409240722656,64.36072540283203,59.60757064819336,65.74346160888672,20.792272567749023,64.49999237060547,24.459999084472656,90.49533081054688
2019-04-17,237.97390747070312,70.72361755371094,33.72631072998047,35.34383773803711,64.36072540283203,59.63926315307617,65.74346160888672,20.780860900878906,63.912410736083984,24.420000076293945,90.51991271972656
2019-04-18,238.42149353027344,70.4740219116211,33.66221618652344,35.38404083251953,64.44873809814453,59.90083694458008,65.79669952392578,20.849292755126953,64.40204620361328,24.440000534057617,90.51173400878906
2019-04-22,238.65426635742188,70.10853576660156,33.63016891479492,35.17500305175781,64.38475799560547,59.61551284790039,65.75870513916016,20.83028793334961,63.693939208984375,24.420000076293945,90.51173400878906
2019-04-23,240.71315002441406,71.14258575439453,33.71027755737305,35.255409240722656,64.49671173095703,59.74233627319336,65.94123077392578,20.868305206298828,64.53765869140625,24.360000610351562,90.51173400878906
2019-04-24,240.2386932373047,71.36541748046875,33.41387939453125,34.845375061035156,64.6646728515625,60.21784973144531,66.14665985107422,20.951946258544922,65.01224517822266,24.440000534057617,90.54451751708984
2019-04-25,240.149169921875,70.62556457519531,33.38984298706055,34.781036376953125,64.64866638183594,60.14651870727539,66.04776000976562,20.9443359375,64.87667846679688,24.459999084472656,90.5608901977539
2019-04-26,241.25033569335938,71.25843811035156,33.51801300048828,34.94184494018555,64.79263305664062,60.34467697143555,66.27601623535156,20.982358932495117,65.38892364501953,24.600000381469727,90.56908416748047
2019-04-29,241.5546112060547,71.6061019897461,33.64619445800781,34.877525329589844,64.65667724609375,59.988014221191406,66.1162338256836,20.94054412841797,64.74858093261719,24.5,90.56908416748047
2019-04-30,241.7068634033203,71.42782592773438,33.670230865478516,34.90164566040039,64.7526626586914,60.305023193359375,66.18473815917969,20.967159271240234,65.36632537841797,24.579999923706055,90.56908416748047
2019-05-01,239.943359375,70.7860107421875,33.4459228515625,34.70868682861328,64.75667572021484,60.51156234741211,66.09468841552734,20.927967071533203,65.4190673828125,24.420000076293945,90.58385467529297
2019-05-02,239.4688720703125,71.00887298583984,33.381832122802734,34.756927490234375,64.61231994628906,60.2176513671875,65.98786163330078,20.82905387878418,65.48685455322266,24.34000015258789,90.60026550292969
2019-05-03,241.74266052246094,72.40837097167969,33.71027755737305,35.207157135009766,64.73259735107422,60.4162712097168,66.0870590209961,20.878511428833008,66.0443115234375,24.459999084472656,90.60026550292969
2019-05-06,240.78475952148438,72.53314971923828,33.38984298706055,34.459442138671875,64.8127670288086,60.567176818847656,66.22438049316406,20.927967071533203,65.83338928222656,24.5,90.60848236083984
2019-05-07,236.88182067871094,71.2049560546875,32.82908248901367,33.808204650878906,64.90898895263672,61.04375076293945,66.27015686035156,20.939376831054688,64.64312744140625,24.579999923706055,90.61668395996094
2019-05-08,236.4163055419922,70.63447570800781,32.87714767456055,33.719757080078125,64.86087036132812,60.749847412109375,66.11756134033203,20.886117935180664,64.57533264160156,24.520000457763672,90.61668395996094
2019-05-09,235.69122314453125,70.4740219116211,32.63680648803711,33.24540328979492,64.92498779296875,60.99612808227539,66.21674346923828,20.92035675048828,64.74103546142578,24.600000381469727,90.6413345336914
2019-05-10,236.79226684570312,70.7057876586914,32.85310745239258,33.51875686645508,64.91702270507812,60.900787353515625,66.21674346923828,20.95460319519043,65.43411254882812,24.639999389648438,90.6413345336914
2019-05-13,230.98260498046875,68.49512481689453,32.1161003112793,32.385128021240234,65.05330657958984,61.41712188720703,66.31597900390625,21.00786018371582,65.36632537841797,24.8799991607666,90.65770721435547
2019-05-14,232.98782348632812,69.22605895996094,32.42051696777344,32.83536148071289,65.0933837890625,61.218482971191406,66.32357025146484,21.00786018371582,65.60738372802734,24.84000015258789,90.66594696044922
2019-05-15,234.3663330078125,69.3508529663086,32.56471252441406,32.92380905151367,65.1895751953125,61.59980392456055,66.52195739746094,21.05731773376465,66.05183410644531,24.799999237060547,90.66594696044922
2019-05-16,236.5147705078125,69.6182861328125,32.76498031616211,32.84341049194336,65.0933837890625,61.39325714111328,66.4762191772461,21.034502029418945,66.31551361083984,24.639999389648438,90.69058990478516
2019-05-17,235.08250427246094,68.48619842529297,32.58073806762695,32.21628189086914,65.10942077636719,61.5680046081543,66.53723907470703,21.015466690063477,66.18746185302734,24.440000534057617,90.69058990478516
2019-05-20,233.48013305664062,68.00483703613281,32.436546325683594,32.10371398925781,65.02925872802734,61.4329719543457,66.35409545898438,20.97361946105957,65.230712890625,24.440000534057617,90.6823501586914
2019-05-21,235.45848083496094,68.91407012939453,32.66083908081055,32.53789520263672,64.99715423583984,61.32172775268555,66.28546905517578,20.985031127929688,65.78819274902344,24.3799991607666,90.69877624511719
2019-05-22,234.81398010253906,68.23661041259766,32.53267288208008,32.40119552612305,65.11743927001953,61.66331100463867,66.40751647949219,20.988842010498047,65.98405456542969,24.3799991607666,90.70697784423828
2019-05-23,232.06576538085938,66.6142807006836,32.204219818115234,31.991168975830078,65.34994506835938,62.35437774658203,66.5448989868164,21.038297653198242,66.13471221923828,24.559999465942383,90.73162841796875
2019-05-24,232.46861267089844,67.2828369140625,32.540679931640625,32.03940200805664,65.34994506835938,62.378231048583984,66.62879180908203,21.07253074645996,66.338134765625,24.579999923706055,90.73980712890625
2019-05-28,230.38282775878906,66.83711242675781,32.26028823852539,32.13587951660156,65.48621368408203,62.86274337768555,66.71273040771484,21.095361709594727,65.6827163696289,24.479999542236328,90.73980712890625
2019-05-29,228.79833984375,66.2933578491211,32.044002532958984,32.40924835205078,65.47021484375,63.02955627441406,66.71273040771484,21.13340187072754,64.80884552001953,24.5,90.73980712890625
2019-05-30,229.4339141845703,66.1061782836914,32.16416931152344,32.5539665222168,65.64659118652344,63.55384826660156,66.99504852294922,21.19808578491211,65.08003234863281,24.65999984741211,90.76443481445312
2019-05-31,226.36346435546875,65.22367095947266,31.91582489013672,32.67456817626953,65.93522644042969,64.35611724853516,67.20110321044922,21.312213897705078,65.45672607421875,25.020000457763672,90.7890625
2019-06-03,225.69207763671875,65.56243133544922,32.044002532958984,32.86751937866211,66.12246704101562,64.76211547851562,67.40087890625,21.383962631225586,65.61492919921875,25.360000610351562,90.8227767944336
2019-06-04,230.6603240966797,67.34522247314453,32.4605712890625,32.87556457519531,66.00997924804688,64.05358123779297,67.42382049560547,21.349611282348633,65.32115173339844,25.399999618530273,90.81454467773438
2019-06-05,232.6118927001953,67.19367980957031,32.44455337524414,32.63435745239258,66.00997924804688,63.70330047607422,67.46212768554688,21.357242584228516,66.68464660644531,25.459999084472656,90.84746551513672
2019-06-06,234.12472534179688,67.04212951660156,32.58073806762695,32.626319885253906,65.99390411376953,63.90229797363281,67.45445251464844,21.341981887817383,66.8127212524414,25.520000457763672,90.86388397216797
2019-06-07,236.4610595703125,67.4789047241211,32.96526336669922,32.859474182128906,66.17066955566406,64.4197769165039,67.70702362060547,21.418315887451172,67.06133270263672,25.65999984741211,90.87212371826172
2019-06-10,237.5711212158203,67.96029663085938,33.05338668823242,33.16500473022461,66.0340576171875,63.846595764160156,67.51570129394531,21.311447143554688,66.84284210205078,25.440000534057617,90.8885726928711
2019-06-11,237.52635192871094,67.8087387084961,33.21359634399414,33.51071548461914,65.98585510253906,63.9182243347168,67.51570129394531,21.284740447998047,67.02362060546875,25.3799991607666,90.88036346435547
2019-06-12,237.07876586914062,67.66610717773438,32.949241638183594,33.1489372253418,66.0983657836914,63.9500846862793,67.622802734375,21.296184539794922,67.2496337890625,25.520000457763672,90.8885726928711
2019-06-13,238.13507080078125,68.45945739746094,32.96526336669922,33.18108367919922,66.21086883544922,64.17300415039062,67.8141860961914,21.30763816833496,67.53590393066406,25.65999984741211,90.9297103881836
2019-06-14,237.77691650390625,67.79090881347656,32.74094772338867,32.771053314208984,66.21888732910156,64.2844467163086,67.8141860961914,21.261838912963867,67.57357788085938,25.65999984741211,90.93792724609375
2019-06-17,237.99185180664062,67.85440826416016,32.765254974365234,32.90785217285156,66.21888732910156,64.427734375,67.76825714111328,21.223670959472656,68.29679107666016,25.639999389648438,90.93792724609375
2019-06-18,240.36407470703125,68.73983001708984,33.21886444091797,33.65262985229492,66.3715591430664,64.69841003417969,68.08206939697266,21.315256118774414,68.22897338867188,25.760000228881836,90.93792724609375
2019-06-19,240.9996795654297,68.90975189208984,33.405174255371094,33.88740539550781,66.59658813476562,64.84968566894531,68.31168365478516,21.437393188476562,68.59809875488281,25.940000534057617,90.93792724609375
2019-06-20,243.24658203125,69.37480163574219,33.729183197021484,34.413612365722656,66.7010726928711,64.97705841064453,68.62553405761719,21.555706024169922,68.9446029663086,26.579999923706055,90.98723602294922
2019-06-21,242.96009826660156,68.81137084960938,33.6076774597168,34.27598190307617,66.5162353515625,64.3242416381836,68.49534606933594,21.464107513427734,67.97283935546875,26.780000686645508,90.97904968261719
2019-06-24,242.64678955078125,68.0422134399414,33.65626907348633,34.30026626586914,66.63678741455078,64.77007293701172,68.59488677978516,21.506088256835938,67.73931121826172,27.18000030517578,90.97904968261719
2019-06-25,240.24769592285156,67.69343566894531,33.47807693481445,33.92787170410156,66.6608657836914,64.99295043945312,68.58723449707031,21.464107513427734,66.73735809326172,27.239999771118164,90.97904968261719
2019-06-26,240.01492309570312,67.76498413085938,33.5185661315918,34.259803771972656,66.50817108154297,64.57102966308594,68.42650604248047,21.45265769958496,65.40399932861328,26.959999084472656,90.9955062866211
2019-06-27,240.85711669921875,69.08863830566406,33.599571228027344,34.45408248901367,66.7010726928711,65.01681518554688,68.68671417236328,21.483198165893555,66.24596405029297,26.959999084472656,91.02015686035156
2019-06-28,242.18894958496094,70.00980377197266,33.78588104248047,34.42978286743164,66.75731658935547,65.00093078613281,68.77093505859375,21.490827560424805,66.47412872314453,27.0,91.00373840332031
2019-07-01,244.24957275390625,70.15290069580078,33.93978500366211,34.923606872558594,66.75251007080078,64.82383728027344,68.8254623413086,21.462074279785156,66.44369506835938,26.5,91.01112365722656
2019-07-02,244.96041870117188,69.75042724609375,34.04508590698242,34.87504577636719,66.88136291503906,65.3263931274414,68.96354675292969,21.46590805053711,67.59976196289062,27.059999465942383,91.02761840820312
2019-07-03,246.84104919433594,70.14396667480469,34.22330093383789,34.91550827026367,67.00221252441406,65.73326873779297,69.08641815185547,21.523406982421875,68.40597534179688,27.1200008392334,91.05235290527344
2019-07-05,246.5260772705078,70.42121124267578,33.988380432128906,34.67265701293945,66.68805694580078,64.92752838134766,68.71797943115234,21.46973419189453,68.16259765625,26.799999237060547,91.02761840820312
2019-07-08,245.29336547851562,69.67889404296875,33.78588104248047,34.535030364990234,66.68000793457031,65.01527404785156,68.60282897949219,21.462074279785156,68.40597534179688,26.639999389648438,91.04411315917969
2019-07-09,245.5992889404297,69.5894546508789,33.62388229370117,34.44599533081055,66.59139251708984,64.98336029052734,68.53370666503906,21.481239318847656,68.63414764404297,26.719999313354492,91.04411315917969
2019-07-10,246.7421112060547,69.77726745605469,33.76968002319336,34.67265701293945,66.64778137207031,64.64032745361328,68.68727111816406,21.527233123779297,69.02964782714844,27.139999389648438,91.06056213378906
2019-07-11,247.23696899414062,69.44635009765625,33.77777862548828,34.59980773925781,66.43033599853516,63.802730560302734,68.42627716064453,21.46590805053711,68.13216400146484,26.920000076293945,91.07705688476562
2019-07-12,248.45172119140625,70.05452728271484,33.81827926635742,34.59980773925781,66.48667907714844,63.858558654785156,68.48765563964844,21.48890495300293,68.04087829589844,27.079999923706055,91.06056213378906
2019-07-15,248.51467895507812,69.60734558105469,33.850685119628906,34.76169967651367,66.58332061767578,64.24149322509766,68.51070404052734,21.53874397277832,67.98765563964844,27.079999923706055,91.08528900146484
2019-07-16,247.704833984375,69.67889404296875,33.696781158447266,34.69694519042969,66.49473571777344,64.00218963623047,68.40322875976562,21.50425148010254,67.82793426513672,26.860000610351562,91.06880187988281
2019-07-17,246.03131103515625,69.16015625,33.63197708129883,34.61598205566406,66.69611358642578,64.72809600830078,68.66423797607422,21.550241470336914,67.59976196289062,27.280000686645508,91.09353637695312
2019-07-18,246.93099975585938,69.29432678222656,33.729183197021484,34.834571838378906,66.81690979003906,64.72008514404297,68.89452362060547,21.584741592407227,67.59976196289062,27.65999984741211,91.11827850341797
2019-07-19,245.60830688476562,69.11543273925781,33.68057632446289,34.60789489746094,66.7444076538086,64.60047912597656,68.81007385253906,21.56557273864746,66.49693298339844,27.299999237060547,91.11001586914062
2019-07-22,246.20211791992188,69.01705932617188,33.712982177734375,34.567420959472656,66.81690979003906,64.68819427490234,68.90986633300781,21.577075958251953,66.43610382080078,27.260000228881836,91.13471984863281
2019-07-23,247.89390563964844,69.66099548339844,33.907386779785156,34.567420959472656,66.76053619384766,64.36114501953125,68.93287658691406,21.557903289794922,67.18903350830078,27.1200008392334,91.1264877319336
2019-07-24,249.03662109375,70.83260345458984,33.91548538208008,34.67265701293945,66.82496643066406,64.62437438964844,69.04039001464844,21.56557273864746,67.2423095703125,27.239999771118164,91.1264877319336
2019-07-25,247.8218231201172,70.06346130371094,33.57527160644531,34.47026824951172,66.75251007080078,64.3371810913086,69.00196838378906,21.542570114135742,66.84679412841797,27.059999465942383,91.13471984863281
2019-07-26,249.5945281982422,70.7789535522461,33.672481536865234,34.502662658691406,66.75251007080078,64.44892120361328,69.0096664428711,21.511913299560547,67.15104675292969,27.100000381469727,91.14297485351562
2019-07-29,249.14450073242188,70.42121124267578,33.66438293457031,34.49456787109375,66.79276275634766,64.49674987792969,68.93287658691406,21.50425148010254,67.33356475830078,27.280000686645508,91.14297485351562
2019-07-30,248.5417022705078,71.18140411376953,33.30796813964844,34.1545524597168,66.77667999267578,64.6483383178711,69.0096664428711,21.53490447998047,67.87357330322266,27.3799991607666,91.15117645263672
2019-07-31,245.72520446777344,70.84154510498047,33.09736633300781,33.80644607543945,66.85722351074219,65.1907730102539,68.95591735839844,21.569406509399414,67.60737609863281,27.040000915527344,91.15117645263672
2019-08-01,243.6646728515625,69.7593994140625,32.967769622802734,33.191200256347656,67.33597564697266,66.3884048461914,69.45946502685547,21.6500301361084,67.60737609863281,27.65999984741211,91.19249725341797
2019-08-02,241.8829803466797,68.94550323486328,32.708560943603516,32.87548065185547,67.40059661865234,66.94801330566406,69.51339721679688,21.65387535095215,67.93443298339844,27.579999923706055,91.20899963378906
2019-08-05,234.74732971191406,67.07633972167969,31.874229431152344,31.717824935913086,67.69121551513672,68.13123321533203,69.65971374511719,21.734498977661133,66.59581756591797,27.959999084472656,91.22553253173828
2019-08-06,237.770751953125,67.7828598022461,32.09292984008789,32.21974563598633,67.86080932617188,68.60295867919922,69.8675308227539,21.795927047729492,67.33356475830078,28.200000762939453,91.2337875366211
2019-08-07,237.9327392578125,67.89017486572266,32.222537994384766,32.35736846923828,67.86080932617188,68.66685485839844,69.8675308227539,21.799776077270508,67.98765563964844,28.600000381469727,91.24201202392578
2019-08-08,242.57577514648438,69.35693359375,32.55465316772461,32.7783317565918,67.91730499267578,68.80281829833984,69.92918395996094,21.86119270324707,69.1817626953125,28.780000686645508,91.2585220336914
2019-08-09,240.88417053222656,68.49832916259766,32.31974792480469,32.454524993896484,67.79617309570312,68.65095520019531,69.7674789428711,21.84200096130371,69.09808349609375,28.65999984741211,91.26678466796875
2019-08-12,238.0587158203125,67.72920227050781,32.044342041015625,32.0902214050293,68.09491729736328,70.08197784423828,70.0369644165039,21.941823959350586,68.91554260253906,28.920000076293945,91.27508544921875
2019-08-13,241.74806213378906,68.43575286865234,32.36024856567383,32.470703125,67.98994445800781,69.81813049316406,69.92147827148438,21.899587631225586,69.01443481445312,28.760000228881836,91.26678466796875
2019-08-14,234.4683837890625,66.4234619140625,31.48543357849121,31.572111129760742,68.2322006225586,71.32915496826172,70.05237579345703,21.95718002319336,67.96484375,28.959999084472656,91.2833023071289
2019-08-15,235.206298828125,66.17303466796875,31.55023956298828,31.75021743774414,68.56318664550781,72.12862396240234,70.3218765258789,22.045475006103516,68.6417465209961,29.15999984741211,91.3245849609375
2019-08-16,238.65260314941406,67.6487045288086,31.922849655151367,32.171173095703125,68.49055480957031,71.5610122680664,70.4450912475586,21.98789405822754,69.3490982055664,28.979999542236328,91.31629943847656
2019-08-19,241.58604431152344,68.34629821777344,32.117244720458984,32.27641296386719,68.27256774902344,70.61764526367188,70.23717498779297,21.899587631225586,69.85105895996094,28.639999389648438,91.31629943847656
2019-08-20,239.71441650390625,67.7828598022461,32.02815628051758,32.333072662353516,68.4501724243164,71.32115936279297,70.49894714355469,21.930301666259766,69.35668182373047,28.84000015258789,91.33283996582031
2019-08-21,241.65794372558594,68.32842254638672,32.295448303222656,32.58404541015625,68.41785430908203,70.82548522949219,70.59133911132812,21.90726661682129,69.64570617675781,28.719999313354492,91.33283996582031
2019-08-22,241.56802368164062,68.14060974121094,32.18203353881836,32.25211715698242,68.2887191772461,70.38574981689453,70.48357391357422,21.888080596923828,69.96515655517578,28.68000030517578,91.33283996582031
2019-08-23,235.36825561523438,66.05679321289062,31.785131454467773,31.790685653686523,68.53897094726562,71.51301574707031,70.64525604248047,22.010929107666016,68.98400115966797,29.239999771118164,91.35761260986328
2019-08-26,237.97779846191406,66.67385864257812,32.06053924560547,31.993072509765625,68.49867248535156,71.2171859741211,70.64525604248047,21.991729736328125,69.51641082763672,29.260000228881836,91.34109497070312
2019-08-27,237.0419158935547,65.83318328857422,32.05243682861328,32.0092658996582,68.73277282714844,72.32048797607422,70.845458984375,22.095388412475586,69.31866455078125,29.520000457763672,91.34932708740234
2019-08-28,238.68858337402344,66.62020874023438,32.06053924560547,32.13069534301758,68.7569580078125,72.39244842529297,70.90705108642578,22.12611198425293,69.54682922363281,29.459999084472656,91.34932708740234
2019-08-29,241.79295349121094,67.72920227050781,32.311649322509766,32.50309753417969,68.71662139892578,72.12862396240234,70.79154205322266,22.156822204589844,70.08684539794922,29.239999771118164,91.3658447265625
2019-08-30,241.69403076171875,67.59503173828125,32.47364807128906,32.705474853515625,68.70852661132812,72.13660430908203,70.75305938720703,22.05315589904785,70.14008331298828,29.1200008392334,91.35761260986328
2019-09-03,240.35330200195312,66.66492462158203,32.34404373168945,32.535457611083984,68.77163696289062,72.24237823486328,70.79244232177734,22.037403106689453,70.83980560302734,29.579999923706055,91.38075256347656
2019-09-04,242.9267578125,67.34463500976562,32.797664642333984,33.06977081298828,68.90113830566406,72.30643463134766,70.99319458007812,22.087371826171875,71.43305969238281,29.760000228881836,91.39732360839844
2019-09-05,246.13919067382812,68.65935516357422,33.06496810913086,33.320716857910156,68.54509735107422,71.1129379272461,70.61483764648438,21.968210220336914,70.91586303710938,29.059999465942383,91.38075256347656
2019-09-06,246.3191680908203,68.47149658203125,33.13786697387695,33.425960540771484,68.62600708007812,71.56951141357422,70.76152801513672,22.00664710998535,71.07559204101562,28.81999969482422,91.40556335449219
2019-09-09,246.38211059570312,69.51792907714844,33.20267105102539,33.51500701904297,68.3104476928711,70.31192779541016,70.41407775878906,21.918249130249023,70.73332214355469,28.68000030517578,91.39732360839844
2019-09-10,246.43612670898438,70.38542938232422,33.299861907958984,33.51500701904297,67.96245574951172,69.13448333740234,70.01252746582031,21.78754997253418,70.0031967163086,28.440000534057617,91.38075256347656
2019-09-11,248.20872497558594,71.7895736694336,33.502384185791016,33.76596450805664,67.92204284667969,68.998291015625,69.93533325195312,21.75295066833496,70.07923889160156,28.6200008392334,91.39732360839844
2019-09-12,248.93756103515625,71.7895736694336,33.68057632446289,33.97644805908203,67.79252624511719,68.55773162841797,69.92759704589844,21.74526023864746,70.45191955566406,28.65999984741211,91.40556335449219
2019-09-13,248.8745574951172,71.90583038330078,33.83448791503906,34.1545524597168,67.40418243408203,67.14801025390625,69.44886016845703,21.618410110473633,69.6989517211914,28.440000534057617,91.40556335449219
2019-09-16,248.0557861328125,72.14729309082031,33.59147644042969,33.879302978515625,67.5821762084961,67.95699310302734,69.6650619506836,21.729887008666992,70.30741119384766,28.68000030517578,91.40556335449219
2019-09-17,248.73069763183594,71.986328125,33.72107696533203,33.91979217529297,67.73590087890625,68.325439453125,69.81950378417969,21.776016235351562,71.0679702758789,28.719999313354492,91.40556335449219
2019-09-18,248.8836212158203,71.59281158447266,33.63197708129883,33.74977111816406,67.78446197509766,68.6378402709961,69.8889389038086,21.69529151916504,70.82460021972656,28.540000915527344,91.41382598876953
2019-09-19,248.8297119140625,71.12774658203125,33.76968002319336,33.539302825927734,67.8815689086914,68.81407165527344,69.95845794677734,21.737565994262695,71.07559204101562,28.68000030517578,91.41382598876953
2019-09-20,247.49790954589844,70.88627624511719,33.696781158447266,33.59596252441406,68.12433624267578,69.68716430664062,70.24420166015625,21.849050521850586,71.07559204101562,29.020000457763672,91.42214965820312
2019-09-23,247.6688690185547,70.93993377685547,33.64817810058594,33.7173957824707,68.1728744506836,69.70316314697266,70.30597686767578,21.887489318847656,71.1896743774414,29.18000030517578,91.4303970336914
2019-09-24,245.6172637939453,70.04682922363281,33.50548553466797,33.306705474853516,68.40755462646484,70.52820587158203,70.46039581298828,21.937463760375977,71.03174591064453,29.31999969482422,91.43865966796875
2019-09-25,247.11993408203125,70.98031616210938,33.448402404785156,33.3394889831543,68.08386993408203,69.54296112060547,70.1747055053711,21.829832077026367,71.16975402832031,28.780000686645508,91.4469223022461
2019-09-26,246.63270568847656,70.24429321289062,33.521785736083984,33.323089599609375,68.19712829589844,69.92745971679688,70.27506256103516,21.829832077026367,71.76775360107422,28.780000686645508,91.46344757080078
2019-09-27,245.24935913085938,69.82243347167969,33.37501525878906,32.90502166748047,68.2699966430664,70.10369110107422,70.3600082397461,21.79523277282715,71.36906433105469,28.639999389648438,91.47173309326172
2019-09-30,246.46092224121094,69.8673095703125,33.49732971191406,33.00339126586914,68.31851959228516,70.27991485595703,70.4526596069336,21.818300247192383,71.49174499511719,28.200000762939453,91.48829650878906
2019-10-01,243.4954833984375,68.4940185546875,33.195613861083984,32.77386474609375,68.38501739501953,70.45565795898438,70.61214447021484,21.862930297851562,70.81707000732422,28.34000015258789,91.49987030029297
2019-10-02,239.20083618164062,67.81187438964844,32.53512954711914,32.61811447143555,68.53909301757812,70.67234802246094,70.67410278320312,21.866771697998047,70.51807403564453,28.68000030517578,91.53302001953125
2019-10-03,241.09950256347656,67.91059875488281,32.763450622558594,33.011592864990234,68.76616668701172,71.29031372070312,70.97603607177734,21.939861297607422,71.20040893554688,28.81999969482422,91.56613159179688
2019-10-04,244.44468688964844,68.57481384277344,33.0162353515625,33.16734313964844,68.87969207763672,71.81196594238281,71.0689926147461,22.01681137084961,71.62973022460938,28.81999969482422,91.59931182861328
2019-10-07,243.39598083496094,68.52096557617188,32.9754524230957,32.91322708129883,68.7012710571289,71.25019073486328,70.85993957519531,21.939861297607422,71.47640228271484,28.559999465942383,91.59102630615234
2019-10-08,239.6167449951172,67.36309051513672,32.66559600830078,32.63450241088867,68.73370361328125,71.41068267822266,70.90635681152344,21.924470901489258,71.10072326660156,28.81999969482422,91.59102630615234
2019-10-09,241.8499298095703,67.57850646972656,32.92653274536133,32.88042449951172,68.65259552001953,70.97734069824219,70.85993957519531,21.882158279418945,71.23873138427734,28.84000015258789,91.59102630615234
2019-10-10,243.4954833984375,67.74005889892578,33.1385383605957,33.23292541503906,68.4417953491211,69.9981918334961,70.56572723388672,21.82060432434082,71.35374450683594,28.579999923706055,91.62413787841797
2019-10-11,246.03594970703125,68.97871398925781,33.70117950439453,33.67559051513672,68.19039154052734,69.17159271240234,70.37987518310547,21.755197525024414,71.32306671142578,28.420000076293945,91.59931182861328
2019-10-14,245.80995178222656,68.7992172241211,33.57886505126953,33.601810455322266,68.30393981933594,69.5567855834961,70.52699279785156,21.770593643188477,71.35374450683594,28.520000457763672,91.6158447265625
2019-10-15,248.187744140625,69.55315399169922,33.95396041870117,33.83134460449219,68.12553405761719,68.78638458251953,70.36441040039062,21.70134925842285,71.44573974609375,28.360000610351562,91.6158447265625
2019-10-16,247.79891967773438,69.73269653320312,33.97841262817383,33.92151641845703,68.19852447509766,68.86663818359375,70.46507263183594,21.739826202392578,71.4533920288086,28.5,91.6324462890625
2019-10-17,248.46807861328125,70.52255249023438,34.068111419677734,34.02808380126953,68.19852447509766,68.75424194335938,70.51925659179688,21.762897491455078,71.92105865478516,28.540000915527344,91.66559600830078
2019-10-18,247.44642639160156,70.08272552490234,34.02734375,33.93790817260742,68.23092651367188,68.72215270996094,70.6276626586914,21.797521591186523,72.47308349609375,28.5,91.66559600830078
2019-10-21,249.17320251464844,70.75590515136719,34.239349365234375,34.18384552001953,68.06879425048828,68.20050811767578,70.48053741455078,21.747512817382812,73.02507019042969,28.360000610351562,91.65729522705078
2019-10-22,248.29617309570312,70.95341491699219,34.15781021118164,34.15924072265625,68.19039154052734,68.58570861816406,70.61214447021484,21.797521591186523,72.81040954589844,28.459999084472656,91.65729522705078
2019-10-23,249.02854919433594,71.13290405273438,34.32089614868164,34.17563247680664,68.22282409667969,68.64189147949219,70.61214447021484,21.816757202148438,72.9714126586914,28.540000915527344,91.65729522705078
2019-10-24,249.43540954589844,71.00724029541016,34.37797546386719,34.216636657714844,68.23092651367188,68.52953338623047,70.7127914428711,21.82060432434082,72.78741455078125,28.739999771118164,91.66559600830078
2019-10-25,250.4751434326172,71.42908477783203,34.402435302734375,34.37239074707031,68.11741638183594,68.19248962402344,70.60442352294922,21.809064865112305,72.1664047241211,28.799999237060547,91.68218231201172
2019-10-28,251.93080139160156,72.09332275390625,34.557373046875,34.642906188964844,67.9714126586914,67.61461639404297,70.48053741455078,21.739826202392578,71.72940063476562,28.540000915527344,91.68218231201172
2019-10-29,251.76803588867188,72.38052368164062,34.5165901184082,34.446163177490234,67.98763275146484,67.67882537841797,70.3954086303711,21.678260803222656,72.1664047241211,28.440000534057617,91.68218231201172
2019-10-30,252.65408325195312,71.99458312988281,34.65521240234375,34.57732009887695,68.20661163330078,68.59369659423828,70.58122253417969,21.751358032226562,72.42707824707031,28.639999389648438,91.69042205810547
2019-10-31,251.84034729003906,71.28548431396484,34.57366943359375,34.30680847167969,68.53101348876953,69.50863647460938,70.92186737060547,21.805219650268555,72.2967529296875,28.920000076293945,91.73184204101562
2019-11-01,254.23626708984375,72.38951873779297,34.88352966308594,34.839637756347656,68.47003173828125,69.28269958496094,70.92810821533203,21.858055114746094,72.28140258789062,28.920000076293945,91.728515625
2019-11-04,255.24874877929688,72.98190307617188,35.07108688354492,35.093772888183594,68.2750015258789,68.41421508789062,70.67958068847656,21.834915161132812,71.7754135131836,28.860000610351562,91.73682403564453
2019-11-05,254.92330932617188,73.09860229492188,35.06291961669922,35.26591873168945,68.03926849365234,67.69054412841797,70.38461303710938,21.777069091796875,70.55638885498047,28.3799991607666,91.72024536132812
2019-11-06,255.0589141845703,72.7665023803711,35.03031539916992,35.20853042602539,68.18558502197266,68.06040954589844,70.63304138183594,21.86191177368164,70.70973205566406,28.520000457763672,91.728515625
2019-11-07,255.96307373046875,72.93704223632812,35.185237884521484,35.446266174316406,67.83612060546875,66.89448547363281,70.26808166503906,21.746212005615234,70.00440216064453,28.059999465942383,91.73682403564453
2019-11-08,256.5869445800781,73.04473876953125,35.11184310913086,35.126564025878906,67.77113342285156,66.62104797363281,70.20600128173828,21.723066329956055,69.83573913574219,27.899999618530273,91.74513244628906
2019-11-11,256.08966064453125,72.82931518554688,35.0792350769043,34.92982482910156,67.81173706054688,66.70146942138672,70.237060546875,21.719213485717773,69.98906707763672,27.799999237060547,91.73682403564453
2019-11-12,256.59588623046875,72.80239868164062,35.08738327026367,34.667484283447266,67.85237121582031,66.91053009033203,70.28364562988281,21.742361068725586,69.46005249023438,27.899999618530273,91.75343322753906
2019-11-13,256.7044677734375,72.38951873779297,34.973236083984375,34.446163177490234,67.97431182861328,67.3206558227539,70.40006256103516,21.765499114990234,70.09640502929688,28.0,91.75343322753906
2019-11-14,257.04803466796875,72.24589538574219,34.948768615722656,34.42975616455078,68.16930389404297,67.9961166381836,70.67958068847656,21.792499542236328,70.64073181152344,28.1200008392334,91.7783203125
2019-11-15,258.9647216796875,72.6318588256836,35.1607666015625,34.65929412841797,68.14495086669922,67.91569519042969,70.65635681152344,21.77320671081543,71.02407836914062,28.059999465942383,91.7783203125
2019-11-18,259.12744140625,72.3087387084961,35.2015495300293,34.651100158691406,68.24247741699219,68.07653045654297,70.74951171875,21.815624237060547,71.36906433105469,28.15999984741211,91.7783203125
2019-11-19,259.00091552734375,72.44337463378906,35.136314392089844,34.77406692504883,68.31562805175781,68.5831069946289,70.8349380493164,21.858055114746094,71.49174499511719,28.15999984741211,91.77002716064453
2019-11-20,258.0877380371094,72.05738830566406,34.924293518066406,34.642906188964844,68.5025405883789,69.29879760742188,70.91253662109375,21.931316375732422,71.4533920288086,28.15999984741211,91.77002716064453
2019-11-21,257.6899719238281,71.67144775390625,34.87538146972656,34.68389129638672,68.38877868652344,68.9047622680664,70.8349380493164,21.881187438964844,70.44906616210938,28.0,91.7783203125
2019-11-22,258.2595520019531,71.84197998046875,34.91615295410156,34.61830139160156,68.42938995361328,68.99317932128906,70.87374877929688,21.8966121673584,70.18839263916016,27.959999084472656,91.7866439819336
2019-11-25,260.2215270996094,73.63714599609375,35.185237884521484,34.92982482910156,68.49444580078125,69.17813110351562,70.9979476928711,21.919750213623047,70.41072845458984,27.81999969482422,91.79492950439453
2019-11-26,260.7458801269531,73.5743408203125,35.2097053527832,34.79045867919922,68.60819244384766,69.57218170166016,71.06782531738281,21.96988296508789,71.3460693359375,27.959999084472656,91.79492950439453
2019-11-27,261.9754638671875,73.90641021728516,35.30755615234375,34.89702606201172,68.5025405883789,69.37113189697266,71.03677368164062,21.923612594604492,71.68340301513672,27.81999969482422,91.80321502685547
2019-11-29,260.9718322753906,73.43067932128906,35.03845977783203,34.47895812988281,68.5025405883789,69.24248504638672,70.95137786865234,21.858055114746094,71.35374450683594,27.959999084472656,91.79492950439453
2019-12-02,258.84722900390625,72.61390686035156,34.88352966308594,34.487152099609375,68.3233642578125,68.33056640625,70.78166961669922,21.847227096557617,70.2727279663086,27.959999084472656,91.8023910522461
2019-12-03,257.02996826171875,72.31768798828125,34.7530632019043,34.34779357910156,68.68989562988281,69.68391418457031,71.21761322021484,21.99403953552246,70.72505187988281,28.239999771118164,91.83564758300781
2019-12-04,258.6754150390625,72.8831787109375,35.054779052734375,34.651100158691406,68.55144500732422,69.02337646484375,71.11642456054688,21.966997146606445,71.01640319824219,28.18000030517578,91.82734680175781
2019-12-05,259.1545715332031,73.1255111694336,35.02215576171875,34.83144760131836,68.47808837890625,68.7494888305664,71.06195068359375,21.916776657104492,71.05472564697266,28.219999313354492,91.83564758300781
2019-12-06,261.46014404296875,74.14875793457031,35.323856353759766,34.96261215209961,68.38851928710938,68.30638122558594,70.98407745361328,21.924497604370117,71.20040893554688,27.920000076293945,91.85230255126953
2019-12-09,260.6644592285156,73.95130157470703,35.136314392089844,34.83144760131836,68.40479278564453,68.49972534179688,70.98407745361328,21.92836570739746,71.33841705322266,27.940000534057617,91.84398651123047
2019-12-10,260.4203796386719,73.933349609375,35.168922424316406,34.90522003173828,68.35592651367188,68.46749877929688,70.9373779296875,21.924497604370117,70.92440795898438,28.0,91.84398651123047
2019-12-11,261.0984802246094,73.91537475585938,35.36463165283203,35.37248229980469,68.583984375,68.98308563232422,71.13197326660156,21.982452392578125,70.20374298095703,28.219999313354492,91.85230255126953
2019-12-12,263.3949279785156,74.71422576904297,35.641868591308594,35.856136322021484,68.25817108154297,67.91165161132812,70.90621185302734,21.8858642578125,69.25308227539062,28.100000381469727,91.86058044433594
2019-12-13,263.4943542480469,74.23851013183594,35.845726013183594,35.81515884399414,68.56768035888672,68.66887664794922,71.20985412597656,21.97859001159668,69.26839447021484,28.239999771118164,91.88552856445312
2019-12-16,265.3568115234375,74.5461196899414,36.20451354980469,36.11846160888672,68.38036346435547,68.08082580566406,71.06195068359375,21.924497604370117,69.76673126220703,28.239999771118164,91.8772201538086
2019-12-17,265.41107177734375,75.18658447265625,36.07404708862305,36.38898468017578,68.38851928710938,67.97607421875,71.0697021484375,21.963134765625,69.10740661621094,28.200000762939453,91.89385223388672
2019-12-18,265.42919921875,75.44818878173828,35.98434066772461,36.585723876953125,68.29890441894531,67.45243835449219,71.02301788330078,21.93609619140625,69.94971466064453,28.200000762939453,91.89385223388672
2019-12-19,266.5321960449219,75.68270874023438,36.01696014404297,36.61032485961914,68.3478012084961,67.50885772705078,71.12419128417969,21.978376388549805,70.56963348388672,28.260000228881836,91.89383697509766
2019-12-20,267.88824462890625,75.5654296875,36.07404708862305,36.643104553222656,68.3641357421875,67.62159729003906,71.08527374267578,21.958988189697266,70.95707702636719,28.239999771118164,91.91046905517578
2019-12-23,268.15081787109375,75.69171905517578,36.12345504760742,36.70868682861328,68.32083129882812,67.47959899902344,71.04236602783203,21.91242790222168,70.6006088256836,28.399999618530273,91.89383697509766
2019-12-24,268.15081787109375,75.89921569824219,36.09051513671875,36.67548370361328,68.38610076904297,67.73789978027344,71.19847106933594,21.958988189697266,70.7865982055664,28.65999984741211,91.9188003540039
2019-12-26,269.5227355957031,75.80000305175781,36.2552375793457,36.98263168334961,68.45140075683594,67.85897064208984,71.21406555175781,21.962860107421875,71.0965576171875,28.899999618530273,91.91046905517578
2019-12-27,269.5227355957031,75.45719909667969,36.35406494140625,37.032440185546875,68.54938507080078,67.95584869384766,71.3546371459961,21.96674156188965,71.32129669189453,28.8799991607666,91.92711639404297
2019-12-30,268.04193115234375,75.41209411621094,36.09051513671875,36.82491683959961,68.5248794555664,67.74594116210938,71.43270111083984,21.982257843017578,71.39102172851562,28.979999542236328,91.93548583984375
2019-12-31,268.73236083984375,75.63762664794922,36.288177490234375,36.916221618652344,68.45140075683594,67.22124481201172,71.2999496459961,21.970624923706055,71.9024429321289,29.0,91.95209503173828
2020-01-02,271.1125793457031,75.69171905517578,36.58467102050781,37.79616165161133,68.54121398925781,67.818603515625,71.39364624023438,22.071495056152344,71.05780792236328,29.219999313354492,91.96875762939453
2020-01-03,269.1319885253906,75.6466293334961,36.13991928100586,37.12376403808594,68.7861099243164,68.8277359008789,71.59661102294922,22.172361373901367,71.49949645996094,29.6200008392334,91.96875762939453
2020-01-06,270.1404724121094,75.574462890625,36.26346969604492,37.057350158691406,68.70449829101562,68.49673461914062,71.54979705810547,22.1180477142334,71.5847396850586,29.920000076293945,91.96044158935547
2020-01-07,269.3955383300781,75.1414794921875,36.205814361572266,37.04073715209961,68.64734649658203,68.13343048095703,71.49510955810547,22.05597496032715,70.7865982055664,30.040000915527344,91.9770736694336
2020-01-08,270.7855529785156,75.30384826660156,36.2552375793457,37.20677185058594,68.54121398925781,67.74594116210938,71.44831085205078,22.024934768676758,71.00354766845703,29.81999969482422,91.98542785644531
2020-01-09,272.65692138671875,75.28582763671875,36.40348815917969,37.397705078125,68.62284088134766,67.9477767944336,71.54979705810547,22.036577224731445,70.96482849121094,29.639999389648438,91.98542785644531
2020-01-10,271.875732421875,74.93400573730469,36.279930114746094,37.5803337097168,68.73712158203125,68.52093505859375,71.6434555053711,22.09476661682129,71.50724792480469,29.84000015258789,91.9770736694336
2020-01-13,273.67449951171875,75.55642700195312,36.49409484863281,38.09502410888672,68.6962661743164,68.2948989868164,71.55760192871094,22.09476661682129,72.36737060546875,29.600000381469727,91.98542785644531
2020-01-14,273.3111572265625,75.83604431152344,36.5187873840332,37.92069625854492,68.79425811767578,68.65010833740234,71.6434555053711,22.133563995361328,72.09615325927734,29.559999465942383,91.98542785644531
2020-01-15,273.9198303222656,76.1607894897461,36.49409484863281,37.679954528808594,68.90038299560547,69.11023712158203,71.76058197021484,22.141324996948242,72.74708557128906,29.760000228881836,92.00204467773438
2020-01-16,276.2091979980469,77.14405059814453,36.69174575805664,37.87087631225586,68.85956573486328,68.87610626220703,71.77618408203125,22.09864616394043,73.32825469970703,29.700000762939453,92.01870727539062
2020-01-17,277.14495849609375,77.00875854492188,36.782344818115234,38.111629486083984,68.85140228271484,68.37559509277344,71.76058197021484,22.07537078857422,73.39800262451172,29.780000686645508,92.01870727539062
2020-01-21,276.5726318359375,76.28709411621094,36.485836029052734,37.16526412963867,69.0228042602539,69.04563903808594,71.96353149414062,22.149080276489258,74.09541320800781,29.799999237060547,92.02703857421875
2020-01-22,276.64532470703125,76.28709411621094,36.57645034790039,37.389400482177734,69.07994842529297,69.25553131103516,72.02599334716797,22.110288619995117,73.59947204589844,29.799999237060547,92.02703857421875
2020-01-23,276.9178466796875,76.44944763183594,36.485836029052734,37.04904556274414,69.2024154663086,69.71569061279297,72.1352767944336,22.172361373901367,74.2193832397461,29.8799991607666,92.0436782836914
2020-01-24,274.3922424316406,75.25875091552734,36.34581756591797,36.76679992675781,69.30845642089844,70.28883361816406,72.26020050048828,22.226673126220703,73.96366119384766,30.040000915527344,92.05199432373047
2020-01-27,270.03143310546875,74.42886352539062,35.57987976074219,35.5298957824707,69.53704833984375,71.33829498291016,72.40074157714844,22.269351959228516,73.60720825195312,30.260000228881836,92.06031036376953
2020-01-28,272.9568176269531,74.96107482910156,35.884605407714844,35.8287467956543,69.41460418701172,70.78128051757812,72.37733459472656,22.230554580688477,73.90167236328125,29.979999542236328,92.06031036376953
2020-01-29,272.6842346191406,74.44688415527344,35.892852783203125,35.994781494140625,69.61051940917969,71.50780487060547,72.525634765625,22.319778442382812,73.63047790527344,30.1200008392334,92.06867980957031
2020-01-30,273.5382385253906,74.36570739746094,35.81048583984375,35.50498580932617,69.6268310546875,71.4836196899414,72.62712097167969,22.34307098388672,73.68470764160156,30.139999389648438,92.07697296142578
2020-01-31,268.6324462890625,72.5976791381836,35.20101547241211,34.874080657958984,69.8064193725586,72.12135314941406,72.86913299560547,22.43618392944336,72.78582000732422,30.34000015258789,92.09364318847656
2020-02-03,270.58563232421875,73.28324127197266,35.324554443359375,35.123130798339844,69.74340057373047,72.13348388671875,72.79320526123047,22.37798500061035,73.02603912353516,30.1200008392334,92.0944595336914
2020-02-04,274.755615234375,74.20333099365234,35.892852783203125,35.961570739746094,69.53072357177734,71.13867950439453,72.61322021484375,22.28099250793457,73.77769470214844,29.719999313354492,92.07777404785156
2020-02-05,277.8626403808594,75.61959075927734,36.2387580871582,36.16080093383789,69.41621398925781,70.39466094970703,72.54277038574219,22.226673126220703,73.82418060302734,29.760000228881836,92.08611297607422
2020-02-06,278.8075256347656,75.41209411621094,36.36229705810547,36.144195556640625,69.48167419433594,70.74240112304688,72.51929473876953,22.2615966796875,74.0721435546875,29.940000534057617,92.07777404785156
2020-02-07,277.39019775390625,74.2755126953125,36.00814437866211,35.6544075012207,69.6943588256836,71.53498840332031,72.71495056152344,22.346942901611328,74.05665588378906,30.0,92.10279846191406
2020-02-10,279.37982177734375,74.5190658569336,36.09051513671875,35.87855529785156,69.8006820678711,71.7533950805664,72.87930297851562,22.37798500061035,74.88579559326172,30.059999465942383,92.10279846191406
2020-02-11,279.8885803222656,75.1324462890625,36.33759307861328,36.335121154785156,69.68614959716797,71.39752197265625,72.76976013183594,22.315906524658203,75.45146942138672,29.959999084472656,92.11112213134766
2020-02-12,281.68743896484375,75.63762664794922,36.485836029052734,36.80000305175781,69.60435485839844,71.05782318115234,72.69148254394531,22.296512603759766,75.9009017944336,29.940000534057617,92.10279846191406
2020-02-13,281.4148864746094,75.89019012451172,36.2222900390625,36.409847259521484,69.66980743408203,71.30049896240234,72.68364715576172,22.33143424987793,76.35810852050781,30.139999389648438,92.1194839477539
2020-02-14,281.8872985839844,75.48426055908203,36.197574615478516,36.335121154785156,69.74340057373047,71.59969329833984,72.77759552001953,22.354703903198242,77.14848327636719,30.260000228881836,92.12779235839844
2020-02-18,281.11505126953125,75.07833099365234,35.950496673583984,36.21060562133789,69.84978485107422,72.0363998413086,72.88712310791016,22.40513801574707,77.06324005126953,30.639999389648438,92.12779235839844
2020-02-19,282.46875,75.36698150634766,36.098751068115234,36.50945281982422,69.84156799316406,72.07685852050781,72.84797668457031,22.397380828857422,76.02487182617188,30.81999969482422,92.13615417480469
2020-02-20,281.3603515625,75.76388549804688,35.83518981933594,36.01137924194336,70.01338195800781,72.62682342529297,73.00453186035156,22.443939208984375,76.9315185546875,30.959999084472656,92.13615417480469
2020-02-21,278.444091796875,74.88890075683594,35.670467376708984,35.87855529785156,70.1851806640625,73.28998565673828,73.14541625976562,22.490497589111328,77.1562271118164,31.420000076293945,92.16948699951172
2020-02-24,269.1319885253906,72.67884063720703,34.278568267822266,34.61674499511719,70.40601348876953,74.35752868652344,73.2550048828125,22.583608627319336,76.10236358642578,31.700000762939453,92.16948699951172
2020-02-25,261.04644775390625,70.22526550292969,33.693817138671875,34.34280014038086,70.46326446533203,74.88326263427734,73.36454772949219,22.560321807861328,74.04115295410156,31.1200008392334,92.19450378417969
2020-02-26,259.89263916015625,69.33219909667969,33.71851348876953,34.55863952636719,70.42239379882812,74.44654083251953,73.28630828857422,22.54868507385254,73.24302673339844,31.260000228881836,92.19450378417969
2020-02-27,248.37303161621094,66.7523422241211,32.68900680541992,33.72850036621094,70.50418090820312,75.23909759521484,73.08280181884766,22.61464500427246,69.34530639648438,31.239999771118164,92.23619079589844
2020-02-28,246.87399291992188,65.66084289550781,32.5078125,33.637176513671875,70.9704360961914,76.88090515136719,73.6932373046875,22.64569091796875,67.67153930664062,30.139999389648438,92.29457092285156
2020-03-02,257.89398193359375,67.33867645263672,32.936100006103516,34.284690856933594,70.9237289428711,76.30255889892578,73.54420471191406,22.6534423828125,70.56187438964844,30.299999237060547,92.32793426513672
2020-03-03,250.7804718017578,65.92243957519531,32.67253875732422,34.11865234375,71.34992980957031,77.5175552368164,74.2972183227539,22.90949821472168,70.39916229248047,31.239999771118164,92.41143035888672
2020-03-04,261.17364501953125,67.96107482910156,33.570274353027344,34.600135803222656,71.33354187011719,76.73998260498047,74.37567138671875,22.878459930419922,73.05703735351562,31.31999969482422,92.4448013305664
2020-03-05,252.4248809814453,65.53456115722656,32.68900680541992,33.9360237121582,71.60400390625,78.53008270263672,74.32862091064453,22.95218276977539,71.49175262451172,31.979999542236328,92.52828216552734
2020-03-06,248.19131469726562,64.36187744140625,32.2113151550293,33.29682540893555,72.09581756591797,82.38569641113281,74.24230194091797,23.103483200073242,70.25967407226562,32.0,92.55331420898438
2020-03-09,229.04026794433594,58.06550216674805,29.59224510192871,30.814716339111328,71.9400863647461,85.07495880126953,72.99515533447266,22.60300636291504,64.84317779541016,32.08000183105469,92.61175537109375
2020-03-10,240.7947540283203,59.7884407043457,30.695884704589844,32.36707305908203,70.9729232788086,81.05731201171875,72.02251434326172,22.036577224731445,67.58271026611328,31.360000610351562,92.56168365478516
2020-03-11,228.85586547851562,56.2072639465332,29.09807777404785,30.964130401611328,69.62870788574219,78.87837982177734,70.20274353027344,21.563251495361328,63.52180480957031,31.239999771118164,92.578369140625
2020-03-12,206.72146606445312,49.8297119140625,25.84482765197754,27.851116180419922,65.8419418334961,77.87397766113281,68.20255279541016,21.31106948852539,57.08684158325195,29.979999542236328,92.59504699707031
2020-03-13,226.0354766845703,53.65443420410156,27.475568771362305,29.801944732666016,68.62051391601562,76.78855895996094,69.70074462890625,21.39642333984375,62.06926727294922,29.100000381469727,92.55331420898438
2020-03-16,199.5015869140625,47.34003448486328,24.502342224121094,26.199148178100586,69.34181213378906,81.40557861328125,69.09673309326172,21.481782913208008,51.06578826904297,28.799999237060547,92.578369140625
2020-03-17,212.56314086914062,49.71244812011719,25.614219665527344,27.842815399169922,67.90740966796875,76.05144500732422,67.1435775756836,20.895938873291016,54.01774215698242,29.200000762939453,92.58670806884766
2020-03-18,200.9436492919922,45.10293197631836,24.090545654296875,25.576541900634766,66.26814270019531,72.98961639404297,64.131591796875,20.59721565246582,48.879154205322266,28.520000457763672,92.68688201904297
2020-03-19,201.1171112060547,46.65446090698242,24.444686889648438,25.71766471862793,66.22718048095703,73.71863555908203,62.578460693359375,20.895938873291016,49.05096435546875,28.059999465942383,92.661865234375
2020-03-20,192.3546600341797,44.90447998046875,24.222320556640625,25.833885192871094,67.35006713867188,78.611083984375,61.83332061767578,21.78439712524414,46.60661315917969,28.459999084472656,92.68688201904297
2020-03-23,186.44911193847656,44.30009460449219,23.809499740600586,25.333206176757812,68.84183502197266,81.76201629638672,65.19052124023438,22.19951629638672,44.44340133666992,29.700000762939453,92.661865234375
2020-03-24,204.22962951660156,48.15188980102539,25.927370071411133,26.930049896240234,68.91558837890625,80.79000854492188,65.37091064453125,22.319778442382812,48.44182205200195,31.040000915527344,92.69525909423828
2020-03-25,206.84927368164062,48.57061004638672,26.862215042114258,27.811635971069336,69.841796875,80.74948120117188,67.3632583618164,22.447824478149414,51.05016326904297,30.700000762939453,92.72028350830078
2020-03-26,219.28102111816406,51.90593719482422,28.003877639770508,28.934423446655273,70.16145324707031,80.976318359375,67.47303771972656,22.54092788696289,54.650325775146484,31.139999389648438,92.70358276367188
2020-03-27,212.54490661621094,49.812294006347656,27.143491744995117,27.37084197998047,70.53849029541016,82.95271301269531,67.3397216796875,22.525409698486328,54.70498275756836,30.899999618530273,92.70358276367188
2020-03-30,219.41796875,50.981468200683594,27.697778701782227,27.77005386352539,70.61224365234375,82.20752716064453,68.02212524414062,22.358583450317383,55.89980697631836,30.979999542236328,92.67855072021484
2020-03-31,216.15940856933594,50.85458755493164,27.581954956054688,27.903127670288086,69.9565200805664,81.81871032714844,68.31233215332031,22.31203269958496,54.54878616333008,30.139999389648438,92.67855072021484
2020-04-01,206.42027282714844,47.30173873901367,26.35756492614746,26.913414001464844,70.31798553466797,82.51976013183594,67.85211944580078,22.38186264038086,50.96426010131836,30.34000015258789,92.70696258544922
2020-04-02,211.24876403808594,47.9633674621582,26.862215042114258,27.703514099121094,70.64657592773438,83.29869842529297,68.02523803710938,22.688358306884766,51.13606643676758,30.84000015258789,92.70696258544922
2020-04-03,208.1271514892578,46.214134216308594,26.332748413085938,27.171232223510742,70.61370086669922,83.37174224853516,67.84424591064453,22.85906219482422,50.3941764831543,31.059999465942383,92.67352294921875
2020-04-06,222.28399658203125,49.98450469970703,27.747417449951172,28.510255813598633,70.83553314208984,83.06342315673828,68.53655242919922,22.820261001586914,54.12708282470703,31.8799991607666,92.68187713623047
2020-04-07,222.40267944335938,50.28359603881836,27.90460205078125,28.67660140991211,70.90122985839844,82.25199890136719,68.71747589111328,22.847431182861328,54.62687301635742,31.760000228881836,92.72366333007812
2020-04-08,229.9511260986328,52.57662582397461,28.16933250427246,29.0092716217041,71.08196258544922,81.7164535522461,69.51205444335938,22.731033325195312,58.35197067260742,31.3799991607666,92.67352294921875
2020-04-09,233.3649139404297,55.304718017578125,28.77326202392578,28.95936393737793,71.86235809326172,81.70833587646484,71.38440704345703,22.92890167236328,61.62413024902344,32.18000030517578,92.6902847290039
2020-04-13,231.10125732421875,53.40138244628906,28.541616439819336,29.06749153137207,71.63235473632812,81.25396728515625,71.55745697021484,22.983213424682617,59.0313720703125,32.7599983215332,92.68187713623047
2020-04-14,238.1569061279297,54.334922790527344,29.054536819458008,29.649667739868164,71.63235473632812,81.16468811035156,71.25851440429688,23.02200698852539,60.68697738647461,33.08000183105469,92.69860076904297
2020-04-15,232.97242736816406,51.842498779296875,28.11141586303711,28.992633819580078,71.98560333251953,83.20942687988281,71.6833267211914,23.053050994873047,58.281681060791016,32.97999954223633,92.6902847290039
2020-04-16,234.1498565673828,51.425575256347656,28.14451789855957,29.15897560119629,72.02662658691406,84.02898406982422,71.47877502441406,22.87457847595215,57.61789321899414,32.81999969482422,92.69860076904297
2020-04-17,240.61216735839844,53.763919830322266,28.938720703125,29.63303565979004,71.9281005859375,83.05528259277344,71.65186309814453,22.75043296813965,59.43749237060547,32.15999984741211,92.69860076904297
2020-04-20,236.2765655517578,52.68537902832031,28.516801834106445,29.41680335998535,71.81307220458984,83.72062683105469,71.39226531982422,22.703882217407227,57.22740173339844,32.459999084472656,92.70696258544922
2020-04-21,229.0567169189453,51.5615234375,27.929414749145508,28.601741790771484,71.90341186523438,84.67808532714844,71.3529281616211,22.804752349853516,56.188751220703125,32.220001220703125,92.70696258544922
2020-04-22,234.09512329101562,51.92406463623047,28.450618743896484,29.341947555541992,71.84593200683594,83.79365539550781,71.40799713134766,22.90174674987793,57.04780578613281,32.79999923706055,92.70696258544922
2020-04-23,234.04949951171875,52.57662582397461,28.400978088378906,29.225509643554688,71.96092987060547,84.30482482910156,71.58892822265625,22.91337776184082,56.57141876220703,33.13999938964844,92.6902847290039
2020-04-24,237.44493103027344,53.220123291015625,28.707075119018555,29.18392562866211,71.93631744384766,84.4346923828125,71.59678649902344,23.037527084350586,56.813514709472656,33.0,92.70696258544922
2020-04-27,240.87696838378906,55.4859619140625,29.10418128967285,29.73284149169922,71.68164825439453,82.99038696289062,71.38440704345703,23.010372161865234,58.758060455322266,32.86000061035156,92.68187713623047
2020-04-28,239.76336669921875,56.718589782714844,29.335817337036133,29.80767822265625,71.89521026611328,83.91536712646484,71.54173278808594,23.099605560302734,59.242252349853516,32.68000030517578,92.70696258544922
2020-04-29,245.94277954101562,59.88169479370117,30.113468170166016,30.614429473876953,71.94454193115234,83.44476318359375,71.9193344116211,23.072450637817383,60.13252258300781,32.86000061035156,92.68187713623047
2020-04-30,243.79774475097656,57.41646957397461,29.51781463623047,30.082138061523438,71.88700103759766,82.61714935302734,71.86426544189453,22.917251586914062,59.43749237060547,32.220001220703125,92.69860076904297
2020-05-01,237.15286254882812,55.05093002319336,28.8642578125,29.075803756713867,71.85738372802734,83.2062759399414,71.58670806884766,22.905624389648438,57.43045425415039,32.439998626708984,92.69945526123047
2020-05-04,237.9013214111328,54.85153579711914,28.889076232910156,29.441741943359375,71.93143463134766,82.84060668945312,71.6655502319336,22.91337776184082,57.14933395385742,32.540000915527344,92.6910629272461
2020-05-05,240.0919189453125,54.99654769897461,28.963531494140625,29.574817657470703,71.86558532714844,82.39363861083984,71.6734390258789,22.940534591674805,57.43045425415039,32.619998931884766,92.69945526123047
2020-05-06,238.4763641357422,54.34397888183594,28.7898006439209,29.499967575073242,71.54458618164062,81.15028381347656,71.40532684326172,22.851308822631836,56.39963912963867,32.279998779296875,92.68267822265625
2020-05-07,241.29673767089844,55.1143684387207,29.228271484375,29.691255569458008,71.77505493164062,82.466796875,71.57091522216797,22.979337692260742,57.2039909362793,32.84000015258789,92.68267822265625
2020-05-08,245.33119201660156,57.45272445678711,29.699831008911133,30.35660171508789,71.56925964355469,81.4184799194336,71.41321563720703,22.95606231689453,58.562828063964844,32.619998931884766,92.6910629272461
2020-05-11,245.36766052246094,56.40137481689453,29.69154930114746,30.206892013549805,71.34703063964844,80.80089569091797,71.13719940185547,22.890108108520508,57.711585998535156,32.41999816894531,92.67432403564453
2020-05-12,240.42967224121094,54.30772399902344,29.294452667236328,30.115407943725586,71.57749938964844,81.5972671508789,71.4762954711914,22.90949821472168,55.087642669677734,32.560001373291016,92.68267822265625
2020-05-13,236.1670684814453,52.22314453125,29.046266555786133,30.023921966552734,71.65982055664062,82.13361358642578,71.65768432617188,22.93277931213379,53.752227783203125,32.79999923706055,92.68267822265625
2020-05-14,239.01492309570312,52.42254638671875,28.83116912841797,30.115407943725586,71.85738372802734,82.89749908447266,71.81537628173828,22.963817596435547,53.93965530395508,33.13999938964844,92.6910629272461
2020-05-15,240.0919189453125,53.129493713378906,28.839439392089844,29.74115753173828,71.8985366821289,82.62932586669922,71.99674224853516,22.99872589111328,53.72880172729492,33.34000015258789,92.69945526123047
2020-05-18,247.43052673339844,56.9179801940918,29.989377975463867,30.863933563232422,71.76681518554688,80.9308853149414,72.22544860839844,22.97157859802246,56.90723419189453,33.099998474121094,92.69945526123047
2020-05-19,245.09388732910156,55.757869720458984,29.66674041748047,30.556203842163086,71.85738372802734,81.2478256225586,72.41468811035156,22.983213424682617,56.14190673828125,33.36000061035156,92.69945526123047
2020-05-20,249.0917205810547,57.4980354309082,30.204479217529297,30.93878173828125,72.04669952392578,81.41034698486328,72.81684112548828,23.037527084350586,56.6417121887207,33.459999084472656,92.69945526123047
2020-05-21,247.3026885986328,57.552425384521484,29.873554229736328,30.622745513916016,72.1207504272461,81.702880859375,72.95880126953125,23.006494522094727,56.688560485839844,32.959999084472656,92.6910629272461
2020-05-22,247.85948181152344,57.78806686401367,29.790821075439453,30.040559768676758,72.14547729492188,82.09297180175781,72.8405532836914,23.041412353515625,57.45387268066406,33.15999984741211,92.69945526123047
2020-05-26,251.0449981689453,60.171730041503906,30.676040649414062,30.70591163635254,72.10428619384766,81.0609359741211,73.03768157958984,22.959938049316406,59.60148239135742,32.720001220703125,92.6910629272461
2020-05-27,254.70526123046875,62.51915740966797,30.99867057800293,30.739181518554688,72.13722229003906,80.95529174804688,73.3215560913086,22.967697143554688,60.78849411010742,32.7599983215332,92.68267822265625
2020-05-28,254.20314025878906,60.67021179199219,31.20550537109375,30.539575576782227,72.16190338134766,80.66277313232422,73.44773864746094,23.029769897460938,61.07744216918945,32.84000015258789,92.6910629272461
2020-05-29,255.3441162109375,59.94515609741211,31.164134979248047,31.071853637695312,72.3676986694336,81.19095611572266,73.78681945800781,23.029769897460938,60.46831130981445,33.060001373291016,92.67432403564453
2020-06-01,256.4577331542969,60.606773376464844,31.842512130737305,31.778791427612305,72.30914306640625,80.67410278320312,73.80815887451172,23.076322555541992,61.866207122802734,33.279998779296875,92.6835708618164
2020-06-02,258.56610107421875,61.29558563232422,32.18997573852539,32.51898956298828,72.36685180664062,80.43809509277344,74.06110382080078,23.041412353515625,62.366024017333984,33.040000915527344,92.6835708618164
2020-06-03,261.9798583984375,63.38923645019531,32.934547424316406,33.15107345581055,72.20195007324219,79.35558319091797,73.98995971679688,22.963817596435547,64.36524200439453,32.439998626708984,92.67520904541016
2020-06-04,261.3135986328125,64.2411880493164,32.75252914428711,32.735233306884766,72.02873229980469,78.2812271118164,74.013671875,22.85906219482422,63.724853515625,32.779998779296875,92.66680145263672
2020-06-05,267.9949645996094,67.05083465576172,33.397823333740234,33.4920654296875,72.02050018310547,77.727783203125,74.09272766113281,22.878459930419922,66.13795471191406,32.119998931884766,92.66680145263672
2020-06-08,271.2443542480469,68.47380065917969,33.794921875,33.75820541381836,72.0947036743164,77.93937683105469,74.3694076538086,22.917251586914062,67.7779541015625,32.439998626708984,92.66680145263672
2020-06-09,269.3185119628906,66.80612182617188,33.35646438598633,33.57522964477539,72.14423370361328,78.82648468017578,74.4326171875,22.93277931213379,66.65338897705078,32.7599983215332,92.66680145263672
2020-06-10,267.638916015625,64.37713623046875,33.298545837402344,33.741573333740234,72.44934844970703,79.94159698486328,74.78045654296875,23.115121841430664,64.958740234375,33.220001220703125,92.66680145263672
2020-06-11,252.21339416503906,59.12037658691406,31.470233917236328,32.01998519897461,72.3173599243164,81.47986602783203,74.06110382080078,23.115121841430664,60.78849411010742,32.97999954223633,92.6835708618164
2020-06-12,255.25289916992188,60.61582946777344,32.00797653198242,32.75187301635742,72.39160919189453,80.69853973388672,74.3694076538086,23.060813903808594,62.967342376708984,33.060001373291016,92.6835708618164
2020-06-15,257.5803527832031,61.9573860168457,32.107242584228516,32.61879348754883,72.54006958007812,80.72296142578125,75.2152328491211,23.068571090698242,63.857608795166016,32.959999084472656,92.66680145263672
2020-06-16,262.6187438964844,63.53089904785156,32.537445068359375,32.74354934692383,72.44934844970703,79.62420654296875,75.38121795654297,23.076322555541992,65.11492919921875,33.0,92.66680145263672
2020-06-17,261.41400146484375,62.148399353027344,32.61189270019531,33.04295349121094,72.46582794189453,79.84392547607422,75.35751342773438,23.053050994873047,64.17000579833984,33.040000915527344,92.66680145263672
2020-06-18,261.6513366699219,61.902809143066406,32.462982177734375,33.05126953125,72.54829406738281,80.67410278320312,75.23892974853516,23.153913497924805,63.467132568359375,32.939998626708984,92.67520904541016
2020-06-19,260.1087341308594,61.093353271484375,32.3140754699707,33.10948944091797,72.5730209350586,80.71481323242188,75.19154357910156,23.192716598510742,62.54562759399414,33.31999969482422,92.67520904541016
2020-06-22,261.83380126953125,61.629981994628906,32.68659210205078,33.468650817871094,72.54829406738281,80.7066650390625,74.97808074951172,23.23927116394043,62.48316955566406,33.560001373291016,92.67520904541016
2020-06-23,263.02044677734375,61.82096481323242,32.844566345214844,33.8027458190918,72.51528930664062,80.25089263916016,75.04920959472656,23.270313262939453,62.22545623779297,33.81999969482422,92.6835708618164
2020-06-24,256.29339599609375,59.674461364746094,32.038021087646484,33.293251037597656,72.52356719970703,81.0566177368164,74.89901733398438,23.250911712646484,60.45270538330078,33.7400016784668,92.67520904541016
2020-06-25,259.00421142578125,60.602195739746094,32.46207809448242,33.43524169921875,72.5977783203125,81.24385833740234,74.87531280517578,23.262550354003906,61.22481918334961,33.70000076293945,92.67520904541016
2020-06-26,252.93441772460938,58.7922248840332,31.97149658203125,33.03432083129883,72.72972106933594,82.09844970703125,74.84367370605469,23.289709091186523,60.049686431884766,33.86000061035156,92.6835708618164
2020-06-29,256.6255798339844,61.29343795776367,32.262516021728516,33.251487731933594,72.77923583984375,81.85431671142578,75.05712890625,23.324621200561523,61.20905685424805,33.86000061035156,92.67520904541016
2020-06-30,260.0478210449219,62.112030029296875,32.25419616699219,33.08443832397461,72.85344696044922,81.47173309326172,75.20733642578125,23.285829544067383,61.93462371826172,33.97999954223633,92.69189453125
2020-07-01,261.82769775390625,61.22066879272461,32.3622932434082,33.52710723876953,72.87161254882812,81.30548858642578,75.3443832397461,23.297468185424805,63.36212158203125,33.84000015258789,92.67520904541016
2020-07-02,263.14898681640625,61.5662956237793,32.68659210205078,34.32059860229492,72.98728942871094,81.34620666503906,75.463134765625,23.36730194091797,63.18072509765625,33.91999816894531,92.67520904541016
2020-07-06,267.2319641113281,62.148399353027344,33.23538589477539,35.83242416381836,72.9625015258789,81.06907653808594,75.69287872314453,23.406097412109375,63.149169921875,34.119998931884766,92.6835708618164
2020-07-07,264.4610290527344,60.893245697021484,32.778053283691406,35.26445007324219,73.07816314697266,82.1776123046875,75.6374282836914,23.42550277709961,61.89519119262695,34.34000015258789,92.6835708618164
2020-07-08,266.4245300292969,61.147926330566406,33.04413604736328,36.20828628540039,73.03688049316406,81.85971069335938,75.51071166992188,23.36730194091797,61.808441162109375,34.540000915527344,92.67520904541016
2020-07-09,265.0665588378906,59.74723434448242,32.661651611328125,36.23334503173828,73.23515319824219,83.09864044189453,75.66120147705078,23.429378509521484,61.42198944091797,34.47999954223633,92.6835708618164
2020-07-10,267.7273864746094,61.07515335083008,32.969303131103516,35.98276901245117,73.15251922607422,82.69109344482422,75.59781646728516,23.394454956054688,61.611270904541016,34.36000061035156,92.6835708618164
2020-07-13,265.3052062988281,60.483943939208984,32.794681549072266,35.80735778808594,73.18556213378906,82.95191192626953,75.5344467163086,23.45265769958496,60.877811431884766,34.41999816894531,92.69189453125
2020-07-14,268.8559265136719,61.47534942626953,33.25202178955078,35.82406997680664,73.27643585205078,83.06607818603516,75.78003692626953,23.46042251586914,61.39042282104492,34.58000183105469,92.69189453125
2020-07-15,271.2413635253906,63.8310432434082,33.62617874145508,35.85747528076172,73.28469848632812,82.70744323730469,75.80374145507812,23.444902420043945,61.98984146118164,34.65999984741211,92.69189453125
2020-07-16,270.4523010253906,63.385379791259766,33.41831588745117,35.34797286987305,73.33432006835938,83.06607818603516,76.00971221923828,23.479812622070312,61.24848175048828,34.29999923706055,92.6835708618164
2020-07-17,271.1678771972656,63.394466400146484,33.58460998535156,35.50667953491211,73.40865325927734,82.9193344116211,76.12060546875,23.541887283325195,62.04503631591797,34.58000183105469,92.6835708618164
2020-07-20,273.4250793457031,62.89421081542969,33.775856018066406,36.00782012939453,73.48299407958984,83.09050750732422,76.21565246582031,23.553525924682617,61.303688049316406,34.7400016784668,92.69189453125
2020-07-21,273.9939270019531,64.29489135742188,33.90891647338867,36.27510452270508,73.52429962158203,83.18016815185547,76.30281829833984,23.619483947753906,61.45354461669922,35.18000030517578,92.69189453125
2020-07-22,275.5535583496094,64.3494644165039,34.000370025634766,36.149810791015625,73.62349700927734,83.41656494140625,76.49288940429688,23.634998321533203,62.39204788208008,35.70000076293945,92.6835708618164
2020-07-23,272.2597351074219,64.79513549804688,33.7176628112793,35.907596588134766,73.68956756591797,84.32946014404297,76.46913146972656,23.638877868652344,62.13179016113281,36.040000915527344,92.6835708618164
2020-07-24,270.4982604980469,63.6945915222168,33.55134963989258,35.81572723388672,73.67303466796875,84.32131958007812,76.42950439453125,23.634998321533203,61.67435073852539,36.31999969482422,92.6835708618164
2020-07-27,272.47076416015625,64.42223358154297,34.01700210571289,36.31687927246094,73.62349700927734,84.00340270996094,76.28692626953125,23.63111686706543,62.257999420166016,37.02000045776367,92.69189453125
2020-07-28,270.7825927734375,63.976539611816406,33.859012603759766,35.92429733276367,73.65655517578125,84.5657958984375,76.2948989868164,23.669918060302734,63.49619674682617,37.36000061035156,92.69189453125
2020-07-29,274.05810546875,65.59552764892578,34.21656799316406,36.55908203125,73.77217102050781,84.44355010986328,76.61170196533203,23.724233627319336,64.72652435302734,37.619998931884766,92.6835708618164
2020-07-30,273.0580139160156,65.18621826171875,33.75923156738281,36.13310623168945,73.8134994506836,84.98965454101562,76.63549041748047,23.751399993896484,64.30853271484375,37.31999969482422,92.6835708618164
2020-07-31,275.3425598144531,64.76785278320312,33.10234451293945,35.92429733276367,73.91264343261719,84.88371276855469,76.69884490966797,23.809574127197266,64.19022369384766,37.720001220703125,92.69189453125
2020-08-03,277.07672119140625,65.50457763671875,33.67608642578125,36.19993209838867,73.88699340820312,84.53679656982422,76.83216094970703,23.840618133544922,63.33847427368164,37.70000076293945,92.69693756103516
2020-08-04,278.2419128417969,65.88656616210938,33.942161560058594,36.60920715332031,74.04426574707031,85.29593658447266,76.96714782714844,23.898813247680664,64.2848892211914,38.540000915527344,92.69693756103516
2020-08-05,279.9759826660156,67.39641571044922,34.125099182128906,36.985076904296875,73.94491577148438,84.61026000976562,76.91954040527344,23.918214797973633,63.9615478515625,38.900001525878906,92.68854522705078
2020-08-06,281.85687255859375,67.02351379394531,34.19992446899414,37.035186767578125,74.06080627441406,85.02658081054688,77.0782699584961,23.941499710083008,64.0640640258789,39.41999816894531,92.68854522705078
2020-08-07,282.0036315917969,68.24227905273438,34.058570861816406,36.2834587097168,73.97802734375,84.49602508544922,76.9274673461914,23.871671676635742,64.9789047241211,38.7400016784668,92.68854522705078
2020-08-10,282.90283203125,68.92443084716797,34.191619873046875,36.27510452270508,73.895263671875,84.12055969238281,76.88776397705078,23.852264404296875,65.08145141601562,38.619998931884766,92.68854522705078
2020-08-11,280.61822509765625,68.85164642333984,34.332969665527344,36.1414680480957,73.638671875,83.14107513427734,76.7052001953125,23.801828384399414,64.1429214477539,36.560001373291016,92.68854522705078
2020-08-12,284.462646484375,69.08812713623047,35.01480484008789,36.58415222167969,73.44828796386719,82.47175598144531,76.60991668701172,23.82122230529785,64.78964233398438,36.400001525878906,92.68020629882812
2020-08-13,283.97625732421875,68.68793487548828,34.86513900756836,36.44215393066406,73.2082748413086,81.60655975341797,76.31623840332031,23.74751853942871,63.993072509765625,37.2400016784668,92.68020629882812
2020-08-14,283.97625732421875,68.66065979003906,34.64894104003906,36.49226760864258,73.1255111694336,81.3209228515625,76.07807922363281,23.708715438842773,64.00094604492188,37.099998474121094,92.68854522705078
2020-08-17,284.8938293457031,68.76979064941406,34.91502380371094,36.88484191894531,73.21656799316406,81.50859069824219,76.2606430053711,23.755268096923828,64.5214614868164,37.86000061035156,92.69693756103516
2020-08-18,285.4901428222656,67.94212341308594,34.90671157836914,37.01847839355469,73.31587219238281,82.0799789428711,76.403564453125,23.871671676635742,64.21388244628906,38.2400016784668,92.68854522705078
2020-08-19,284.279052734375,67.93302917480469,34.7154655456543,36.59250259399414,73.19173431396484,81.59024810791016,76.31623840332031,23.790189743041992,63.086090087890625,37.060001373291016,92.68854522705078
2020-08-20,285.17822265625,67.38731384277344,34.60736846923828,36.49226760864258,73.31587219238281,82.30032348632812,76.47498321533203,23.778547286987305,63.685462951660156,37.279998779296875,92.68854522705078
2020-08-21,286.1965637207031,66.95073699951172,34.42444610595703,36.72614288330078,73.47315216064453,82.749267578125,76.49878692626953,23.85614013671875,63.78800582885742,36.959999084472656,92.68854522705078
2020-08-24,289.1051940917969,68.16038513183594,34.84019088745117,37.09365463256836,73.390380859375,82.57791137695312,76.48291015625,23.902700424194336,64.1981201171875,36.79999923706055,92.68854522705078
2020-08-25,290.11444091796875,68.10584259033203,34.91502380371094,37.43611526489258,73.24971008300781,82.02283477783203,76.27655029296875,23.88718605041504,64.36375427246094,36.84000015258789,92.68020629882812
2020-08-26,293.0779113769531,67.5328369140625,35.17279052734375,37.46951675415039,73.2082748413086,81.71268463134766,76.33212280273438,23.941499710083008,63.77225112915039,37.2599983215332,92.68020629882812
2020-08-27,293.66510009765625,67.76931762695312,34.81526184082031,37.252342224121094,72.94341278076172,80.39037322998047,76.10981750488281,23.844499588012695,64.71076202392578,36.79999923706055,92.68854522705078
2020-08-28,295.57354736328125,68.28776550292969,35.0563850402832,37.70338821411133,73.00135803222656,80.3495864868164,76.28447723388672,23.918214797973633,65.13664245605469,37.459999084472656,92.69693756103516
2020-08-31,294.5367431640625,67.27816772460938,34.81526184082031,36.9099006652832,73.21656799316406,80.80664825439453,76.5146713256836,24.02684211730957,64.47417449951172,37.540000915527344,92.68854522705078
2020-09-01,297.28924560546875,68.05127716064453,34.86513900756836,37.65327072143555,73.41803741455078,81.70909881591797,76.67932891845703,24.052492141723633,64.5214614868164,37.599998474121094,92.68354034423828
2020-09-02,301.619873046875,68.8334732055664,35.28920364379883,37.553035736083984,73.5755615234375,82.46112060546875,76.87022399902344,24.044719696044922,65.72026824951172,37.13999938964844,92.69190216064453
2020-09-03,291.17877197265625,67.12354278564453,34.4909553527832,36.89319610595703,73.5838623046875,82.69815063476562,76.79068756103516,23.96311378479004,64.93159484863281,36.79999923706055,92.68354034423828
2020-09-04,288.8482360839844,66.76882934570312,34.5574836730957,36.82637405395508,73.15272521972656,81.19407653808594,76.36117553710938,23.897045135498047,64.59244537353516,36.91999816894531,92.68354034423828
2020-09-08,280.91192626953125,65.14983367919922,34.13340377807617,36.1414680480957,73.260498046875,81.66002655029297,76.34523010253906,23.924251556396484,63.80379104614258,36.81999969482422,92.68354034423828
2020-09-09,286.45355224609375,65.88656616210938,34.72378158569336,36.60920715332031,73.21076965332031,81.4148178100586,76.42479705810547,23.93202018737793,64.4347152709961,37.20000076293945,92.68354034423828
2020-09-10,281.4439697265625,65.00434112548828,34.34128952026367,36.057926177978516,73.22734832763672,81.80718994140625,76.42479705810547,23.955345153808594,63.64604568481445,37.060001373291016,92.68354034423828
2020-09-11,281.65509033203125,64.55865478515625,34.657257080078125,36.325225830078125,73.30196380615234,81.94612884521484,76.45661926269531,23.935909271240234,63.291133880615234,37.099998474121094,92.68354034423828
2020-09-14,285.31585693359375,65.67738342285156,34.89008712768555,36.92660140991211,73.30196380615234,81.99517059326172,76.56797790527344,23.920364379882812,64.83695220947266,37.380001068115234,92.68354034423828
2020-09-15,286.7838439941406,65.69557189941406,35.10628128051758,37.34423065185547,73.34342193603516,81.80718994140625,76.65547180175781,23.93202018737793,65.61773681640625,37.29999923706055,92.68354034423828
2020-09-16,285.62774658203125,66.14125061035156,35.10628128051758,37.210594177246094,73.32685089111328,81.59464263916016,76.67932891845703,23.94367790222168,65.96475219726562,37.400001525878906,92.68354034423828
2020-09-17,283.1322326660156,65.61371612548828,35.15616989135742,37.143760681152344,73.32685089111328,81.81533813476562,76.66341400146484,23.959226608276367,64.67922973632812,37.18000030517578,92.68354034423828
2020-09-18,279.83843994140625,65.24079895019531,34.90671157836914,36.851436614990234,73.24390411376953,81.56192016601562,76.59182739257812,23.939796447753906,63.22016906738281,37.2400016784668,92.68354034423828
2020-09-21,276.8013916015625,62.9760856628418,34.054935455322266,36.54444885253906,73.28538513183594,81.94612884521484,76.54410552978516,23.889270782470703,61.31946563720703,36.439998626708984,92.68354034423828
2020-09-22,279.59979248046875,63.34897232055664,34.04656219482422,36.22394943237305,73.31025695800781,81.8807373046875,76.54410552978516,23.881502151489258,62.052955627441406,36.29999923706055,92.68354034423828
2020-09-23,273.1222839355469,61.64931106567383,33.695491790771484,35.65886306762695,73.14440155029297,82.01153564453125,76.1861572265625,23.869834899902344,60.18376922607422,35.5,92.68354034423828
2020-09-24,273.87457275390625,61.89588928222656,33.64533233642578,35.55765914916992,73.15272521972656,82.2567367553711,76.04298400878906,23.893152236938477,60.50712966918945,35.63999938964844,92.68354034423828
2020-09-25,278.26025390625,62.544342041015625,33.77072525024414,35.549217224121094,73.14440155029297,82.31398010253906,76.01117706298828,23.920364379882812,61.75492858886719,35.540000915527344,92.68354034423828
2020-09-28,282.9212341308594,64.32532501220703,34.32241439819336,35.90345001220703,73.21076965332031,82.07691955566406,76.2816390991211,23.967002868652344,63.018653869628906,35.880001068115234,92.68354034423828
2020-09-29,281.30780029296875,63.95998001098633,34.27226257324219,35.88658142089844,73.260498046875,82.15048217773438,76.25775909423828,24.009746551513672,62.56563186645508,36.220001220703125,92.69190216064453
2020-09-30,283.47308349609375,64.1426773071289,34.188663482666016,36.468528747558594,73.14440155029297,81.46388244628906,76.20208740234375,23.951454162597656,62.7563591003418,35.97999954223633,92.68354034423828
2020-10-01,285.2698669433594,65.05598449707031,34.38928985595703,36.78902053833008,73.21917724609375,81.60709381103516,76.3973617553711,23.9506778717041,64.01213836669922,36.279998779296875,92.6944351196289
2020-10-02,282.61614990234375,65.68619537353516,34.31404495239258,36.384185791015625,73.1693344116211,81.27149963378906,76.40532684326172,23.9467716217041,65.11690521240234,36.2599983215332,92.68607330322266
2020-10-05,287.554931640625,67.15663146972656,34.849037170410156,36.85649108886719,72.89527130126953,79.74905395507812,76.21402740478516,23.880516052246094,65.49044799804688,36.47999954223633,92.68607330322266
2020-10-06,283.5375671386719,67.13835906982422,34.489593505859375,36.96613693237305,72.99493408203125,80.18282318115234,76.26184844970703,23.88831901550293,65.06126403808594,36.0,92.6944351196289
2020-10-07,288.4027404785156,68.09733581542969,34.81560134887695,37.31193542480469,72.89527130126953,79.57715606689453,76.22196960449219,23.87662696838379,65.1566390991211,35.97999954223633,92.68607330322266
2020-10-08,290.9549865722656,69.12026977539062,35.074729919433594,37.590248107910156,73.01985168457031,80.01094818115234,76.38938903808594,23.966259002685547,66.24549102783203,36.15999984741211,92.68607330322266
2020-10-09,293.54412841796875,69.48561096191406,35.30878829956055,37.85170364379883,73.03648376464844,79.97822570800781,76.46907043457031,23.974061965942383,65.98320007324219,36.81999969482422,92.68607330322266
2020-10-12,298.28021240234375,69.95138549804688,35.48433303833008,38.222801208496094,73.14439392089844,80.19922637939453,76.72415161132812,23.981855392456055,66.29317474365234,36.720001220703125,92.6944351196289
2020-10-13,296.3728942871094,69.16593170166016,35.09144592285156,38.054115295410156,73.20256042480469,80.7967758178711,76.63646697998047,24.00524139404297,65.1566390991211,36.099998474121094,92.6944351196289
2020-10-14,294.5208740234375,68.77320861816406,35.01621627807617,37.88542938232422,73.24411010742188,80.9604721069336,76.66834259033203,23.993545532226562,64.36185455322266,36.220001220703125,92.67769622802734
2020-10-15,294.1707458496094,69.65912628173828,34.63170623779297,37.581817626953125,73.20256042480469,80.83770751953125,76.54081726074219,23.989646911621094,64.69564819335938,36.36000061035156,92.68607330322266
2020-10-16,293.92193603515625,69.25728607177734,34.74037551879883,37.73362350463867,73.14439392089844,80.61670684814453,76.5567626953125,23.99744415283203,64.23466491699219,36.220001220703125,92.68607330322266
2020-10-19,289.48077392578125,68.49920654296875,34.589908599853516,37.61553955078125,73.07798767089844,80.3138198852539,76.46112823486328,23.9506778717041,63.233245849609375,36.2599983215332,92.67769622802734
2020-10-20,290.623291015625,68.96499633789062,34.782169342041016,37.995079040527344,72.95340728759766,79.60171508789062,76.3654556274414,23.923391342163086,63.686256408691406,36.439998626708984,92.67769622802734
2020-10-21,290.0981140136719,68.58140563964844,34.665138244628906,38.07098388671875,72.870361328125,79.32342529296875,76.32560729980469,23.92728614807129,63.49551773071289,36.7400016784668,92.67769622802734
2020-10-22,291.6921691894531,69.70480346679688,34.698570251464844,38.07942199707031,72.74578857421875,78.51307678222656,76.30169677734375,23.884414672851562,63.487571716308594,36.34000015258789,92.67769622802734
2020-10-23,292.68719482421875,70.03359985351562,34.890830993652344,38.256534576416016,72.83712768554688,78.9632568359375,76.37342834472656,23.892213821411133,63.86906814575195,36.31999969482422,92.67769622802734
2020-10-26,287.29693603515625,68.58140563964844,34.23881912231445,37.75893020629883,72.94511413574219,79.6999282836914,76.4452133178711,23.93508529663086,62.955078125,36.29999923706055,92.67769622802734
2020-10-27,286.347900390625,67.68634796142578,33.97968673706055,37.89387130737305,73.1194839477539,80.19922637939453,76.6125717163086,23.966259002685547,61.94569396972656,36.400001525878906,92.67769622802734
2020-10-28,276.48883056640625,65.61309814453125,32.984954833984375,36.94926452636719,73.01985168457031,80.30563354492188,76.38143157958984,23.93508529663086,60.4673957824707,35.779998779296875,92.67769622802734
2020-10-29,279.40057373046875,66.62689971923828,33.1437873840332,37.33723449707031,72.862060546875,79.53622436523438,76.26184844970703,23.864927291870117,61.278053283691406,35.63999938964844,92.68607330322266
2020-10-30,276.2583923339844,65.77751159667969,32.97660446166992,36.94926452636719,72.73746490478516,78.77497863769531,76.08648681640625,23.794767379760742,60.87273406982422,35.779998779296875,92.6944351196289
2020-11-02,279.47418212890625,67.165771484375,33.37783432006836,37.42155838012695,72.83815002441406,79.2717056274414,76.23905181884766,23.871755599975586,62.32716751098633,36.13999938964844,92.67517852783203
2020-11-03,284.40380859375,68.85540008544922,34.23046875,37.522769927978516,72.82148742675781,78.84551239013672,76.17516326904297,23.860034942626953,63.52730941772461,36.34000015258789,92.69190216064453
2020-11-04,290.8075256347656,68.19779968261719,34.581546783447266,38.72882843017578,73.32066345214844,80.48486328125,76.89401245117188,23.875673294067383,63.638580322265625,36.36000061035156,92.67517852783203
2020-11-05,296.50189208984375,70.197998046875,35.417457580566406,39.386680603027344,73.39554595947266,80.63239288330078,76.98184967041016,23.89912986755371,63.94059753417969,37.15999984741211,92.68355560302734
2020-11-06,296.46502685546875,69.51297760009766,35.4926872253418,39.530067443847656,73.2291488647461,79.71436309814453,76.8780517578125,23.80141830444336,63.50348663330078,37.220001220703125,92.68355560302734
2020-11-09,300.159912109375,72.86489868164062,36.46234130859375,39.82525634765625,72.88804626464844,78.10777282714844,76.53458404541016,23.73497200012207,65.75273895263672,35.599998474121094,92.67517852783203
2020-11-10,299.77294921875,74.78288269042969,36.729827880859375,39.378257751464844,72.74662017822266,77.68974304199219,76.50263977050781,23.75843048095703,66.71440887451172,35.70000076293945,92.67517852783203
2020-11-11,301.8830261230469,74.2896728515625,37.03912353515625,39.546939849853516,72.79653930664062,77.93563842773438,76.54258728027344,23.80141830444336,66.96875,35.540000915527344,92.68355560302734
2020-11-12,299.09112548828125,72.70048522949219,36.50413131713867,39.25174331665039,73.03779602050781,79.17335510253906,76.79816436767578,23.85222053527832,66.09449768066406,35.779998779296875,92.68355560302734
2020-11-13,303.154541015625,74.64588165283203,37.02238845825195,39.74934768676758,73.06278991699219,79.05859375,76.82211303710938,23.860034942626953,67.85890197753906,36.0,92.68355560302734
2020-11-16,306.83099365234375,76.89263916015625,37.49885940551758,40.21321105957031,73.10436248779297,78.90290069580078,76.92597198486328,23.82876968383789,68.62191772460938,36.0,92.68355560302734
2020-11-17,305.3013916015625,77.32192993164062,37.48215103149414,40.15416717529297,73.2291488647461,79.41925811767578,77.0457992553711,23.871755599975586,68.68547058105469,35.880001068115234,92.68355560302734
2020-11-18,301.597412109375,76.24420166015625,37.281524658203125,40.01923370361328,73.31237030029297,79.59139251708984,77.07775115966797,23.875673294067383,67.35022735595703,35.68000030517578,92.68355560302734
2020-11-19,302.8596496582031,76.69171142578125,37.50722885131836,40.120445251464844,73.46208190917969,80.01764678955078,77.27741241455078,23.906936645507812,67.61253356933594,35.619998931884766,92.68355560302734
2020-11-20,300.8324890136719,76.60950469970703,37.63261413574219,40.39875793457031,73.52864837646484,80.68978881835938,77.23748779296875,23.946022033691406,67.24693298339844,35.7400016784668,92.68355560302734
2020-11-23,302.61090087890625,78.39049530029297,37.657691955566406,40.39032745361328,73.47039794921875,80.32088470458984,77.22152709960938,23.934295654296875,67.37407684326172,35.0,92.68355560302734
2020-11-24,307.5128173828125,80.30846405029297,38.259544372558594,40.93010330200195,73.39554595947266,79.57501220703125,77.25346374511719,23.934295654296875,67.73172760009766,34.47999954223633,92.68355560302734
2020-11-25,307.0060729980469,79.67828369140625,38.184322357177734,40.74455261230469,73.36227416992188,79.37007904052734,77.34930419921875,23.973373413085938,67.77147674560547,34.459999084472656,92.68355560302734
2020-11-27,307.88134765625,79.54129791259766,38.45180130004883,41.12407684326172,73.52033996582031,80.07499694824219,77.47711181640625,24.020282745361328,67.46945190429688,34.08000183105469,92.69190216064453
2020-11-30,306.499267578125,77.76030731201172,37.69112777709961,40.11201477050781,73.62018585205078,79.96026611328125,77.61286163330078,24.05544662475586,66.7620849609375,33.900001525878906,92.67517852783203
2020-12-01,309.87164306640625,78.61884307861328,38.5019645690918,40.94696807861328,73.39764404296875,78.8546142578125,77.39603424072266,24.006122589111328,67.62046813964844,34.58000183105469,92.67681121826172
2020-12-02,310.5259094238281,78.9841537475586,38.56047439575195,40.93010330200195,73.27268981933594,78.24723815917969,77.38004302978516,24.037439346313477,67.08795166015625,34.84000015258789,92.67681121826172
2020-12-03,310.43377685546875,79.50473022460938,38.69422149658203,41.33492660522461,73.41436004638672,78.87106323242188,77.54804229736328,24.104007720947266,67.65225219726562,35.119998931884766,92.67681121826172
2020-12-04,313.1058044433594,81.4775390625,39.07038879394531,41.61325454711914,73.2226791381836,77.72193908691406,77.37203979492188,24.05702018737793,68.68547058105469,35.040000915527344,92.68522644042969
2020-12-07,312.52532958984375,81.2765884399414,38.78617477416992,41.61325454711914,73.32266998291016,78.39497375488281,77.4360580444336,24.115741729736328,68.08939361572266,35.540000915527344,92.68522644042969
2020-12-08,313.4282531738281,81.87938690185547,38.87811279296875,41.731327056884766,73.34766387939453,78.73152923583984,77.37203979492188,24.15882110595703,67.85096740722656,35.65999984741211,92.67681121826172
2020-12-09,310.6456604003906,81.92505645751953,38.92826843261719,41.242156982421875,73.2226791381836,78.50171661376953,77.17994689941406,24.139251708984375,67.4297103881836,35.099998474121094,92.68522644042969
2020-12-10,310.49822998046875,82.30865478515625,39.01185989379883,41.798805236816406,73.37266540527344,79.1665267944336,77.4040298461914,24.182313919067383,67.1356430053711,35.0,92.69359588623047
2020-12-11,310.10198974609375,81.64192199707031,38.87811279296875,41.520477294921875,73.4893569946289,79.47019958496094,77.4360580444336,24.186229705810547,67.07206726074219,35.08000183105469,92.68522644042969
2020-12-14,308.68304443359375,81.4569091796875,38.886474609375,41.368675231933594,73.46432495117188,79.24040985107422,77.46805572509766,24.186229705810547,66.7779769897461,34.880001068115234,92.68522644042969
2020-12-15,312.9491882324219,83.60002899169922,39.31278610229492,41.75663757324219,73.49768829345703,78.99415588378906,77.5560531616211,24.229299545288086,68.14502716064453,35.380001068115234,92.67681121826172
2020-12-16,313.4282531738281,83.18791961669922,39.44654083251953,41.98434829711914,73.42268371582031,78.79718780517578,77.53207397460938,24.22538185119629,68.22452545166016,35.560001373291016,92.68522644042969
2020-12-17,315.1329650878906,83.93891906738281,39.70566940307617,42.32170867919922,73.43934631347656,78.57557678222656,77.62007141113281,24.235584259033203,68.88417053222656,35.939998626708984,92.68522644042969
2020-12-18,313.87060546875,83.22452545166016,39.471622467041016,42.1951904296875,73.41436004638672,78.36212158203125,77.57207489013672,24.23950958251953,67.50126647949219,35.86000061035156,92.68522644042969
2020-12-21,312.9031066894531,82.93145751953125,39.02886962890625,41.62754440307617,73.42268371582031,78.68228149414062,77.51605224609375,24.231658935546875,67.11975860595703,35.779998779296875,92.68522644042969
2020-12-22,312.2860107421875,83.45349884033203,38.902374267578125,41.32209014892578,73.53935241699219,79.04341888427734,77.65208435058594,24.24735450744629,67.58869934082031,35.52000045776367,92.67681121826172
2020-12-23,312.5357971191406,84.25032043457031,39.340904235839844,41.746337890625,73.45657348632812,78.49597930908203,77.71475219726562,24.259132385253906,67.15153503417969,35.720001220703125,92.68522644042969
2020-12-24,313.78485107421875,84.32357788085938,39.442100524902344,41.508758544921875,73.58198547363281,78.83403778076172,77.83529663085938,24.270898818969727,67.73946380615234,35.84000015258789,92.68522644042969
2020-12-28,316.5141296386719,84.64411926269531,39.68666076660156,41.593605041503906,73.55689239501953,78.84225463867188,77.85135650634766,24.290515899658203,68.14322662353516,35.7400016784668,92.67681121826172
2020-12-29,315.8479309082031,83.1970443725586,39.998695373535156,42.043312072753906,73.58198547363281,78.75981140136719,77.90758514404297,24.278751373291016,67.56179809570312,35.81999969482422,92.68522644042969
2020-12-30,316.2735290527344,84.03965759277344,40.08302307128906,42.62877655029297,73.63211822509766,78.89994049072266,78.02810668945312,24.286590576171875,67.93327331542969,36.099998474121094,92.68522644042969
2020-12-31,317.97589111328125,84.16788482666016,39.81315612792969,42.518470764160156,73.73248291015625,79.03185272216797,78.0441665649414,24.357215881347656,68.5874252319336,36.2599983215332,92.69359588623047
2021-01-04,313.6644592285156,83.38024139404297,40.04084777832031,42.7136344909668,73.63211822509766,78.97418212890625,77.94776153564453,24.39645004272461,66.35850524902344,37.099998474121094,92.68522644042969
2021-01-05,315.7276916503906,85.1570053100586,40.49625015258789,43.70638656616211,73.50675964355469,78.39705657958984,77.80315399169922,24.37291145324707,66.45539855957031,37.18000030517578,92.68522644042969
2021-01-06,317.6427307128906,89.29669952392578,40.93478012084961,43.290618896484375,73.18065643310547,76.84708404541016,77.5460433959961,24.30621337890625,66.5684814453125,36.599998474121094,92.69359588623047
2021-01-07,322.38897705078125,90.24005889892578,41.052833557128906,43.63002014160156,73.03020477294922,76.22050476074219,77.46569061279297,24.29836082458496,66.43925476074219,36.47999954223633,92.69359588623047
2021-01-08,324.202392578125,89.4981918334961,41.440773010253906,44.51245880126953,72.96330261230469,75.9731674194336,77.34517669677734,24.200271606445312,67.08531188964844,35.2599983215332,92.68522644042969
2021-01-11,322.083740234375,89.91035461425781,40.90104293823242,43.99488067626953,72.8880386352539,75.81651306152344,77.15237426757812,24.16103744506836,66.19699096679688,35.15999984741211,92.67681121826172
2021-01-12,322.1114501953125,91.4581527709961,41.09501647949219,44.478519439697266,72.8713607788086,75.78352355957031,77.24073028564453,24.184579849243164,66.35043334960938,35.36000061035156,92.67681121826172
2021-01-13,322.9162902832031,90.65218353271484,41.01911163330078,44.62276840209961,73.06362915039062,76.55850982666016,77.52192687988281,24.235584259033203,67.15803527832031,35.2400016784668,92.67681121826172
2021-01-14,321.8245849609375,92.80448913574219,41.33113479614258,45.06398010253906,72.9716567993164,75.89897155761719,77.42554473876953,24.24342918395996,67.5537338256836,35.220001220703125,92.67681121826172
2021-01-15,319.53021240234375,91.18341064453125,40.66490936279297,44.54640197753906,73.03020477294922,76.19575500488281,77.48178100585938,24.27482032775879,68.32901000976562,34.79999923706055,92.67681121826172
2021-01-19,322.055908203125,92.05345153808594,40.951637268066406,45.352474212646484,73.13050842285156,76.41836547851562,77.50586700439453,24.33367919921875,68.13516998291016,35.099998474121094,92.67681121826172
2021-01-20,326.4319763183594,92.54802703857422,41.2636604309082,46.1415901184082,73.12214660644531,76.46784210205078,77.52999114990234,24.3768367767334,69.43537902832031,35.65999984741211,92.67681121826172
2021-01-21,326.7372741699219,91.49478149414062,41.3564338684082,46.15007400512695,73.0218276977539,75.98963928222656,77.4737319946289,24.427837371826172,69.10426330566406,35.63999938964844,92.67681121826172
2021-01-22,325.5716247558594,92.6487808227539,41.069705963134766,45.81915283203125,73.05525207519531,76.17102813720703,77.3853759765625,24.380756378173828,69.26577758789062,35.380001068115234,92.67681121826172
2021-01-25,326.8946533203125,92.7861557006836,41.044403076171875,46.04825210571289,73.22248077392578,77.02018737792969,77.53802490234375,24.44745445251465,69.79069519042969,35.380001068115234,92.67681121826172
2021-01-26,326.40423583984375,92.7953109741211,41.06126403808594,45.759761810302734,73.21409606933594,76.90477752685547,77.57014465332031,24.41999626159668,70.2833251953125,35.29999923706055,92.67681121826172
2021-01-27,318.4846496582031,92.53887176513672,40.09988784790039,44.59730529785156,73.21409606933594,77.1356430053711,77.53802490234375,24.416067123413086,69.0396499633789,35.099998474121094,92.68522644042969
2021-01-28,321.1584777832031,90.7071533203125,40.41191101074219,44.8094367980957,73.15558624267578,76.70691680908203,77.41751098632812,24.44745445251465,69.4111328125,35.099998474121094,92.67681121826172
2021-01-29,314.7284851074219,89.36080932617188,39.52642822265625,43.85062026977539,73.09708404541016,76.25345611572266,77.36125183105469,24.427837371826172,68.61162567138672,35.099998474121094,92.68522644042969
2021-02-01,319.9002685546875,90.94527435302734,40.08302307128906,44.9621696472168,73.12137603759766,76.35664367675781,77.49809265136719,24.39645004272461,70.17833709716797,35.41999816894531,92.67681121826172
2021-02-02,324.4984130859375,91.19255065917969,40.52998733520508,45.66642379760742,73.02923583984375,75.86954498291016,77.4256591796875,24.412145614624023,70.5982894897461,34.97999954223633,92.67681121826172
2021-02-03,324.82220458984375,91.52224731445312,40.639617919921875,45.83612823486328,72.90365600585938,75.21727752685547,77.38541412353516,24.408214569091797,70.42060852050781,34.91999816894531,92.69359588623047
2021-02-04,328.45819091796875,93.16165924072266,40.656471252441406,45.903995513916016,72.92037200927734,75.05218505859375,77.4498062133789,24.38467788696289,70.90515899658203,34.18000030517578,92.68522644042969
2021-02-05,329.77191162109375,94.26985931396484,40.960079193115234,46.243408203125,72.81990814208984,74.42465209960938,77.41761016845703,24.380756378173828,71.15552520751953,34.540000915527344,92.69359588623047
2021-02-08,332.2051696777344,96.88006591796875,41.22150421142578,46.480979919433594,72.90365600585938,74.70536804199219,77.49003601074219,24.408214569091797,71.54313659667969,34.900001525878906,92.68522644042969
2021-02-09,331.93682861328125,97.57611846923828,41.457637786865234,46.99858474731445,72.8701400756836,74.7631607055664,77.4417495727539,24.41999626159668,71.79350280761719,34.97999954223633,92.69359588623047
2021-02-10,331.80731201171875,97.24642181396484,41.36486053466797,47.10038757324219,72.9874038696289,75.22554779052734,77.59467315673828,24.43960952758789,72.18110656738281,35.13999938964844,92.69359588623047
2021-02-11,332.34393310546875,97.46621704101562,41.63472366333008,47.592529296875,72.91202545166016,74.845703125,77.5383529663086,24.408214569091797,72.33455657958984,34.81999969482422,92.68522644042969
2021-02-12,334.0369873046875,97.65855407714844,41.82869338989258,47.67737579345703,72.71940612792969,73.92926788330078,77.40957641601562,24.37291145324707,72.3507080078125,34.720001220703125,92.68522644042969
2021-02-16,333.7225036621094,97.42957305908203,42.081695556640625,47.81312942504883,72.3760986328125,72.90543365478516,76.96685791015625,24.255210876464844,71.79350280761719,34.20000076293945,92.68522644042969
2021-02-17,333.79644775390625,96.91669464111328,41.82026672363281,47.93193054199219,72.52680206298828,73.30174255371094,77.11172485351562,24.24735450744629,71.70466613769531,33.84000015258789,92.68522644042969
2021-02-18,332.3716735839844,95.45132446289062,41.55039978027344,47.31251907348633,72.48494720458984,73.06233978271484,77.08756256103516,24.14534568786621,71.39778900146484,33.81999969482422,92.68522644042969
2021-02-19,331.7610778808594,97.07239532470703,41.744361877441406,47.56707763671875,72.23370361328125,72.16236114501953,76.78170776367188,24.04726791381836,71.80964660644531,33.959999084472656,92.68522644042969
2021-02-22,329.15203857421875,97.65855407714844,41.617862701416016,46.217960357666016,72.03273010253906,71.63394927978516,76.56440734863281,24.062952041625977,72.40725708007812,34.459999084472656,92.68522644042969
2021-02-23,329.5683898925781,97.10903930664062,41.63472366333008,46.480979919433594,72.0159912109375,71.40275573730469,76.66902160644531,24.062952041625977,72.85948181152344,34.400001525878906,92.68522644042969
2021-02-24,333.213623046875,99.79252624511719,41.786529541015625,46.18400955200195,71.97412109375,71.01467895507812,76.71732330322266,24.035486221313477,73.41670989990234,34.36000061035156,92.68522644042969
2021-02-25,325.2199401855469,96.70604705810547,41.078128814697266,45.182777404785156,71.34610748291016,69.78446197509766,75.6065444946289,23.745140075683594,72.01154327392578,33.720001220703125,92.67681121826172
2021-02-26,323.4344482421875,96.24811553955078,40.48780822753906,44.53791809082031,71.96575927734375,71.99720001220703,76.12971496582031,24.035486221313477,70.9616928100586,32.880001068115234,92.68522644042969
2021-03-01,331.3262023925781,99.22465515136719,41.2720947265625,45.759761810302734,71.8726806640625,71.123291015625,76.32566833496094,23.968788146972656,71.2766342163086,32.84000015258789,92.68522644042969
2021-03-02,328.76348876953125,97.50284576416016,41.25523376464844,45.327022552490234,71.86427307128906,71.123291015625,76.30953979492188,24.055105209350586,70.5902099609375,33.02000045776367,92.67681121826172
2021-03-03,324.4244384765625,97.64939880371094,41.002235412597656,45.293087005615234,71.63784790039062,70.37086486816406,75.93059539794922,24.004104614257812,70.1864242553711,32.68000030517578,92.68522644042969
2021-03-04,320.42767333984375,95.86344146728516,40.589019775390625,44.31730270385742,71.41139221191406,69.9161148071289,75.51932525634766,23.898162841796875,69.38690185546875,32.34000015258789,92.67681121826172
2021-03-05,326.3025207519531,98.04320526123047,40.917911529541016,44.63125228881836,71.36946105957031,70.01533508300781,75.30967712402344,23.92955207824707,70.14605712890625,32.36000061035156,92.67681121826172
2021-03-08,324.701904296875,99.92073059082031,40.71550750732422,43.46879577636719,71.04239654541016,69.51921844482422,74.72916412353516,23.796161651611328,70.75170135498047,32.040000915527344,92.67681121826172
2021-03-09,329.2445373535156,100.90071868896484,41.23836898803711,44.410640716552734,71.27720642089844,70.37086486816406,75.04360961914062,23.92955207824707,71.22010803222656,32.720001220703125,92.68522644042969
2021-03-10,331.27996826171875,102.98888397216797,41.41547393798828,44.33427047729492,71.41139221191406,70.50314331054688,75.30967712402344,24.055105209350586,71.93077087402344,32.86000061035156,92.67681121826172
2021-03-11,334.77716064453125,104.32604217529297,41.71906280517578,45.66642379760742,71.41976928710938,70.05668640136719,75.3984146118164,24.062952041625977,72.77063751220703,32.86000061035156,92.67681121826172
2021-03-12,335.2489318847656,105.33348846435547,41.82026672363281,44.8603515625,70.9920654296875,68.64278411865234,74.93072509765625,23.898162841796875,73.99012756347656,32.880001068115234,92.67681121826172
2021-03-15,337.19183349609375,105.13199615478516,41.92146301269531,44.83489227294922,71.07591247558594,69.00659942626953,75.02751922607422,23.964860916137695,75.08840942382812,32.97999954223633,92.67681121826172
2021-03-16,336.81256103515625,103.50176239013672,41.98892593383789,45.03004837036133,71.0675277709961,68.79164123535156,75.02751922607422,24.011943817138672,74.78150939941406,33.02000045776367,92.67681121826172
2021-03-17,337.9134521484375,104.06958770751953,42.208187103271484,45.06398010253906,71.04239654541016,68.26246643066406,75.1484603881836,23.99233055114746,74.84613800048828,33.2400016784668,92.68522644042969
2021-03-18,332.94525146484375,101.77076721191406,41.80339050292969,44.36821746826172,70.74884796142578,67.63406372070312,74.72916412353516,23.827539443969727,74.08699798583984,33.060001373291016,92.68522644042969
2021-03-19,332.3531799316406,101.9906005859375,41.9467658996582,44.8094367980957,70.8075942993164,68.03092956542969,74.68074798583984,23.870691299438477,73.07752990722656,33.220001220703125,92.68522644042969
2021-03-22,334.9806823730469,100.56185913085938,41.96454620361328,44.71427917480469,71.00885772705078,68.71723175048828,74.84202575683594,23.968788146972656,73.59436798095703,33.13999938964844,92.69359588623047
2021-03-23,332.5196838378906,97.08153533935547,41.3291130065918,43.98362731933594,71.16819763183594,69.32906341552734,74.9952163696289,24.02764320373535,73.4894027709961,32.880001068115234,92.68522644042969
2021-03-24,330.6785583496094,95.38720703125,41.151187896728516,42.95561218261719,71.27720642089844,69.6845932006836,75.11619567871094,24.09041404724121,73.07752990722656,33.0,92.68522644042969
2021-03-25,332.5382080078125,97.96369934082031,41.41383743286133,43.02357482910156,71.22689819335938,69.21332550048828,75.10811614990234,24.074722290039062,73.82160949707031,32.880001068115234,92.68522644042969
2021-03-26,337.9631652832031,100.35103607177734,41.98149871826172,44.09407424926758,71.10107421875,68.9404525756836,74.98717498779297,24.074722290039062,75.41370391845703,33.0,92.68522644042969
2021-03-29,337.75885009765625,97.87186431884766,41.77815246582031,43.84769821166992,71.00885772705078,68.36992645263672,74.85010528564453,24.0158634185791,74.97505950927734,32.599998474121094,92.68522644042969
2021-03-30,336.8954162597656,99.28592681884766,41.727317810058594,44.02610778808594,71.0843276977539,68.70891571044922,74.91461944580078,23.980558395385742,75.07257080078125,32.040000915527344,92.67681121826172
2021-03-31,338.2323303222656,99.6531982421875,41.60871124267578,44.22150421142578,71.05074310302734,68.46088409423828,75.01136016845703,23.99625015258789,74.61766052246094,32.52000045776367,92.67681121826172
2021-04-01,341.8161926269531,101.08562469482422,42.150943756103516,44.620826721191406,71.27942657470703,69.4017333984375,75.24321746826172,24.056772232055664,75.97420501708984,32.91999816894531,92.67681121826172
2021-04-05,346.7462158203125,101.5263671875,42.78639221191406,44.71427917480469,71.17013549804688,69.10359191894531,74.99280548095703,23.982105255126953,76.26663208007812,32.900001525878906,92.67681121826172
2021-04-06,346.55120849609375,101.42536926269531,42.413597106933594,44.92668533325195,71.42230224609375,69.5673599243164,75.3401870727539,24.009614944458008,76.46156311035156,33.220001220703125,92.69359588623047
2021-04-07,346.9875793457031,99.91947937011719,42.4898567199707,44.27248764038086,71.3382339477539,69.12841796875,75.34822845458984,24.021394729614258,76.51842498779297,33.099998474121094,92.68522644042969
2021-04-08,348.67730712890625,100.44287109375,42.73554992675781,44.73126983642578,71.4979476928711,69.66671752929688,75.57440948486328,24.06462860107422,76.234130859375,33.459999084472656,92.68522644042969
2021-04-09,351.18414306640625,100.55303955078125,42.83722686767578,44.34895324707031,71.40546417236328,69.41828918457031,75.48558044433594,24.021394729614258,76.144775390625,33.220001220703125,92.69359588623047
2021-04-12,351.342041015625,100.67242431640625,42.608463287353516,44.06009292602539,71.38870239257812,69.41828918457031,75.42096710205078,24.025327682495117,76.591552734375,33.0,92.68522644042969
2021-04-13,352.2983093261719,99.98374938964844,42.89654541015625,44.06858825683594,71.5735855102539,69.8903579711914,75.6875228881836,24.10392189025879,76.97332000732422,33.220001220703125,92.68522644042969
2021-04-14,351.16552734375,101.08562469482422,42.93889617919922,44.30646896362305,71.52314758300781,69.68331146240234,75.63905334472656,24.10392189025879,76.56716918945312,33.099998474121094,92.68522644042969
2021-04-15,354.9350280761719,101.40699768066406,43.269325256347656,44.69729232788086,71.82575225830078,70.72684478759766,75.94607543945312,24.23359489440918,77.90746307373047,33.63999938964844,92.67681121826172
2021-04-16,356.17926025390625,101.70999908447266,43.52349853515625,44.84172058105469,71.63246154785156,70.26300811767578,75.63905334472656,24.225732803344727,78.07803344726562,33.81999969482422,92.67681121826172
2021-04-19,354.4244689941406,100.68160247802734,43.39641189575195,44.74826431274414,71.59041595458984,70.04769134521484,75.58253479003906,24.18644905090332,78.23237609863281,33.7400016784668,92.67681121826172
2021-04-20,351.8248596191406,98.31261444091797,42.676246643066406,44.408424377441406,71.7081069946289,70.39552307128906,75.69561004638672,24.202159881591797,78.87409973144531,33.86000061035156,92.67681121826172
2021-04-21,355.13006591796875,100.57140350341797,43.065982818603516,44.75675964355469,71.78373718261719,70.51979064941406,75.84101104736328,24.22180938720703,79.39395141601562,34.20000076293945,92.67681121826172
2021-04-22,351.87115478515625,99.98374938964844,42.888057708740234,44.6802978515625,71.81736755371094,70.79306030273438,75.88951110839844,24.25324821472168,78.96344757080078,34.0,92.67681121826172
2021-04-23,355.62213134765625,101.83854675292969,43.37947463989258,45.2920036315918,71.82575225830078,70.66886138916016,75.92988586425781,24.25324821472168,79.42644500732422,33.81999969482422,92.68522644042969
2021-04-26,356.3927307128906,102.33435821533203,43.447242736816406,45.35148620605469,71.77535247802734,70.59429931640625,75.88951110839844,24.27289390563965,79.6620101928711,33.939998626708984,92.67681121826172
2021-04-27,356.2813415527344,102.67411041259766,43.31168746948242,45.4194450378418,71.59041595458984,69.98973083496094,75.70368957519531,24.27289390563965,79.65389251708984,33.84000015258789,92.67681121826172
2021-04-28,356.1142883300781,102.86693572998047,43.430301666259766,45.78477096557617,71.62407684326172,70.06424713134766,75.77640533447266,24.359342575073242,79.48330688476562,33.939998626708984,92.67681121826172
2021-04-29,358.49102783203125,102.93121337890625,43.47267532348633,45.68281936645508,71.565185546875,69.85723114013672,75.7118148803711,24.343624114990234,80.16565704345703,33.79999923706055,92.67681121826172
2021-04-30,356.12353515625,101.4988021850586,42.87958908081055,45.01165008544922,71.66612243652344,70.03114318847656,75.79254913330078,24.327905654907227,80.48243713378906,33.70000076293945,92.67681121826172
2021-05-03,356.93121337890625,102.64654541015625,43.32862854003906,44.99464797973633,71.68374633789062,70.07510375976562,75.9268798828125,24.38741683959961,80.32809448242188,34.13999938964844,92.67681121826172
2021-05-04,354.7586975097656,102.17826843261719,42.80332946777344,44.442413330078125,71.77639770507812,70.46495819091797,75.91881561279297,24.43470573425293,79.8082275390625,33.880001068115234,92.68522644042969
2021-05-05,354.82366943359375,102.13236999511719,43.31168746948242,44.612327575683594,71.81845092773438,70.57278442382812,75.99977111816406,24.556884765625,78.48420715332031,34.040000915527344,92.68522644042969
2021-05-06,357.7111511230469,102.81185150146484,43.66753005981445,45.05412292480469,71.85211181640625,70.67232513427734,76.11302185058594,24.52535057067871,78.92283630371094,34.599998474121094,92.68522644042969
2021-05-07,360.2643127441406,103.5831298828125,44.1758918762207,45.45343017578125,71.86051177978516,70.38200378417969,76.18585205078125,24.580530166625977,79.96257019042969,34.900001525878906,92.68522644042969
2021-05-10,356.73626708984375,101.452880859375,43.9471321105957,44.60383605957031,71.69214630126953,69.76819610595703,76.08069610595703,24.596294403076172,79.93819427490234,35.040000915527344,92.67681121826172
2021-05-11,353.607421875,100.78260040283203,43.42182540893555,44.484901428222656,71.5490493774414,69.3949203491211,75.9268798828125,24.541120529174805,78.93095397949219,35.040000915527344,92.67681121826172
2021-05-12,346.05914306640625,97.67903900146484,42.6592903137207,43.346431732177734,71.29647064208984,68.68152618408203,75.54654693603516,24.493831634521484,76.93270111083984,34.68000030517578,92.67681121826172
2021-05-13,350.172119140625,100.13068389892578,42.955841064453125,43.29545593261719,71.43964385986328,68.78108978271484,75.82170867919922,24.497760772705078,77.93184661865234,34.84000015258789,92.68522644042969
2021-05-14,355.5478515625,102.13236999511719,43.64211654663086,44.00912094116211,71.60797882080078,69.32025146484375,76.04830932617188,24.576587677001953,78.85784912109375,35.119998931884766,92.67681121826172
2021-05-17,354.6936950683594,102.38948059082031,43.57432556152344,44.03461837768555,71.54063415527344,69.18754577636719,75.9673843383789,24.61994743347168,78.93907928466797,35.560001373291016,92.67681121826172
2021-05-18,351.62982177734375,101.37944793701172,43.72685623168945,44.67180633544922,71.4648666381836,69.02993774414062,75.88642883300781,24.592357635498047,78.95533752441406,35.599998474121094,92.67681121826172
2021-05-19,350.70135498046875,100.71833801269531,43.33710861206055,44.55284881591797,71.3891372680664,68.87234497070312,75.74077606201172,24.430770874023438,78.7035140991211,35.63999938964844,92.67681121826172
2021-05-20,354.44305419921875,100.92950439453125,43.938655853271484,44.71427917480469,71.62483215332031,69.40319061279297,76.03211212158203,24.43470573425293,79.58892059326172,35.79999923706055,92.67681121826172
2021-05-21,354.1737060546875,101.41615295410156,43.93018341064453,44.23850631713867,71.64163208007812,69.59400177001953,76.06449127197266,24.489885330200195,79.50768280029297,35.84000015258789,92.68522644042969
2021-05-24,357.74822998046875,101.93035125732422,44.201297760009766,44.654808044433594,71.72587585449219,69.82624053955078,76.1615982055664,24.548995971679688,80.49868774414062,35.880001068115234,92.68522644042969
2021-05-25,356.9961853027344,100.77342224121094,44.201297760009766,45.12208557128906,71.91107177734375,70.4732666015625,76.37198638916016,24.61994743347168,80.47431182861328,36.20000076293945,92.68522644042969
2021-05-26,357.6461181640625,102.92202758789062,44.201297760009766,45.45343017578125,71.88580322265625,70.36540222167969,76.33964538574219,24.568706512451172,80.83172607421875,36.13999938964844,92.68522644042969
2021-05-27,357.803955078125,103.9228744506836,44.286033630371094,45.53838348388672,71.78475952148438,70.05851745605469,76.2020492553711,24.556884765625,80.64490509033203,36.15999984741211,92.68522644042969
2021-05-28,358.5002746582031,103.619873046875,44.413116455078125,45.776275634765625,71.77639770507812,69.95065307617188,76.22631072998047,24.584474563598633,81.13227844238281,36.2599983215332,92.67681121826172
2021-06-01,358.2216796875,105.39201354980469,44.65034866333008,46.73632049560547,71.77129364013672,69.9340591430664,76.27092742919922,24.64225959777832,82.59441375732422,36.20000076293945,92.66845703125
2021-06-02,358.8252868652344,105.07064056396484,44.777435302734375,46.846771240234375,71.84720611572266,70.09191131591797,76.39254760742188,24.634347915649414,83.56105041503906,36.369998931884766,92.67681121826172
2021-06-03,357.46051025390625,104.17998504638672,44.54021072387695,46.32001495361328,71.7122802734375,69.8426513671875,76.13308715820312,24.53935432434082,83.25237274169922,35.63999938964844,92.66845703125
2021-06-04,360.70074462890625,104.55644226074219,44.96383285522461,46.73632049560547,71.99895477294922,70.74830627441406,76.47364807128906,24.646215438842773,83.2929916381836,36.040000915527344,92.67681121826172
2021-06-07,360.3944091796875,105.57566833496094,45.06549835205078,46.54941177368164,71.94837188720703,70.54061126708984,76.44929504394531,24.598730087280273,84.2758560180664,36.189998626708984,92.66845703125
2021-06-08,360.4500732421875,106.78768920898438,45.04008865356445,46.354000091552734,72.0832748413086,70.9892578125,76.62770080566406,24.614553451538086,84.97444152832031,36.06999969482422,92.67681121826172
2021-06-09,359.8837585449219,105.99803161621094,44.86216735839844,46.32001495361328,72.22659301757812,71.57916259765625,76.7979507446289,24.618518829345703,85.08816528320312,36.0099983215332,92.66006469726562
2021-06-10,361.5456848144531,104.33519744873047,45.006202697753906,46.64287185668945,72.37834167480469,71.97799682617188,77.05736541748047,24.74912452697754,85.69740295410156,36.15999984741211,92.66845703125
2021-06-11,362.1769104003906,105.38423156738281,45.08244705200195,46.438968658447266,72.36153411865234,71.90322875976562,77.04930114746094,24.681835174560547,85.35623168945312,35.7599983215332,92.66006469726562
2021-06-14,363.0868835449219,104.86891174316406,45.150230407714844,46.62587356567383,72.17601776123047,71.38805389404297,76.87904357910156,24.666004180908203,85.68926239013672,35.54999923706055,92.66006469726562
2021-06-15,362.325439453125,105.05296325683594,45.1587028503418,46.311519622802734,72.17601776123047,71.31326293945312,76.9601058959961,24.717456817626953,84.7713623046875,35.40999984741211,92.66845703125
2021-06-16,360.338623046875,105.01614379882812,44.86216735839844,45.68281936645508,71.97362518310547,71.22189331054688,76.57090759277344,24.495820999145508,84.21900939941406,34.81999969482422,92.66845703125
2021-06-17,360.2086486816406,103.16651153564453,44.531734466552734,45.946197509765625,72.2181625366211,72.17742156982422,76.74118041992188,24.563098907470703,84.11343383789062,33.75,92.66845703125
2021-06-18,355.4271545410156,100.4702377319336,43.68448257446289,45.58936309814453,72.44580841064453,73.4735336303711,76.94387817382812,24.578927993774414,82.68378448486328,33.560001373291016,92.65172576904297
2021-06-21,360.4036865234375,102.72477722167969,44.2857780456543,45.8114128112793,72.19287109375,72.35187530517578,76.80606842041016,24.535390853881836,84.38960266113281,33.970001220703125,92.66006469726562
2021-06-22,362.316162109375,103.29532623291016,44.32848358154297,45.614986419677734,72.2940444946289,72.49308776855469,76.91958618164062,24.67391586303711,83.9509506225586,33.83000183105469,92.65172576904297
2021-06-23,361.9263000488281,103.47018432617188,44.08932876586914,45.87975311279297,72.24347686767578,72.32697296142578,76.78170013427734,24.681835174560547,83.80472564697266,33.79999923706055,92.66006469726562
2021-06-24,363.9967346191406,104.85050964355469,44.45659637451172,46.22135925292969,72.2771987915039,72.44328308105469,76.87089538574219,24.62642478942871,83.62394714355469,33.77000045776367,92.66845703125
2021-06-25,365.34295654296875,104.9609375,44.6017951965332,46.59714889526367,72.14228057861328,71.73699951171875,76.77362060546875,24.658092498779297,84.18842315673828,33.880001068115234,92.65172576904297
2021-06-28,366.104248046875,103.88427734375,44.311405181884766,46.70817184448242,72.33621978759766,72.4266586303711,76.94387817382812,24.689748764038086,83.94300079345703,33.880001068115234,92.66006469726562
2021-06-29,366.2654113769531,103.64500427246094,44.302860260009766,46.67401885986328,72.36993408203125,72.52635955810547,77.04119110107422,24.70954704284668,83.71393585205078,33.529998779296875,92.66006469726562
2021-06-30,366.6007995605469,103.96710205078125,44.00392150878906,46.383636474609375,72.42053985595703,72.86701965332031,77.08172607421875,24.741209030151367,83.27215576171875,33.709999084472656,92.66006469726562
2021-07-01,368.66888427734375,104.62046813964844,44.13202667236328,46.135963439941406,72.41375732421875,72.87702941894531,77.02487182617188,24.7642822265625,83.63213348388672,33.810001373291016,92.66006469726562
2021-07-02,371.4730529785156,103.51617431640625,44.29431915283203,46.084720611572266,72.54045104980469,73.27640533447266,77.2116928100586,24.867708206176758,83.88572692871094,34.040000915527344,92.66006469726562
2021-07-06,370.7743225097656,102.00701141357422,44.029537200927734,45.256282806396484,72.80221557617188,74.05027770996094,77.46346282958984,24.935338973999023,84.4992904663086,34.220001220703125,92.65172576904297
2021-07-07,372.05059814453125,101.3260498046875,44.18328094482422,45.29898452758789,72.95425415039062,74.749267578125,77.62591552734375,24.915454864501953,84.79378509521484,34.34000015258789,92.66006469726562
2021-07-08,369.0881652832031,100.13895416259766,43.542694091796875,44.436397552490234,73.0218276977539,75.00724029541016,77.67467498779297,24.891584396362305,84.55654907226562,34.33000183105469,92.66006469726562
2021-07-09,372.98223876953125,102.68799591064453,44.29431915283203,45.24774932861328,72.79378509521484,74.05863952636719,77.45537567138672,24.895559310913086,85.94729614257812,34.43000030517578,92.66006469726562
2021-07-12,374.33306884765625,103.1756820678711,44.45659637451172,45.27336502075195,72.76846313476562,73.94213104248047,77.42283630371094,24.951251983642578,86.68356323242188,34.400001525878906,92.65172576904297
2021-07-13,373.0660705566406,101.24324798583984,44.20890426635742,45.29898452758789,72.54045104980469,73.39290618896484,77.22793579101562,24.951251983642578,85.47280883789062,34.45000076293945,92.66006469726562
2021-07-14,373.5784606933594,100.05615234375,44.319942474365234,45.52104568481445,72.78535461425781,74.20836639404297,77.48782348632812,25.02684783935547,86.07000732421875,34.79999923706055,92.66006469726562
2021-07-15,372.3766784667969,99.6052017211914,43.96120834350586,45.56374740600586,72.96270751953125,74.9406509399414,77.60968780517578,25.106409072875977,86.20906066894531,34.810001373291016,92.65172576904297
2021-07-16,369.4794921875,98.16046142578125,43.61956787109375,45.256282806396484,72.89515686035156,74.86576080322266,77.56094360351562,25.102420806884766,86.15180206298828,34.47999954223633,92.65172576904297
2021-07-19,363.9550476074219,96.27400970458984,42.76545333862305,44.590118408203125,73.30887603759766,76.42179870605469,77.95081329345703,25.110387802124023,84.58110809326172,34.5,92.65172576904297
2021-07-20,369.0975341796875,99.17269897460938,43.14979553222656,44.62428665161133,73.23292541503906,75.75614929199219,77.93457794189453,25.106409072875977,86.57720947265625,34.470001220703125,92.66006469726562
2021-07-21,372.1996154785156,100.8291244506836,43.7733039855957,45.00861358642578,72.99646759033203,74.84911346435547,77.68274688720703,25.050708770751953,86.56903076171875,34.34000015258789,92.65172576904297
2021-07-22,372.9915466308594,98.94265747070312,43.83308792114258,45.076934814453125,73.15689086914062,75.44825744628906,77.86956787109375,25.12232208251953,85.88185119628906,34.40999984741211,92.65172576904297
2021-07-23,376.7178955078125,99.75245666503906,44.097877502441406,44.37660598754883,73.07247161865234,74.98224639892578,77.83712005615234,25.233705520629883,86.59357452392578,34.290000915527344,92.66006469726562
2021-07-26,377.6773681640625,100.63587188720703,44.14910888671875,43.53110122680664,73.0302505493164,74.76594543457031,77.75589752197266,25.337142944335938,86.63446807861328,34.22999954223633,92.65172576904297
2021-07-27,376.0005798339844,99.68803405761719,43.98683166503906,42.591644287109375,73.2160415649414,75.54813385009766,77.95892333984375,25.345096588134766,87.12530517578125,34.290000915527344,92.65172576904297
2021-07-28,375.795654296875,100.53466033935547,44.18328094482422,43.79585647583008,73.28356170654297,75.57305145263672,78.0726547241211,25.416702270507812,86.82263946533203,34.439998626708984,92.66006469726562
2021-07-29,377.4165954589844,101.7861557006836,44.516387939453125,43.949581146240234,73.15689086914062,75.14866638183594,77.95081329345703,25.376930236816406,86.83898162841797,34.83000183105469,92.66006469726562
2021-07-30,375.5720520019531,101.46408081054688,44.22598648071289,43.650657653808594,73.2667007446289,75.53145599365234,78.04828643798828,25.416702270507812,86.95352172851562,34.560001373291016,92.66006469726562
2021-08-02,374.80816650390625,100.8199234008789,44.439510345458984,44.000831604003906,73.44091796875,76.13401794433594,78.22650146484375,25.417104721069336,86.76536560058594,34.529998779296875,92.66006469726562
2021-08-03,377.8358154296875,101.74933624267578,44.75553512573242,44.11185836791992,73.45785522460938,76.18403625488281,78.22650146484375,25.445114135742188,86.87171936035156,34.4900016784668,92.66006469726562
2021-08-04,376.0284729003906,99.95490264892578,44.627410888671875,44.22288131713867,73.45785522460938,76.3507308959961,78.17766571044922,25.397104263305664,86.60173797607422,34.5099983215332,92.65172576904297
2021-08-05,378.3761901855469,101.35364532470703,44.8580322265625,44.08623123168945,73.28870391845703,75.99236297607422,77.98238372802734,25.305084228515625,87.61618041992188,34.349998474121094,92.65172576904297
2021-08-06,379.0282897949219,102.595947265625,44.678672790527344,43.78731155395508,72.94193267822266,74.81722259521484,77.6568603515625,25.253076553344727,87.46074676513672,33.52000045776367,92.66006469726562
2021-08-09,378.66497802734375,101.73094940185547,44.627410888671875,43.94104766845703,72.80658721923828,74.55050659179688,77.4208755493164,25.209062576293945,86.99442291259766,32.90999984741211,92.65172576904297
2021-08-10,379.14007568359375,102.71559143066406,44.72137451171875,44.103309631347656,72.69662475585938,74.23381805419922,77.2988052368164,25.22907066345215,86.16816711425781,32.93000030517578,92.65172576904297
2021-08-11,380.052978515625,103.43335723876953,45.00322723388672,44.265586853027344,72.74736022949219,74.1671371459961,77.42901611328125,25.269075393676758,86.67536163330078,33.380001068115234,92.643310546875
2021-08-12,381.1617126464844,102.90884399414062,44.900733947753906,43.9752082824707,72.75584411621094,74.05043029785156,77.44529724121094,25.245065689086914,86.86353302001953,33.38999938964844,92.643310546875
2021-08-13,381.91619873046875,102.15423583984375,45.131351470947266,43.889793395996094,73.04340362548828,75.12560272216797,77.7301254272461,25.30908203125,87.33802032470703,33.869998931884766,92.643310546875
2021-08-16,382.8291320800781,101.64811706542969,44.8751106262207,43.53963851928711,73.11107635498047,75.30891418457031,77.82771301269531,25.34109115600586,87.2316665649414,34.029998779296875,92.643310546875
2021-08-17,380.30462646484375,100.17574310302734,44.379722595214844,42.7539176940918,73.03494262695312,75.30891418457031,77.74639892578125,25.281076431274414,87.14167785644531,33.97999954223633,92.65172576904297
2021-08-18,376.2148742675781,99.36597442626953,44.268699645996094,42.80515670776367,73.0180435180664,75.52565002441406,77.60803985595703,25.2730770111084,86.34813690185547,34.02000045776367,92.643310546875
2021-08-19,376.745849609375,98.48252868652344,43.7818489074707,42.14752960205078,73.17871856689453,76.0506820678711,77.74639892578125,25.281076431274414,86.76536560058594,33.90999984741211,92.643310546875
2021-08-20,379.7269287109375,99.97330474853516,43.92704391479492,42.14752960205078,73.16184997558594,76.1007080078125,77.7301254272461,25.209062576293945,87.19892883300781,33.91999816894531,92.65172576904297
2021-08-23,383.0900573730469,101.24324798583984,44.388267517089844,42.7539176940918,73.17871856689453,76.04236602783203,77.76265716552734,25.265079498291016,87.03532409667969,34.33000183105469,92.643310546875
2021-08-24,383.6955261230469,101.95179748535156,44.6017951965332,43.71045684814453,73.03494262695312,75.51730346679688,77.6406021118164,25.265079498291016,86.65081024169922,34.31999969482422,92.643310546875
2021-08-25,384.403564453125,102.3291015625,44.635963439941406,43.753150939941406,72.91654205322266,74.8922348022461,77.51039123535156,25.261079788208008,86.59357452392578,34.09000015258789,92.65172576904297
2021-08-26,382.158447265625,101.19719696044922,44.35411071777344,43.39445495605469,72.92498016357422,75.13392639160156,77.46969604492188,25.265079498291016,86.62630462646484,34.130001068115234,92.643310546875
2021-08-27,385.5494384765625,104.16954040527344,44.81532287597656,43.94104766845703,73.13645935058594,75.53395080566406,77.7301254272461,25.449115753173828,87.53437805175781,34.619998931884766,92.643310546875
2021-08-30,387.3194274902344,103.55297088623047,44.806785583496094,44.069149017333984,73.22101593017578,75.75901794433594,77.88471221923828,25.449115753173828,88.40969848632812,34.459999084472656,92.643310546875
2021-08-31,386.65802001953125,103.40574645996094,44.806785583496094,44.607208251953125,73.12797546386719,75.32561492919922,77.77891540527344,25.389097213745117,88.82693481445312,34.529998779296875,92.643310546875
2021-09-01,387.06787109375,103.88427734375,45.19968032836914,45.14525604248047,73.14070892333984,75.38568115234375,77.84822845458984,25.38385581970215,90.25037384033203,34.54999923706055,92.643310546875
2021-09-02,388.22308349609375,104.32596588134766,45.41320037841797,44.96591567993164,73.2423324584961,75.694580078125,77.98681640625,25.395944595336914,90.7248764038086,34.45000076293945,92.65172576904297
2021-09-03,388.07403564453125,103.68183135986328,45.635276794433594,45.17088317871094,73.08988189697266,75.10189819335938,77.82377624511719,25.359697341918945,90.7412109375,34.81999969482422,92.643310546875
2021-09-07,386.6393737792969,102.7339859008789,45.52423095703125,45.54666519165039,72.8780746459961,74.50921630859375,77.54659271240234,25.315412521362305,89.71862030029297,34.130001068115234,92.643310546875
2021-09-08,386.266845703125,101.86897277832031,45.19113540649414,44.87196350097656,72.99668884277344,74.9182357788086,77.67704010009766,25.40399932861328,90.16856384277344,34.040000915527344,92.65172576904297
2021-09-09,384.53399658203125,101.61131286621094,45.139888763427734,44.93174743652344,73.25927734375,75.7696762084961,77.92977142333984,25.53687858581543,88.33607482910156,34.18000030517578,92.65172576904297
2021-09-10,381.56219482421875,100.58065795898438,45.01176452636719,44.86342239379883,73.08135986328125,75.19371032714844,77.82377624511719,25.468425750732422,87.04351043701172,34.040000915527344,92.643310546875
2021-09-13,382.4565124511719,101.34444427490234,45.353416442871094,45.00861358642578,73.19151306152344,75.6361312866211,77.87267303466797,25.468425750732422,87.63252258300781,34.13999938964844,92.643310546875
2021-09-14,380.47222900390625,100.04692840576172,45.1569709777832,44.590118408203125,73.36939239501953,76.43746185302734,78.02759552001953,25.484529495239258,87.47710418701172,34.369998931884766,92.643310546875
2021-09-15,383.6490478515625,101.12358093261719,45.336334228515625,44.57303237915039,73.30166625976562,76.15367126464844,77.97049713134766,25.488554000854492,87.75523376464844,34.15999984741211,92.643310546875
2021-09-16,382.9875183105469,100.74629974365234,45.20822525024414,44.11185836791992,73.1661148071289,75.8531723022461,77.840087890625,25.456336975097656,87.828857421875,33.38999938964844,92.65172576904297
2021-09-17,379.23321533203125,100.69107818603516,44.644508361816406,43.94104766845703,73.07292175292969,75.49422454833984,77.67704010009766,25.37580680847168,87.04351043701172,33.34000015258789,92.643310546875
2021-09-20,373.0381164550781,98.97028350830078,43.79568099975586,42.745487213134766,73.27626037597656,76.38740539550781,77.88082885742188,25.416074752807617,86.51175689697266,33.58000183105469,92.643310546875
2021-09-21,372.6748046875,98.78622436523438,44.17293930053711,43.090274810791016,73.25927734375,76.30392456054688,77.87267303466797,25.37983512878418,86.55266571044922,33.790000915527344,92.643310546875
2021-09-22,376.270751953125,100.38741302490234,44.41301727294922,43.71089553833008,73.33554077148438,76.69625091552734,77.92977142333984,25.367755889892578,87.3952865600586,33.650001525878906,92.643310546875
2021-09-23,380.8169250488281,102.0990219116211,44.95316696166992,43.91777801513672,72.94584655761719,75.08518981933594,77.5792007446289,25.271120071411133,87.2234878540039,33.27000045776367,92.643310546875
2021-09-24,381.45037841796875,101.9613037109375,44.54160690307617,43.43505859375,72.79337310791016,74.41739654541016,77.4895248413086,25.206695556640625,86.29086303710938,33.25,92.6349105834961
2021-09-27,380.3697509765625,103.83781433105469,44.54160690307617,43.667789459228516,72.70867156982422,74.13358306884766,77.36723327636719,25.222797393798828,85.13021850585938,33.31999969482422,92.6349105834961
2021-09-28,372.76800537109375,102.3587875366211,43.55561828613281,43.15923309326172,72.39521789550781,73.05677795410156,76.99219512939453,25.166427612304688,84.55401611328125,32.97999954223633,92.6349105834961
2021-09-29,373.3549499511719,102.6730728149414,43.41842269897461,42.81443405151367,72.40369415283203,73.21537017822266,77.0411376953125,25.17045783996582,85.18783569335938,32.849998474121094,92.6349105834961
2021-09-30,368.6255798339844,100.93521118164062,43.289817810058594,43.10750198364258,72.38675689697266,73.21537017822266,76.96775817871094,25.19863510131836,83.78024291992188,33.40999984741211,92.643310546875
2021-10-01,373.037109375,102.92264556884766,43.41842269897461,43.13337326049805,72.63280487060547,73.72115325927734,77.32139587402344,25.28562355041504,84.96559143066406,33.4900016784668,92.6349105834961
2021-10-04,368.4479064941406,102.56214141845703,43.01544952392578,42.538597106933594,72.58187103271484,73.5707015991211,77.2479019165039,25.289670944213867,84.9820556640625,33.650001525878906,92.62651824951172
2021-10-05,372.0277404785156,102.83946990966797,43.26409912109375,42.943729400634766,72.40373992919922,72.95204162597656,77.07637023925781,25.326080322265625,84.39762115478516,33.5,92.6349105834961
2021-10-06,373.6820068359375,102.10919952392578,42.946861267089844,42.779964447021484,72.43763732910156,73.2947769165039,77.02738189697266,25.30585479736328,85.20429992675781,33.59000015258789,92.6349105834961
2021-10-07,376.8972473144531,103.66219329833984,43.30695724487305,43.6160774230957,72.23403930664062,72.54235076904297,76.80690002441406,25.277530670166016,85.43478393554688,33.400001525878906,92.643310546875
2021-10-08,376.18682861328125,102.98736572265625,43.31553268432617,43.779850006103516,72.05587005615234,72.10761260986328,76.6026611328125,25.28562355041504,84.62808990478516,33.41999816894531,92.643310546875
2021-10-11,373.4483642578125,102.40499877929688,43.186927795410156,43.659183502197266,71.9455795288086,71.8902587890625,76.44749450683594,25.26540184020996,84.84210205078125,33.36000061035156,92.6349105834961
2021-10-12,372.7006530761719,102.68232727050781,43.16977310180664,43.53849792480469,72.20858001708984,73.04398345947266,76.65984344482422,25.313945770263672,85.95335388183594,33.52000045776367,92.643310546875
2021-10-13,373.8970031738281,102.64534759521484,43.64992904663086,44.10740661621094,72.40373992919922,73.7044906616211,76.85586547851562,25.435312271118164,86.57897186279297,34.11000061035156,92.643310546875
2021-10-14,380.17791748046875,104.02268981933594,44.121482849121094,44.1763801574707,72.53099060058594,73.94690704345703,77.06004333496094,25.483863830566406,87.63259887695312,34.20000076293945,92.643310546875
2021-10-15,383.140625,103.53275299072266,44.473026275634766,44.65045166015625,72.35282135009766,73.5372314453125,76.80690002441406,25.44744873046875,87.56674194335938,33.65999984741211,92.62651824951172
2021-10-18,384.3089599609375,103.70840454101562,44.31011962890625,44.59011459350586,72.31040954589844,73.77969360351562,76.6190185546875,25.39890480041504,87.78899383544922,33.56999969482422,92.62651824951172
2021-10-19,387.2997741699219,103.87480163574219,44.61878204345703,45.098670959472656,72.10674285888672,72.85167694091797,76.43115234375,25.330123901367188,87.83014678955078,33.68000030517578,92.62651824951172
2021-10-20,388.8046569824219,104.66055297851562,44.773109436035156,45.1072998046875,72.02192687988281,72.39187622070312,76.38214111328125,25.37462615966797,89.21305084228516,33.97999954223633,92.6349105834961
2021-10-21,389.758056640625,104.77147674560547,44.5501823425293,44.745277404785156,71.92012023925781,72.2999267578125,76.1779556274414,25.435312271118164,89.33650207519531,33.95000076293945,92.62651824951172
2021-10-22,389.365478515625,104.83617401123047,44.755958557128906,44.63321304321289,72.07286071777344,73.04398345947266,76.31681823730469,25.47577476501465,89.75631713867188,34.150001525878906,92.6349105834961
2021-10-25,391.38433837890625,105.71436309814453,44.72166061401367,44.796993255615234,72.10674285888672,72.96038818359375,76.43931579589844,25.544546127319336,90.04442596435547,34.38999938964844,92.62651824951172
2021-10-26,391.7581481933594,104.73448944091797,44.807403564453125,44.49529266357422,72.25101470947266,73.49544525146484,76.53730773925781,25.637588500976562,90.29137420654297,34.130001068115234,92.6349105834961
2021-10-27,390.0570983886719,102.68232727050781,44.56733322143555,44.2625617980957,72.51399993896484,74.71601867675781,76.79052734375,25.754926681518555,89.52583312988281,34.220001220703125,92.6349105834961
2021-10-28,393.87042236328125,104.66979217529297,45.02174377441406,44.21945571899414,72.42070770263672,74.38999938964844,76.67619323730469,25.524322509765625,90.77702331542969,34.220001220703125,92.6349105834961
2021-10-29,394.57147216796875,104.51263427734375,44.687374114990234,43.667789459228516,72.43763732910156,74.59901428222656,76.68431091308594,25.479808807373047,89.75631713867188,33.93000030517578,92.61811065673828
2021-11-01,395.40325927734375,106.93457794189453,45.10749435424805,44.09016418457031,72.381591796875,74.10163116455078,76.61314392089844,25.380422592163086,90.2008285522461,34.099998474121094,92.61811065673828
2021-11-02,396.93609619140625,106.82365417480469,45.004608154296875,43.62470245361328,72.51753234863281,74.45329284667969,76.79315948486328,25.46967315673828,90.62886047363281,34.029998779296875,92.62651824951172
2021-11-03,399.3288269042969,109.15312194824219,45.313270568847656,43.943626403808594,72.39008331298828,73.75834655761719,76.70315551757812,25.433155059814453,90.93342590332031,33.75,92.61811065673828
2021-11-04,401.1981201171875,108.87579345703125,45.27897262573242,43.84880828857422,72.72148132324219,74.5035400390625,76.97317504882812,25.59543228149414,90.06909942626953,34.099998474121094,92.6349105834961
2021-11-05,402.5626525878906,111.21454620361328,45.37329864501953,43.866050720214844,72.94237518310547,75.52507019042969,77.34141540527344,25.68875503540039,90.53007507324219,34.560001373291016,92.62651824951172
2021-11-08,403.0487365722656,111.22376251220703,45.39900588989258,44.32289505004883,72.78095245361328,75.38274383544922,77.10409545898438,25.773942947387695,90.45600891113281,34.70000076293945,92.61811065673828
2021-11-09,401.6373596191406,111.06663513183594,45.28754425048828,44.21945571899414,72.98490142822266,76.270263671875,77.25956726074219,25.919998168945312,90.61241149902344,34.869998931884766,92.61811065673828
2021-11-10,398.403564453125,109.8371810913086,44.71308898925781,44.098785400390625,72.49202728271484,74.94731140136719,76.7276840209961,25.855083465576172,90.19259643554688,35.2599983215332,92.61811065673828
2021-11-11,398.53436279296875,110.6876449584961,44.8674201965332,44.857330322265625,72.37305450439453,74.830078125,76.47404479980469,25.84290885925293,90.34076690673828,35.45000076293945,92.61811065673828
2021-11-12,401.4971923828125,110.43804931640625,45.176082611083984,44.89180374145508,72.381591796875,74.5621566772461,76.57225799560547,25.84697151184082,90.27491760253906,35.5,92.62651824951172
2021-11-15,401.6841735839844,110.5119857788086,45.09892272949219,44.80561065673828,72.08413696289062,73.66622161865234,76.22857666015625,25.84290885925293,90.90872192382812,35.45000076293945,92.61811065673828
2021-11-16,403.2169494628906,110.789306640625,44.99603271484375,44.788368225097656,72.03317260742188,73.46527862548828,76.14676666259766,25.802343368530273,90.30783081054688,35.209999084472656,92.61811065673828
2021-11-17,402.244873046875,109.58758544921875,44.88457107543945,44.624595642089844,72.18614959716797,74.01792907714844,76.3349380493164,25.855083465576172,90.58770751953125,35.529998779296875,92.62651824951172
2021-11-18,403.6375427246094,109.4027099609375,44.91886901855469,44.09016418457031,72.27112579345703,74.28585052490234,76.4004135131836,25.87131118774414,90.60417175292969,35.40999984741211,92.6349105834961
2021-11-19,402.8804626464844,108.11780548095703,44.57591247558594,44.01258850097656,72.42407989501953,75.01429748535156,76.52315521240234,25.818571090698242,90.06909942626953,35.150001525878906,92.62651824951172
2021-11-22,401.81500244140625,108.8203353881836,44.33584213256836,43.55573654174805,72.06717681884766,74.17701721191406,76.01583099365234,25.615718841552734,89.62461853027344,34.34000015258789,92.61811065673828
2021-11-23,402.33831787109375,108.9220199584961,44.25867462158203,43.598838806152344,71.77825927734375,73.18901062011719,75.72943878173828,25.51024055480957,90.34899139404297,34.06999969482422,92.62651824951172
2021-11-24,403.3291015625,108.57998657226562,44.02717590332031,43.547119140625,71.94822692871094,74.235595703125,75.82764434814453,25.59543228149414,91.44377899169922,34.029998779296875,92.60975646972656
2021-11-26,394.552734375,104.50337982177734,42.82682800292969,42.271392822265625,72.45804595947266,75.9688491821289,76.30223846435547,25.72931480407715,88.9002456665039,33.959999084472656,92.60975646972656
2021-11-29,399.3194885253906,104.25379180908203,43.03260803222656,42.33172607421875,72.4495620727539,75.40784454345703,76.31040954589844,25.668468475341797,89.55876159667969,33.939998626708984,92.61811065673828
2021-11-30,391.6739807128906,101.97052001953125,42.61247634887695,42.40068817138672,72.58550262451172,76.55494689941406,76.4249496459961,25.680635452270508,87.86307525634766,33.68000030517578,92.57622528076172
2021-12-01,387.16900634765625,100.45452117919922,42.38955307006836,42.37483596801758,72.63232421875,76.91048431396484,76.43890380859375,25.607038497924805,86.4143295288086,33.84000015258789,92.60137176513672
2021-12-02,393.0759582519531,103.25544738769531,42.98115539550781,42.874778747558594,72.64082336425781,76.9607925415039,76.4635009765625,25.68022918701172,89.00723266601562,33.63999938964844,92.60975646972656
2021-12-03,389.59912109375,102.04449462890625,42.766815185546875,42.28001022338867,72.92169189453125,77.79093170166016,76.83236694335938,25.724960327148438,88.7109146118164,33.93000030517578,92.60137176513672
2021-12-06,394.253662109375,104.48491668701172,43.17835235595703,42.555843353271484,72.7259292602539,76.80989074707031,76.61101531982422,25.627370834350586,90.26667022705078,33.83000183105469,92.60137176513672
2021-12-07,402.3570556640625,105.93621063232422,44.104347229003906,43.17646789550781,72.5642318725586,76.25646209716797,76.65204620361328,25.659896850585938,91.56724548339844,33.959999084472656,92.59298706054688
2021-12-08,403.488037109375,106.36141967773438,44.16435241699219,43.43505859375,72.34294128417969,75.11604309082031,76.44709014892578,25.619245529174805,92.22575378417969,33.970001220703125,92.58457946777344
2021-12-09,400.7400817871094,104.64205169677734,43.77853012084961,43.21957015991211,72.37700653076172,75.5604248046875,76.44709014892578,25.51759147644043,90.89225006103516,33.7599983215332,92.60137176513672
2021-12-10,404.5627746582031,104.65129852294922,43.83855438232422,43.29714584350586,72.40252685546875,75.4011001586914,76.54547119140625,25.51759147644043,91.17214965820312,33.90999984741211,92.59298706054688
2021-12-13,400.97381591796875,102.91512298583984,43.392704010009766,42.633419036865234,72.64933776855469,76.40736389160156,76.74219512939453,25.513525009155273,92.02821350097656,34.0,92.60137176513672
2021-12-14,398.2445983886719,102.32894897460938,43.16977310180664,42.538597106933594,72.53019714355469,76.20610046386719,76.54547119140625,25.448469161987305,90.85111236572266,33.70000076293945,92.60137176513672
2021-12-15,404.46929931640625,103.6594467163086,43.70136642456055,42.38345718383789,72.43655395507812,75.53529357910156,76.67659759521484,25.472869873046875,92.12698364257812,33.81999969482422,92.59298706054688
2021-12-16,400.8149108886719,101.89164733886719,43.709938049316406,42.49550247192383,72.53019714355469,75.593994140625,76.83236694335938,25.51759147644043,92.09407806396484,34.220001220703125,92.60975646972656
2021-12-17,396.6557312011719,102.14287567138672,43.20408248901367,42.20243835449219,72.6578598022461,76.3654556274414,76.88154602050781,25.544652938842773,91.97882080078125,34.15999984741211,92.60137176513672
2021-12-20,392.36572265625,100.72859191894531,42.994239807128906,41.61747741699219,72.5387191772461,75.87908935546875,76.76679229736328,25.524145126342773,91.26268005371094,34.0099983215332,92.59298706054688
2021-12-21,399.3290100097656,103.66875457763672,43.5340690612793,42.32255554199219,72.46211242675781,75.593994140625,76.71759033203125,25.569259643554688,92.29161834716797,34.0099983215332,92.60137176513672
2021-12-22,403.3627014160156,104.8783187866211,43.97810363769531,42.55758285522461,72.5387191772461,75.92100524902344,76.75859069824219,25.651268005371094,93.23824310302734,34.33000183105469,92.60137176513672
2021-12-23,405.8486022949219,105.4458999633789,44.248023986816406,42.81002426147461,72.42854309082031,75.33060455322266,76.7247085571289,25.58976173400879,93.13947296142578,34.40999984741211,92.60137176513672
2021-12-27,411.63653564453125,107.018310546875,44.58759307861328,42.949302673339844,72.46270751953125,75.46501922607422,76.83216094970703,25.688161849975586,94.72064971923828,34.47999954223633,92.60137176513672
2021-12-28,411.32708740234375,106.70197296142578,44.58759307861328,42.80131912231445,72.45417022705078,75.21306610107422,76.84040832519531,25.671764373779297,95.0696029663086,34.34000015258789,92.59298706054688
2021-12-29,411.82421875,107.16717529296875,44.57888412475586,42.6185188293457,72.2151107788086,74.3984375,76.58418273925781,25.69226837158203,95.70938110351562,34.33000183105469,92.60137176513672
2021-12-30,410.660888671875,106.6740493774414,44.474403381347656,43.16691970825195,72.37733459472656,75.02831268310547,76.77428436279297,25.827571868896484,96.12483215332031,34.56999969482422,92.60137176513672
2021-12-31,409.5353088378906,106.54381561279297,44.45698547363281,43.05376434326172,72.36027526855469,75.09548950195312,76.6668701171875,25.786563873291016,96.39071655273438,34.810001373291016,92.60137176513672
2022-01-03,412.04925537109375,107.71614074707031,44.726898193359375,43.35843276977539,71.87360382080078,73.35709381103516,76.17921447753906,25.651268005371094,95.63459777832031,34.2599983215332,92.58457946777344
2022-01-04,411.8804626464844,108.5721435546875,44.892330169677734,43.184329986572266,71.86502838134766,73.03797912597656,76.2370834350586,25.548755645751953,95.51828002929688,34.52000045776367,92.58457946777344
2022-01-05,403.9912414550781,105.79015350341797,44.50052261352539,42.54017639160156,71.61741638183594,72.69367218017578,75.8403549194336,25.36014175415039,92.78466796875,34.40999984741211,92.56784057617188
2022-01-06,403.4471435546875,106.47868347167969,44.25673294067383,42.78390884399414,71.54058837890625,72.81963348388672,75.6998062133789,25.245338439941406,92.86775970458984,34.0,92.57622528076172
2022-01-07,402.04931640625,105.28772735595703,44.4395751953125,43.00152587890625,71.34422302246094,72.31573486328125,75.48492431640625,25.2125301361084,92.25291442871094,34.150001525878906,92.58457946777344
2022-01-10,401.5240783691406,104.85972595214844,44.03035354614258,43.08857345581055,71.28445434570312,72.4668960571289,75.4188232421875,25.22893714904785,91.72114562988281,34.25,92.58457946777344
2022-01-11,405.0418395996094,105.6226577758789,44.552764892578125,43.92422866821289,71.42959594726562,72.84479522705078,75.51802062988281,25.405248641967773,91.86238861083984,34.68000030517578,92.56784057617188
2022-01-12,406.2519836425781,105.2039566040039,45.0316276550293,44.59450149536133,71.40396118164062,72.6180648803711,75.56759643554688,25.245338439941406,91.97041320800781,34.75,92.57622528076172
2022-01-13,400.651611328125,105.1109390258789,44.70948028564453,44.03739547729492,71.52349853515625,73.21432495117188,75.7081069946289,25.26584243774414,91.78761291503906,34.650001525878906,92.57622528076172
2022-01-14,400.77362060546875,105.59474182128906,44.60499954223633,44.12444305419922,71.13076782226562,72.16455078125,75.28656768798828,25.13872718811035,90.95674133300781,34.540000915527344,92.55941772460938
2022-01-18,393.7474670410156,102.84999084472656,43.95199203491211,43.47158432006836,70.68677520751953,71.19878387451172,74.7162857055664,25.01982307434082,90.00123596191406,34.5,92.51750946044922
2022-01-19,389.6106262207031,101.0449447631836,43.94329071044922,43.64568328857422,70.85752868652344,71.67745971679688,74.80721282958984,24.978816986083984,88.78813171386719,35.04999923706055,92.55107116699219
2022-01-20,385.3236083984375,98.90494537353516,43.66466522216797,43.91552734375,70.93439483642578,72.08059692382812,74.81546020507812,25.01982307434082,87.64981842041016,34.959999084472656,92.55941772460938
2022-01-21,377.7532653808594,97.5093002319336,43.063907623291016,43.22785568237305,71.1990737915039,72.88677215576172,75.1295394897461,25.163328170776367,87.43379211425781,34.84000015258789,92.55941772460938
2022-01-24,379.3292236328125,99.82608032226562,42.585025787353516,42.65333938598633,71.08804321289062,72.33252716064453,75.07994079589844,25.237133026123047,87.5999755859375,35.0099983215332,92.54264831542969
2022-01-25,374.7232971191406,98.71885681152344,42.35865020751953,42.6446418762207,70.9941635131836,72.2065658569336,74.95598602294922,25.167430877685547,87.25100708007812,35.130001068115234,92.54264831542969
2022-01-26,373.8790283203125,97.16504669189453,42.158390045166016,42.2006950378418,70.60140991210938,71.42552947998047,74.52619934082031,25.028024673461914,85.88835144042969,34.560001373291016,92.54264831542969
2022-01-27,371.984130859375,95.20182800292969,41.87976837158203,41.826377868652344,70.83195495605469,72.60126495361328,74.62535858154297,25.110023498535156,84.46754455566406,34.13999938964844,92.52587127685547
2022-01-28,381.1022033691406,96.78356170654297,42.071319580078125,41.896034240722656,70.91729736328125,72.60966491699219,74.70802307128906,25.19203758239746,87.2011489868164,34.029998779296875,92.52587127685547
2022-01-31,388.0721130371094,98.85843658447266,42.741756439208984,43.23655319213867,70.86608123779297,72.31573486328125,74.76589965820312,25.269939422607422,88.27297973632812,34.220001220703125,92.52587127685547
2022-02-01,390.60491943359375,99.50972747802734,43.16838073730469,43.48900604248047,70.83787536621094,72.1214370727539,74.820556640625,25.11259651184082,87.95726013183594,34.27000045776367,92.5342788696289
2022-02-02,394.32904052734375,99.05382537841797,43.51664733886719,43.41065216064453,70.94050598144531,72.36536407470703,74.8702392578125,25.129030227661133,89.07894134521484,34.380001068115234,92.5342788696289
2022-02-03,385.1640319824219,97.66748046875,42.820106506347656,43.04505920410156,70.64116668701172,71.83544921875,74.44788360595703,24.972925186157227,88.13174438476562,34.36000061035156,92.54264831542969
2022-02-04,386.97454833984375,97.66748046875,42.93329620361328,43.0711669921875,70.20500946044922,70.80935668945312,73.96759033203125,24.83735466003418,87.25931549072266,34.38999938964844,92.50911712646484
2022-02-07,385.69879150390625,97.7697982788086,43.011653900146484,43.0711669921875,70.26488494873047,70.87666320800781,74.0338134765625,24.825035095214844,87.13467407226562,34.65999984741211,92.50911712646484
2022-02-08,388.822509765625,99.49113464355469,43.22062683105469,43.4628791809082,70.03398132324219,70.40567016601562,73.82679748535156,24.788053512573242,86.72754669189453,34.72999954223633,92.50911712646484
2022-02-09,394.5260314941406,100.62625885009766,43.908451080322266,44.107032775878906,70.08528137207031,70.51502227783203,73.99241638183594,24.83735466003418,88.68843078613281,34.869998931884766,92.50911712646484
2022-02-10,387.5936584472656,99.267822265625,43.3947639465332,43.86330795288086,69.44386291503906,69.48049926757812,73.22227478027344,24.62373924255371,86.59461212158203,34.72999954223633,92.4504165649414
2022-02-11,379.8638916015625,98.98870086669922,42.79398727416992,43.184329986572266,69.89710235595703,70.54863739013672,73.7108383178711,24.853788375854492,85.80525207519531,35.40999984741211,92.47557067871094
2022-02-14,378.6256408691406,98.78398895263672,42.5414924621582,42.86226272583008,69.50371551513672,69.64869689941406,73.2802505493164,24.80859375,85.02423858642578,35.58000183105469,92.4504165649414
2022-02-15,384.7044372558594,100.92398834228516,43.24673843383789,43.837188720703125,69.35833740234375,68.93379974365234,73.11459350585938,24.697675704956055,85.78864288330078,35.22999954223633,92.45879364013672
2022-02-16,385.1640319824219,101.24032592773438,43.429588317871094,44.16797637939453,69.4524154663086,69.3038558959961,73.16426849365234,24.742868423461914,86.18746948242188,35.61000061035156,92.46717834472656
2022-02-17,376.9747009277344,99.3236312866211,42.76786422729492,43.59346008300781,69.60636901855469,69.80010986328125,73.31336212158203,24.80859375,85.27350616455078,36.099998474121094,92.49237060546875
2022-02-18,374.5638427734375,98.7746810913086,42.5414924621582,43.25397491455078,69.7260971069336,70.48138427734375,73.32164764404297,24.870222091674805,84.75836181640625,36.060001373291016,92.50071716308594
2022-02-22,370.4644775390625,97.3883285522461,42.097442626953125,42.58369445800781,69.6833267211914,70.64114379882812,73.2139892578125,24.948270797729492,84.450927734375,36.150001525878906,92.48394012451172
2022-02-23,363.79473876953125,95.96478271484375,41.70563888549805,42.191993713378906,69.33268737792969,69.69918060302734,72.83306884765625,24.972925186157227,83.05504608154297,36.310001373291016,92.49237060546875
2022-02-24,369.3856506347656,97.58373260498047,41.16581344604492,41.33892059326172,69.48661804199219,69.79168701171875,72.94071197509766,25.075624465942383,84.450927734375,36.08000183105469,92.49237060546875
2022-02-25,377.45306396484375,99.77025604248047,42.20191955566406,42.10493087768555,69.5465087890625,69.80010986328125,73.08979034423828,25.050975799560547,86.48657989501953,35.959999084472656,92.50071716308594
2022-02-28,376.5055847167969,100.21685028076172,41.609859466552734,41.62616729736328,70.05963134765625,71.103759765625,73.67771911621094,25.47411346435547,85.19873809814453,36.310001373291016,92.49237060546875
2022-03-01,370.8584289550781,98.35598754882812,40.791419982910156,41.060367584228516,70.42710876464844,72.0261001586914,73.99214935302734,25.67786407470703,84.75005340576172,36.9900016784668,92.51750946044922
2022-03-02,377.6688537597656,101.01702880859375,41.28770446777344,41.190948486328125,69.56193542480469,69.844482421875,73.21232604980469,25.50497817993164,86.33702850341797,36.61000061035156,92.50071716308594
2022-03-03,375.77392578125,100.28199768066406,40.63469696044922,40.61641311645508,69.87032318115234,70.40882110595703,73.38654327392578,25.47616195678711,87.04328918457031,36.81999969482422,92.51750946044922
2022-03-04,372.734619140625,98.932861328125,39.58987808227539,39.850406646728516,70.11875915527344,71.58808135986328,73.55245971679688,25.665517807006836,87.44208526611328,37.400001525878906,92.50071716308594
2022-03-07,361.73095703125,96.71843719482422,38.42316436767578,38.44023895263672,69.77610778808594,71.07425689697266,72.94686126708984,25.8260555267334,85.71388244628906,37.95000076293945,92.50911712646484
2022-03-08,359.001220703125,96.99755859375,38.65825653076172,38.605628967285156,69.45061492919922,70.35832214355469,72.44908905029297,25.92896270751953,85.29842376708984,38.97999954223633,92.50071716308594
2022-03-09,368.5694885253906,99.13756561279297,40.13841247558594,39.580562591552734,69.26215362548828,69.6844711303711,72.3993148803711,25.681978225708008,86.61122131347656,37.84000015258789,92.50071716308594
2022-03-10,366.92791748046875,99.06314086914062,39.68564987182617,38.971229553222656,68.89380645751953,68.81690216064453,71.93473815917969,25.624353408813477,86.82725524902344,37.970001220703125,92.49237060546875
2022-03-11,362.2469177246094,97.84426879882812,39.311256408691406,38.17909622192383,68.84244537353516,69.01903533935547,71.81027221679688,25.80135726928711,86.13761901855469,37.68000030517578,92.48394012451172
2022-03-14,359.6015625,96.76495361328125,39.563758850097656,37.265098571777344,68.20856475830078,67.55340576171875,71.00557708740234,25.525564193725586,85.46460723876953,37.11000061035156,92.46717834472656
2022-03-15,367.49072265625,97.77911376953125,39.91203308105469,37.2476806640625,68.31993865966797,67.38496398925781,71.20469665527344,25.315631866455078,86.03791809082031,36.45000076293945,92.46717834472656
2022-03-16,375.70831298828125,100.22616577148438,41.26158142089844,40.146366119384766,68.42272186279297,67.94930267333984,71.42041778564453,25.18802261352539,87.05988311767578,36.650001525878906,92.47557067871094
2022-03-17,380.3048400878906,101.46363830566406,41.635986328125,39.850406646728516,68.48268127441406,67.43550109863281,71.85177612304688,25.52144432067871,88.40594482421875,36.849998474121094,92.50071716308594
2022-03-18,384.5074462890625,101.97537994384766,41.99296951293945,40.47715377807617,68.6796875,68.16828155517578,72.00940704345703,25.451467514038086,88.40594482421875,36.5,92.48394012451172
2022-03-21,384.52618408203125,101.40780639648438,41.76880645751953,39.965576171875,67.97728729248047,66.64372253417969,71.27105712890625,25.225069046020508,87.86585998535156,36.779998779296875,92.45879364013672
2022-03-22,388.9914855957031,101.83582305908203,42.15256881713867,40.58540344238281,67.80596160888672,65.9361572265625,71.07196807861328,25.10569953918457,88.0901870727539,36.540000915527344,92.45879364013672
2022-03-23,383.9820556640625,100.02146911621094,41.62054443359375,40.306034088134766,68.11437225341797,67.22488403320312,71.22128295898438,25.422649383544922,87.10188293457031,36.9900016784668,92.45879364013672
2022-03-24,389.6897277832031,100.86854553222656,41.951961517333984,40.55048370361328,68.0286865234375,66.71952819824219,71.07196807861328,25.266231536865234,87.65325164794922,37.290000915527344,92.4504165649414
2022-03-25,391.6662902832031,101.4556655883789,42.01301574707031,40.23619842529297,67.42909240722656,65.78457641601562,70.55760955810547,25.089229583740234,88.7477035522461,37.15999984741211,92.44202423095703
2022-03-28,394.3677062988281,101.13882446289062,41.88219451904297,40.367149353027344,67.62606811523438,66.28152465820312,70.7318115234375,25.072755813598633,89.69171905517578,36.47999954223633,92.43362426757812
2022-03-29,399.3562316894531,103.5430908203125,42.70204162597656,40.98697280883789,67.9259033203125,66.8626937866211,71.18809509277344,24.973968505859375,92.32330322265625,36.5,92.44202423095703
2022-03-30,396.87127685546875,101.5954360961914,42.54505157470703,40.934600830078125,68.08009338378906,67.2922592163086,71.36231994628906,25.08099937438965,91.65496826171875,36.7599983215332,92.4504165649414
2022-03-31,390.77215576171875,100.53307342529297,41.89091110229492,40.271121978759766,68.13150024414062,67.72189331054688,71.37889099121094,24.99043846130371,90.53550720214844,36.83000183105469,92.45879364013672
2022-04-01,391.8546142578125,101.5954360961914,42.25722885131836,41.03935623168945,67.98380279541016,67.69485473632812,71.25505065917969,24.871355056762695,92.29825592041016,36.540000915527344,92.44035339355469
2022-04-04,395.1771545410156,101.18540954589844,42.44038772583008,41.755218505859375,68.03529357910156,67.23076629638672,71.43792724609375,24.863073348999023,91.84711456298828,36.72999954223633,92.43196105957031
2022-04-05,390.2921447753906,98.90226745605469,41.93452072143555,41.02190017700195,67.34834289550781,65.81304931640625,70.54839324951172,24.677005767822266,91.39598083496094,36.4900016784668,92.423583984375
2022-04-06,386.3389587402344,97.81194305419922,41.393768310546875,40.56793975830078,67.14224243164062,65.27295684814453,70.19921112060547,24.577775955200195,92.48204803466797,36.58000183105469,92.41516876220703
2022-04-07,388.287353515625,97.70010375976562,41.43738555908203,40.271121978759766,67.0048599243164,64.77508544921875,70.04125213623047,24.540563583374023,91.56307220458984,36.70000076293945,92.44035339355469
2022-04-08,387.3460693359375,97.14096069335938,41.42865753173828,40.349693298339844,66.64421844482422,64.1421890258789,69.75860595703125,24.5819149017334,91.71346282958984,36.970001220703125,92.43196105957031
2022-04-11,380.6351013183594,96.5166015625,40.99256896972656,39.84335708618164,66.3350830078125,63.23081588745117,69.29304504394531,24.544696807861328,90.72765350341797,37.13999938964844,92.423583984375
2022-04-12,379.2420654296875,97.08506774902344,40.72218704223633,39.686222076416016,66.54975128173828,63.12114715576172,69.4842529296875,24.540563583374023,90.5939712524414,37.41999816894531,92.44873809814453
2022-04-13,383.5246276855469,98.66927337646484,41.2018928527832,40.11398696899414,66.62703704833984,63.256141662597656,69.733642578125,24.503345489501953,91.23726654052734,37.619998931884766,92.45712280273438
2022-04-14,378.865478515625,97.98900604248047,41.00127410888672,39.677490234375,66.1718978881836,62.057861328125,69.15169525146484,24.49094009399414,90.8446044921875,37.470001220703125,92.44035339355469
2022-04-18,378.9314270019531,97.63488006591797,40.82685089111328,39.51161575317383,65.95723724365234,61.821556091308594,68.80253601074219,24.48267364501953,90.47701263427734,37.59000015258789,92.44035339355469
2022-04-19,384.9835510253906,99.52662658691406,41.010009765625,39.31083297729492,65.54505157470703,61.30680847167969,68.39518737792969,24.350358963012695,92.44863891601562,37.0099983215332,92.43196105957031
2022-04-20,384.6916809082031,100.22557067871094,41.315277099609375,39.05765914916992,65.95723724365234,62.521976470947266,68.74433898925781,24.536420822143555,93.98583221435547,37.220001220703125,92.44035339355469
2022-04-21,378.9878845214844,98.64131164550781,40.82685089111328,38.350547790527344,65.60517883300781,62.007225036621094,68.15409851074219,24.63152313232422,93.33418273925781,37.09000015258789,92.41516876220703
2022-04-22,368.64373779296875,96.20906829833984,40.0767822265625,38.04499435424805,65.51927947998047,61.72028350830078,68.1291275024414,24.536420822143555,91.6967544555664,36.720001220703125,92.40680694580078
2022-04-25,370.6579284667969,96.46066284179688,39.841285705566406,37.652156829833984,65.93148803710938,62.29413604736328,68.6196517944336,24.524015426635742,91.46284484863281,36.060001373291016,92.41516876220703
2022-04-26,360.0597229003906,93.65567779541016,38.75978088378906,36.89263916015625,66.10321807861328,62.876407623291016,68.7027816772461,24.573637008666992,89.95906066894531,36.11000061035156,92.423583984375
2022-04-27,360.99151611328125,93.29222869873047,38.93421173095703,37.40770721435547,65.89713287353516,62.17597579956055,68.24553680419922,24.528154373168945,89.36589813232422,35.84000015258789,92.43196105957031
2022-04-28,370.0367431640625,95.1467056274414,39.54474639892578,37.89657974243164,65.87135314941406,62.218196868896484,68.32866668701172,24.664608001708984,91.01168060302734,36.040000915527344,92.423583984375
2022-04-29,356.44537353515625,92.64922332763672,39.04759979248047,37.922767639160156,65.42487335205078,61.50087356567383,67.81324768066406,24.44545555114746,86.83455657958984,36.040000915527344,92.43196105957031
2022-05-02,358.68548583984375,93.32951354980469,38.91676712036133,37.84420394897461,65.0902099609375,60.5244255065918,67.50993347167969,24.134979248046875,84.73760986328125,35.369998931884766,92.41768646240234
2022-05-03,360.23858642578125,94.32664489746094,39.230751037597656,38.132293701171875,65.24502563476562,60.87106704711914,67.76824188232422,24.19740104675293,85.7902603149414,35.470001220703125,92.40091705322266
2022-05-04,371.166259765625,96.72161102294922,39.902339935302734,38.50768280029297,65.66658782958984,61.15003204345703,68.33486938476562,24.401342391967773,86.77607727050781,35.81999969482422,92.44287109375
2022-05-05,358.13006591796875,93.26429748535156,38.62894821166992,37.11089324951172,65.01276397705078,59.58600997924805,67.62657165527344,24.139137268066406,84.46192169189453,35.66999816894531,92.42609405517578
2022-05-06,355.8806457519531,92.26714324951172,38.28007888793945,36.604557037353516,64.73746490478516,58.79129409790039,67.24329376220703,24.068384170532227,83.45941925048828,35.7400016784668,92.45126342773438
2022-05-09,344.3975524902344,89.66714477539062,37.093910217285156,35.618080139160156,65.02996063232422,59.26474380493164,67.44327545166016,23.98514747619629,79.78352355957031,35.209999084472656,92.46804809570312
2022-05-10,345.2823486328125,89.11734008789062,37.27707290649414,35.7664794921875,65.21922302246094,59.79734420776367,67.6349105834961,23.876935958862305,78.32986450195312,34.90999984741211,92.46804809570312
2022-05-11,339.7196350097656,87.59835815429688,37.085182189941406,35.51331329345703,65.44292449951172,60.80342102050781,67.76824188232422,24.155790328979492,78.16278076171875,35.20000076293945,92.45126342773438
2022-05-12,339.4560241699219,88.71662139892578,36.94564437866211,35.338714599609375,65.57193756103516,60.77804946899414,67.8932113647461,24.035083770751953,78.77265167236328,34.65999984741211,92.46804809570312
2022-05-13,347.4659729003906,90.82270812988281,37.98353958129883,36.21171188354492,65.3310546875,59.9326171875,67.70158386230469,24.176591873168945,80.85285949707031,34.38999938964844,92.4764175415039
2022-05-16,346.2236022949219,90.5524673461914,38.035865783691406,36.13313674926758,65.43431091308594,59.95797348022461,67.81825256347656,24.184921264648438,80.34326171875,34.709999084472656,92.4764175415039
2022-05-17,353.1510009765625,93.25496673583984,38.76850891113281,36.96247863769531,65.04718780517578,59.26474380493164,67.46827697753906,24.05589485168457,81.43766021728516,34.5099983215332,92.46804809570312
2022-05-18,339.1642761230469,90.36608123779297,37.843990325927734,36.15932846069336,65.3224868774414,60.397621154785156,67.58494567871094,24.226539611816406,79.07341003417969,34.5099983215332,92.46804809570312
2022-05-19,336.8959045410156,89.90945434570312,38.23646926879883,36.68312072753906,65.4601058959961,60.57514572143555,67.784912109375,24.13081169128418,78.7225341796875,35.029998779296875,92.48481750488281
2022-05-20,336.9806213378906,89.55533599853516,38.45451736450195,36.82279968261719,65.65796661376953,61.234580993652344,68.04322814941406,24.151622772216797,79.2237777709961,35.040000915527344,92.48481750488281
2022-05-23,343.3716125488281,90.49655151367188,39.11737823486328,37.08470153808594,65.42570495605469,60.32152557373047,67.8432388305664,24.068384170532227,80.14274597167969,35.22999954223633,92.48481750488281
2022-05-24,340.89617919921875,89.48077392578125,38.977821350097656,36.42123031616211,65.9590835571289,61.420562744140625,68.33486938476562,24.193241119384766,80.81944274902344,35.47999954223633,92.51837921142578
2022-05-25,343.73870849609375,91.33525848388672,38.96037673950195,36.62201690673828,66.22577667236328,61.59811019897461,68.7098159790039,24.222375869750977,81.50450897216797,35.2599983215332,92.51837921142578
2022-05-26,350.572021484375,93.25496673583984,39.38775634765625,37.1720085144043,66.15697479248047,61.33604049682617,68.96809387207031,24.318099975585938,81.6047592163086,35.20000076293945,92.52672576904297
2022-05-27,359.3631896972656,95.42627716064453,39.87617874145508,37.573577880859375,66.3462142944336,61.51356887817383,69.17644500732422,24.37637710571289,83.79358673095703,35.22999954223633,92.51837921142578
2022-05-31,357.3677978515625,94.38256072998047,39.69301986694336,38.097373962402344,65.9676742553711,60.25389862060547,68.70149993896484,24.222375869750977,82.7660140991211,34.869998931884766,92.49324035644531
2022-06-01,354.3746337890625,94.12162780761719,39.335418701171875,37.84420394897461,65.67291259765625,60.1412239074707,68.35236358642578,24.115135192871094,82.08094787597656,35.09000015258789,92.48226928710938
2022-06-02,361.1044616699219,95.95745086669922,40.16399002075195,38.525142669677734,65.73321533203125,60.217445373535156,68.43589782714844,24.224472045898438,83.20878601074219,35.52000045776367,92.48226928710938
2022-06-03,355.2593994140625,95.06285095214844,39.54474639892578,37.922767639160156,65.63838958740234,60.03953552246094,68.31062316894531,24.392704010009766,82.09766387939453,35.150001525878906,92.49909210205078
2022-06-06,356.22882080078125,95.66856384277344,39.69301986694336,38.132293701171875,65.25054168701172,59.048362731933594,67.98491668701172,24.22028160095215,81.83866119384766,34.97999954223633,92.48226928710938
2022-06-07,359.71142578125,96.7029800415039,39.78895568847656,38.3243522644043,65.47463989257812,59.624420166015625,68.18534851074219,24.283355712890625,82.96649932861328,35.209999084472656,92.48226928710938
2022-06-08,355.7770080566406,95.09078216552734,39.291812896728516,38.46403884887695,65.20745849609375,59.11610794067383,67.93476867675781,24.21185874938965,81.0533676147461,35.20000076293945,92.4738998413086
2022-06-09,347.40948486328125,93.3261489868164,38.471961975097656,37.634681701660156,65.12126159667969,59.294002532958984,67.5589828491211,24.224472045898438,79.13189697265625,35.09000015258789,92.46551513671875
2022-06-10,337.2159423828125,90.97079467773438,37.58233642578125,37.33786392211914,64.56957244873047,58.89583206176758,66.82398986816406,24.110929489135742,77.37749481201172,35.560001373291016,92.42355346679688
2022-06-13,324.21746826171875,86.95173645019531,36.30022430419922,36.124412536621094,63.5266227722168,57.14219284057617,65.67974090576172,23.698768615722656,73.50944519042969,34.619998931884766,92.34799194335938
2022-06-14,323.40802001953125,86.6806869506836,35.96879196166992,36.6482048034668,63.181819915771484,56.447509765625,65.22874450683594,23.379148483276367,72.94970703125,34.34000015258789,92.3060073852539
2022-06-15,328.0389099121094,87.51254272460938,36.605499267578125,37.18946075439453,63.905860900878906,57.44717025756836,66.31449890136719,23.698768615722656,74.67903900146484,34.79999923706055,92.34799194335938
2022-06-16,317.2617492675781,83.21308898925781,35.72458267211914,36.02838134765625,64.04381561279297,57.930057525634766,66.25605010986328,23.652507781982422,72.71578979492188,35.189998626708984,92.34799194335938
2022-06-17,318.0900573730469,83.72715759277344,35.602481842041016,36.18552780151367,64.07827758789062,58.116458892822266,66.24768829345703,23.639896392822266,73.26718139648438,34.88999938964844,92.34799194335938
2022-06-21,325.88348388671875,85.03570556640625,36.150352478027344,36.76245880126953,63.78519058227539,57.20149612426758,65.86348724365234,23.5473690032959,74.28639221191406,34.7599983215332,92.35637664794922
2022-06-22,325.19635009765625,84.85809326171875,35.81455993652344,36.15562057495117,64.31100463867188,58.616302490234375,66.28107452392578,23.702974319458008,75.23043060302734,34.91999816894531,92.38993835449219
2022-06-23,328.613037109375,85.5030288696289,35.682010650634766,36.331520080566406,64.62130737304688,59.07379150390625,66.72372436523438,23.761856079101562,76.65969848632812,34.68000030517578,92.3983383178711
2022-06-24,338.84423828125,88.11072540283203,36.74239730834961,37.10545349121094,64.50061798095703,58.36214065551758,66.84069061279297,23.791297912597656,78.290771484375,34.65999984741211,92.38993835449219
2022-06-27,337.5735778808594,88.83978271484375,36.67170333862305,37.13184356689453,64.1903305053711,57.870792388916016,66.28944396972656,23.61465835571289,78.17304992675781,34.630001068115234,92.33961486816406
2022-06-28,330.2790222167969,87.52188110351562,36.477291107177734,36.88557815551758,64.22481536865234,58.099525451660156,66.24768829345703,23.538959503173828,77.22301483154297,34.560001373291016,92.381591796875
2022-06-29,330.4415588378906,86.73677825927734,36.25638961791992,36.78885269165039,64.59544372558594,58.94666290283203,66.52325439453125,23.49269676208496,76.74378967285156,34.54999923706055,92.3983383178711
2022-06-30,327.8331298828125,86.37227630615234,36.05314254760742,36.63054275512695,64.87127685546875,59.43806838989258,66.83231353759766,23.46746826171875,76.6008529663086,34.310001373291016,92.42355346679688
2022-07-01,331.1976623535156,87.18540954589844,36.13267517089844,36.410675048828125,65.38860321044922,60.061161041259766,67.55899810791016,23.850217819213867,77.97966766357422,34.29999923706055,92.42100524902344
2022-07-05,331.7836608886719,87.25084686279297,35.35505676269531,36.12043762207031,65.50088500976562,60.485633850097656,67.60082244873047,23.778249740600586,77.7610855102539,33.58000183105469,92.4294204711914
2022-07-06,332.98388671875,86.26945495605469,35.35505676269531,35.874183654785156,65.10357666015625,59.56877517700195,67.19901275634766,23.55807113647461,77.6181640625,33.04999923706055,92.43782043457031
2022-07-07,337.8700256347656,87.79295349121094,35.9294319152832,36.621742248535156,64.9222412109375,59.0933952331543,67.14876556396484,23.519960403442383,77.8283462524414,33.06999969482422,92.43782043457031
2022-07-08,337.6715393066406,87.6153564453125,36.017799377441406,36.5338020324707,64.70631408691406,58.473670959472656,66.98135375976562,23.51573371887207,77.4163818359375,33.09000015258789,92.42100524902344
2022-07-11,333.85333251953125,86.4283447265625,35.41691589355469,35.62792205810547,64.94812774658203,59.42445373535156,67.16551971435547,23.549606323242188,77.24822998046875,32.880001068115234,92.40423583984375
2022-07-12,330.7724304199219,86.29747772216797,35.38157653808594,35.49600601196289,65.06041717529297,59.713077545166016,67.29947662353516,23.5411319732666,76.945556640625,32.77000045776367,92.39582824707031
2022-07-13,329.2318420410156,86.07315826416016,35.3373908996582,35.39046859741211,65.26771545410156,60.366783142089844,67.59246826171875,23.64698600769043,76.57563781738281,32.939998626708984,92.37903594970703
2022-07-14,328.36236572265625,85.2787094116211,34.81602478027344,35.153011322021484,65.06041717529297,59.87438201904297,67.24087524414062,23.613109588623047,75.88622283935547,32.45000076293945,92.40423583984375
2022-07-15,334.57159423828125,87.0545654296875,35.346221923828125,35.27613830566406,65.29360961914062,60.24790954589844,67.64271545410156,23.740131378173828,77.17256164550781,32.400001525878906,92.4126205444336
2022-07-18,331.80255126953125,87.04521179199219,35.56713104248047,35.443233489990234,65.0949935913086,59.63670349121094,67.37482452392578,23.714725494384766,76.6260757446289,32.41999816894531,92.40423583984375
2022-07-19,340.8092956542969,90.1202621459961,36.48612976074219,35.94453430175781,65.04314422607422,59.322593688964844,67.39153289794922,23.680858612060547,78.61024475097656,32.5099983215332,92.40423583984375
2022-07-20,342.99237060546875,91.42879486083984,36.309410095214844,35.7950325012207,64.98267364501953,59.51784896850586,67.24087524414062,23.659685134887695,78.42527770996094,32.209999084472656,92.4126205444336
2022-07-21,346.46087646484375,91.63440704345703,36.71589660644531,36.23476791381836,65.51817321777344,60.41769027709961,68.0780029296875,23.812110900878906,79.04744720458984,32.65999984741211,92.43782043457031
2022-07-22,343.3042907714844,90.83061981201172,36.59217071533203,35.865386962890625,66.05363464355469,61.39398193359375,68.53008270263672,24.011112213134766,79.45941925048828,32.75,92.4546127319336
2022-07-25,343.64453125,91.35400390625,36.89262008666992,36.0324821472168,65.81184387207031,60.8760986328125,68.18685150146484,23.95183563232422,79.59391784667969,32.650001525878906,92.43782043457031
2022-07-26,339.5238952636719,90.86798095703125,36.388938903808594,35.689491271972656,65.82906341552734,60.93555450439453,68.24545288085938,23.968774795532227,79.67800903320312,32.61000061035156,92.4546127319336
2022-07-27,348.417236328125,92.92422485351562,37.219566345214844,36.39308166503906,66.01044464111328,60.67237854003906,68.45472717285156,24.108488082885742,80.15723419189453,32.95000076293945,92.47144317626953
2022-07-28,352.8213195800781,94.18604278564453,37.45816421508789,36.507415771484375,66.46821594238281,61.11380386352539,69.16634368896484,24.362533569335938,82.7551498413086,33.349998474121094,92.49659729003906
2022-07-29,357.99102783203125,94.95245361328125,37.961849212646484,36.340309143066406,66.41639709472656,60.994972229003906,69.45098114013672,24.50649642944336,83.20075988769531,33.45000076293945,92.50502014160156
2022-08-01,356.9136047363281,95.24220275878906,37.961849212646484,36.12043762207031,66.70455932617188,62.322906494140625,69.4064712524414,24.500938415527344,82.52815246582031,33.630001068115234,92.48905944824219
2022-08-02,354.6075744628906,94.41035461425781,37.36979293823242,35.90937042236328,66.02953338623047,61.097900390625,68.61771392822266,24.206375122070312,81.46880340576172,33.41999816894531,92.48062896728516
2022-08-03,360.14581298828125,95.31697845458984,37.634891510009766,36.102848052978516,66.3583984375,61.96559524536133,69.07923126220703,24.33017349243164,81.72943878173828,33.52000045776367,92.50587463378906
2022-08-04,359.8622741699219,94.49447631835938,37.82045364379883,36.401878356933594,66.5228500366211,61.982643127441406,69.37294006347656,24.325902938842773,81.60332489013672,34.04999923706055,92.51428985595703
2022-08-05,359.1156921386719,94.9804916381836,37.55535888671875,36.39308166503906,65.76996612548828,60.63001251220703,68.6848373413086,24.09537124633789,81.830322265625,33.68000030517578,92.49746704101562
2022-08-08,358.7943420410156,95.59738159179688,37.67023468017578,36.47224044799805,66.06414031982422,61.46371841430664,68.79393768310547,24.249059677124023,82.56178283691406,33.970001220703125,92.49746704101562
2022-08-09,357.376708984375,94.27017211914062,37.44047546386719,36.39308166503906,65.91707611083984,61.225494384765625,68.5589370727539,24.185022354125977,83.01579284667969,34.06999969482422,92.49746704101562
2022-08-10,364.86187744140625,96.29837036132812,38.332977294921875,36.850406646728516,66.09880828857422,60.8256721496582,69.10440826416016,24.150861740112305,84.27691650390625,34.0099983215332,92.5226821899414
2022-08-11,364.86187744140625,96.9526596069336,38.332977294921875,37.02631378173828,65.72667694091797,59.57514572143555,68.73516845703125,24.04840660095215,84.07512664794922,33.900001525878906,92.53951263427734
2022-08-12,371.10888671875,98.68177032470703,38.651084899902344,37.41327667236328,66.02953338623047,60.1621208190918,69.33096313476562,24.155132293701172,85.52122497558594,34.209999084472656,92.54790496826172
2022-08-15,372.6966552734375,99.10238647460938,38.37716293334961,37.27256393432617,66.09880828857422,60.187652587890625,69.35614776611328,24.133787155151367,85.8659439086914,33.779998779296875,92.54790496826172
2022-08-16,373.3487243652344,99.54165649414062,38.41250228881836,37.290157318115234,66.01225280761719,60.417335510253906,69.16314697265625,24.1295223236084,85.63892364501953,33.709999084472656,92.55633544921875
2022-08-17,370.7970275878906,98.18639373779297,38.08555221557617,37.20220947265625,65.62283325195312,59.7792854309082,68.62606048583984,24.061208724975586,85.1260757446289,33.5,92.55633544921875
2022-08-18,371.9405517578125,99.03697204589844,37.961849212646484,36.964744567871094,65.74397277832031,59.88139343261719,68.75196075439453,24.197832107543945,84.56277465820312,33.40999984741211,92.58157348632812
2022-08-19,366.8087158203125,97.24238586425781,37.396305084228516,36.5513916015625,65.32857513427734,58.979637145996094,68.18133544921875,24.155132293701172,83.67157745361328,33.150001525878906,92.58995819091797
2022-08-22,359.0779113769531,95.08332061767578,36.795406341552734,36.29633712768555,65.03437042236328,58.732933044433594,67.78693389892578,24.108171463012695,81.84713745117188,32.93000030517578,92.58995819091797
2022-08-23,358.227294921875,95.01789093017578,36.86610794067383,36.52500915527344,65.00836181640625,58.43519592285156,67.76173400878906,24.1380558013916,80.79618835449219,33.18000030517578,92.59839630126953
2022-08-24,359.31414794921875,95.27958679199219,36.91029357910156,36.5513916015625,64.84394836425781,58.035362243652344,67.6106948852539,24.1380558013916,81.25861358642578,33.27000045776367,92.58995819091797
2022-08-25,364.5498962402344,97.08348083496094,37.34328079223633,37.22858810424805,65.19877624511719,58.800987243652344,68.18973541259766,24.21490478515625,82.46929931640625,33.380001068115234,92.60677337646484
2022-08-26,352.05584716796875,94.0084457397461,36.35359191894531,36.736083984375,65.0689926147461,59.15827941894531,67.80371856689453,24.176483154296875,80.39264678955078,32.97999954223633,92.61519622802734
2022-08-29,349.73089599609375,93.1298828125,36.26522445678711,36.560184478759766,64.77473449707031,58.64786911010742,67.35055541992188,24.078285217285156,79.66959381103516,32.9900016784668,92.60677337646484
2022-08-30,345.931640625,91.71852111816406,35.96478271484375,36.12043762207031,64.8266372680664,58.826507568359375,67.34215545654297,24.039865493774414,78.5682144165039,32.709999084472656,92.62360382080078
2022-08-31,343.2098083496094,90.84928894042969,35.75270462036133,36.17321014404297,64.55838775634766,58.2735595703125,66.82189178466797,23.852020263671875,78.19828796386719,32.459999084472656,92.62360382080078
2022-09-01,344.26824951171875,89.76507568359375,35.27553176879883,36.006103515625,64.2080307006836,57.26919937133789,66.58381652832031,23.664012908935547,78.3412094116211,32.15999984741211,92.62445831298828
2022-09-02,340.6579895019531,89.10147094726562,35.05461502075195,35.715877532958984,64.3728256225586,57.6016960144043,66.7352523803711,23.788494110107422,77.24822998046875,32.470001220703125,92.62445831298828
2022-09-06,339.51446533203125,87.95185089111328,34.904396057128906,35.40806198120117,63.791751861572266,56.22901153564453,66.0537338256836,23.56529426574707,77.94605255126953,32.27000045776367,92.63288116455078
2022-09-07,345.6008605957031,89.475341796875,35.204833984375,35.707088470458984,64.25137329101562,57.13276672363281,66.65950775146484,23.655431747436523,79.46782684326172,32.61000061035156,92.63288116455078
2022-09-08,347.859619140625,89.87723541259766,35.257850646972656,35.60154342651367,64.05194091796875,56.604148864746094,66.53329467773438,23.535247802734375,79.68640899658203,32.400001525878906,92.63288116455078
2022-09-09,353.2276916503906,91.60636901855469,36.16802215576172,36.07646942138672,64.02590942382812,56.697959899902344,66.63428497314453,23.539531707763672,80.55238342285156,32.58000183105469,92.63288116455078
2022-09-12,357.1120910644531,92.71861267089844,36.62752151489258,36.63054275512695,63.94784927368164,56.28019332885742,66.55856323242188,23.466569900512695,81.33427429199219,32.75,92.63288116455078
2022-09-13,341.5369873046875,89.16690063476562,35.37273406982422,35.46962356567383,63.62700271606445,56.34837341308594,66.03693389892578,23.39788246154785,78.22351837158203,32.310001373291016,92.58232879638672
2022-09-14,342.8128967285156,89.20428466796875,35.53178787231445,35.64551544189453,63.70506286621094,56.501834869384766,66.13786315917969,23.457984924316406,77.33232116699219,32.189998626708984,92.58232879638672
2022-09-15,338.9852294921875,88.43785095214844,35.18716049194336,35.33769607543945,63.51425552368164,56.399539947509766,65.91071319580078,23.350671768188477,75.90303802490234,31.579999923706055,92.59076690673828
2022-09-16,336.32000732421875,87.82098388671875,34.9574089050293,34.88916015625,63.444908142089844,55.973236083984375,65.89388275146484,23.24765396118164,75.91145324707031,31.75,92.60760498046875
2022-09-19,338.9002380371094,88.82107543945312,35.090354919433594,35.03089141845703,63.401512145996094,56.10111618041992,65.86865997314453,23.148921966552734,75.80213928222656,31.780000686645508,92.59076690673828
2022-09-20,335.0820007324219,87.72752380371094,34.505374908447266,34.906097412109375,63.08934783935547,55.529884338378906,65.39749908447266,23.114593505859375,73.96089935302734,31.610000610351562,92.60760498046875
2022-09-21,329.1846618652344,86.70874786376953,34.06220245361328,34.32670974731445,63.26277542114258,56.37396240234375,65.45643615722656,23.161802291870117,72.7922592163086,31.739999771118164,92.60760498046875
2022-09-22,326.4060363769531,84.87678527832031,33.90266418457031,34.22865676879883,62.61235427856445,54.95863342285156,64.74125671386719,22.891382217407227,71.86742401123047,31.729999542236328,92.62445831298828
2022-09-23,320.981201171875,83.04485321044922,32.79473114013672,33.44424819946289,62.43893051147461,55.28262710571289,64.5898208618164,22.796947479248047,70.91219329833984,31.18000030517578,92.63288116455078
2022-09-26,317.87188720703125,81.77186584472656,32.271785736083984,32.98073959350586,61.6411018371582,54.19129943847656,63.613853454589844,22.419218063354492,68.92352294921875,30.81999969482422,92.63288116455078
2022-09-27,316.9740905761719,81.83763122558594,32.0767936706543,32.96290969848633,61.37226486206055,52.903873443603516,62.97446823120117,22.316204071044922,68.00566101074219,30.8799991607666,92.62445831298828
2022-09-28,323.2001953125,84.06420135498047,32.79473114013672,33.22140121459961,62.32620620727539,54.583492279052734,64.1018295288086,22.698232650756836,69.41643524169922,31.520000457763672,92.65813446044922
2022-09-29,316.4605407714844,82.39192199707031,32.38700866699219,32.570709228515625,62.005348205566406,54.26803207397461,63.697998046875,22.389169692993164,67.37677764892578,31.520000457763672,92.68341064453125
2022-09-30,311.63824462890625,81.91278076171875,32.22747039794922,32.52613830566406,61.85791778564453,53.662681579589844,63.672752380371094,22.23464584350586,68.13314056396484,31.530000686645508,92.64971160888672
2022-10-03,319.8778381347656,83.97962951660156,32.945404052734375,33.025306701660156,62.375892639160156,54.50284194946289,64.52574157714844,22.534208297729492,69.34845733642578,32.279998779296875,92.67589569091797
2022-10-04,329.58868408203125,87.17383575439453,34.2572021484375,33.952327728271484,62.53234100341797,54.36608123779297,64.92227172851562,22.616107940673828,70.7507095336914,32.75,92.7011947631836
2022-10-05,329.01910400390625,86.61954498291016,33.8494758605957,34.01472854614258,62.20207214355469,53.7678108215332,64.34852600097656,22.443693161010742,69.36543273925781,32.58000183105469,92.70963287353516
2022-10-06,325.5542907714844,86.15921020507812,33.2822151184082,33.7740478515625,61.9673957824707,53.56269073486328,64.2557601928711,22.36179542541504,67.43624877929688,32.54999923706055,92.71804809570312
2022-10-07,316.41302490234375,84.026611328125,32.759281158447266,33.10551834106445,61.64583969116211,53.084075927734375,63.68204116821289,22.379037857055664,65.81302642822266,32.189998626708984,92.72649383544922
2022-10-10,314.0494384765625,84.03600311279297,32.537689208984375,32.65092468261719,61.367733001708984,52.28066635131836,63.310821533203125,22.305761337280273,65.19264221191406,31.690000534057617,92.73492431640625
2022-10-11,311.9800720214844,84.25208282470703,32.15656280517578,32.142845153808594,61.3851203918457,52.545631408691406,63.243309020996094,22.370420455932617,65.85552978515625,31.6200008392334,92.73492431640625
2022-10-12,311.0118713378906,83.6977767944336,32.0767936706543,32.13393020629883,61.45463180541992,52.76783752441406,63.14207077026367,22.417829513549805,65.16715240478516,31.809999465942383,92.7433853149414
2022-10-13,319.1564025878906,85.83978271484375,32.74155044555664,32.258724212646484,61.23735809326172,52.33195495605469,63.26019287109375,22.3919734954834,66.35694122314453,31.56999969482422,92.7433853149414
2022-10-14,311.97064208984375,83.86688232421875,32.18315505981445,31.78629493713379,60.94184494018555,51.95590591430664,62.7117805480957,22.400588989257812,64.70820617675781,31.170000076293945,92.7433853149414
2022-10-17,319.89678955078125,86.18739318847656,33.03404235839844,32.597442626953125,61.07221221923828,51.73367691040039,62.97333526611328,22.469558715820312,67.14730834960938,31.280000686645508,92.73492431640625
2022-10-18,323.6653137207031,87.192626953125,33.2556266784668,32.60636520385742,61.21127700805664,51.90460205078125,63.251773834228516,22.409210205078125,67.8781967163086,31.34000015258789,92.75183868408203
2022-10-19,321.425048828125,85.89616394042969,32.87449645996094,32.035884857177734,60.707191467285156,50.998661041259766,62.644287109375,22.30145835876465,66.18697357177734,30.920000076293945,92.7433853149414
2022-10-20,318.7861328125,84.63725280761719,32.78587341308594,32.285465240478516,60.298728942871094,50.22944641113281,62.146507263183594,22.27127456665039,65.89803314208984,30.8799991607666,92.7602767944336
2022-10-21,326.44659423828125,86.6571273803711,33.39744186401367,32.75789260864258,60.40300369262695,49.366214752197266,62.45024108886719,22.3230037689209,66.41642761230469,31.43000030517578,92.77713012695312
2022-10-24,330.42401123046875,87.40870666503906,33.34426498413086,31.48323631286621,60.31609344482422,49.04145431518555,62.5008659362793,22.383352279663086,66.40792846679688,31.31999969482422,92.77713012695312
2022-10-25,335.7967224121094,89.46617126464844,34.08879470825195,31.741729736328125,60.88971710205078,50.349090576171875,63.167381286621094,22.473857879638672,69.01701354980469,31.389999389648438,92.79401397705078
2022-10-26,333.2906799316406,89.84195709228516,34.43446731567383,32.169578552246094,61.133060455322266,51.0157470703125,63.32769012451172,22.439380645751953,68.9745101928711,31.600000381469727,92.8024673461914
2022-10-27,331.5061340332031,90.1332015991211,34.20402145385742,31.937829971313477,61.45463180541992,51.520015716552734,63.563907623291016,22.611793518066406,69.07650756835938,31.559999465942383,92.81934356689453
2022-10-28,339.2424621582031,92.01213836669922,34.46992492675781,31.71498680114746,61.33296203613281,51.12684631347656,63.63987731933594,22.59455108642578,70.59774017333984,31.219999313354492,92.81087493896484
2022-10-31,336.9358215332031,91.99335479736328,34.18629837036133,31.599105834960938,61.14176940917969,50.870452880859375,63.412044525146484,22.53851318359375,70.52124786376953,30.979999542236328,92.79401397705078
2022-11-01,335.5783386230469,92.35973358154297,34.478782653808594,32.1250114440918,61.20534896850586,51.183223724365234,63.58042526245117,22.557109832763672,70.49574279785156,31.290000915527344,92.82106018066406
2022-11-02,327.01611328125,89.25008392333984,33.95584487915039,31.88434410095215,61.10953903198242,50.97757339477539,63.3773307800293,22.496593475341797,68.55806732177734,31.059999465942383,92.82106018066406
2022-11-03,323.5323486328125,88.7427749633789,33.68107604980469,32.142845153808594,60.874305725097656,50.72906494140625,63.22509765625,22.250179290771484,68.464599609375,30.959999084472656,92.86336517333984
2022-11-04,328.2691650390625,90.1332015991211,34.966278076171875,33.45315933227539,60.891754150390625,50.00069046020508,63.40275192260742,22.32366943359375,69.39945220947266,31.90999984741211,92.87181091308594
2022-11-07,331.4207458496094,91.01630401611328,35.11695098876953,33.39076232910156,60.65653991699219,49.52083206176758,63.284297943115234,22.362573623657227,69.39945220947266,31.770000457763672,92.88028717041016
2022-11-08,333.2242431640625,91.1478271484375,35.54239273071289,33.533382415771484,60.92660903930664,50.069244384765625,63.49582290649414,22.39282989501953,69.61192321777344,32.4900016784668,92.88874816894531
2022-11-09,326.4181213378906,89.03400421142578,35.04604721069336,32.918338775634766,61.01372146606445,50.206356048583984,63.45349884033203,22.349607467651367,68.89801788330078,32.34000015258789,92.92253875732422
2022-11-10,344.2829895019531,94.27627563476562,36.996009826660156,34.02363586425781,62.276824951171875,52.091556549072266,65.12866973876953,22.70840835571289,73.93768310546875,33.33000183105469,92.96482849121094
2022-11-11,347.5768737792969,94.79298400878906,37.68735122680664,34.70998764038086,62.276824951171875,51.95444107055664,65.29791259765625,22.69112205505371,73.92919158935547,33.560001373291016,92.95636749267578
2022-11-14,344.7860412597656,93.8629150390625,37.253047943115234,34.5941162109375,62.07649230957031,51.81733703613281,64.94255828857422,22.53981590270996,72.12748718261719,33.63999938964844,92.94792175292969
2022-11-15,347.6338806152344,95.0748291015625,37.48349380493164,35.360694885253906,62.51203918457031,52.528587341308594,65.60247039794922,22.682477951049805,72.90936279296875,33.7400016784668,92.97332763671875
2022-11-16,344.99493408203125,93.50590515136719,37.341678619384766,34.799129486083984,62.86918258666992,53.633995056152344,66.01704406738281,22.734346389770508,72.2464599609375,33.65999984741211,92.98177337646484
2022-11-17,343.99822998046875,93.13011169433594,37.297359466552734,34.9863166809082,62.607872009277344,53.119850158691406,65.64476013183594,22.578720092773438,71.75353240966797,33.40999984741211,92.9902114868164
2022-11-18,345.5169982910156,93.76895141601562,37.35940170288086,34.73674011230469,62.50333023071289,52.79422378540039,65.56016540527344,22.4749698638916,72.66287994384766,33.189998626708984,92.9986572265625
2022-11-21,344.3019714355469,93.46832275390625,37.058048248291016,34.41584396362305,62.50333023071289,53.0427131652832,65.51785278320312,22.587371826171875,73.04531860351562,33.0099983215332,92.9986572265625
2022-11-22,348.8868103027344,94.60508728027344,37.60757827758789,34.504974365234375,62.82563400268555,53.65970230102539,65.8393783569336,22.673826217651367,73.44475555419922,33.029998779296875,93.02405548095703
2022-11-23,351.0701599121094,94.71782684326172,38.04188537597656,34.69216537475586,63.208946228027344,54.48233413696289,66.26238250732422,22.790546417236328,73.50424194335938,33.2400016784668,93.057861328125
2022-11-25,351.0321350097656,94.92449188232422,38.20143127441406,34.5673713684082,63.208946228027344,54.370933532714844,66.3554458618164,22.790546417236328,73.9716567993164,33.279998779296875,93.0663070678711
2022-11-28,345.4790344238281,93.09253692626953,37.66962432861328,34.487152099609375,63.13054275512695,54.473758697509766,65.90704345703125,22.730024337768555,71.99150085449219,33.0099983215332,93.07478332519531
2022-11-29,344.87152099609375,93.43074035644531,37.76712417602539,35.16459655761719,62.895328521728516,53.93389892578125,65.7463150024414,22.643569946289062,73.18132019042969,33.189998626708984,93.10015106201172
2022-11-30,355.4840393066406,95.67608642578125,38.476200103759766,36.11836624145508,63.38315963745117,54.2938117980957,66.48236083984375,22.95482063293457,74.85552978515625,33.599998474121094,93.10863494873047
2022-12-01,355.5315856933594,95.56334686279297,38.804141998291016,36.02922058105469,63.91138458251953,55.91630935668945,67.14154815673828,23.202930450439453,74.69403839111328,34.22999954223633,93.15951538085938
2022-12-02,355.0190124511719,95.94853210449219,38.76868438720703,36.25206756591797,64.17333984375,56.45745849609375,67.3027572631836,23.3897705078125,74.47309875488281,34.119998931884766,93.15098571777344
2022-12-05,348.6970520019531,93.27102661132812,38.183712005615234,35.8866081237793,63.666927337646484,55.73595428466797,66.80220031738281,23.155126571655273,73.11331176757812,33.5099983215332,93.15951538085938
2022-12-06,343.65643310546875,92.37853240966797,37.92667007446289,35.91334533691406,63.8764533996582,56.40593338012695,66.96340942382812,23.137752532958984,72.42493438720703,33.619998931884766,93.17642974853516
2022-12-07,342.9919128417969,91.99335479736328,37.92667007446289,35.699424743652344,64.43524932861328,57.5311164855957,67.47244262695312,23.233341217041016,72.56939697265625,33.90999984741211,93.21035766601562
2022-12-08,345.6972961425781,92.42552185058594,38.139381408691406,36.109439849853516,64.25189971923828,57.32497787475586,67.22638702392578,23.237686157226562,73.0793228149414,33.939998626708984,93.24427032470703
2022-12-09,343.17236328125,91.4390640258789,38.165977478027344,35.8063850402832,63.8764533996582,56.01080322265625,66.92096710205078,23.02912139892578,72.94335174560547,34.04999923706055,93.24427032470703
2022-12-12,348.0704650878906,92.42552185058594,38.26347732543945,35.70832443237305,63.8764533996582,56.2083740234375,66.85311889648438,23.01608657836914,73.50424194335938,33.7599983215332,93.24427032470703
2022-12-13,350.6429443359375,92.73872375488281,38.75982666015625,35.89551544189453,64.31300354003906,56.783843994140625,67.46395111083984,23.085609436035156,74.86402893066406,34.36000061035156,93.2781753540039
2022-12-14,348.52606201171875,92.03114318847656,38.742095947265625,35.95791244506836,64.47019958496094,56.998573303222656,67.55728149414062,23.024778366088867,74.35409545898438,34.279998779296875,93.26972961425781
2022-12-15,339.9543762207031,89.81409454345703,37.73167037963867,35.26265335083008,64.50511932373047,57.247657775878906,67.65907287597656,23.02912139892578,73.3597640991211,33.720001220703125,93.31476593017578
2022-12-16,335.901123046875,88.99333190917969,37.439178466796875,35.21806716918945,64.33924865722656,56.72371292114258,67.44697570800781,22.91128158569336,71.46459197998047,34.0,93.33177185058594
2022-12-19,333.00592041015625,88.3612289428711,37.35846710205078,35.28601837158203,63.95506286621094,55.84761047363281,66.98885345458984,22.832426071166992,70.55523681640625,33.90999984741211,93.34027862548828
2022-12-20,333.5133056640625,88.65369415283203,37.53781509399414,35.16824722290039,63.535953521728516,54.894203186035156,66.44586181640625,22.82366371154785,70.37677764892578,34.4900016784668,93.35729217529297
2022-12-21,338.50164794921875,90.03108978271484,37.91444778442383,35.494384765625,63.68439865112305,54.98008728027344,66.73433685302734,22.955087661743164,70.98016357421875,34.43000030517578,93.37425994873047
2022-12-22,333.7422790527344,88.9178466796875,37.5826530456543,35.17730712890625,63.67564392089844,55.03163146972656,66.74281311035156,22.832426071166992,70.68197631835938,33.9900016784668,93.41681671142578
2022-12-23,335.6116943359375,89.50277709960938,37.77096939086914,35.10483169555664,63.47611618041992,54.31523513793945,66.66621398925781,22.77985382080078,71.31114196777344,34.11000061035156,93.4083251953125
2022-12-27,334.2763671875,89.45559692382812,37.842716217041016,35.657447814941406,62.98604965209961,53.3336296081543,66.02806854248047,22.67471694946289,71.28526306152344,34.380001068115234,93.4083251953125
2022-12-28,330.175048828125,87.75743103027344,37.41227340698242,35.14106750488281,62.89851379394531,53.0753173828125,65.90894317626953,22.648441314697266,70.07005310058594,34.220001220703125,93.42533111572266
2022-12-29,336.0313720703125,89.69144439697266,38.00412368774414,35.74803924560547,63.13481521606445,53.58334732055664,66.19825744628906,22.736053466796875,71.60416412353516,34.439998626708984,93.4763412475586
2022-12-30,335.1061706542969,89.28579711914062,37.63645553588867,35.31319808959961,62.87224578857422,53.05808639526367,65.95150756835938,22.6878604888916,71.08705139160156,34.59000015258789,93.46784210205078
2023-01-03,333.8185729980469,89.1537094116211,37.842716217041016,35.693687438964844,63.204837799072266,53.988037109375,66.26631927490234,22.749197006225586,71.156005859375,34.880001068115234,93.48484802246094
2023-01-04,336.2221374511719,90.22920227050781,38.40766525268555,36.61773681640625,63.56363296508789,54.68547821044922,66.70024871826172,22.766721725463867,72.7676773071289,35.209999084472656,93.49335479736328
2023-01-05,332.54998779296875,89.4461669921875,37.97721862792969,36.50902557373047,63.49361801147461,54.86631393432617,66.55563354492188,22.766721725463867,70.81124114990234,34.790000915527344,93.51034545898438
2023-01-06,340.1136169433594,91.55001831054688,39.02641296386719,37.13412094116211,64.19376373291016,55.822086334228516,67.39799499511719,22.963851928710938,72.71597290039062,35.43000030517578,93.52734375
2023-01-09,339.8655700683594,91.54057312011719,39.19679641723633,37.33342742919922,64.3687973022461,56.09760665893555,67.65325164794922,23.038320541381836,72.74182891845703,35.5,93.5358657836914
2023-01-10,342.2882385253906,92.7198486328125,39.29544448852539,37.59614181518555,64.11499786376953,55.26240158081055,67.5171127319336,22.950712203979492,72.90558624267578,35.619998931884766,93.52734375
2023-01-11,346.65667724609375,93.76705169677734,39.591373443603516,37.75015640258789,64.4563217163086,56.07178497314453,67.90000915527344,23.051469802856445,75.51704406738281,35.61000061035156,93.55287170410156
2023-01-12,347.95379638671875,95.08787536621094,40.165287017822266,37.92227554321289,64.95513916015625,57.061988830566406,68.4956283569336,23.21792984008789,76.4737319946289,36.02000045776367,93.60389709472656
2023-01-13,349.3081970214844,95.67278289794922,40.37153244018555,38.175941467285156,64.73635864257812,56.59703063964844,68.25736999511719,23.047090530395508,75.99971008300781,36.45000076293945,93.60389709472656
2023-01-17,348.7740783691406,95.3331527709961,40.48810958862305,37.976627349853516,64.64884948730469,56.295650482177734,68.15528869628906,22.976991653442383,76.2151870727539,36.209999084472656,93.62939453125
2023-01-18,343.1084899902344,93.83309173583984,40.30876159667969,37.75015640258789,65.24398803710938,57.57001876831055,68.87000274658203,23.134700775146484,75.10336303710938,36.11000061035156,93.63789367675781
2023-01-19,340.63818359375,93.03119659423828,40.2639274597168,38.04911422729492,65.11267852783203,57.225589752197266,68.75939178466797,23.27050018310547,74.68966674804688,36.689998626708984,93.66342163085938
2023-01-20,346.9046325683594,94.42744445800781,40.67642593383789,38.49302291870117,64.82388305664062,56.39898681640625,68.4700927734375,23.14784049987793,75.57738494873047,36.54999923706055,93.68040466308594
2023-01-23,351.1298828125,95.4652328491211,40.84681701660156,38.77384948730469,64.6663589477539,56.11484146118164,68.35099792480469,23.130313873291016,75.9221420288086,36.619998931884766,93.68040466308594
2023-01-24,350.7579040527344,95.13501739501953,40.83784866333008,38.81009292602539,64.95513916015625,56.8897819519043,68.6742935180664,23.257362365722656,76.11174011230469,36.75,93.6889419555664
2023-01-25,350.8819580078125,95.37088012695312,41.04409408569336,38.819149017333984,65.03390502929688,57.027565002441406,68.69132995605469,23.305551528930664,76.14620971679688,36.939998626708984,93.72293853759766
2023-01-26,354.6303405761719,96.05014038085938,41.169639587402344,39.118106842041016,64.9113998413086,56.76924133300781,68.6062240600586,23.314311981201172,76.99945831298828,36.59000015258789,93.74845886230469
2023-01-27,355.641357421875,96.43695831298828,41.12480163574219,38.85539245605469,64.84137725830078,56.614253997802734,68.48709106445312,23.257362365722656,77.86133575439453,36.54999923706055,93.75694274902344
2023-01-30,351.1966857910156,95.37088012695312,40.78404235839844,38.15782165527344,64.65760803222656,56.416202545166016,68.24037170410156,23.143457412719727,76.87018585205078,36.439998626708984,93.76547241210938
2023-01-31,356.1850280761719,97.776611328125,41.035125732421875,38.257469177246094,64.95513916015625,56.84672927856445,68.74236297607422,23.134700775146484,78.48188781738281,36.59000015258789,93.77395629882812
2023-02-01,360.0860290527344,99.29551696777344,41.40279006958008,38.64701843261719,65.37273406982422,57.47770309448242,69.31072998046875,23.318683624267578,78.96454620361328,37.06999969482422,93.79955291748047
2023-02-02,365.2460632324219,101.58804321289062,41.39383316040039,38.3752326965332,65.41658782958984,57.56401824951172,69.42167663574219,23.27488899230957,80.75721740722656,36.2599983215332,93.83368682861328
2023-02-03,361.34503173828125,101.31446075439453,40.92751693725586,37.76826477050781,64.8376235961914,56.718109130859375,68.78163146972656,23.0733699798584,79.24032592773438,35.369998931884766,93.8166275024414
2023-02-06,359.2562255859375,99.6351547241211,40.48810958862305,37.378719329833984,64.43406677246094,56.295188903808594,68.26107025146484,22.963851928710938,78.66288757324219,35.45000076293945,93.8166275024414
2023-02-07,363.8916931152344,100.33329010009766,40.86474609375,37.45119857788086,64.34635162353516,55.87222671508789,68.09040069580078,23.029565811157227,78.49049377441406,35.47999954223633,93.82514190673828
2023-02-08,359.9048156738281,98.81436920166016,40.62263107299805,37.378719329833984,64.46038818359375,56.11391067504883,68.20133209228516,23.152219772338867,78.11990356445312,35.58000183105469,93.84220123291016
2023-02-09,356.8240966796875,97.54075622558594,40.65849304199219,37.52367401123047,64.19721221923828,55.621917724609375,67.86000061035156,23.029565811157227,77.26665496826172,35.290000915527344,93.8763427734375
2023-02-10,357.6920471191406,97.76718139648438,40.54191589355469,37.20659255981445,63.925270080566406,55.026329040527344,67.49301147460938,22.94194793701172,77.5338363647461,35.349998474121094,93.8763427734375
2023-02-13,361.8220520019531,99.03136444091797,40.89164733886719,37.541786193847656,64.10073852539062,55.48379898071289,67.64665985107422,22.972610473632812,78.22331237792969,35.18000030517578,93.90193176269531
2023-02-14,361.6883850097656,98.71058654785156,40.92751693725586,37.433074951171875,63.88138198852539,55.32843780517578,67.43329620361328,22.91128158569336,77.60276794433594,35.20000076293945,93.90193176269531
2023-02-15,362.8996887207031,99.64459228515625,40.72126388549805,37.25189208984375,63.74102783203125,54.87960433959961,67.21143341064453,22.91128158569336,77.91305541992188,34.84000015258789,93.91046142578125
2023-02-16,357.8541259765625,98.98420715332031,40.5329475402832,37.179420471191406,63.49543762207031,54.18906784057617,66.94689178466797,22.849956512451172,77.15460968017578,34.84000015258789,93.953125
2023-02-17,356.9289855957031,99.15399932861328,40.59572219848633,36.880455017089844,63.635772705078125,54.55160903930664,67.04927062988281,22.91128158569336,76.85295104980469,34.93000030517578,93.96165466308594
2023-02-21,349.84228515625,96.191650390625,40.08457946777344,36.47279357910156,63.08311462402344,53.55034637451172,66.35807037353516,22.801761627197266,75.31021118164062,34.790000915527344,93.96165466308594
2023-02-22,349.403564453125,96.5595932006836,39.85142135620117,36.318782806396484,63.223480224609375,53.94738006591797,66.43486022949219,22.793001174926758,74.62931823730469,34.61000061035156,93.98727416992188
2023-02-23,351.1584777832031,97.1539535522461,40.08457946777344,36.44560623168945,63.4515380859375,54.43075942993164,66.7762222290039,22.845571517944336,75.18953704833984,34.58000183105469,94.02136993408203
2023-02-24,347.40057373046875,96.40863800048828,39.456851959228516,35.74803924560547,63.10064697265625,53.7661247253418,66.43486022949219,22.70977020263672,73.87088012695312,34.33000183105469,94.0299072265625
2023-02-27,348.6023864746094,96.62564086914062,39.896263122558594,35.929229736328125,63.205902099609375,53.92149353027344,66.53726196289062,22.744823455810547,73.98291015625,34.45000076293945,94.04695892333984
2023-02-28,347.2861633300781,96.59733581542969,39.60929489135742,35.71179962158203,63.223480224609375,54.154537200927734,66.52876281738281,22.832426071166992,73.87950134277344,34.619998931884766,94.04695892333984
2023-03-01,346.0176086425781,96.82374572753906,39.860389709472656,36.427486419677734,62.84891128540039,53.50647735595703,66.12055206298828,22.749197006225586,72.94867706298828,34.84000015258789,94.06407928466797
2023-03-02,348.6023864746094,97.1162109375,39.92316436767578,36.590553283691406,62.71702575683594,53.082515716552734,66.08634948730469,22.775476455688477,73.80193328857422,34.83000183105469,94.10685729980469
2023-03-03,354.12481689453125,98.24832153320312,40.50605010986328,36.86233901977539,63.20058822631836,54.22462844848633,66.60832977294922,22.998889923095703,74.92235565185547,35.189998626708984,94.11540985107422
2023-03-06,354.5540466308594,96.02184295654297,40.40740966796875,36.73550796508789,63.05113220214844,53.8785400390625,66.48849487304688,22.889373779296875,74.62931823730469,35.02000045776367,94.12393951416016
2023-03-07,349.0697326660156,95.06897735595703,39.67207717895508,36.191951751708984,62.98081970214844,54.164058685302734,66.30883026123047,22.744823455810547,72.88833618164062,34.380001068115234,94.10685729980469
2023-03-08,349.6134033203125,95.2293701171875,39.878326416015625,36.38219451904297,62.92803192138672,54.22462844848633,66.19757080078125,22.639673233032227,73.724365234375,34.38999938964844,94.11540985107422
2023-03-09,343.21343994140625,93.05948638916016,39.4837532043457,35.63932800292969,63.13906478881836,54.39767074584961,66.28316497802734,22.696626663208008,72.03511810302734,34.70000076293945,94.16674041748047
2023-03-10,338.29180908203125,90.7292251586914,39.09815216064453,35.440025329589844,63.895206451416016,56.154117584228516,66.96770477294922,23.02079963684082,69.64771270751953,35.459999084472656,94.2094955444336
2023-03-13,337.7195739746094,88.5310287475586,38.87397003173828,35.40378952026367,64.40515899658203,56.44828796386719,67.31856536865234,23.152219772338867,70.5613021850586,36.290000915527344,94.3207015991211
2023-03-14,343.3279113769531,90.33299255371094,39.3313102722168,35.421905517578125,64.00074005126953,55.591697692871094,67.0019302368164,23.082128524780273,71.24217987060547,36.06999969482422,94.2693862915039
2023-03-15,341.2104797363281,88.88954162597656,38.15657424926758,34.83305740356445,64.66015625,56.62998962402344,67.67794036865234,23.3449764251709,71.19046020507812,36.34000015258789,94.36348724365234
2023-03-16,347.04766845703125,90.30469512939453,38.74842834472656,35.276954650878906,64.35240936279297,56.19738006591797,67.48970794677734,23.09089469909668,71.03532409667969,36.43000030517578,94.35493469238281
2023-03-17,343.2516174316406,87.73856353759766,38.30005645751953,35.09577178955078,64.81840515136719,56.89822769165039,67.88331604003906,23.14784049987793,69.42363739013672,37.4900016784668,94.42338562011719
2023-03-20,346.3514404296875,89.0216293334961,38.8851318359375,35.15741729736328,64.53705596923828,56.46559524536133,67.66081237792969,23.174121856689453,70.21656036376953,37.5,94.40624237060547
2023-03-21,350.8819580078125,90.51226043701172,39.389198303222656,35.52911376953125,64.3612060546875,55.920501708984375,67.77208709716797,23.130313873291016,69.90628051757812,36.79999923706055,94.380615234375
2023-03-22,345.0638427734375,88.08763885498047,39.236175537109375,35.63792037963867,64.9327163696289,56.67325973510742,68.25125122070312,23.415067672729492,67.29481506347656,37.41999816894531,94.414794921875
2023-03-23,345.8840637207031,87.35767364501953,39.26317596435547,36.07307052612305,65.08220672607422,56.74247741699219,68.59355163574219,23.489538192749023,66.87250518798828,37.900001525878906,94.47470092773438
2023-03-24,348.1893615722656,88.28550720214844,39.12816619873047,36.00054931640625,65.21408081054688,56.97609329223633,68.80747985839844,23.415067672729492,68.58740234375,37.459999084472656,94.48321533203125
2023-03-27,348.76397705078125,89.23226165771484,39.47019577026367,35.82829666137695,64.53705596923828,55.79071807861328,68.12294006347656,23.239830017089844,68.5090560913086,37.119998931884766,94.48321533203125
2023-03-28,348.1509704589844,89.29853057861328,39.52421569824219,36.25439453125,64.4227523803711,55.85992431640625,67.95178985595703,23.296789169311523,68.34365844726562,37.43000030517578,94.49177551269531
2023-03-29,353.1024169921875,89.90445709228516,39.97427749633789,36.381317138671875,64.49309539794922,55.71282196044922,68.08014678955078,23.340591430664062,69.85833740234375,37.2400016784668,94.50035095214844
2023-03-30,355.2094421386719,89.87606048583984,40.469337463378906,36.73488235473633,64.58102416992188,55.989715576171875,68.17426300048828,23.371259689331055,70.77239227294922,37.56999969482422,94.51744842529297
2023-03-31,360.17041015625,91.55182647705078,40.658363342285156,36.6260986328125,64.91513061523438,56.68191909790039,68.6449203491211,23.48516273498535,72.28705596923828,37.369998931884766,94.5260238647461
2023-04-03,361.59735107421875,91.63704681396484,40.99140930175781,36.780208587646484,65.1910400390625,56.99159240722656,69.07410430908203,23.531673431396484,71.71253204345703,37.650001525878906,94.51831817626953
2023-04-04,359.5574645996094,89.81925964355469,40.98240280151367,36.81648635864258,65.45545196533203,57.32122802734375,69.20286560058594,23.601877212524414,71.61676025390625,38.349998474121094,94.55265045166016
2023-04-05,358.68597412109375,89.12811279296875,40.6673698425293,36.49009704589844,65.6317367553711,57.87638854980469,69.34021759033203,23.654525756835938,71.23374938964844,38.31999969482422,94.60417175292969
2023-04-06,360.0555114746094,89.15652465820312,40.802391052246094,36.70768356323242,65.61412048339844,57.9718132019043,69.31441497802734,23.70278549194336,71.72124481201172,38.04999923706055,94.60417175292969
2023-04-10,360.44818115234375,90.2926254272461,40.838382720947266,36.6260986328125,65.17341613769531,57.17375946044922,68.93673706054688,23.54922103881836,72.05200958251953,37.77000045776367,94.59554290771484
2023-04-11,360.4960632324219,90.9175033569336,41.018409729003906,36.8980712890625,65.19981384277344,57.243141174316406,68.89382934570312,23.584318161010742,72.3567123413086,37.9900016784668,94.61272430419922
2023-04-12,359.0594177246094,90.16954803466797,41.252437591552734,36.617027282714844,65.2703857421875,57.20844650268555,68.9453353881836,23.584318161010742,72.00850677490234,38.189998626708984,94.6213150024414
2023-04-13,363.71392822265625,90.93643951416016,41.85551834106445,37.061248779296875,65.235107421875,56.80074691772461,69.0569076538086,23.53605079650879,71.79086303710938,38.70000076293945,94.67280578613281
2023-04-14,362.9668884277344,90.20742797851562,41.648494720458984,36.8618049621582,64.94420623779297,56.2889404296875,68.87664794921875,23.44391441345215,70.67662811279297,38.0099983215332,94.65567016601562
2023-04-17,364.2024230957031,90.75655364990234,41.612491607666016,37.061248779296875,64.5916519165039,55.65571975708008,68.507568359375,23.329824447631836,72.14778137207031,37.86000061035156,94.66423797607422
2023-04-18,364.4513854980469,90.2737045288086,41.77450942993164,36.98871994018555,64.68862915039062,55.872589111328125,68.62770080566406,23.34738540649414,71.98239135742188,37.9900016784668,94.6814193725586
2023-04-19,364.4322509765625,90.54826354980469,41.612491607666016,36.607967376708984,64.6004638671875,55.794498443603516,68.33587646484375,23.329824447631836,72.40894317626953,37.79999923706055,94.68998718261719
2023-04-20,362.3731384277344,90.14115142822266,41.630496978759766,36.5626335144043,64.88253021240234,56.228240966796875,68.55903625488281,23.41320037841797,71.69512176513672,37.97999954223633,94.74147033691406
2023-04-21,362.5838623046875,89.96127319335938,41.7655143737793,36.21812438964844,64.76795959472656,55.92463684082031,68.55903625488281,23.41320037841797,71.70384216308594,37.59000015258789,94.75008392333984
2023-04-24,363.062744140625,90.00859832763672,41.84652328491211,36.17279815673828,65.0235595703125,56.43642044067383,68.8337631225586,23.509729385375977,71.4339599609375,37.709999084472656,94.75865936279297
2023-04-25,357.32598876953125,87.64170837402344,41.189430236816406,35.55632400512695,65.44666290283203,57.243141174316406,69.18568420410156,23.645751953125,70.72883605957031,37.88999938964844,94.78443145751953
2023-04-26,355.7361755371094,86.82748413085938,41.19843292236328,35.80109786987305,65.21747589111328,56.696659088134766,68.93673706054688,23.55799102783203,70.04986572265625,37.68000030517578,94.79298400878906
2023-04-27,362.7945251464844,88.1813735961914,41.72050476074219,36.263458251953125,64.93543243408203,56.16751480102539,68.64490509033203,23.470239639282227,71.63418579101562,37.689998626708984,94.8101806640625
2023-04-28,365.8975524902344,88.9955825805664,41.72949981689453,36.48103332519531,65.29681396484375,56.974246978759766,69.14274597167969,23.49217987060547,72.51341247558594,37.709999084472656,94.81873321533203
2023-05-01,365.6485900878906,88.9671859741211,41.69350051879883,36.363182067871094,64.62527465820312,55.52376174926758,68.33612823486328,23.316543579101562,71.97367858886719,37.52000045776367,94.80842590332031
2023-05-02,361.5495300292969,87.31034088134766,41.252437591552734,35.98241424560547,65.261474609375,56.75858688354492,68.96455383300781,23.48821449279785,70.75498962402344,38.25,94.83427429199219
2023-05-03,359.0306701660156,87.3387451171875,41.33345031738281,35.97335433959961,65.53538513183594,57.1151237487793,69.16258239746094,23.59385871887207,70.47640991210938,38.56999969482422,94.85150909423828
2023-05-04,356.4065246582031,86.28783416748047,41.27043914794922,36.28158187866211,65.44703674316406,56.66292953491211,69.09369659423828,23.59385871887207,71.05963897705078,38.86000061035156,94.90320587158203
2023-05-05,362.94775390625,88.37071228027344,41.9365348815918,36.671417236328125,65.2084732055664,56.39336013793945,68.79235076904297,23.549837112426758,72.24353790283203,38.2400016784668,94.89459228515625
2023-05-08,363.1488952636719,87.98255920410156,41.954532623291016,36.680484771728516,64.8991928100586,55.71506118774414,68.43942260742188,23.457401275634766,71.82569122314453,38.290000915527344,94.90320587158203
2023-05-09,361.5782470703125,87.46182250976562,41.792510986328125,36.453834533691406,64.82853698730469,55.54985046386719,68.4050064086914,23.426591873168945,71.52101135253906,38.54999923706055,94.90320587158203
2023-05-10,363.1584777832031,87.77425384521484,41.72949981689453,36.46290588378906,65.22611999511719,56.06291961669922,68.86988067626953,23.48821449279785,72.20870971679688,38.5099983215332,94.93766021728516
2023-05-11,362.65093994140625,87.17781066894531,41.54048156738281,36.31785202026367,65.43818664550781,56.584651947021484,69.04203033447266,23.549837112426758,71.41656494140625,38.189998626708984,94.97212219238281
2023-05-12,362.1624450683594,86.92215728759766,41.450462341308594,35.909889221191406,65.09357452392578,56.16725540161133,68.71489715576172,23.46620750427246,71.40785217285156,38.11000061035156,94.97212219238281
2023-05-15,363.4170227050781,87.88787078857422,41.81051254272461,36.53542709350586,64.92572021484375,55.6107177734375,68.49967956542969,23.430994033813477,71.28597259521484,38.189998626708984,94.98072814941406
2023-05-16,361.01318359375,86.72334289550781,41.37845993041992,36.28158187866211,64.76664733886719,55.454193115234375,68.20697021484375,23.373767852783203,69.5014419555664,37.720001220703125,94.98072814941406
2023-05-17,365.322998046875,88.80622100830078,41.594486236572266,36.408512115478516,64.65176391601562,55.3150634765625,68.1467514038086,23.360563278198242,70.44158172607422,37.59000015258789,94.99799346923828
2023-05-18,368.8952941894531,89.6109619140625,41.51347351074219,36.181854248046875,64.38671875,54.87155532836914,67.90567016601562,23.29013442993164,70.1020736694336,37.09000015258789,95.0238265991211
2023-05-19,368.3110046386719,88.93877410888672,41.7655143737793,36.16373825073242,64.20999908447266,54.51503372192383,67.78516387939453,23.224102020263672,69.9889144897461,37.45000076293945,95.0238265991211
2023-05-22,368.51214599609375,89.62043762207031,41.801509857177734,36.399444580078125,64.19234466552734,54.30632019042969,67.81099700927734,23.18889045715332,70.41546630859375,37.38999938964844,95.0238265991211
2023-05-23,364.3939208984375,89.50682067871094,41.216434478759766,35.85549545288086,64.23651885986328,54.428070068359375,67.90567016601562,23.25931739807129,69.7538833618164,37.41999816894531,95.04105377197266
2023-05-24,361.6644592285156,88.40857696533203,40.63136672973633,35.60165023803711,64.05977630615234,54.20198059082031,67.68187713623047,23.175683975219727,68.25659942626953,37.130001068115234,95.04105377197266
2023-05-25,364.8153381347656,88.10560607910156,40.541351318359375,35.53819274902344,63.821224212646484,54.019351959228516,67.4322509765625,23.092050552368164,68.24789428710938,36.7599983215332,95.08411407470703
2023-05-26,369.5561218261719,89.08078002929688,40.91939926147461,36.127464294433594,63.900753021240234,54.34110641479492,67.58717346191406,23.09645652770996,69.03135681152344,36.91999816894531,95.10136413574219
2023-05-30,369.6709899902344,88.66422271728516,40.56834411621094,35.65605163574219,64.3248291015625,54.90634536743164,68.0606460571289,23.19769859313965,69.2925033569336,37.13999938964844,95.1099624633789
2023-05-31,367.6598205566406,87.50916290283203,40.17230224609375,35.40220642089844,64.53692626953125,55.38461685180664,68.2414321899414,23.202096939086914,69.64070892333984,37.20000076293945,95.12721252441406
2023-06-01,371.1842346191406,88.25709533691406,40.79338073730469,36.00961685180664,64.71144104003906,55.58428955078125,68.4409408569336,23.267013549804688,69.64942932128906,37.4900016784668,95.18950653076172
2023-06-02,376.6336364746094,91.89265441894531,41.39646530151367,36.58076858520508,64.34823608398438,55.0611457824707,68.21637725830078,23.14336395263672,71.34690856933594,36.939998626708984,95.19818115234375
2023-06-05,375.90576171875,89.9991226196289,41.13542938232422,36.544498443603516,64.35710906982422,54.98267364501953,68.1300277709961,23.183107376098633,70.85072326660156,37.15999984741211,95.19818115234375
2023-06-06,376.6815185546875,92.56487274169922,41.495479583740234,36.825538635253906,64.4456787109375,55.21809005737305,68.17321014404297,23.20077133178711,71.52972412109375,37.20000076293945,95.21546936035156
2023-06-07,375.4460144042969,94.83673095703125,41.099422454833984,36.74394226074219,64.08247375488281,54.433353424072266,67.64640808105469,23.08154296875,72.84419250488281,36.7599983215332,95.23278045654297
2023-06-08,377.69671630859375,94.23810577392578,41.5224723815918,36.943397521972656,64.40139770507812,55.0611457824707,68.06956481933594,23.20077133178711,72.39153289794922,37.25,95.29334259033203
2023-06-09,378.3288269042969,93.45899200439453,41.50447463989258,37.043128967285156,64.26852416992188,55.017555236816406,67.84502410888672,23.13452911376953,71.97367858886719,37.13999938964844,95.29334259033203
2023-06-12,381.80535888671875,93.69651794433594,41.69350051879883,37.1337776184082,64.40139770507812,55.12216567993164,67.94866180419922,23.15220069885254,71.9910888671875,37.11000061035156,95.3106918334961
2023-06-13,384.32415771484375,94.44715881347656,42.09855270385742,37.442012786865234,64.117919921875,54.59902572631836,67.66365814208984,23.041799545288086,72.45246124267578,36.83000183105469,95.3280029296875
2023-06-14,384.62103271484375,93.30695343017578,42.20656204223633,37.79558181762695,64.17108917236328,54.9216423034668,67.75003051757812,23.085960388183594,72.7223129272461,36.86000061035156,95.33663940429688
2023-06-15,389.5532531738281,94.16210174560547,42.60262680053711,38.15821838378906,64.56968688964844,55.462223052978516,68.29412078857422,23.236095428466797,73.1053466796875,37.11000061035156,95.4058609008789
2023-06-16,388.11676025390625,93.72501373291016,42.47659683227539,38.0222282409668,64.427978515625,55.27041244506836,68.10409545898438,23.18752670288086,73.0531005859375,37.060001373291016,95.41452026367188
2023-06-20,386.32574462890625,93.36396026611328,41.906105041503906,37.3449821472168,64.51654052734375,55.60173034667969,68.29412078857422,23.244930267333984,72.19132232666016,36.68000030517578,95.41452026367188
2023-06-21,384.20916748046875,93.24993896484375,41.969696044921875,37.28117370605469,64.62284851074219,55.732505798339844,68.23367309570312,23.231685638427734,71.75605010986328,36.630001068115234,95.42315673828125
2023-06-22,385.6074523925781,92.26176452636719,41.71533203125,37.117095947265625,64.31281280517578,55.139617919921875,68.00914001464844,23.156612396240234,70.72883605957031,36.2599983215332,95.45779418945312
2023-06-23,382.71514892578125,90.77950286865234,41.043094635009766,36.597530364990234,64.49882507324219,55.60173034667969,68.12136840820312,23.214019775390625,69.7538833618164,36.349998474121094,95.4664306640625
2023-06-26,381.1348876953125,91.3591079711914,41.17027282714844,36.71602249145508,64.57858276367188,55.66276168823242,68.2681884765625,23.218441009521484,71.36432647705078,36.41999816894531,95.4837417602539
2023-06-27,385.35845947265625,92.94588470458984,41.50638961791992,37.062408447265625,64.45454406738281,55.51454544067383,68.09546661376953,23.15220069885254,72.24353790283203,36.25,95.50102233886719
2023-06-28,385.5307922363281,93.05989837646484,41.51548385620117,36.916561126708984,64.65826416015625,55.76737976074219,68.39773559570312,23.20077133178711,72.3479995727539,36.16999816894531,95.50970458984375
2023-06-29,387.0076904296875,94.59915924072266,41.46097183227539,36.761600494384766,64.17108917236328,54.83444595336914,67.96591186523438,23.055049896240234,73.15614318847656,36.150001525878906,95.5270004272461
2023-06-30,391.5940246582031,94.68470001220703,41.9515380859375,37.08063507080078,64.39251708984375,55.392459869384766,68.25093078613281,23.15220069885254,73.56109619140625,36.38999938964844,95.57891845703125
2023-07-03,392.3439636230469,95.28330993652344,42.024200439453125,37.44524383544922,64.20960235595703,55.09088897705078,68.1279067993164,23.118938446044922,74.28297424316406,36.40999984741211,95.5719985961914
2023-07-05,391.4690246582031,93.86754608154297,41.56998062133789,37.262935638427734,63.94313430786133,54.5838508605957,67.73805236816406,23.02136993408203,74.45024871826172,36.290000915527344,95.58932495117188
2023-07-06,388.2768249511719,92.57532501220703,40.83415603637695,36.551944732666016,63.53461456298828,53.83205795288086,67.19224548339844,22.901630401611328,73.8780288696289,36.18000030517578,95.6414794921875
2023-07-07,387.3731384277344,93.48748779296875,41.17936706542969,36.98948287963867,63.49911117553711,53.569793701171875,67.14895629882812,22.87502098083496,73.71076965332031,36.459999084472656,95.6414794921875
2023-07-10,388.4114074707031,94.71321105957031,41.28837203979492,36.998600006103516,63.72111511230469,53.67469024658203,67.5128173828125,22.93267250061035,74.0276870727539,36.47999954223633,95.65886688232422
2023-07-11,390.9017028808594,95.58735656738281,41.688079833984375,37.32674789428711,63.85433578491211,53.91073226928711,67.72937774658203,22.923797607421875,75.08409118652344,36.619998931884766,95.65886688232422
2023-07-12,393.9785461425781,96.63255310058594,42.48750305175781,38.03772735595703,64.36054992675781,54.531402587890625,68.29251861572266,23.149978637695312,75.48905181884766,37.119998931884766,95.68494415283203
2023-07-13,397.1898498535156,97.17414093017578,43.14158630371094,38.45703125,64.75131225585938,55.07339096069336,68.76898193359375,23.274160385131836,75.97323608398438,37.13999938964844,95.73703002929688
2023-07-14,396.8724670410156,96.35699462890625,42.87813186645508,38.220035552978516,64.44937133789062,54.802391052246094,68.3445053100586,23.158857345581055,75.82356262207031,37.02000045776367,95.74574279785156
2023-07-17,398.2571105957031,97.12665557861328,42.859962463378906,38.26560974121094,64.52041625976562,54.828636169433594,68.42244720458984,23.203195571899414,75.3305892944336,37.040000915527344,95.75440216064453
2023-07-18,401.2761535644531,98.46637725830078,43.16883850097656,37.992156982421875,64.600341796875,55.05590057373047,68.53507995605469,23.185455322265625,74.91682434082031,37.459999084472656,95.76310729980469
2023-07-19,402.1415100097656,99.00798797607422,43.15974807739258,37.937469482421875,64.75131225585938,55.615386962890625,68.78632354736328,23.265283584594727,75.76195526123047,37.47999954223633,95.78048706054688
2023-07-20,399.51666259765625,98.26686096191406,42.90538787841797,37.700462341308594,64.44937133789062,54.951011657714844,68.43976593017578,23.251983642578125,75.51546478271484,37.290000915527344,95.82389831542969
2023-07-21,399.5647277832031,97.9057846069336,42.95989227294922,37.68223571777344,64.49378204345703,54.994712829589844,68.55238342285156,23.251983642578125,75.86759185791016,37.16999816894531,95.8326187133789
2023-07-24,401.2569580078125,98.46637725830078,42.91447067260742,38.1835823059082,64.38719177246094,54.79364776611328,68.44845581054688,23.274160385131836,76.49263763427734,37.02000045776367,95.84127807617188
2023-07-25,402.4395446777344,98.43787384033203,43.04165267944336,38.47526168823242,64.31615447998047,54.68000793457031,68.3704605102539,23.22981071472168,75.94680786132812,37.220001220703125,95.8499755859375
2023-07-26,402.5357666015625,99.16002655029297,43.096153259277344,38.712257385253906,64.5293197631836,54.78490447998047,68.69103240966797,23.238676071166992,76.2901611328125,37.41999816894531,95.86737060546875
2023-07-27,399.80511474609375,98.1053237915039,42.91447067260742,38.283843994140625,63.97867965698242,53.76211929321289,68.02395629882812,23.065717697143555,74.63511657714844,36.84000015258789,95.90210723876953
2023-07-28,403.69915771484375,99.04598999023438,43.268760681152344,39.213592529296875,64.2007064819336,54.00688934326172,68.35316467285156,23.1544189453125,74.573486328125,37.119998931884766,95.92814636230469
2023-07-31,404.4779052734375,99.920166015625,43.268760681152344,39.25916290283203,64.31615447998047,54.15549850463867,68.52643585205078,23.163284301757812,75.05767822265625,37.20000076293945,95.94554138183594
2023-08-01,403.2279968261719,99.42607116699219,42.787296295166016,38.712257385253906,63.91812515258789,53.32017135620117,68.07357788085938,23.026704788208008,74.93444061279297,36.84000015258789,95.96036529541016
2023-08-02,397.6417541503906,98.59941101074219,41.96061325073242,37.8736572265625,63.71329116821289,52.82928466796875,67.83890533447266,22.982229232788086,74.50306701660156,36.66999816894531,95.97782135009766
2023-08-03,396.516845703125,98.22884368896484,41.83342742919922,38.03772735595703,63.32148742675781,51.724853515625,67.45648193359375,22.84430694580078,73.69316864013672,36.650001525878906,96.01274871826172
2023-08-04,394.5745849609375,98.2193374633789,41.9515380859375,38.08330535888672,63.84686279296875,52.60137939453125,68.03881072998047,23.062301635742188,73.09452056884766,36.77000045776367,96.03889465332031
2023-08-07,398.132080078125,98.77995300292969,42.28765106201172,38.019500732421875,63.74890899658203,52.15435791015625,67.99536895751953,23.080097198486328,74.01008605957031,36.689998626708984,96.03889465332031
2023-08-08,396.41107177734375,98.1053237915039,41.969696044921875,37.62754821777344,63.980438232421875,52.72410583496094,68.15182495117188,23.08454132080078,73.5346908569336,36.459999084472656,96.05632781982422
2023-08-09,393.77655029296875,97.40218353271484,42.00604248046875,37.69136428833008,63.99825668334961,52.97829818725586,68.19525909423828,23.06675148010254,73.52588653564453,36.279998779296875,96.06505584716797
2023-08-10,394.00732421875,97.03162384033203,42.133216857910156,37.76427459716797,63.64207458496094,52.19818115234375,67.80410766601562,22.959978103637695,73.24417877197266,36.2400016784668,96.10868072509766
2023-08-11,393.6419677734375,96.94611358642578,41.89702224731445,37.217369079589844,63.43722915649414,52.02286911010742,67.5694580078125,22.919940948486328,73.35863494873047,36.2400016784668,96.12613677978516
2023-08-14,395.8630065917969,96.51853942871094,41.72441864013672,37.044166564941406,63.35712814331055,51.926456451416016,67.50862121582031,22.86655616760254,72.87443542480469,36.13999938964844,96.1435775756836
2023-08-15,391.3247985839844,95.41633605957031,41.14301681518555,36.652217864990234,63.21463394165039,51.654727935791016,67.27397155761719,22.795372009277344,72.05573272705078,36.029998779296875,96.16104125976562
2023-08-16,388.43072509765625,94.30462646484375,40.815982818603516,36.40611267089844,63.036521911621094,51.27781295776367,67.06534576416016,22.74644660949707,71.16658782958984,35.83000183105469,96.16974639892578
2023-08-17,385.2867126464844,93.31645965576172,40.543460845947266,36.52460861206055,62.97425079345703,51.07621383666992,66.90890502929688,22.7286434173584,70.5943603515625,35.77000045776367,96.21337127685547
2023-08-18,385.6424255371094,93.79153442382812,40.543460845947266,36.296722412109375,63.1077995300293,51.233985900878906,67.13485717773438,22.759782791137695,70.81444549560547,35.779998779296875,96.22210693359375
2023-08-21,388.1903076171875,93.34495544433594,40.670631408691406,36.37876510620117,62.805030822753906,50.5853385925293,66.83065032958984,22.69305419921875,70.16299438476562,35.869998931884766,96.23082733154297
2023-08-22,387.1038818359375,93.16442108154297,40.57979202270508,36.31495666503906,62.88518142700195,50.90966796875,66.86544799804688,22.73754119873047,70.36547088623047,35.939998626708984,96.24828338623047
2023-08-23,391.27679443359375,94.15260314941406,41.015838623046875,36.85275650024414,63.45507049560547,52.00534439086914,67.5607681274414,22.94663429260254,71.4747085571289,36.310001373291016,96.26571655273438
2023-08-24,386.0751037597656,93.21194458007812,40.49803161621094,36.69779586791992,63.30369186401367,51.768672943115234,67.33477020263672,22.848758697509766,71.20177459716797,36.29999923706055,96.3093490600586
2023-08-25,388.6326599121094,93.43997955322266,40.752384185791016,36.670448303222656,63.30369186401367,51.87385940551758,67.32608032226562,22.839862823486328,71.25462341308594,36.2599983215332,96.3093490600586
2023-08-28,391.1902160644531,94.20012664794922,41.17936706542969,37.03506088256836,63.41946792602539,51.935218811035156,67.5694580078125,22.848758697509766,71.92366790771484,36.369998931884766,96.31808471679688
2023-08-29,396.74755859375,95.4638442993164,41.70624923706055,37.52728271484375,63.811248779296875,52.46989822387695,67.99536895751953,22.955528259277344,72.79521942138672,36.70000076293945,96.34426879882812
2023-08-30,398.4012756347656,95.88191223144531,41.697166442871094,37.39055633544922,63.78451156616211,52.434844970703125,67.9518814086914,22.928836822509766,73.05931854248047,36.810001373291016,96.35296630859375
2023-08-31,397.8916931152344,95.75839233398438,41.5609016418457,36.94390869140625,63.891387939453125,52.65398025512695,68.04749298095703,22.973329544067383,72.52230834960938,36.75,96.40531158447266
2023-09-01,398.73779296875,96.737060546875,41.62449645996094,37.3449821472168,63.584232330322266,51.87239074707031,67.75798034667969,22.857742309570312,72.64555358886719,36.7599983215332,96.43248748779297
2023-09-05,396.9975280761719,93.94357299804688,41.25203323364258,37.1262092590332,63.235992431640625,51.2481575012207,67.3917465209961,22.817584991455078,71.80042266845703,36.47999954223633,96.43248748779297
2023-09-06,394.2572937011719,93.6300048828125,41.08851623535156,36.953025817871094,63.16456985473633,51.34485626220703,67.2260513305664,22.78188133239746,71.65076446533203,36.290000915527344,96.44999694824219
2023-09-07,393.0842590332031,92.96488952636719,40.924991607666016,36.5701904296875,63.37886047363281,51.45037078857422,67.47892761230469,22.857742309570312,72.0997314453125,36.34000015258789,96.50255584716797
2023-09-08,393.62274169921875,92.60383605957031,40.870487213134766,36.64310836791992,63.3967170715332,51.62620162963867,67.4876708984375,22.911296844482422,71.81803131103516,36.349998474121094,96.51133728027344
2023-09-11,396.2090759277344,92.5848159790039,41.33378601074219,37.062408447265625,63.29850769042969,51.30970001220703,67.41789245605469,22.893444061279297,71.82682800292969,36.40999984741211,96.52883911132812
2023-09-12,394.084228515625,92.5848159790039,41.1521110534668,36.962135314941406,63.34315490722656,51.547096252441406,67.38300323486328,22.897907257080078,71.7916259765625,36.22999954223633,96.53760528564453
2023-09-13,394.5457763671875,92.043212890625,41.07034683227539,36.9256706237793,63.44137191772461,51.573448181152344,67.51380920410156,22.93360710144043,71.00814056396484,36.150001525878906,96.55513000488281
2023-09-14,397.95904541015625,93.6300048828125,41.62449645996094,37.144447326660156,63.33423614501953,51.2657356262207,67.42662048339844,22.897907257080078,72.29341888427734,36.16999816894531,96.59894561767578
2023-09-15,392.9977722167969,92.74634552001953,41.53364181518555,36.953025817871094,63.20920944213867,51.0019645690918,67.313232421875,22.839887619018555,72.02051544189453,36.41999816894531,96.60767364501953
2023-09-18,393.43048095703125,92.16674041748047,41.37815856933594,36.89604949951172,63.271728515625,51.204193115234375,67.38300323486328,22.888978958129883,71.37786102294922,36.619998931884766,96.62522888183594
2023-09-19,392.6419677734375,91.9767074584961,41.387306213378906,36.712257385253906,63.137760162353516,50.88768768310547,67.17369842529297,22.82650375366211,71.0521469116211,36.58000183105469,96.62522888183594
2023-09-20,388.9691162109375,91.2355728149414,41.2501106262207,36.601985931396484,63.057430267333984,50.984397888183594,67.13011932373047,22.786344528198242,71.11376190185547,36.61000061035156,96.64274597167969
2023-09-21,382.5944519042969,89.89584350585938,40.56412124633789,36.013851165771484,62.664527893066406,49.82386016845703,66.70280456542969,22.656923294067383,68.69282531738281,36.34000015258789,96.6865463256836
2023-09-22,381.67144775390625,89.5917739868164,40.609867095947266,36.43656921386719,62.92348098754883,50.19313430786133,66.99928283691406,22.73724937438965,68.1734390258789,36.459999084472656,96.70406341552734
2023-09-25,383.2578430175781,90.00984954833984,40.454376220703125,36.29873275756836,62.459171295166016,49.076541900634766,66.60688018798828,22.567670822143555,68.11181640625,36.27000045776367,96.71281433105469
2023-09-26,377.63323974609375,88.70081329345703,39.87815475463867,35.876007080078125,62.39665603637695,48.918296813964844,66.44120025634766,22.50965118408203,66.87052154541016,35.97999954223633,96.72161865234375
2023-09-27,377.71978759765625,89.57921600341797,39.78668212890625,35.92195129394531,62.17341995239258,48.663330078125,66.12725830078125,22.47841453552246,66.42155456542969,35.540000915527344,96.73910522460938
2023-09-28,379.9232177734375,90.68680572509766,40.115962982177734,35.9954719543457,62.33415985107422,48.76882553100586,66.2929458618164,22.585519790649414,67.05891418457031,35.349998474121094,96.78291320800781
2023-09-29,379.0159606933594,90.0661849975586,39.98790740966797,36.03223419189453,62.307373046875,48.803977966308594,66.25806427001953,22.531963348388672,67.25445556640625,34.9900016784668,96.78291320800781
2023-10-02,378.987060546875,88.75810241699219,39.365962982177734,35.903568267822266,61.879364013671875,48.03400421142578,65.76277160644531,22.39729881286621,66.01889038085938,34.63999938964844,96.80491638183594
2023-10-03,373.8910217285156,87.38320922851562,38.87205505371094,35.4441032409668,61.377967834472656,47.1078987121582,65.22021484375,22.245182037353516,64.72998046875,34.529998779296875,96.81371307373047
2023-10-04,376.6416931152344,87.5550537109375,38.89034652709961,35.29706573486328,61.78090286254883,47.68120574951172,65.61399841308594,22.348079681396484,65.52111053466797,34.52000045776367,96.84891510009766
2023-10-05,376.3232116699219,87.44049072265625,39.2470588684082,35.4441032409668,61.82566452026367,47.51361846923828,65.64025115966797,22.312292098999023,65.88554382324219,34.470001220703125,96.9017105102539
2023-10-06,380.8111877441406,87.98471069335938,39.65864562988281,35.9311408996582,61.58391189575195,46.96677017211914,65.40397644042969,22.231754302978516,66.06332397460938,34.63999938964844,96.91048431396484
2023-10-09,383.3495178222656,88.72947692871094,39.631202697753906,35.710601806640625,62.210662841796875,47.98108673095703,66.1915512084961,22.44651222229004,66.78334045410156,35.290000915527344,96.9192886352539
2023-10-10,385.3280944824219,89.69381713867188,40.134254455566406,36.28034210205078,62.14800262451172,47.91053009033203,66.13906860351562,22.455461502075195,67.10335540771484,35.220001220703125,96.92810821533203
2023-10-11,386.95916748046875,89.80838775634766,40.30802917480469,36.390625,62.434513092041016,48.81016540527344,66.35782623291016,22.562841415405273,68.2677993774414,35.47999954223633,96.93688201904297
2023-10-12,384.6331787109375,88.11839294433594,39.960472106933594,36.00466537475586,61.89727783203125,47.61946487426758,65.9115219116211,22.406251907348633,67.27224731445312,35.369998931884766,96.98966217041016
2023-10-13,382.6063232421875,87.09675598144531,39.603763580322266,35.866817474365234,62.183815002441406,48.386802673339844,66.16531372070312,22.558361053466797,67.10335540771484,36.5,97.00728607177734
2023-10-16,386.6117248535156,88.65308380126953,39.91474151611328,36.1241340637207,61.861473083496094,47.68120574951172,65.85026550292969,22.4957275390625,67.90336608886719,36.34000015258789,97.01606750488281
2023-10-17,386.6213684082031,89.68426513671875,39.923892974853516,35.96790313720703,61.45856475830078,47.152008056640625,65.2814712524414,22.388349533081055,67.80558013916016,36.38999938964844,97.02486419677734
2023-10-18,381.4480895996094,87.97516632080078,39.2470588684082,35.3797721862793,61.189937591552734,46.72862243652344,64.87018585205078,22.343605041503906,66.36554718017578,36.91999816894531,97.03365325927734
2023-10-19,378.2148742675781,86.60980224609375,38.92692947387695,35.25111389160156,60.921348571777344,45.90837097167969,64.59014129638672,22.334657669067383,64.79219818115234,37.369998931884766,97.07763671875
2023-10-20,373.5049133300781,85.59774017333984,38.561073303222656,34.82840347290039,61.14516830444336,46.190608978271484,64.88768005371094,22.383872985839844,64.35663604736328,37.470001220703125,97.10405731201172
2023-10-23,372.8486022949219,84.82433319091797,38.57937240600586,34.754886627197266,61.377967834472656,46.71980667114258,65.25521850585938,22.39729881286621,63.72551727294922,37.349998474121094,97.12162017822266
2023-10-24,375.6379089355469,85.33037567138672,38.77144241333008,35.186790466308594,61.58391189575195,47.21373748779297,65.42147827148438,22.41071319580078,64.54329681396484,37.34000015258789,97.13044738769531
2023-10-25,370.3392028808594,84.2991943359375,38.43303298950195,34.810020446777344,61.118316650390625,46.2700080871582,64.98392486572266,22.32123565673828,63.156612396240234,37.5099983215332,97.13044738769531
2023-10-26,365.7933654785156,84.518798828125,38.14949035644531,34.68136978149414,61.530189514160156,46.92267990112305,65.38648223876953,22.43756675720215,64.36552429199219,37.56999969482422,97.19203186035156
2023-10-27,364.1719055175781,83.6499252319336,38.03058624267578,34.718116760253906,61.530189514160156,46.80801010131836,65.33399200439453,22.47335433959961,63.334388732910156,38.0099983215332,97.20960998535156
2023-10-30,368.5536804199219,84.18462371826172,38.55194091796875,35.03057098388672,61.377967834472656,46.60515213012695,65.16771697998047,22.43309211730957,63.73439407348633,37.790000915527344,97.21843719482422
2023-10-31,370.78326416015625,84.87207794189453,38.63425064086914,34.865150451660156,61.36006164550781,46.40229797363281,65.15018463134766,22.379396438598633,64.8188705444336,37.59000015258789,97.21843719482422
2023-11-01,374.8658142089844,85.24444580078125,39.02753448486328,35.11327362060547,61.95545959472656,47.33158493041992,65.90117645263672,22.58237075805664,65.2188720703125,37.459999084472656,97.25198364257812
2023-11-02,381.98858642578125,87.51687622070312,39.905601501464844,35.655460357666016,62.31467819213867,48.305118560791016,66.39302825927734,22.67217445373535,67.36112976074219,37.599998474121094,97.29619598388672
2023-11-03,385.5211181640625,89.96114349365234,40.41778564453125,36.30791091918945,62.68288040161133,48.6325798034668,66.79707336425781,22.797910690307617,68.97005462646484,37.72999954223633,97.32267761230469
2023-11-06,386.2641906738281,89.0540771484375,40.28974151611328,36.418190002441406,62.41347122192383,48.21661376953125,66.4896469116211,22.72606086730957,67.9744644165039,37.43000030517578,97.31383514404297
2023-11-07,387.3548583984375,88.40483856201172,39.98790740966797,36.4273796081543,62.727787017822266,48.86268615722656,66.84098815917969,22.815872192382812,67.4144515991211,37.27000045776367,97.34034729003906
2023-11-08,387.6734313964844,87.57415771484375,39.896446228027344,36.261962890625,62.92533874511719,49.57956314086914,67.01664733886719,22.84730339050293,67.63668823242188,36.900001525878906,97.34918975830078
2023-11-09,384.7489929199219,86.39020538330078,39.87815475463867,35.940345764160156,62.45836639404297,48.535221099853516,66.55113220214844,22.649723052978516,66.57000732421875,37.040000915527344,97.38450622558594
2023-11-10,390.752197265625,87.29727172851562,40.088523864746094,36.18845748901367,62.57510757446289,48.77418899536133,66.7795181274414,22.66319465637207,67.19222259521484,36.63999938964844,97.41105651855469
2023-11-13,390.3565368652344,87.29727172851562,40.14339828491211,36.252777099609375,62.557167053222656,48.70338821411133,66.79707336425781,22.64073944091797,66.63221740722656,36.86000061035156,97.41988372802734
2023-11-14,397.85577392578125,92.04263305664062,41.23181915283203,37.09821701049805,63.320491790771484,49.747718811035156,67.71931457519531,22.83832359313965,70.33006286621094,37.18000030517578,97.4552001953125
2023-11-15,398.7243957519531,92.17627716064453,41.19523620605469,37.355525970458984,62.97025680541992,49.09280014038086,67.4734115600586,22.735042572021484,70.53450775146484,37.08000183105469,97.46407318115234
2023-11-16,399.28424072265625,90.82048034667969,41.10376739501953,36.96956253051758,63.347415924072266,49.65922546386719,67.92135620117188,22.815872192382812,70.38340759277344,37.5,97.51707458496094
2023-11-17,399.8729248046875,91.83257293701172,41.61595916748047,37.11659622192383,63.437232971191406,49.86277770996094,68.03551483154297,22.83832359313965,70.33006286621094,37.5,97.52590942382812
2023-11-20,402.88421630859375,92.18584442138672,41.798892974853516,37.511749267578125,63.52702713012695,50.11057662963867,68.19364166259766,22.905675888061523,70.84563446044922,37.43000030517578,97.53472900390625
2023-11-21,401.83221435546875,91.08781433105469,41.63426208496094,37.29119873046875,63.61682891845703,50.10174560546875,68.25513458251953,22.85628318786621,70.34784698486328,37.83000183105469,97.57007598876953
2023-11-22,403.5694580078125,91.57476043701172,41.716575622558594,37.19011688232422,63.67073440551758,50.234500885009766,68.40442657470703,22.883228302001953,70.69451141357422,37.66999816894531,97.60540771484375
2023-11-24,403.7914733886719,92.01397705078125,41.990962982177734,37.3095703125,63.365379333496094,49.694618225097656,68.16727447509766,22.784435272216797,70.89895629882812,37.869998931884766,97.61426544189453
2023-11-27,403.0869445800781,91.77527618408203,41.88120651245117,37.134971618652344,63.751522064208984,50.43805694580078,68.57131958007812,22.86077880859375,71.15674591064453,38.13999938964844,97.6319351196289
2023-11-28,403.48260498046875,91.2978744506836,41.954376220703125,37.438228607177734,64.02094268798828,50.5531005859375,68.85235595703125,22.950578689575195,71.62787628173828,38.63999938964844,97.65843963623047
2023-11-29,403.2220764160156,91.58432006835938,42.054988861083984,37.226871490478516,64.35323333740234,51.154930114746094,69.23007202148438,23.040395736694336,72.12564849853516,38.709999084472656,97.67611694335938
2023-11-30,404.7855529785156,91.88983917236328,42.03669357299805,37.33715057373047,64.14665985107422,50.63275909423828,69.02803039550781,23.004467010498047,72.65011596679688,38.540000915527344,97.71143341064453
2023-12-01,407.1598815917969,94.57283782958984,42.466575622558594,37.49336624145508,64.66990661621094,51.48326110839844,69.61053466796875,23.125640869140625,74.4367904663086,39.209999084472656,97.74250793457031
2023-12-04,405.11370849609375,95.80452728271484,42.09157943725586,37.16254425048828,64.40872955322266,51.27907943725586,69.37259674072266,23.035547256469727,74.97904968261719,38.369998931884766,97.75138092041016
2023-12-05,404.98828125,94.35323333740234,41.954376220703125,37.03388595581055,64.82299041748047,52.30891036987305,69.6810531616211,23.148160934448242,74.48123931884766,38.220001220703125,97.7691421508789
2023-12-06,403.2992248535156,94.15271759033203,42.03669357299805,36.98794174194336,65.01213073730469,52.948123931884766,69.83967590332031,23.188705444335938,74.25901794433594,38.36000061035156,97.78688049316406
2023-12-07,406.4552917480469,95.2125473022461,42.2379264831543,37.134971618652344,64.99409484863281,52.664039611816406,69.8925552368164,23.15716552734375,74.47235870361328,38.41999816894531,97.83123779296875
2023-12-08,408.1829528808594,95.8140640258789,42.33852767944336,36.9511833190918,64.67890930175781,52.23787307739258,69.56649780273438,23.134645462036133,74.34791564941406,37.900001525878906,97.83123779296875
2023-12-11,409.76580810546875,96.32965850830078,42.457427978515625,37.11659622192383,64.68791198730469,52.15798568725586,69.54004669189453,23.076091766357422,74.55235290527344,37.5,97.83123779296875
2023-12-12,411.80224609375,96.19598388671875,42.466575622558594,37.11659622192383,64.87706756591797,52.29115676879883,69.81324005126953,23.071578979492188,74.5079116821289,37.470001220703125,97.85787963867188
2023-12-13,417.4098205566406,99.42321014404297,43.152557373046875,37.46580123901367,65.70555877685547,53.4453010559082,70.85311126708984,23.373382568359375,77.36129760742188,38.31999969482422,97.89337158203125
2023-12-14,418.635498046875,102.23987579345703,43.52756118774414,37.9620361328125,66.20088195800781,54.705955505371094,71.39067840576172,23.630130767822266,79.59244537353516,38.54999923706055,97.94151306152344
2023-12-15,417.99847412109375,101.37100982666016,43.07939147949219,37.741485595703125,66.101806640625,54.77698516845703,71.29377746582031,23.60167694091797,78.47242736816406,38.18000030517578,97.95044708251953
2023-12-18,420.3631286621094,101.22776794433594,43.2276496887207,37.736793518066406,65.96672058105469,54.41299057006836,71.16156768798828,23.529415130615234,78.29464721679688,38.36000061035156,97.96826934814453
2023-12-19,422.92083740234375,103.28060150146484,43.6446418762207,37.999637603759766,66.09281921386719,54.62605285644531,71.28495788574219,23.529415130615234,78.89021301269531,38.619998931884766,97.96826934814453
2023-12-20,416.816162109375,101.4837417602539,43.19057846069336,37.20172119140625,66.30894470214844,55.061100006103516,71.49645233154297,23.63329315185547,77.93020629882812,38.40999984741211,97.9949951171875
2023-12-21,420.8769226074219,103.1686019897461,43.92262649536133,37.92454147338867,66.29995727539062,54.75034713745117,71.55814361572266,23.59716796875,78.62129211425781,38.68000030517578,98.0573959350586
2023-12-22,421.8558044433594,103.71424865722656,44.02455520629883,37.793121337890625,66.25566101074219,54.581153869628906,71.55370330810547,23.5384521484375,78.92723846435547,38.86000061035156,98.07524108886719
2023-12-26,423.60992431640625,104.90131378173828,44.21915054321289,38.03718948364258,66.31891632080078,54.688011169433594,71.6686782836914,23.565549850463867,79.51215362548828,39.13999938964844,98.09307861328125
2023-12-27,424.3852233886719,105.4086685180664,44.46934509277344,38.243709564208984,66.74337768554688,55.60527038574219,72.19037628173828,23.67394256591797,79.89910125732422,39.34000015258789,98.09307861328125
2023-12-28,424.4530334472656,105.06404113769531,44.39521026611328,38.478389739990234,66.58082580566406,55.249061584472656,72.01350402832031,23.5926456451416,80.46601867675781,39.099998474121094,98.15544128417969
2023-12-29,423.3191223144531,103.62808990478516,44.38594436645508,38.58164596557617,66.42727661132812,54.79487991333008,71.87202453613281,23.5745849609375,79.51215362548828,39.029998779296875,98.18219757080078
2024-01-02,420.615234375,103.13030242919922,43.89482498168945,38.13105773925781,66.14730834960938,54.50990676879883,71.50064849853516,23.542972564697266,80.19606018066406,38.939998626708984,98.17330169677734
2024-01-03,417.49462890625,100.38284301757812,43.54270553588867,38.018409729003906,66.20146942138672,54.679115295410156,71.39451599121094,23.5745849609375,78.27934265136719,38.63999938964844,98.18219757080078
2024-01-04,416.1766052246094,100.17223358154297,43.6446418762207,37.952701568603516,65.9034423828125,53.9399528503418,71.08504486083984,23.461679458618164,78.13536834716797,38.66999816894531,98.226806640625
2024-01-05,416.70965576171875,99.93290710449219,43.67243194580078,38.00902557373047,65.70475769042969,53.494693756103516,70.88167572021484,23.380382537841797,77.93739318847656,38.65999984741211,98.23570251464844
2024-01-08,422.66986083984375,101.55075073242188,44.126487731933594,38.074737548828125,65.99376678466797,53.9399528503418,71.18231201171875,23.475229263305664,79.05322265625,38.369998931884766,98.25354766845703
2024-01-09,421.6425476074219,100.41156005859375,43.728031158447266,37.6335334777832,65.98473358154297,53.70843505859375,71.2530746459961,23.443614959716797,78.52230834960938,38.380001068115234,98.262451171875
2024-01-10,424.4239196777344,100.77532196044922,43.968955993652344,37.59598159790039,65.86732482910156,53.432350158691406,71.19117736816406,23.416515350341797,78.61228942871094,38.29999923706055,98.28028106689453
2024-01-11,424.2786560058594,100.11479187011719,43.92262649536133,37.75556945800781,66.21051788330078,53.75294876098633,71.57139587402344,23.5384521484375,77.8833999633789,38.369998931884766,98.34270477294922
2024-01-12,424.4723815917969,99.9041976928711,44.08015441894531,37.93392562866211,66.34599304199219,53.74403381347656,71.78361511230469,23.642322540283203,78.35133361816406,38.75,98.36943054199219
2024-01-16,423.02838134765625,98.91816711425781,43.29251480102539,37.1453971862793,65.87638092041016,52.85350036621094,71.24420928955078,23.511356353759766,77.77542114257812,38.38999938964844,98.36943054199219
2024-01-17,420.67340087890625,97.9800033569336,42.81992721557617,36.64786911010742,65.72280883789062,52.746646881103516,71.0320053100586,23.448123931884766,76.35362243652344,37.95000076293945,98.38726806640625
2024-01-18,424.41424560546875,98.89900970458984,43.2091178894043,36.86377716064453,65.63251495361328,52.31917953491211,70.97895812988281,23.45264434814453,75.93968963623047,38.27000045776367,98.41401672363281
2024-01-19,429.6088562011719,99.8850326538086,43.348106384277344,37.20172119140625,65.63251495361328,52.45277786254883,71.00547790527344,23.461679458618164,76.84855651855469,38.38999938964844,98.44075775146484
2024-01-22,430.587646484375,101.88581085205078,43.45930099487305,36.91071319580078,65.74089050292969,52.73773193359375,71.15580749511719,23.479745864868164,77.30748748779297,38.2400016784668,98.45860290527344
2024-01-23,431.8669738769531,101.36886596679688,43.38517761230469,37.11723327636719,65.58734130859375,52.39042282104492,71.0143051147461,23.407485961914062,76.77656555175781,38.38999938964844,98.45860290527344
2024-01-24,432.2254943847656,100.5838623046875,43.65389633178711,37.59598159790039,65.45185852050781,52.0965461730957,70.89051818847656,23.357805252075195,75.6787338256836,38.08000183105469,98.46748352050781
2024-01-25,434.65802001953125,101.33058166503906,43.76509475708008,37.68985366821289,65.75894165039062,52.408226013183594,71.27959442138672,23.434581756591797,76.65058898925781,38.22999954223633,98.52098846435547
2024-01-26,434.3963623046875,101.47415924072266,43.9504280090332,37.699249267578125,65.65959930419922,52.31917953491211,71.11156463623047,23.411996841430664,76.43460083007812,38.18000030517578,98.52989959716797
2024-01-29,437.55572509765625,102.67079162597656,44.20988845825195,37.7086296081543,65.92150115966797,52.87131881713867,71.39451599121094,23.4932918548584,76.93852996826172,38.459999084472656,98.53883361816406
2024-01-30,437.24566650390625,102.15386199951172,44.15428924560547,37.3519172668457,66.0389175415039,53.26314926147461,71.4918212890625,23.506837844848633,76.2186508178711,38.5099983215332,98.54772186279297
2024-01-31,430.12249755859375,99.55955505371094,43.90409469604492,37.21110534667969,66.31891632080078,53.815284729003906,71.836669921875,23.64683723449707,75.48975372314453,38.4900016784668,98.574462890625
2024-02-01,435.78228759765625,100.66045379638672,44.36741256713867,37.464561462402344,66.71928405761719,54.72467803955078,72.12146759033203,23.68748664855957,76.85755920410156,38.88999938964844,98.63983917236328
2024-02-02,440.2596740722656,100.2200927734375,44.05235290527344,37.20172119140625,66.12144470214844,53.63483810424805,71.58911895751953,23.461679458618164,75.90370178222656,38.5099983215332,98.61299133300781
2024-02-05,438.6508483886719,98.64054870605469,43.76509475708008,37.29559326171875,65.5960922241211,52.61646270751953,71.10993194580078,23.339746475219727,74.31094360351562,38.29999923706055,98.62193298339844
2024-02-06,440.0173645019531,99.19577026367188,44.03382873535156,38.21554183959961,65.904052734375,53.08991622924805,71.39390563964844,23.416515350341797,75.30978393554688,38.52000045776367,98.64881896972656
2024-02-07,443.63226318359375,98.90860748291016,44.061622619628906,38.1873893737793,65.77725219726562,52.884464263916016,71.28739166259766,23.366836547851562,75.2018051147461,38.4900016784668,98.6667251586914
2024-02-08,443.9327087402344,100.25839233398438,43.98748779296875,37.99024963378906,65.60514831542969,52.57179260253906,71.06556701660156,23.344255447387695,75.81371307373047,38.45000076293945,98.71147155761719
2024-02-09,446.4524841308594,101.47415924072266,44.145015716552734,38.140445709228516,65.5508041381836,52.47352600097656,70.98572540283203,23.31264305114746,75.93069458007812,38.31999969482422,98.72042846679688
2024-02-12,446.2489013671875,103.28346252441406,44.2562141418457,38.309417724609375,65.56893157958984,52.51819610595703,71.07445526123047,23.321674346923828,75.94868469238281,38.22999954223633,98.72936248779297
2024-02-13,439.9592590332031,99.56913757324219,43.46857452392578,37.605377197265625,64.9982681274414,51.66061782836914,70.44445037841797,23.177154541015625,74.38292694091797,37.689998626708984,98.71147155761719
2024-02-14,444.1459045410156,101.43588256835938,44.00602722167969,38.149837493896484,65.24284362792969,51.9196662902832,70.68403625488281,23.267480850219727,74.96784210205078,37.65999984741211,98.74727630615234
2024-02-15,447.1502380371094,103.96316528320312,44.49713897705078,38.3845100402832,65.42401885986328,52.16087341308594,70.91474151611328,23.308128356933594,76.71357727050781,37.93000030517578,98.80099487304688
2024-02-16,444.86309814453125,102.79524230957031,44.53420639038086,38.5722541809082,65.21568298339844,51.8660774230957,70.66629028320312,23.28554916381836,75.92170715332031,38.06999969482422,98.80099487304688
2024-02-20,442.4208679199219,101.78050231933594,44.69173049926758,38.64735412597656,65.29719543457031,51.9196662902832,70.92361450195312,23.290058135986328,75.7867202758789,38.310001373291016,98.81890869140625
2024-02-21,442.8666687011719,101.47415924072266,44.71952819824219,38.68490982055664,65.11604309082031,51.571266174316406,70.71064758300781,23.258447647094727,76.20964050292969,38.29999923706055,98.82787322998047
2024-02-22,452.1703796386719,101.72306060791016,45.19211959838867,39.022850036621094,65.14321899414062,51.785667419433594,70.7816162109375,23.235864639282227,76.35362243652344,38.29999923706055,98.86368560791016
2024-02-23,452.3738708496094,102.0293960571289,45.2662467956543,39.0322380065918,65.37871551513672,52.40206527709961,70.89698791503906,23.294580459594727,76.31763458251953,38.52000045776367,98.88158416748047
2024-02-26,450.7166748046875,102.05810546875,45.16432189941406,38.90080642700195,65.26094818115234,52.250205993652344,70.71952056884766,23.28554916381836,75.48075866699219,38.439998626708984,98.88158416748047
2024-02-27,451.55010986328125,102.9197006225586,45.24772262573242,39.022850036621094,65.16131591796875,51.937530517578125,70.66629028320312,23.253934860229492,75.57075500488281,38.400001525878906,98.89947509765625
2024-02-28,450.852294921875,102.24958801269531,45.00679397583008,38.42206573486328,65.30623626708984,52.22339630126953,70.68403625488281,23.326189041137695,76.33563232421875,38.47999954223633,98.9084701538086
2024-02-29,452.5192565917969,102.76652526855469,45.10871887207031,38.50654602050781,65.41494750976562,52.562843322753906,70.79938507080078,23.389419555664062,76.98355102539062,38.650001525878906,98.96217346191406
2024-03-01,456.8804016113281,103.29304504394531,45.590576171875,39.022850036621094,65.68924713134766,52.87286376953125,71.15821075439453,23.479745864868164,77.9013900756836,39.400001525878906,98.98733520507812
2024-03-04,456.3376159667969,102.76652526855469,45.470115661621094,38.86326217651367,65.53483581542969,52.69367980957031,71.02462768554688,23.46619415283203,78.63028717041016,40.04999923706055,98.99632263183594
2024-03-05,451.7633056640625,102.31658935546875,45.35891342163086,38.60042190551758,65.88907623291016,53.39255905151367,71.29176330566406,23.565549850463867,77.67643737792969,40.290000915527344,99.0143051147461
2024-03-06,454.1571044921875,102.68036651611328,45.90563201904297,39.07917785644531,66.0071792602539,53.6882209777832,71.43421173095703,23.583614349365234,78.06338500976562,40.61000061035156,99.03230285644531
2024-03-07,458.6539001464844,103.48450469970703,46.43381118774414,39.26691818237305,66.11616516113281,53.67927169799805,71.65680694580078,23.5745849609375,78.04537200927734,40.83000183105469,99.06824493408203
2024-03-08,455.87255859375,103.39834594726562,46.30408477783203,39.201202392578125,66.17973327636719,53.634464263916016,71.763671875,23.583614349365234,78.94525146484375,41.18000030517578,99.0772476196289
2024-03-11,455.4945068359375,102.92925262451172,46.07242965698242,39.30446243286133,66.15250396728516,53.59861755371094,71.71023559570312,23.547489166259766,78.56731414794922,41.25,99.08622741699219
2024-03-12,460.3692626953125,102.65164947509766,46.4245491027832,39.64241027832031,65.95266723632812,53.16854476928711,71.54104614257812,23.50232696533203,78.39631652832031,40.810001373291016,99.10418701171875
2024-03-13,459.6714782714844,102.73780822753906,46.43381118774414,39.4171142578125,65.84365844726562,52.9535026550293,71.45204162597656,23.46619415283203,78.00039672851562,41.099998474121094,99.11320495605469
2024-03-14,458.6636047363281,101.16781616210938,46.128021240234375,39.201202392578125,65.4531021118164,52.182952880859375,71.06916809082031,23.330707550048828,76.83055877685547,40.91999816894531,99.15814208984375
2024-03-15,455.50421142578125,101.54117584228516,46.08794021606445,39.08750915527344,65.41675567626953,52.13814926147461,71.02462768554688,23.317157745361328,76.65958404541016,40.79999923706055,99.1761245727539
2024-03-18,458.3534240722656,101.2156982421875,46.097267150878906,39.17207717895508,65.33499908447266,51.98582077026367,70.95341491699219,23.290058135986328,76.6955795288086,40.849998474121094,99.18512725830078
2024-03-19,460.92169189453125,101.9145278930664,46.17182922363281,39.0123405456543,65.50760650634766,52.15606689453125,71.1671142578125,23.330707550048828,76.66857147216797,40.81999969482422,99.19409942626953
2024-03-20,464.9435729980469,103.59937286376953,46.675113677978516,39.32240676879883,65.62565612792969,52.17399215698242,71.33628845214844,23.411996841430664,77.17251586914062,41.29999923706055,99.22108459472656
2024-03-21,466.4941711425781,104.80538940429688,46.70307540893555,39.35060501098633,65.68016052246094,52.27254867553711,71.38970947265625,23.45264434814453,77.73041534423828,41.2599983215332,99.25703430175781
2024-03-22,465.884521484375,103.48030853271484,46.54462432861328,39.0969123840332,65.89816284179688,52.7474250793457,71.6122817993164,23.542972564697266,76.75206756591797,40.93000030517578,99.28399658203125
2024-03-25,464.6789855957031,103.25947570800781,46.47938919067383,39.0969123840332,65.77100372314453,52.514461517333984,71.44309997558594,23.461679458618164,76.2801513671875,41.04999923706055,99.28399658203125
2024-03-26,463.3761291503906,103.10581970214844,46.54462432861328,39.0123405456543,65.82548522949219,52.657833099365234,71.40750122070312,23.479745864868164,75.97158813476562,41.20000076293945,99.3019790649414
2024-03-27,467.4207458496094,105.58314514160156,46.852195739746094,39.1157112121582,66.0525894165039,53.08790969848633,71.72801971435547,23.5565128326416,77.93189239501953,41.4900016784668,99.36491394042969
2024-03-28,467.3624267578125,106.12085723876953,46.75899124145508,39.24724197387695,65.97083282470703,53.078956604003906,71.68351745605469,23.5565128326416,78.48551177978516,42.0099983215332,99.3739013671875
2024-04-01,466.7499084472656,105.03582000732422,46.572593688964844,39.40697479248047,65.52076721191406,52.16194152832031,71.1866683959961,23.405454635620117,77.16954803466797,42.459999084472656,99.38473510742188
2024-04-02,463.6969909667969,103.20185089111328,46.283668518066406,39.53852081298828,65.4478988647461,51.910221099853516,71.12410736083984,23.409976959228516,76.19847869873047,43.09000015258789,99.39378356933594
2024-04-03,464.11505126953125,103.86439514160156,46.53531265258789,39.59489440917969,65.49346160888672,51.87425231933594,71.22240447998047,23.405454635620117,76.2801513671875,43.459999084472656,99.40277862548828
2024-04-04,458.39825439453125,102.99061584472656,46.16250228881836,39.45396041870117,65.63011932373047,52.2248649597168,71.27603149414062,23.50043296813965,75.79007720947266,43.220001220703125,99.46600341796875
2024-04-05,463.26922607421875,103.33629608154297,46.33026885986328,39.576107025146484,65.30213928222656,51.568580627441406,71.07050323486328,23.396408081054688,76.18030548095703,43.95000076293945,99.47502899169922
2024-04-08,463.4539489746094,104.08523559570312,46.553951263427734,39.820404052734375,65.24748229980469,51.54160690307617,70.94537353515625,23.391887664794922,76.99710845947266,44.22999954223633,99.48404693603516
2024-04-09,464.0276184082031,104.56533813476562,46.563270568847656,40.16805648803711,65.48433685302734,52.00010299682617,71.20452880859375,23.44615936279297,78.02265930175781,44.470001220703125,99.4930648803711
2024-04-10,459.5357666015625,101.45429992675781,45.8642578125,39.726444244384766,64.71907043457031,50.903282165527344,70.36450958251953,23.224546432495117,74.79175567626953,44.040000915527344,99.48404693603516
2024-04-11,462.8511657714844,101.8863754272461,46.03202819824219,39.85799026489258,64.71907043457031,50.68751907348633,70.30195617675781,23.210975646972656,75.0458755493164,44.88999938964844,99.52922058105469
2024-04-12,456.54119873046875,100.3500747680664,45.230491638183594,39.08750915527344,64.86483764648438,50.930259704589844,70.42706298828125,23.29690933227539,74.15646362304688,44.29999923706055,99.5382308959961
2024-04-15,450.7465515136719,99.41868591308594,45.072052001953125,38.84321975708008,64.43668365478516,50.220027923583984,69.8819580078125,23.210975646972656,72.89495849609375,45.130001068115234,99.54727935791016
2024-04-16,449.9396057128906,98.88098907470703,44.59672927856445,38.364017486572266,64.27268981933594,49.923336029052734,69.6943130493164,23.13861656188965,71.86943054199219,45.18000030517578,99.55632019042969
2024-04-17,447.2270202636719,98.0647964477539,44.624691009521484,38.42979049682617,64.58244323730469,50.44477844238281,70.00706481933594,23.210975646972656,71.34303283691406,44.86000061035156,99.57434844970703
2024-04-18,446.2061462402344,98.26644897460938,44.578094482421875,38.53314971923828,64.40933227539062,50.19306564331055,69.83727264404297,23.17479705810547,71.35211944580078,45.0,99.61949157714844
2024-04-19,442.47271728515625,99.1114273071289,44.606048583984375,38.42039108276367,64.49134826660156,50.354881286621094,69.91770935058594,23.210975646972656,71.69698333740234,45.13999938964844,99.63756561279297
2024-04-22,446.3131103515625,99.96600341796875,45.090694427490234,38.74925994873047,64.5186538696289,50.282955169677734,70.06963348388672,23.18836212158203,72.332275390625,44.040000915527344,99.6465835571289
2024-04-23,451.9425048828125,101.74237060546875,45.54737854003906,39.06871795654297,64.6371078491211,50.30992889404297,70.2573013305664,23.23811149597168,72.99478912353516,43.90999984741211,99.6646499633789
2024-04-24,451.61187744140625,101.50231170654297,45.41689682006836,39.19086837768555,64.47311401367188,49.9772834777832,70.0517349243164,23.19288444519043,73.13092803955078,43.86000061035156,99.68270874023438
2024-04-25,449.74517822265625,100.68614959716797,45.2211799621582,39.31302261352539,64.29090881347656,49.671600341796875,69.89984893798828,23.161226272583008,72.71344757080078,44.11000061035156,99.70979309082031
2024-04-26,454.2466735839844,101.44469451904297,45.55670166015625,39.76403045654297,64.43668365478516,49.91434860229492,70.06963348388672,23.215496063232422,72.749755859375,44.2599983215332,99.72783660888672
2024-04-29,455.83148193359375,102.17444610595703,45.80834197998047,40.158660888671875,64.62799072265625,50.291934967041016,70.31089782714844,23.274295806884766,73.49394226074219,44.15999984741211,99.73688507080078
2024-04-30,448.6270751953125,100.2348403930664,45.165252685546875,39.623085021972656,64.3819808959961,49.95030212402344,70.02494812011719,23.170269012451172,72.25059509277344,43.29999923706055,99.74590301513672
2024-05-01,447.168701171875,100.57091522216797,45.109344482421875,39.67007064819336,64.61408233642578,50.25074005126953,70.27787780761719,23.205690383911133,72.27783203125,43.689998626708984,99.77674102783203
2024-05-02,451.3396911621094,102.09762573242188,45.771060943603516,40.63785934448242,64.86996459960938,50.485294342041016,70.68152618408203,23.28743553161621,73.29428100585938,43.54999923706055,99.82205963134766
2024-05-03,456.9398498535156,102.86577606201172,46.190467834472656,40.99490737915039,65.19892120361328,50.945404052734375,71.09414672851562,23.391881942749023,73.78437042236328,43.52000045776367,99.84020233154297
2024-05-06,461.5483093261719,103.9508056640625,46.553951263427734,40.91973876953125,65.26289367675781,51.143882751464844,71.2197265625,23.414588928222656,73.847900390625,43.95000076293945,99.84927368164062
2024-05-07,462.20947265625,104.29649353027344,46.61919403076172,40.62846755981445,65.39083862304688,51.43257141113281,71.22871398925781,23.41004753112793,74.54670715332031,43.7599983215332,99.85832977294922
2024-05-08,462.2289123535156,103.9508056640625,46.572593688964844,40.590885162353516,65.23548126220703,51.16191864013672,71.08516693115234,23.387344360351562,73.92050170898438,43.650001525878906,99.87648010253906
2024-05-09,464.88311767578125,105.19906616210938,46.91743469238281,40.7506103515625,65.40909576416016,51.378448486328125,71.17485046386719,23.460002899169922,75.43611907958984,44.33000183105469,99.91272735595703
2024-05-10,465.456787109375,104.64215087890625,46.936073303222656,40.83517074584961,65.2263412475586,51.116817474365234,70.96856689453125,23.423673629760742,75.22738647460938,44.68000030517578,99.93087768554688
2024-05-13,465.4859619140625,104.95901489257812,46.92676544189453,41.154640197753906,65.28117370605469,51.2160530090332,71.01341247558594,23.43275260925293,75.47242736816406,44.20000076293945,99.94903564453125
2024-05-14,467.6929931640625,106.00562286376953,47.252960205078125,41.36134719848633,65.47307586669922,51.47768020629883,71.1838150024414,23.482709884643555,76.05326080322266,44.56999969482422,99.95807647705078
2024-05-15,473.390380859375,106.46650695800781,47.7282829284668,41.718406677246094,65.8934326171875,52.18136978149414,71.70408630371094,23.605323791503906,77.10603332519531,45.130001068115234,99.98526000976562
2024-05-16,472.4862060546875,106.01522064208984,47.458003997802734,41.878135681152344,65.78376770019531,52.118221282958984,71.64128875732422,23.57807731628418,77.05157470703125,44.970001220703125,100.01249694824219
2024-05-17,473.18621826171875,105.99602508544922,47.625762939453125,42.178810119628906,65.6192855834961,51.784427642822266,71.54261779785156,23.54628562927246,77.04248046875,45.689998626708984,100.0306167602539
2024-05-20,473.6529235839844,105.83279418945312,47.6444091796875,42.08484649658203,65.55530548095703,51.64909362792969,71.47984313964844,23.53266143798828,76.58871459960938,45.88999938964844,100.04875183105469
2024-05-21,474.9266052246094,105.7751693725586,47.56984329223633,41.840553283691406,65.69237518310547,51.8836555480957,71.58745574951172,23.596237182617188,76.56149291992188,45.81999969482422,100.05783081054688
2024-05-22,473.54595947265625,105.03582000732422,47.12248229980469,41.718406677246094,65.61015319824219,51.919742584228516,71.4618911743164,23.57807731628418,75.87174224853516,44.9900016784668,100.0759506225586
2024-05-23,470.02642822265625,103.51873016357422,46.861515045166016,41.3989372253418,65.41822814941406,51.63105773925781,71.2197265625,23.491788864135742,74.23814392089844,44.06999969482422,100.13036346435547
2024-05-24,473.22509765625,104.48851013183594,47.24363708496094,41.530487060546875,65.4913330078125,51.76637268066406,71.36322021484375,23.514495849609375,74.29261016845703,44.119998931884766,100.13943481445312
2024-05-28,473.60430908203125,104.10443115234375,47.252960205078125,41.417728424072266,65.1806640625,51.07170867919922,71.0672378540039,23.44637680053711,73.8025131225586,44.56999969482422,100.13036346435547
2024-05-29,470.2694396972656,102.83697509765625,46.442115783691406,40.90094757080078,64.94304656982422,50.521385192871094,70.78021240234375,23.396421432495117,73.08553314208984,44.15999984741211,100.13943481445312
2024-05-30,467.1096496582031,104.0948257446289,46.861515045166016,40.825782775878906,65.2263412475586,50.96344757080078,71.13001251220703,23.487247467041016,74.15646362304688,44.2400016784668,100.16661834716797
2024-05-31,471.1736755371094,105.28547668457031,47.27159881591797,40.47813034057617,65.46392822265625,51.36941909790039,71.4439697265625,23.57807731628418,75.54503631591797,43.9900016784668,100.20287322998047
2024-06-03,471.6889953613281,104.91100311279297,47.39276123046875,40.88215255737305,65.82965850830078,52.04212188720703,71.78517150878906,23.669870376586914,75.37258911132812,44.38999938964844,100.22290802001953
2024-06-04,472.2626037597656,103.33629608154297,47.252960205078125,40.243221282958984,66.07713317871094,52.61252975463867,72.01927947998047,23.74293327331543,75.95343780517578,43.97999954223633,100.24114990234375
2024-06-05,477.9113464355469,104.47891235351562,47.579166412353516,40.760009765625,66.26043701171875,52.95656967163086,72.19035339355469,23.806867599487305,75.86265563964844,44.4900016784668,100.25025177001953
2024-06-06,477.80438232421875,103.7491683959961,47.7003288269043,40.94792938232422,66.26959991455078,52.94752502441406,72.16334533691406,23.788604736328125,76.00787353515625,44.84000015258789,100.2775650024414
2024-06-07,477.18218994140625,102.67375946044922,47.1131591796875,40.60967254638672,65.73799133300781,52.00591278076172,71.63212585449219,23.605926513671875,75.29090118408203,43.2400016784668,100.30489349365234
2024-06-10,478.74749755859375,102.21284484863281,47.17839813232422,40.825782775878906,65.63717651367188,51.69807815551758,71.54208374023438,23.56483268737793,75.54503631591797,43.630001068115234,100.32310485839844
2024-06-11,479.83642578125,101.81388092041016,46.647151947021484,40.73181915283203,65.9029541015625,52.168888092041016,71.77619934082031,23.633333206176758,75.27277374267578,43.77000045776367,100.33219909667969
2024-06-12,483.8324279785156,103.41360473632812,47.21567916870117,41.05127716064453,66.20545959472656,52.57631301879883,72.16334533691406,23.66073226928711,75.94434356689453,43.880001068115234,100.36862182617188
2024-06-13,484.7463073730469,102.4017333984375,46.553951263427734,41.00430679321289,66.49878692626953,53.24631118774414,72.46045684814453,23.752071380615234,76.25291442871094,43.529998779296875,100.37773895263672
2024-06-14,485.13519287109375,100.87909698486328,46.13454818725586,41.117061614990234,66.59959411621094,53.644683837890625,72.46946716308594,23.774906158447266,76.2347640991211,44.08000183105469,100.42326354980469
2024-06-17,488.9853515625,101.8331527709961,46.30230712890625,41.342559814453125,66.35211181640625,53.16482925415039,72.21732330322266,23.74293327331543,75.93527221679688,43.849998474121094,100.4323959350586
2024-06-18,490.2882385253906,101.86206817626953,46.48871612548828,41.67141342163086,66.58125305175781,53.61751174926758,72.46045684814453,23.84797477722168,76.2347640991211,44.029998779296875,100.45968627929688
2024-06-20,488.927001953125,101.46695709228516,46.48871612548828,41.596248626708984,66.45292663574219,53.28251647949219,72.28938293457031,23.852540969848633,76.01696014404297,44.58000183105469,100.47789764404297
2024-06-21,487.8575744628906,101.61150360107422,46.17921829223633,41.45477294921875,66.47126770019531,53.300621032714844,72.34339904785156,23.816007614135742,76.20753479003906,43.88999938964844,100.5234146118164
2024-06-24,486.54498291015625,102.30537414550781,46.5837287902832,41.42647171020508,66.50792694091797,53.472652435302734,72.39741516113281,23.82970428466797,76.79744720458984,44.08000183105469,100.53254699707031
2024-06-25,488.56732177734375,101.42839813232422,46.64957046508789,41.30384826660156,66.54459381103516,53.5722541809082,72.37940979003906,23.85711097717285,75.85359954833984,43.849998474121094,100.55074310302734
2024-06-26,489.1117248535156,101.47659301757812,46.339141845703125,41.190670013427734,66.23294067382812,52.875099182128906,72.08230590820312,23.788604736328125,75.61762237548828,43.459999084472656,100.55074310302734
2024-06-27,489.8700866699219,101.95845031738281,46.452022552490234,41.17180633544922,66.35211181640625,53.04712677001953,72.21732330322266,23.83426856994629,76.35274505615234,43.959999084472656,100.57807159423828
2024-06-28,487.9811096191406,102.78721618652344,46.48965072631836,41.27556228637695,66.04048919677734,52.22321319580078,71.96527099609375,23.752071380615234,76.96194458007812,43.93000030517578,100.62359619140625
2024-07-01,489.1031799316406,101.98735046386719,46.52728271484375,41.3698844909668,65.69198608398438,51.348323822021484,71.64807891845703,23.669475555419922,76.23605346679688,44.060001373291016,100.63824462890625
2024-07-02,492.27423095703125,102.52700805664062,46.63075637817383,41.52079391479492,65.88509368896484,51.702632904052734,71.9643325805664,23.715360641479492,76.59439849853516,44.060001373291016,100.6565170288086
2024-07-03,494.4988708496094,102.47882843017578,47.18577575683594,42.13388442993164,66.26203155517578,52.37492752075195,72.39810180664062,23.807138442993164,76.5208969116211,44.54999923706055,100.6839599609375
2024-07-05,497.45526123046875,101.69822692871094,47.48680114746094,42.12446212768555,66.56546020507812,52.74742126464844,72.72339630126953,23.912683486938477,76.73223876953125,45.150001525878906,100.72054290771484
2024-07-08,497.9333190917969,102.36319732666016,47.279842376708984,42.12446212768555,66.56546020507812,52.838260650634766,72.73242950439453,23.912683486938477,76.9803237915039,44.599998474121094,100.74796295166016
2024-07-09,498.4797668457031,101.70787048339844,47.11992263793945,42.303672790527344,66.5378646850586,52.656558990478516,72.6420669555664,23.86220359802246,76.96194458007812,44.65999984741211,100.74796295166016
2024-07-10,503.2802429199219,102.79685974121094,47.778419494628906,42.473453521728516,66.59303283691406,52.79283142089844,72.75953674316406,23.917272567749023,77.53162384033203,44.83000183105469,100.75711822509766
2024-07-11,498.96759033203125,106.22759246826172,47.96656036376953,42.80358123779297,66.92401885986328,53.30158996582031,73.11195373535156,23.986106872558594,79.75521087646484,45.630001068115234,100.7845687866211
2024-07-12,502.0508728027344,107.24910736083984,48.446319580078125,43.00166320800781,67.09870910644531,53.474205017089844,73.32879638671875,24.018226623535156,80.36164855957031,45.61000061035156,100.83939361572266
2024-07-15,503.5729064941406,108.71390533447266,48.07944107055664,42.558345794677734,66.88725280761719,52.97453308105469,73.07579803466797,24.004459381103516,80.90376281738281,45.7599983215332,100.85771179199219
2024-07-16,506.4317321777344,112.58795928955078,48.361656188964844,42.831886291503906,67.14466857910156,53.610477447509766,73.33784484863281,24.087060928344727,81.89611053466797,46.65999984741211,100.86686706542969
2024-07-17,499.3578796386719,112.06755828857422,48.08884811401367,42.209354400634766,67.20902252197266,53.665000915527344,73.37401580810547,24.096235275268555,82.45659637451172,46.439998626708984,100.8759994506836
2024-07-18,495.60137939453125,110.34253692626953,47.618492126464844,41.84149932861328,67.03436279296875,53.28342819213867,73.1480712890625,24.03658676147461,81.73070526123047,46.150001525878906,100.89429473876953
2024-07-19,492.29376220703125,109.58124542236328,47.33628845214844,41.43590545654297,66.85968017578125,53.019954681396484,72.96736145019531,23.976926803588867,81.58369445800781,45.31999969482422,100.94915771484375
2024-07-22,497.406494140625,111.18096923828125,47.7972297668457,41.75659942626953,66.83209228515625,52.84733963012695,72.99446868896484,23.94480323791504,82.42902374267578,45.33000183105469,100.95830535888672
2024-07-23,496.57708740234375,112.04827880859375,47.552642822265625,41.32271957397461,66.84127044677734,52.82917404174805,72.99446868896484,23.940214157104492,82.36471557617188,45.4900016784668,100.97657775878906
2024-07-24,485.21014404296875,109.98596954345703,46.959999084472656,40.88883590698242,66.64820098876953,52.33858871459961,72.75050354003906,23.871383666992188,81.15185546875,45.310001373291016,100.98574829101562
2024-07-25,482.7610778808594,111.38333129882812,46.66838836669922,40.78508377075195,66.7952880859375,52.70198440551758,72.92219543457031,23.926448822021484,80.88538360595703,44.619998931884766,100.994873046875
2024-07-26,488.17626953125,113.46489715576172,47.279842376708984,41.237831115722656,67.06193542480469,53.09263610839844,73.23845672607422,23.990690231323242,82.3003921508789,45.08000183105469,101.04975891113281
2024-07-29,488.5372619628906,112.74214172363281,47.091705322265625,41.09634780883789,67.14466857910156,53.328853607177734,73.3559341430664,24.02739906311035,82.72307586669922,45.02000045776367,101.06803131103516
2024-07-30,485.98089599609375,113.37816619873047,47.19517517089844,40.98316192626953,67.2274398803711,53.51054763793945,73.43724060058594,24.041173934936523,83.36624908447266,45.4900016784668,101.07715606689453
2024-07-31,493.6402282714844,114.04312133789062,47.89130401611328,41.77546691894531,67.59520721435547,54.06473159790039,73.81676483154297,24.178836822509766,83.07222747802734,46.29999923706055,101.08634185791016
2024-08-01,486.9078369140625,110.84366607666016,46.66838836669922,41.086917877197266,67.84788513183594,54.5670166015625,74.05347442626953,24.20094108581543,83.90835571289062,46.13999938964844,101.1120376586914
2024-08-02,478.0093994140625,107.06599426269531,45.8499755859375,40.64359664916992,68.62255096435547,56.09846878051758,74.6792984008789,24.316049575805664,83.8624267578125,46.04999923706055,101.20390319824219
2024-08-05,463.65673828125,103.76053619384766,44.77756118774414,39.52116394042969,68.55797576904297,56.39017105102539,74.4979019165039,24.38511085510254,81.4642562866211,45.47999954223633,101.20390319824219
2024-08-06,468.28155517578125,104.95551300048828,44.85282516479492,39.79469680786133,68.13378143310547,55.223350524902344,74.14419555664062,24.26079559326172,83.07222747802734,45.099998474121094,101.20390319824219
2024-08-07,465.03240966796875,103.9436264038086,45.069190979003906,40.105960845947266,67.9677734375,54.78578567504883,73.92652893066406,24.177913665771484,82.50253295898438,45.060001373291016,101.22227478027344
2024-08-08,475.8823547363281,106.28540802001953,45.8405647277832,40.97372055053711,67.8663330078125,54.4849853515625,73.93558502197266,24.154891967773438,83.31111145019531,45.77000045776367,101.2314682006836
2024-08-09,477.9216003417969,106.08303833007812,46.00048828125,41.07748031616211,68.10612487792969,55.00457000732422,74.19861602783203,24.219358444213867,83.697021484375,45.88999938964844,101.26821899414062
2024-08-12,478.16552734375,104.79169464111328,46.01930236816406,41.25669860839844,68.22599792480469,55.196006774902344,74.33466339111328,24.2838191986084,83.08139038085938,46.66999816894531,101.29573822021484
2024-08-13,486.1077575683594,106.58415222167969,46.77186584472656,41.56795883178711,68.48421478271484,55.560630798339844,74.715576171875,24.334468841552734,83.80729675292969,46.599998474121094,101.32331848144531
2024-08-14,487.65911865234375,106.07340240478516,46.950599670410156,41.30384826660156,68.61331176757812,55.870574951171875,74.86976623535156,24.316049575805664,84.0278091430664,46.22999954223633,101.32331848144531
2024-08-15,496.0307312011719,108.5693588256836,47.5244255065918,41.75659942626953,68.32743072509766,55.39655685424805,74.62486267089844,24.26540184020996,83.96350860595703,46.369998931884766,101.33248901367188
2024-08-16,497.0747375488281,108.88738250732422,47.806640625,42.19049072265625,68.4749984741211,55.578857421875,74.81535339355469,24.26540184020996,83.91754913330078,47.400001525878906,101.37841796875
2024-08-19,501.8556823730469,109.80287170410156,48.361656188964844,42.624366760253906,68.55797576904297,55.82499313354492,74.91511535644531,24.274614334106445,84.6158676147461,47.349998474121094,101.38760375976562
2024-08-20,501.0263366699219,108.54045867919922,48.22995376586914,42.209354400634766,68.76087951660156,56.2534294128418,75.07835388183594,24.380516052246094,84.5147933959961,47.5099983215332,101.41516876220703
2024-08-21,502.7826232910156,109.79324340820312,48.65327453613281,42.40742874145508,68.908447265625,56.299015045166016,75.2597427368164,24.42195701599121,84.96503448486328,47.459999084472656,101.43354034423828
2024-08-22,498.71392822265625,108.9644775390625,48.31462097167969,41.90751647949219,68.63175201416016,55.779415130615234,75.02393341064453,24.34827995300293,85.2131118774414,46.880001068115234,101.45188903808594
2024-08-23,504.10955810546875,112.22174835205078,49.24591827392578,42.51118469238281,68.93611907958984,56.10757064819336,75.4139175415039,24.481807708740234,87.0875473022461,47.43000030517578,101.49784088134766
2024-08-26,502.8703918457031,112.18318176269531,49.04836654663086,42.237648010253906,68.8623275756836,56.00729751586914,75.35044860839844,24.48641586303711,87.05078887939453,47.58000183105469,101.50701141357422
2024-08-27,503.54364013671875,111.48934173583984,49.236515045166016,42.284812927246094,68.8623275756836,55.90703201293945,75.32325744628906,24.481807708740234,87.17942810058594,47.709999084472656,101.5253677368164
2024-08-28,500.66534423828125,111.14241790771484,48.99192428588867,42.01127624511719,68.81621551513672,55.8341064453125,75.25067138671875,24.481807708740234,86.83946990966797,47.380001068115234,101.54374694824219
2024-08-29,500.7434387207031,111.72062683105469,49.12363052368164,42.06786346435547,68.71476745605469,55.65178680419922,75.1690444946289,24.45418357849121,86.572998046875,47.619998931884766,101.5529556274414
2024-08-30,505.4560546875,112.26992797851562,49.28355026245117,42.18105697631836,68.57644653320312,55.150428771972656,75.04207611083984,24.371305465698242,87.40912628173828,47.279998779296875,101.58968353271484
2024-09-03,495.23065185546875,109.06084442138672,48.42750930786133,41.5396614074707,68.8687515258789,55.968135833740234,75.25236511230469,24.429901123046875,87.36319732666016,47.09000015258789,101.6219711303711
2024-09-04,494.0012512207031,108.79100799560547,48.27699279785156,41.52079391479492,69.17399597167969,56.58096694946289,75.58916473388672,24.476036071777344,87.61129760742188,47.11000061035156,101.6496353149414
2024-09-05,492.7815856933594,108.32844543457031,48.28640365600586,41.63397979736328,69.34049987792969,56.87364959716797,75.83494567871094,24.499101638793945,87.32644653320312,47.5099983215332,101.66809844970703
2024-09-06,484.5758972167969,106.46851348876953,47.38332748413086,41.03031921386719,69.42377471923828,56.919376373291016,75.88045501708984,24.5129451751709,87.2437515258789,47.150001525878906,101.71421813964844
2024-09-09,490.0301513671875,106.20832061767578,47.89130401611328,41.31328582763672,69.51627349853516,57.120601654052734,75.998779296875,24.57292366027832,88.21771240234375,47.349998474121094,101.71421813964844
2024-09-10,492.04986572265625,105.85174560546875,47.703163146972656,41.218963623046875,69.7475357055664,57.5047607421875,76.17172241210938,24.63290023803711,89.49490356445312,47.54999923706055,101.75112915039062
2024-09-11,497.08447265625,106.04447937011719,47.97596740722656,41.473636627197266,69.7105484008789,57.440731048583984,76.17172241210938,24.642131805419922,89.3203353881836,47.47999954223633,101.74189758300781
2024-09-12,501.35809326171875,107.40328979492188,48.408687591552734,41.74717330932617,69.63654327392578,57.22122573852539,76.11712646484375,24.63751792907715,89.69705200195312,48.31999969482422,101.76034545898438
2024-09-13,504.0217590332031,110.19799041748047,48.54038619995117,41.935813903808594,69.7845458984375,57.367557525634766,76.29916381835938,24.734405517578125,90.63426971435547,48.79999923706055,101.81568908691406
2024-09-16,504.7828369140625,110.65093231201172,48.92607879638672,42.096168518066406,69.96953582763672,57.83403778076172,76.48123168945312,24.81745719909668,90.93748474121094,48.77000045776367,101.85260009765625
2024-09-17,505.01702880859375,111.50860595703125,48.69089889526367,42.14332580566406,69.87702941894531,57.58708953857422,76.45391082763672,24.808229446411133,90.30347442626953,48.529998779296875,101.86180877685547
2024-09-18,503.3778076171875,111.65316772460938,48.521575927734375,41.992408752441406,69.66426849365234,56.96511459350586,76.29005432128906,24.720563888549805,90.19322204589844,48.150001525878906,101.89871978759766
2024-09-19,512.1591796875,113.83111572265625,49.4528694152832,42.86961364746094,69.66426849365234,56.80961608886719,76.35376739501953,24.595993041992188,90.21159362792969,48.88999938964844,101.91716766357422
2024-09-20,511.15411376953125,112.70356750488281,49.00387191772461,42.84501266479492,69.65502166748047,56.67241668701172,76.40841674804688,24.752864837646484,89.85324096679688,49.52000045776367,101.96327209472656
2024-09-23,512.4127807617188,112.6939468383789,49.201961517333984,43.195037841796875,69.60877227783203,56.56265640258789,76.33558654785156,24.757474899291992,90.7445297241211,49.599998474121094,101.98173522949219
2024-09-24,513.88623046875,112.72286224365234,49.50381088256836,44.69920349121094,69.69200897216797,56.59009552001953,76.45391082763672,24.822067260742188,90.8731689453125,50.310001373291016,101.99098205566406
2024-09-25,512.842041015625,111.26608276367188,49.19252395629883,44.245113372802734,69.43302154541016,56.123626708984375,76.18083190917969,24.72979164123535,90.26673126220703,50.25,102.00943756103516
2024-09-26,514.8814086914062,111.98237609863281,50.286739349365234,45.65467071533203,69.43302154541016,56.2242431640625,76.13530731201172,24.692880630493164,89.44895935058594,50.5,102.01863861083984
2024-09-27,514.2149047851562,112.8244857788086,49.97545623779297,45.64521789550781,69.63654327392578,56.498634338378906,76.4175033569336,24.7620906829834,89.56294250488281,50.09000015258789,102.05553436279297
2024-09-30,516.4562377929688,113.21167755126953,49.815093994140625,45.266815185546875,69.47929382324219,56.28826141357422,76.23545837402344,24.743637084960938,90.26712799072266,49.70000076293945,102.05553436279297
2024-10-01,511.6309814453125,111.75006103515625,49.46607971191406,45.60737228393555,69.68431854248047,56.65255355834961,76.52503967285156,24.822101593017578,89.68338775634766,50.209999084472656,102.0777587890625
2024-10-02,511.71905517578125,111.23705291748047,49.38117980957031,46.55339050292969,69.55441284179688,56.2396240234375,76.43367767333984,24.794404983520508,89.36833953857422,50.220001220703125,102.0777587890625
2024-10-03,510.7501220703125,110.40460968017578,48.918968200683594,45.85334014892578,69.24823760986328,55.77164840698242,76.0956802368164,24.69286346435547,88.55297088623047,50.20000076293945,102.0777587890625
2024-10-04,515.4579467773438,112.06949615478516,49.211387634277344,46.41149139404297,68.79364776611328,55.08345413208008,75.63892364501953,24.517478942871094,88.12673950195312,50.08000183105469,102.11483001708984
2024-10-07,510.818603515625,111.00474548339844,48.93783950805664,46.81827926635742,68.58951568603516,54.734764099121094,75.3557357788086,24.494401931762695,87.34840393066406,49.91999816894531,102.1055679321289
2024-10-08,515.6536254882812,110.87892150878906,48.862369537353516,45.446556091308594,68.69158935546875,54.780643463134766,75.48365020751953,24.53594207763672,87.52445220947266,49.540000915527344,102.13334655761719
2024-10-09,519.1771240234375,111.18865203857422,48.88124465942383,45.13437271118164,68.50604248046875,54.47782897949219,75.30091857910156,24.499011993408203,87.61711120605469,49.27000045776367,102.14260864257812
2024-10-10,518.3060913085938,110.43365478515625,48.79634094238281,45.228973388671875,68.47819519042969,54.28514099121094,75.32832336425781,24.54978370666504,86.83880615234375,49.650001525878906,102.1518783569336
2024-10-11,521.38916015625,112.47602844238281,49.04160690307617,45.55061721801758,68.48748016357422,54.138328552246094,75.3648681640625,24.554401397705078,87.82096099853516,50.15999984741211,102.19818878173828
2024-10-14,525.656494140625,113.24071502685547,49.145362854003906,45.33303451538086,68.44110107421875,54.110809326171875,75.33747100830078,24.508243560791016,88.34911346435547,50.099998474121094,102.20746612548828
2024-10-15,521.6533203125,113.38590240478516,48.44732666015625,44.42485427856445,68.71015167236328,54.74393844604492,75.55670928955078,24.545169830322266,89.41468048095703,50.279998779296875,102.21672821044922
2024-10-16,523.845703125,114.91527557373047,48.635982513427734,44.841102600097656,68.80291748046875,54.90910339355469,75.73941802978516,24.554401397705078,90.3968505859375,50.529998779296875,102.23523712158203
2024-10-17,523.9240112304688,114.72168731689453,48.61711883544922,44.69920349121094,68.46893310546875,54.156681060791016,75.39227294921875,24.480554580688477,89.68338775634766,50.84000015258789,102.23523712158203
2024-10-18,525.9402465820312,114.36354064941406,48.89067077636719,45.247894287109375,68.50604248046875,54.21173858642578,75.39227294921875,24.508243560791016,90.35052490234375,51.369998931884766,102.28154754638672
2024-10-21,525.1279296875,112.35018920898438,48.334136962890625,44.92624282836914,68.04214477539062,53.34920120239258,74.84418487548828,24.342090606689453,88.58075714111328,51.380001068115234,102.29082489013672
2024-10-22,524.7656860351562,111.6919937133789,48.08887481689453,44.869483947753906,68.06999206542969,53.3767204284668,74.83505249023438,24.379013061523438,88.7104721069336,51.91999816894531,102.29082489013672
2024-10-23,519.979736328125,110.98538970947266,47.62666320800781,44.5856819152832,67.90301513671875,53.22072982788086,74.66149139404297,24.314393997192383,89.35907745361328,51.290000915527344,102.29082489013672
2024-10-24,521.154296875,111.29512786865234,47.796451568603516,44.53838348388672,68.01433563232422,53.50518798828125,74.76195526123047,24.342090606689453,89.55367279052734,51.68000030517578,102.3093490600586
2024-10-25,520.9486083984375,110.80147552490234,47.64552688598633,44.500545501708984,67.87516021728516,53.25743865966797,74.64319610595703,24.26824378967285,88.7104721069336,51.79999923706055,102.34639739990234
2024-10-28,522.5733642578125,112.47602844238281,47.994544982910156,44.64244079589844,67.79167175292969,53.09226608276367,74.55184936523438,24.240549087524414,88.98845672607422,51.779998779296875,102.37418365478516
2024-10-29,523.4053344726562,111.9630126953125,47.83419418334961,44.4721565246582,67.84732055664062,53.14731979370117,74.6340560913086,24.26824378967285,88.34911346435547,52.36000061035156,102.37418365478516
2024-10-30,521.8295288085938,112.09852600097656,47.598365783691406,44.150516510009766,67.78240203857422,53.25743865966797,74.47875213623047,24.314393997192383,88.73827362060547,52.650001525878906,102.40196990966797
2024-10-31,511.5624084472656,110.26909637451172,47.2587776184082,44.055912017822266,67.77311706542969,53.34001922607422,74.33261108398438,24.286699295043945,87.23722076416016,51.84000015258789,102.42048645019531
2024-11-01,513.7841186523438,110.62725067138672,47.36254119873047,44.06537628173828,67.51068115234375,52.64193344116211,74.0455322265625,24.174877166748047,86.27357482910156,51.619998931884766,102.46422576904297
2024-11-04,512.6685180664062,111.3144760131836,47.42857360839844,44.207271575927734,67.78055572509766,53.36948776245117,74.41239929199219,24.221088409423828,87.21868896484375,51.70000076293945,102.48281860351562
2024-11-05,518.83447265625,113.60853576660156,47.92852020263672,44.850563049316406,67.94807434082031,53.59972381591797,74.62332153320312,24.23957061767578,88.37690734863281,51.810001373291016,102.48281860351562
2024-11-06,531.7540283203125,120.41323852539062,47.31538009643555,44.42485427856445,67.3896713256836,52.35643005371094,74.10060119628906,24.221088409423828,86.4959716796875,50.22999954223633,102.48281860351562
2024-11-07,535.8942260742188,119.57111358642578,48.03227615356445,45.38978958129883,67.8922348022461,52.93663787841797,74.79756164550781,24.30426025390625,87.53372192382812,51.060001373291016,102.51072692871094
2024-11-08,538.2628173828125,120.2680435180664,47.400272369384766,44.2640380859375,68.02252197265625,53.52605056762695,74.88009643554688,24.350467681884766,88.84020233154297,50.70000076293945,102.56654357910156
2024-11-11,538.7032470703125,122.21363067626953,47.381412506103516,44.00860595703125,67.8922348022461,53.32344436645508,74.7333755493164,24.285781860351562,88.39544677734375,49.5099983215332,102.5572509765625
2024-11-12,537.0882568359375,120.3357925415039,46.607913970947266,43.26125717163086,67.48274230957031,52.56825637817383,74.29317474365234,24.156400680541992,87.17235565185547,49.08000183105469,102.56654357910156
2024-11-13,537.3623657226562,119.31945037841797,46.34379196166992,43.034217834472656,67.454833984375,52.19987106323242,74.21980285644531,24.128677368164062,87.6541748046875,48.59000015258789,102.58515930175781
2024-11-14,533.9464111328125,117.78041076660156,46.381526947021484,42.76933670043945,67.43621826171875,52.45774459838867,74.118896484375,24.11943817138672,86.86659240722656,48.459999084472656,102.5944595336914
2024-11-15,527.0560913085938,116.6672592163086,46.24945831298828,42.68418502807617,67.454833984375,52.328800201416016,74.18314361572266,24.11943817138672,86.91292572021484,48.369998931884766,102.6130599975586
2024-11-18,529.2386474609375,116.725341796875,46.56074523925781,43.043678283691406,67.51998138427734,52.43009948730469,74.30236053466797,24.1656436920166,87.5429916381836,49.290000915527344,102.63167572021484
2024-11-19,531.1668701171875,116.98668670654297,46.504150390625,43.10989761352539,67.6409683227539,52.66035079956055,74.43990325927734,24.221088409423828,87.96922302246094,49.7400016784668,102.6502685546875
2024-11-20,531.362548828125,117.14155578613281,46.372093200683594,43.10043716430664,67.5665054321289,52.52220916748047,74.3115234375,24.202613830566406,87.8580322265625,50.029998779296875,102.66886901855469
2024-11-21,534.0443115234375,119.03874969482422,46.48528289794922,42.94907760620117,67.52928161621094,52.43009948730469,74.247314453125,24.174877166748047,88.50663757324219,50.439998626708984,102.66886901855469
2024-11-22,535.83544921875,121.04241180419922,46.69281005859375,42.958534240722656,67.55719757080078,52.466949462890625,74.30236053466797,24.184127807617188,89.17376708984375,51.08000183105469,102.70608520507812
2024-11-25,537.5580444335938,123.2977294921875,46.9192008972168,42.97746276855469,68.18074798583984,53.701026916503906,74.90760040283203,24.322742462158203,90.41537475585938,49.59000015258789,102.72468566894531
2024-11-26,540.5726318359375,122.10714721679688,46.63621139526367,42.75041198730469,68.05974578857422,53.52605056762695,74.8250961303711,24.26729965209961,90.7767562866211,49.689998626708984,102.73399353027344
2024-11-27,538.8499755859375,122.1749038696289,46.8814697265625,42.91123580932617,68.24588775634766,53.87600326538086,75.0268325805664,24.341222763061523,91.3604965209961,49.779998779296875,102.7525863647461
2024-11-29,541.6883544921875,122.4749755859375,47.44743728637695,43.10989761352539,68.4971694946289,54.35491180419922,75.35699462890625,24.405916213989258,90.95279693603516,50.25,102.79910278320312
2024-12-02,543.2151489257812,122.76536560058594,47.49460220336914,43.327476501464844,68.53730773925781,54.46398162841797,75.41129302978516,24.40406036376953,89.62779235839844,49.790000915527344,102.8140640258789
2024-12-03,543.3424682617188,121.8554916381836,47.69270324707031,43.50722122192383,68.37862396240234,54.05725860595703,75.26402282714844,24.40406036376953,89.17376708984375,49.88999938964844,102.84207153320312
2024-12-04,546.7681274414062,122.28137969970703,47.70212936401367,43.57344436645508,68.61199188232422,54.5656623840332,75.51254272460938,24.487445831298828,88.93286895751953,50.040000915527344,102.84207153320312
2024-12-05,545.8577270507812,120.51970672607422,47.91908264160156,43.85724639892578,68.621337890625,54.65810775756836,75.4941177368164,24.450382232666016,88.7197494506836,49.66999816894531,102.87006378173828
2024-12-06,546.9442138671875,120.52938079833984,47.85305404663086,43.87617492675781,68.80802917480469,54.750526428222656,75.7058334350586,24.45965003967285,88.59002685546875,49.68000030517578,102.91676330566406
2024-12-09,544.0960083007812,120.38419342041016,47.73986053466797,44.94516372680664,68.60264587402344,54.343814849853516,75.57696533203125,24.431856155395508,88.84020233154297,50.16999816894531,102.9354248046875
2024-12-10,542.5496826171875,119.95829772949219,47.390838623046875,44.1126708984375,68.5279769897461,54.09423065185547,75.52175903320312,24.422590255737305,87.55225372314453,50.83000183105469,102.9354248046875
2024-12-11,546.660400390625,120.67456817626953,47.73042297363281,44.188350677490234,68.37862396240234,53.613563537597656,75.41129302978516,24.39478874206543,87.34840393066406,51.29999923706055,102.9541015625
2024-12-12,543.8416137695312,119.70662689208984,47.26821517944336,43.923465728759766,68.1078872680664,53.077423095703125,75.14437103271484,24.302146911621094,87.20942687988281,50.56999969482422,102.96343231201172
2024-12-13,543.8024291992188,118.8935546875,47.14558792114258,43.94239044189453,67.83718872070312,52.61524200439453,74.85903930664062,24.237287521362305,86.95924377441406,49.97999954223633,102.991455078125
2024-12-16,545.9360961914062,119.31945037841797,46.94749450683594,43.71535110473633,67.91187286376953,52.69843292236328,74.9234619140625,24.21875762939453,86.65347290039062,50.060001373291016,103.01947784423828
2024-12-17,543.6458740234375,117.63710021972656,46.83430480957031,43.61128616333008,67.92118835449219,52.7816276550293,74.88665008544922,24.200233459472656,86.23651885986328,49.90999984741211,103.01947784423828
2024-12-18,527.6824340820312,112.8499526977539,45.67405700683594,42.59904861450195,67.38910675048828,52.16230773925781,74.12267303466797,24.051990509033203,82.67847442626953,48.93000030517578,103.035400390625
2024-12-19,527.4867553710938,112.4395980834961,45.560855865478516,42.77879333496094,67.20242309570312,51.533729553222656,73.92017364501953,23.931543350219727,81.39978790283203,49.0,103.06352233886719
2024-12-20,533.4570922851562,113.16256713867188,45.544586181640625,43.017127990722656,67.40777587890625,51.737083435058594,74.19631958007812,23.99667739868164,82.77112579345703,49.5,103.09165954589844
2024-12-23,537.2756958007812,112.96717834472656,45.81266403198242,43.20121383666992,67.19308471679688,51.33960723876953,74.0122299194336,23.95945930480957,83.0948257446289,49.27000045776367,103.10102081298828
2024-12-24,542.8036499023438,113.91484069824219,45.99457931518555,43.3756103515625,67.28953552246094,51.504756927490234,74.14344024658203,24.0059814453125,83.64678955078125,49.38999938964844,103.12913513183594
2024-12-26,542.7937622070312,114.68665313720703,46.176483154296875,43.2690315246582,67.33636474609375,51.4862060546875,74.22660827636719,24.0059814453125,83.87132263183594,49.720001220703125,103.14788818359375
2024-12-27,537.1676635742188,113.13327026367188,46.06159591674805,43.11402130126953,67.19588470458984,51.12434768676758,74.04178619384766,23.950153350830078,83.02933502197266,49.369998931884766,103.17601776123047
2024-12-30,531.18798828125,112.32237243652344,45.77437210083008,42.73616027832031,67.4581069946289,51.5418815612793,74.31900024414062,24.03389549255371,82.6176986694336,49.220001220703125,103.20413208007812
2024-12-31,529.04736328125,112.56663513183594,45.78394317626953,42.66834259033203,67.34573364257812,51.35630416870117,74.17115783691406,24.03389549255371,83.33806610107422,49.5099983215332,103.21351623535156
2025-01-02,527.7218627929688,112.32237243652344,45.688201904296875,42.55207824707031,67.37384033203125,51.41197967529297,74.18964385986328,24.015287399291992,82.5989761352539,50.189998626708984,103.23225402832031
2025-01-03,534.5361328125,113.5533676147461,45.95627975463867,42.765228271484375,67.28953552246094,51.26352310180664,74.05104064941406,23.978069305419922,83.68421173095703,49.790000915527344,103.26036834716797
2025-01-06,537.648681640625,113.5436019897461,46.40626525878906,42.75553894042969,67.22398376464844,51.07795333862305,73.98636627197266,23.98737907409668,82.60834503173828,49.7400016784668,103.27912139892578
2025-01-07,531.6002807617188,112.70339965820312,46.25307846069336,42.48426055908203,66.9898452758789,50.54907989501953,73.73688507080078,23.950153350830078,81.8224868774414,50.0099983215332,103.29786682128906
2025-01-08,532.317138671875,112.73272705078125,46.19563293457031,42.212982177734375,67.06477355957031,50.62331008911133,73.79231262207031,23.99667739868164,82.03766632080078,50.290000915527344,103.29786682128906
2025-01-10,524.2166748046875,110.47591400146484,45.506290435791016,41.476654052734375,66.7182388305664,50.26145553588867,73.35801696777344,23.903629302978516,80.03561401367188,50.779998779296875,103.32601165771484
2025-01-13,524.8941040039062,110.92532348632812,45.38182830810547,41.176307678222656,66.6527099609375,50.16866683959961,73.15475463867188,23.931543350219727,81.01791381835938,50.25,103.3447494506836
2025-01-14,525.561767578125,112.4395980834961,45.55416488647461,41.6704216003418,66.69952392578125,50.09444046020508,73.22867584228516,23.940853118896484,81.75700378417969,50.529998779296875,103.3541030883789
2025-01-15,535.1744384765625,114.3349380493164,46.119041442871094,42.10641098022461,67.23334503173828,50.920223236083984,73.92166900634766,24.099029541015625,82.22476959228516,50.90999984741211,103.37285614013672
2025-01-16,534.3790893554688,114.66712188720703,46.2722282409668,42.087032318115234,67.36445617675781,51.115074157714844,74.09722900390625,24.1269474029541,83.92745208740234,51.25,103.38223266601562
2025-01-17,539.5045166015625,115.2728271484375,46.502010345458984,42.43581771850586,67.38318634033203,51.18001937866211,74.13420867919922,24.145551681518555,83.87132263183594,50.9900016784668,103.42909240722656
2025-01-21,544.4138793945312,117.19746398925781,47.401981353759766,42.833045959472656,67.57987976074219,51.5882682800293,74.43912506103516,24.16415786743164,85.44303894042969,51.75,103.44783782958984
2025-01-22,547.5067749023438,116.1814193725586,47.29666519165039,42.79429244995117,67.43936157226562,51.36558532714844,74.22660827636719,24.13624382019043,83.95551300048828,52.029998779296875,103.44783782958984
2025-01-23,550.5408935546875,116.57220458984375,47.622196197509766,42.95899963378906,67.33636474609375,51.022281646728516,74.1988754272461,24.154855728149414,84.57298278808594,51.97999954223633,103.46659851074219
2025-01-24,548.8815307617188,116.32797241210938,47.89027404785156,43.191524505615234,67.46747589111328,51.217124938964844,74.30978393554688,24.192073822021484,84.86299896240234,52.310001373291016,103.50407409667969
2025-01-27,541.242431640625,116.03486633300781,47.80410385131836,42.49394989013672,67.82335662841797,51.83878707885742,74.70708465576172,24.303735733032227,85.99500274658203,51.7599983215332,103.52283477783203
2025-01-28,545.7786865234375,115.96648406982422,47.756229400634766,42.73616027832031,67.78588104248047,51.755279541015625,74.67937469482422,24.31303596496582,84.95655059814453,52.18000030517578,103.53221130371094
2025-01-29,543.3829345703125,115.59524536132812,47.756229400634766,42.765228271484375,67.74845123291016,51.681053161621094,74.6331787109375,24.2944278717041,83.83390045166016,52.0,103.54158020019531
2025-01-30,546.2205810546875,116.689453125,48.27323913574219,43.42405319213867,67.84209442138672,51.885169982910156,74.78102111816406,24.31303596496582,84.9004135131836,52.7599983215332,103.55096435546875
2025-01-31,543.3043823242188,115.71247100830078,47.81367492675781,43.017127990722656,67.74845123291016,51.65320587158203,74.660888671875,24.331642150878906,84.71330261230469,52.869998931884766,103.58844757080078
2025-02-03,539.7401733398438,114.17861938476562,47.22007369995117,42.765228271484375,67.80950927734375,51.93913650512695,74.65438842773438,24.3781681060791,84.53556060791016,53.16999816894531,103.6006851196289
2025-02-04,543.323974609375,115.45846557617188,47.79452896118164,43.4531135559082,67.9034652709961,52.097450256347656,74.81208801269531,24.415386199951172,84.60104370117188,53.689998626708984,103.6100845336914
2025-02-05,545.5529174804688,116.49405670166016,48.254093170166016,43.25934982299805,68.2511215209961,52.86112976074219,75.1738510131836,24.527042388916016,85.7891845703125,54.02000045776367,103.6195068359375
2025-02-06,547.5166625976562,116.07394409179688,48.45515060424805,43.462799072265625,68.17595672607422,52.87044906616211,75.04400634765625,24.48982048034668,86.00434112548828,53.88999938964844,103.63831329345703
2025-02-07,542.19482421875,114.45217895507812,48.07217788696289,43.482181549072266,67.96925354003906,52.563106536865234,74.80281066894531,24.424692153930664,85.72368621826172,53.970001220703125,103.66653442382812
2025-02-10,546.0732421875,114.57918548583984,48.37855529785156,43.91817092895508,67.98802947998047,52.44203186035156,74.85845947265625,24.433996200561523,85.68627166748047,54.880001068115234,103.67594146728516
2025-02-11,546.564208984375,114.37401580810547,48.57004165649414,43.73408889770508,67.8752670288086,52.13470458984375,74.7471694946289,24.424692153930664,86.06048583984375,54.689998626708984,103.67594146728516
2025-02-12,544.757568359375,112.9378662109375,48.66579055786133,43.947227478027344,67.52763366699219,51.46415710449219,74.4132308959961,24.2944278717041,85.26527404785156,54.75,103.67594146728516
2025-02-13,550.5113525390625,114.48149108886719,49.29768753051758,44.17975616455078,67.93167114257812,52.22783279418945,74.83992767333984,24.424692153930664,86.11662292480469,55.279998779296875,103.70419311523438
2025-02-14,550.531005859375,114.39354705810547,49.316829681396484,44.45103454589844,68.14776611328125,52.54447937011719,75.11821746826172,24.471214294433594,85.72368621826172,54.459999084472656,103.75121307373047
2025-02-18,552.1216430664062,115.10673522949219,49.65192794799805,44.6641845703125,67.89407348632812,51.98569869995117,74.87702941894531,24.39677619934082,86.10726165771484,55.369998931884766,103.75121307373047
2025-02-19,553.45703125,114.66712188720703,49.221092224121094,44.53823471069336,67.98802947998047,52.032257080078125,74.96051788330078,24.433996200561523,86.1727523803711,55.41999816894531,103.77943420410156
2025-02-20,551.1299438476562,113.36772918701172,49.41257858276367,45.012969970703125,68.07258605957031,52.199893951416016,75.09038543701172,24.48982048034668,86.58440399169922,55.439998626708984,103.78883361816406
2025-02-21,541.7529907226562,110.35867309570312,49.05833053588867,44.95484161376953,68.37325286865234,52.78662109375,75.33157348632812,24.554956436157227,85.7330551147461,55.38999938964844,103.82646942138672
2025-02-24,539.1902465820312,109.94834899902344,49.01045608520508,44.26694869995117,68.46721649169922,52.92631912231445,75.4521484375,24.582870483398438,86.0698471069336,55.68000030517578,103.84529113769531
2025-02-25,536.5096435546875,110.0558090209961,49.36470031738281,44.24757766723633,68.89942169189453,53.73656463623047,75.86957550048828,24.69452667236328,87.12699890136719,54.970001220703125,103.86410522460938
2025-02-26,536.8435668945312,109.83110809326172,49.4412956237793,44.67387771606445,69.00277709960938,54.03458023071289,75.98088836669922,24.713132858276367,86.76213836669922,55.040000915527344,103.86410522460938
2025-02-27,528.22265625,108.28749084472656,48.857269287109375,43.88909912109375,68.91822814941406,53.71793746948242,75.83246612548828,24.69452667236328,87.10829162597656,54.20000076293945,103.87352752685547
2025-02-28,536.43115234375,109.21561431884766,48.895565032958984,43.33685302734375,69.20948791503906,54.31396484375,76.10147857666016,24.85270118713379,87.84737396240234,53.869998931884766,103.91114807128906
2025-03-03,527.1917724609375,106.67547607421875,49.25938415527344,42.92023849487305,69.36874389648438,54.59334182739258,76.25692749023438,24.92253303527832,88.2590103149414,54.56999969482422,103.92814636230469
2025-03-04,520.8389282226562,105.05371856689453,49.12535095214844,43.28840637207031,69.17085266113281,54.02339172363281,76.17315673828125,24.84804916381836,87.2392807006836,55.040000915527344,103.93756866455078
2025-03-05,526.68115234375,106.1479263305664,50.28383255004883,44.57698440551758,68.92583465576172,53.57490539550781,75.91252136230469,24.70840072631836,88.21224975585938,55.16999816894531,103.9564437866211
2025-03-06,517.12744140625,104.78993225097656,49.8146858215332,44.34446334838867,68.8692855834961,53.43475341796875,75.78219604492188,24.699092864990234,85.94822692871094,54.869998931884766,103.96589660644531
2025-03-07,519.9159545898438,105.3272705078125,50.341270446777344,44.52854537963867,68.79389953613281,53.27592849731445,75.70771026611328,24.661853790283203,86.46276092529297,54.90999984741211,104.01307678222656
2025-03-10,506.1695861816406,102.85552978515625,49.18278884887695,43.53062438964844,69.11430358886719,53.817840576171875,75.9404525756836,24.76426124572754,85.63014221191406,54.43000030517578,104.02253723144531
2025-03-11,502.0162658691406,102.28887176513672,49.04875564575195,43.84064865112305,68.85042572021484,53.46278762817383,75.55876922607422,24.689781188964844,84.62911224365234,55.06999969482422,104.0414047241211
2025-03-12,504.45135498046875,101.83946990966797,49.41257858276367,43.99567413330078,68.70909881591797,53.154457092285156,75.3539810180664,24.68047332763672,84.36715698242188,55.29999923706055,104.0414047241211
2025-03-13,497.8628845214844,100.12976837158203,49.03917694091797,43.86003494262695,68.9164047241211,53.584251403808594,75.54947662353516,24.70840072631836,82.70189666748047,56.27000045776367,104.05082702636719
2025-03-14,508.0843200683594,102.58198547363281,49.977447509765625,44.64480209350586,68.74677276611328,53.313297271728516,75.48429870605469,24.6339168548584,84.3578109741211,56.290000915527344,104.09803009033203
2025-03-17,511.9626770019531,103.67619323730469,50.57105255126953,45.25517654418945,68.84101867675781,53.51884460449219,75.56808471679688,24.661853790283203,85.79854583740234,56.619998931884766,104.09803009033203
2025-03-18,506.5622863769531,103.0323486328125,50.504032135009766,45.13892364501953,68.9164047241211,53.61227798461914,75.7170181274414,24.689781188964844,85.3494873046875,57.27000045776367,104.10746765136719
2025-03-19,511.88421630859375,104.42388153076172,50.733821868896484,45.20674133300781,69.12373352050781,53.827178955078125,76.0521469116211,24.810810089111328,85.45238494873047,57.5099983215332,104.11689758300781
2025-03-20,510.7059020996094,103.92411041259766,50.341270446777344,44.79982376098633,69.1520004272461,53.939300537109375,76.02422332763672,24.838741302490234,85.3962631225586,57.439998626708984,104.13577270507812
2025-03-21,510.83355712890625,103.25775146484375,50.06425857543945,44.59324645996094,69.09545135498047,53.659000396728516,75.99628448486328,24.82012367248535,84.45136260986328,56.970001220703125,104.17353820800781
2025-03-24,519.7981567382812,105.8448257446289,50.131591796875,44.72902297973633,68.79389953613281,53.11708068847656,75.7170181274414,24.727020263671875,85.75176239013672,56.70000076293945,104.18297576904297
2025-03-25,521.0352783203125,105.20785522460938,50.400909423828125,44.68053436279297,68.87869262695312,53.17314147949219,75.83804321289062,24.782882690429688,84.78958892822266,56.9900016784668,104.1924057006836
2025-03-26,514.9574584960938,104.64927673339844,49.794944763183594,44.40897750854492,68.72794342041016,52.855472564697266,75.66117858886719,24.74563980102539,85.12039184570312,56.91999816894531,104.20185089111328
2025-03-27,513.5407104492188,104.17890167236328,49.85265350341797,44.69993209838867,68.69964599609375,52.696632385253906,75.62393951416016,24.792190551757812,84.90302276611328,57.68000030517578,104.2207260131836
2025-03-28,503.2837829589844,101.92500305175781,49.2851676940918,43.943458557128906,69.09545135498047,53.41606521606445,76.02422332763672,24.931842803955078,84.78958892822266,58.130001068115234,104.2490463256836
2025-03-31,506.3479919433594,102.4737777709961,48.89080810546875,43.89495849609375,69.21795654296875,53.827178955078125,76.1080093383789,25.03424644470215,85.5740737915039,58.959999084472656,104.25849151611328
2025-04-01,508.210205078125,102.69917297363281,49.06393814086914,44.04043960571289,69.43543243408203,54.23979568481445,76.28462219238281,25.042654037475586,85.61188507080078,58.86000061035156,104.28121948242188
2025-04-02,511.2744140625,104.21809387207031,49.1985969543457,44.07923126220703,69.37870788574219,54.19290542602539,76.37808227539062,25.01462745666504,86.13170623779297,58.95000076293945,104.29069519042969
2025-04-03,486.88861083984375,96.91744232177734,48.1694221496582,43.28396987915039,69.73797607421875,54.5680046081543,76.6397476196289,25.164134979248047,83.1922836303711,58.599998474121094,104.30017852783203
2025-04-04,458.6700439453125,92.7330322265625,45.1203498840332,40.85935974121094,69.7947006225586,55.055641174316406,76.43414306640625,25.089378356933594,79.5818099975586,57.2599983215332,104.34752655029297
2025-04-07,456.7388916015625,91.45909118652344,44.13926696777344,39.21063232421875,68.9532241821289,53.50834274291992,75.32205963134766,24.809053421020508,77.4930191040039,56.099998474121094,104.35699462890625
2025-04-08,450.019287109375,88.74462127685547,43.90842819213867,38.686920166015625,68.55613708496094,52.5893440246582,74.67725372314453,24.734296798706055,75.41368865966797,56.310001373291016,104.37593078613281
2025-04-09,491.7559509277344,96.58426666259766,47.18832778930664,41.2085075378418,68.71685791015625,52.75813674926758,75.39682006835938,24.743640899658203,79.91261291503906,58.380001068115234,104.37593078613281
2025-04-10,474.9667053222656,92.33126068115234,46.255332946777344,40.675086975097656,68.16849517822266,51.57656478881836,74.60249328613281,24.48200225830078,78.08847045898438,59.810001373291016,104.37593078613281
2025-04-11,483.33172607421875,93.49740600585938,47.52497482299805,41.800106048583984,68.09285736083984,51.69846725463867,74.35015869140625,24.463314056396484,79.04308319091797,60.959999084472656,104.42328643798828
2025-04-14,488.1892395019531,94.52635955810547,48.0732307434082,42.18804168701172,68.48050689697266,52.111087799072266,74.81742858886719,24.594133377075195,80.67818450927734,60.59000015258789,104.4327621459961
2025-04-15,486.8196716308594,94.30096435546875,48.400264739990234,42.19773483276367,68.65069580078125,52.27989196777344,75.1445083618164,24.58478546142578,80.9239273071289,60.939998626708984,104.44223022460938
2025-04-16,476.1194763183594,93.37001037597656,48.294456481933594,41.66432571411133,68.83979797363281,52.57996368408203,75.43421936035156,24.66888427734375,80.8672103881836,62.93000030517578,104.46118927001953
2025-04-17,476.77960205078125,94.36956787109375,48.81385040283203,41.99407196044922,68.6884994506836,52.1579704284668,75.45289611816406,24.69692039489746,82.0770034790039,62.630001068115234,104.50852966308594
2025-04-21,465.41925048828125,92.48804473876953,48.5830078125,42.042564392089844,68.31031036376953,51.30460739135742,74.9576187133789,24.58478546142578,80.36627960205078,64.58999633789062,104.51801300048828
2025-04-22,477.16387939453125,94.72233581542969,49.535240173339844,42.702056884765625,68.43321990966797,51.5859375,75.06974792480469,24.6782283782959,81.92578887939453,63.65999984741211,104.52748107910156
2025-04-23,484.82940673828125,95.92768859863281,49.67951965332031,43.11909103393555,68.5750503540039,52.05482482910156,75.22860717773438,24.7623291015625,82.0770034790039,62.119998931884766,104.53695678710938
2025-04-24,495.01727294921875,97.87779998779297,50.3143424987793,43.662200927734375,68.96269226074219,52.55183792114258,75.82670593261719,24.874462127685547,82.37947082519531,63.040000915527344,104.54644012451172
2025-04-25,498.6628112792969,97.83859252929688,50.42975997924805,43.516719818115234,69.18961334228516,52.898799896240234,76.1537857055664,24.893150329589844,82.23768615722656,62.34000015258789,104.58430480957031
2025-04-28,498.9682312011719,98.18157196044922,50.77602767944336,43.63310623168945,69.35979461669922,53.18951416015625,76.33135986328125,24.967906951904297,82.74807739257812,63.22999954223633,104.59378814697266
2025-04-29,501.9930725097656,98.81855010986328,50.9299201965332,43.78828048706055,69.53943634033203,53.60212326049805,76.4715347290039,25.01462745666504,83.1922836303711,62.63999938964844,104.59378814697266
2025-04-30,502.2394104003906,98.1227798461914,50.85297393798828,43.885257720947266,69.4921646118164,53.302032470703125,76.42481231689453,25.070690155029297,83.48529052734375,62.16999816894531,104.6221923828125
2025-05-01,505.7962341308594,98.73036193847656,50.6413688659668,43.86586380004883,69.29865264892578,52.98393630981445,76.1480484008789,24.979633331298828,83.7593765258789,60.86000061035156,104.63359832763672
2025-05-02,513.0480346679688,100.96465301513672,51.56474304199219,45.039371490478516,68.95719146728516,52.45692443847656,75.94165802001953,24.82944107055664,84.78958892822266,60.970001220703125,104.65261840820312
2025-05-05,510.3679504394531,100.23948669433594,51.660926818847656,45.39821243286133,68.86233520507812,52.21223831176758,75.90414428710938,24.84821319580078,84.6005630493164,62.790000915527344,104.66211700439453
2025-05-06,506.0228576660156,99.61231994628906,51.65131378173828,45.17515182495117,69.01410675048828,52.34398651123047,76.0261001586914,24.9045352935791,83.94841003417969,64.56999969482422,104.67160034179688
2025-05-07,508.3088073730469,99.74950408935547,51.46855926513672,44.61264419555664,69.14689636230469,52.56985855102539,76.17619323730469,24.913923263549805,84.04293060302734,63.61000061035156,104.69062042236328
2025-05-08,511.69818115234375,101.57221984863281,51.295433044433594,44.53505325317383,68.77696990966797,52.01461410522461,75.87598419189453,24.82944107055664,83.71212005615234,62.34000015258789,104.70012664794922
2025-05-09,511.0182800292969,101.54281616210938,51.632076263427734,44.8551025390625,68.83387756347656,52.09931182861328,75.86662292480469,24.857595443725586,84.26976776123047,62.77000045776367,104.72863006591797
2025-05-12,528.0341796875,105.36463928222656,51.88214874267578,45.863739013671875,68.59674835205078,51.6381721496582,75.79155731201172,24.660463333129883,84.68562316894531,61.0,104.7381362915039
2025-05-13,531.5023803710938,105.85462188720703,51.96872329711914,45.941322326660156,68.56830596923828,51.42171096801758,75.87598419189453,24.7167911529541,83.60814666748047,61.279998779296875,104.74764251708984
2025-05-14,532.1625366210938,104.77665710449219,51.75711441040039,46.31956100463867,68.3311767578125,51.12998580932617,75.59455108642578,24.679243087768555,82.78587341308594,59.970001220703125,104.74764251708984
2025-05-15,534.7734985351562,105.50183868408203,52.30537033081055,46.24197006225586,68.70109558105469,51.572296142578125,76.08238220214844,24.77311134338379,84.2981185913086,60.93000030517578,104.76663970947266
2025-05-16,538.221923828125,106.3152084350586,52.42079162597656,46.290470123291016,68.74853515625,51.66640090942383,76.16680908203125,24.810659408569336,85.34724426269531,60.20000076293945,104.80465698242188
2025-05-19,538.7738037109375,105.62923431396484,52.8440055847168,46.48443603515625,68.72954559326172,51.515830993652344,76.21370697021484,24.820051193237305,85.36614227294922,60.970001220703125,104.80465698242188
2025-05-20,536.8623046875,105.45284271240234,53.09408950805664,46.387454986572266,68.60624694824219,51.177032470703125,76.1480484008789,24.763723373413086,84.8652114868164,62.119998931884766,104.82366943359375
2025-05-21,527.8864135742188,102.54236602783203,52.8055305480957,46.27107238769531,68.17940521240234,50.38650894165039,75.53826904296875,24.613529205322266,82.60629272460938,62.59000015258789,104.83316802978516
2025-05-22,528.1327514648438,102.44438171386719,52.74782180786133,46.16438674926758,68.3691177368164,50.64060592651367,75.81031799316406,24.68862533569336,82.22823333740234,62.029998779296875,104.8521728515625
2025-05-23,524.5660400390625,101.90540313720703,52.930572509765625,46.35835647583008,68.47343444824219,50.762943267822266,75.91352081298828,24.735565185546875,82.31328582763672,63.380001068115234,104.89971160888672
2025-05-27,535.3450927734375,104.49248504638672,53.67118835449219,46.1934814453125,68.79594421386719,51.39348220825195,76.33567810058594,24.83881950378418,83.74992370605469,62.310001373291016,104.89971160888672
2025-05-28,532.2905883789062,103.23814392089844,53.18065643310547,45.912227630615234,68.6441879272461,51.158206939697266,76.1855697631836,24.726177215576172,83.66486358642578,62.16999816894531,104.90918731689453
2025-05-29,534.3400268554688,103.71831512451172,53.39225769042969,46.11589431762695,68.89079284667969,51.59111022949219,76.44824981689453,24.810659408569336,84.42098999023438,62.540000915527344,104.93770599365234
2025-05-30,533.7882080078125,103.25775146484375,53.45958709716797,45.582481384277344,69.02359771728516,51.73228454589844,76.66400146484375,24.885759353637695,84.42098999023438,62.15999984741211,104.95672607421875
2025-06-02,536.891845703125,102.90496826171875,54.07516860961914,45.90253448486328,68.8713150024414,51.25992202758789,76.53026580810547,24.823562622070312,84.5344009399414,63.77000045776367,104.9729232788086
2025-06-03,539.9364624023438,104.56107330322266,53.680816650390625,46.00921630859375,68.79517364501953,51.19379425048828,76.54910278320312,24.78586196899414,84.36427307128906,63.22999954223633,104.99200439453125
2025-06-04,539.591552734375,104.28669738769531,53.959747314453125,46.46503448486328,69.22342681884766,51.9779052734375,76.97296905517578,24.870681762695312,84.6005630493164,63.619998931884766,105.00153350830078
2025-06-05,537.0692138671875,104.25729370117188,53.959747314453125,46.5814208984375,69.09019470214844,51.9779052734375,76.67155456542969,24.83298683166504,84.5344009399414,63.290000915527344,105.03016662597656
2025-06-06,542.5573120117188,105.51164245605469,54.13288116455078,46.785091400146484,68.71903991699219,51.344940185546875,76.32305145263672,24.719892501831055,84.9408187866211,62.470001220703125,105.03970336914062
2025-06-09,543.1385498046875,106.63858795166016,54.15211868286133,47.12453079223633,68.82373046875,51.41108322143555,76.49258422851562,24.729320526123047,85.05423736572266,62.7400016784668,105.06831359863281
2025-06-10,546.2323608398438,107.28536224365234,54.277164459228516,47.473670959472656,68.95697021484375,51.62835693359375,76.6056137084961,24.738740921020508,85.7820053100586,62.77000045776367,105.07785034179688
2025-06-11,544.724853515625,106.63858795166016,54.26754379272461,47.62884521484375,69.17584228515625,51.81730270385742,76.87879180908203,24.77644157409668,85.31886291503906,63.119998931884766,105.08738708496094
2025-06-12,546.7841186523438,106.22699737548828,54.69075393676758,47.638545989990234,69.43277740478516,52.393577575683594,77.15194702148438,24.85183334350586,85.73474884033203,63.88999938964844,105.1064453125
2025-06-13,540.695068359375,104.16910552978516,54.02708053588867,46.92086410522461,69.18536376953125,51.90232467651367,76.82225036621094,24.823562622070312,84.90302276611328,64.73999786376953,105.14459991455078
2025-06-16,545.9170532226562,105.21953582763672,54.2963981628418,47.35729217529297,69.05213928222656,51.47721862792969,76.78457641601562,24.77644157409668,84.96918487548828,63.79999923706055,105.14459991455078
2025-06-17,541.2665405273438,104.10811614990234,53.61348342895508,46.82387161254883,69.27100372314453,52.044029235839844,76.96355438232422,24.90837860107422,84.66673278808594,63.81999969482422,105.15413665771484
2025-06-18,541.1581420898438,104.54088592529297,53.75776290893555,46.69779968261719,69.30907440185547,52.10071563720703,77.02005767822266,24.917804718017578,84.95972442626953,63.47999954223633,105.18275451660156
2025-06-20,539.6604614257812,104.39334869384766,53.32245635986328,46.25913619995117,69.3566665649414,52.03458786010742,77.1330795288086,24.974349975585938,84.90302276611328,63.45000076293945,105.22090911865234
2025-06-23,545.2175903320312,105.78997802734375,53.729644775390625,46.63847351074219,69.52796936035156,52.23298263549805,77.34972381591797,24.993200302124023,86.1789779663086,63.66999816894531,105.2399673461914
2025-06-24,551.2080688476562,106.85221099853516,54.4373779296875,47.650028228759766,69.7373275756836,52.57307052612305,77.66055297851562,25.03089714050293,86.40579986572266,62.68000030517578,105.24952697753906
2025-06-25,551.4839477539062,105.78997802734375,54.16592025756836,47.76674270629883,69.75635528564453,52.601417541503906,77.62289428710938,25.03089714050293,84.32646942138672,62.849998474121094,105.2590560913086
2025-06-26,555.8486938476562,107.36366271972656,54.75731658935547,48.08771514892578,69.95621490478516,52.8281364440918,77.86776733398438,25.09686279296875,84.24820709228516,62.79999923706055,105.27814483642578
2025-06-27,558.607666015625,107.68822479248047,55.096641540527344,48.03907775878906,69.79441833496094,52.535282135009766,77.79243469238281,25.059165954589844,84.45818328857422,61.650001525878906,105.31629180908203
2025-06-30,561.3995971679688,107.49151611328125,55.271148681640625,48.10717010498047,70.07040405273438,53.017086029052734,78.103271484375,25.143985748291016,85.00220489501953,62.36000061035156,105.31629180908203
2025-07-01,561.1426391601562,109.13402557373047,55.23236846923828,48.30169677734375,70.01789093017578,53.0777702331543,78.09475708007812,25.139253616333008,85.62259674072266,62.91999816894531,105.32681274414062
2025-07-02,563.6331787109375,110.61917877197266,55.406883239746094,48.4378662109375,69.94153594970703,52.77435302734375,78.0853042602539,25.12033462524414,85.82302856445312,63.310001373291016,105.33639526367188
2025-07-03,568.5056762695312,111.21914672851562,55.47474670410156,48.65184783935547,69.76968383789062,52.48991394042969,77.95292663574219,25.08248519897461,85.91847229003906,62.869998931884766,105.37467193603516
2025-07-07,563.949462890625,109.33074951171875,54.786399841308594,48.07798767089844,69.5405502319336,52.015830993652344,77.70706176757812,25.05409812927246,85.18355560302734,62.91999816894531,105.39380645751953
2025-07-08,563.5739135742188,110.17658996582031,55.183895111083984,48.26279067993164,69.50235748291016,51.939979553222656,77.49903869628906,25.044641494750977,85.05948638916016,62.2599983215332,105.41294860839844
2025-07-09,566.9144287109375,111.09127807617188,55.5620002746582,48.2530632019043,69.77922821044922,52.442501068115234,77.83000183105469,25.110870361328125,85.12629699707031,62.52000045776367,105.42252349853516
2025-07-10,568.5748291015625,112.1928482055664,55.600772857666016,48.30169677734375,69.78877258300781,52.48991394042969,77.83000183105469,25.110870361328125,85.66077423095703,62.66999816894531,105.43209075927734
2025-07-11,566.5289916992188,110.96343231201172,55.13541793823242,48.233612060546875,69.50235748291016,51.826202392578125,77.55577087402344,25.073022842407227,85.67032623291016,63.29999923706055,105.4607925415039
2025-07-14,567.6458129882812,111.25849151611328,55.20328903198242,48.29197311401367,69.49280548095703,51.750343322753906,77.53687286376953,25.091951370239258,86.22389221191406,63.04999923706055,105.47994232177734
2025-07-15,565.1848754882812,108.99633026123047,54.65066909790039,48.64212417602539,69.28276824951172,51.3995246887207,77.30047607421875,25.01625633239746,84.95449829101562,62.779998779296875,105.47994232177734
2025-07-16,567.0429077148438,109.72415924072266,54.912437438964844,48.8658332824707,69.41643524169922,51.49433898925781,77.50849151611328,25.101408004760742,85.75621795654297,63.11000061035156,105.5086441040039
2025-07-17,570.4427490234375,111.01260375976562,55.03846740722656,49.16735076904297,69.43553161621094,51.475379943847656,77.59358978271484,25.12033462524414,85.66077423095703,62.959999084472656,105.5182113647461
2025-07-18,570.185791015625,110.02906799316406,54.912437438964844,49.10899353027344,69.55008697509766,51.58916473388672,77.77325439453125,25.14871597290039,85.84212493896484,63.130001068115234,105.55650329589844
2025-07-21,571.203857421875,109.77333068847656,55.271148681640625,49.361881256103516,69.7505874633789,51.996864318847656,78.00017547607422,25.224411010742188,86.19525909423828,64.08999633789062,105.5660629272461
2025-07-22,571.203857421875,110.97327423095703,55.53291320800781,49.37160873413086,69.86515045166016,52.28131103515625,78.14204406738281,25.243330001831055,87.67464447021484,64.69999694824219,105.57564544677734
2025-07-23,576.0564575195312,112.27153778076172,56.71570587158203,49.828758239746094,69.7219467163086,52.015830993652344,78.03801727294922,25.129796981811523,87.846435546875,63.90999984741211,105.58521270751953
2025-07-24,576.4518432617188,110.4716567993164,56.31821060180664,49.58559036254883,69.63601684570312,51.949459075927734,77.9434585571289,25.167640686035156,87.54102325439453,63.529998779296875,105.59477233886719
2025-07-25,578.7447509765625,111.05194091796875,56.250343322753906,49.44942092895508,69.807861328125,52.224422454833984,78.132568359375,25.196022033691406,87.55056762695312,62.90999984741211,105.63304901123047
2025-07-28,578.6064453125,110.94375610351562,55.41657257080078,49.06036376953125,69.69330596923828,51.949459075927734,78.00965881347656,25.14871597290039,86.14753723144531,62.52000045776367,105.64263153076172
2025-07-29,577.1041259765625,110.50115203857422,55.39718246459961,49.08953857421875,70.05606842041016,52.736427307128906,78.30278015136719,25.29063606262207,87.5314712524414,62.689998626708984,105.66175842285156
2025-07-30,576.4024047851562,109.72415924072266,54.98030090332031,48.69075393676758,69.87469482421875,52.45198059082031,78.17039489746094,25.196022033691406,86.29070281982422,61.619998931884766,105.65219116210938
2025-07-31,574.2379150390625,108.46522521972656,54.505245208740234,48.4378662109375,69.88423919677734,52.53731918334961,78.17984771728516,25.167640686035156,85.07857513427734,62.0099983215332,105.66175842285156
2025-08-01,564.7796630859375,106.67516326904297,54.311344146728516,48.18498229980469,70.4896011352539,53.23114776611328,78.84545135498047,25.317628860473633,84.86859893798828,63.290000915527344,105.75299072265625
2025-08-04,573.3682861328125,108.47505950927734,55.06755828857422,48.63240051269531,70.53751373291016,53.3643798828125,78.96888732910156,25.384078979492188,85.73713684082031,63.63999938964844,105.77220916748047
2025-08-05,570.61083984375,108.99633026123047,55.16450881958008,48.788021087646484,70.56624603271484,53.507144927978516,78.93090057373047,25.384078979492188,86.12844848632812,63.689998626708984,105.76260375976562
2025-08-06,574.8507690429688,108.98649597167969,55.59109115600586,49.00200271606445,70.5087890625,53.22161865234375,78.95938110351562,25.33661460876465,85.4603500366211,63.560001373291016,105.79141998291016
2025-08-07,574.5048217773438,108.7701187133789,55.98857879638672,49.361881256103516,70.48003387451172,53.155006408691406,78.89290618896484,25.37458610534668,85.70850372314453,64.08000183105469,105.801025390625
2025-08-08,578.9028930664062,109.06517791748047,56.250343322753906,49.30352020263672,70.32678985595703,52.95512771606445,78.69351196289062,25.3555965423584,85.00220489501953,64.05999755859375,105.83943176269531
2025-08-11,577.7168579101562,108.99633026123047,56.02736282348633,49.24516677856445,70.37466430664062,53.01224136352539,78.75048828125,25.37458610534668,84.43909454345703,63.16999816894531,105.84902954101562
2025-08-12,583.884033203125,112.49775695800781,56.65753173828125,49.80929946899414,70.3842544555664,52.764774322509766,78.82645416259766,25.317628860473633,84.91632080078125,63.099998474121094,105.86823272705078
2025-08-13,585.9199829101562,114.87793731689453,56.91929626464844,50.373435974121094,70.64286804199219,53.174034118652344,79.12079620361328,25.412559509277344,85.70850372314453,63.290000915527344,105.88744354248047
2025-08-14,585.9298095703125,113.25508880615234,56.82235336303711,49.80929946899414,70.44171905517578,52.802852630615234,78.9214096069336,25.3555965423584,85.09766387939453,62.900001525878906,105.88744354248047
2025-08-15,584.6648559570312,112.55677032470703,57.07442092895508,49.955196380615234,70.345947265625,52.47925567626953,78.86443328857422,25.28915023803711,85.58441925048828,62.939998626708984,105.916259765625
2025-08-18,584.457275390625,112.72396850585938,57.01625061035156,50.334529876708984,70.2693099975586,52.35552978515625,78.76948547363281,25.2796573638916,84.85905456542969,62.84000015258789,105.92586517333984
2025-08-19,581.2650146484375,112.86165618896484,56.948387145996094,49.97465133666992,70.40339660644531,52.63153839111328,78.8834228515625,25.28915023803711,86.31934356689453,62.4900016784668,105.95466613769531
2025-08-20,579.7330322265625,112.33053588867188,57.09381103515625,49.955196380615234,70.45130157470703,52.717193603515625,78.91191864013672,25.327119827270508,86.56749725341797,63.130001068115234,105.96426391601562
2025-08-21,577.4500732421875,112.24202728271484,56.82235336303711,49.86766052246094,70.27888488769531,52.46974563598633,78.6745376586914,25.327119827270508,86.30979919433594,62.900001525878906,105.95466613769531
2025-08-22,586.2857055664062,116.54995727539062,57.743377685546875,50.7430419921875,70.63330841064453,52.85043716430664,79.16825866699219,25.488502502441406,87.98006439208984,63.58000183105469,106.02188110351562
2025-08-25,583.8049926757812,115.44837951660156,57.02594757080078,50.5290641784668,70.53751373291016,52.73623275756836,79.02584838867188,25.46002197265625,87.47421264648438,63.439998626708984,106.02188110351562
2025-08-26,586.1373901367188,115.84180450439453,57.04533767700195,50.42206954956055,70.62371826171875,52.72671890258789,79.14928436279297,25.516979217529297,87.24514770507812,63.880001068115234,106.03150177001953
2025-08-27,587.4815063476562,116.80567932128906,56.97747039794922,50.081642150878906,70.6907730102539,52.68864822387695,79.24423217773438,25.56444549560547,87.78916931152344,64.01000213623047,106.05069732666016
2025-08-28,589.5570678710938,116.57946014404297,57.210147857666016,50.266448974609375,70.77696990966797,52.99320602416992,79.3106918334961,25.58342933654785,87.56011199951172,64.48999786376953,106.060302734375
2025-08-29,586.1571655273438,116.09751892089844,56.91929626464844,50.120548248291016,70.6907730102539,52.717193603515625,79.20624542236328,25.56444549560547,88.03731536865234,65.0999984741211,106.10832214355469
2025-09-02,581.8381958007812,115.22216796875,56.415157318115234,50.05246353149414,70.5398941040039,52.365604400634766,79.02323150634766,25.496795654296875,86.57704162597656,66.6500015258789,106.13530731201172
2025-09-03,584.8130493164062,115.08447265625,56.541194915771484,50.18863296508789,70.77053833007812,52.86241912841797,79.3092041015625,25.57301902770996,86.62476348876953,67.19999694824219,106.15457153320312
2025-09-04,589.6262817382812,116.80567932128906,56.89021682739258,49.97465133666992,71.03962707519531,53.20635986328125,79.74769592285156,25.611129760742188,87.27377319335938,66.91000366210938,106.1738510131836
2025-09-05,588.0153198242188,117.16958618164062,57.16167449951172,50.54851531982422,71.37599182128906,53.932464599609375,80.062255859375,25.70640754699707,88.25685119628906,67.76000213623047,106.23168182373047
2025-09-08,589.5372924804688,116.99254608154297,57.71428680419922,51.04456329345703,71.60664367675781,54.53437423706055,80.21477508544922,25.78263282775879,87.74144744873047,68.54000091552734,106.2509536743164
2025-09-09,590.9703979492188,115.96965789794922,57.559165954589844,51.239097595214844,71.47209167480469,54.28596878051758,80.11945343017578,25.734994888305664,87.54102325439453,68.41000366210938,106.24131774902344
2025-09-10,592.6801147460938,115.68444061279297,57.59794616699219,51.47252655029297,71.5970230102539,54.56303024291992,80.30058288574219,25.75404930114746,87.3978500366211,68.63999938964844,106.26058959960938
2025-09-11,597.5131225585938,118.12362670898438,58.23781967163086,52.114479064941406,71.75079345703125,54.84965133666992,80.53886413574219,25.811220169067383,88.99176788330078,68.52999877929688,106.27987670898438
2025-09-12,597.3846435546875,116.51061248779297,57.995445251464844,52.0172119140625,71.66429138183594,54.62991714477539,80.39588928222656,25.77310562133789,88.58135223388672,68.68000030517578,106.29914093017578
2025-09-15,600.497802734375,116.6187973022461,58.4608039855957,52.367366790771484,71.7988510131836,54.773223876953125,80.58654022216797,25.792165756225586,88.43819427490234,69.37999725341797,106.31840515136719
2025-09-16,599.7070922851562,116.47466278076172,58.392940521240234,52.69807052612305,71.80844116210938,54.84965133666992,80.5770034790039,25.82074546813965,87.97051239013672,69.54000091552734,106.33769226074219
2025-09-17,599.015380859375,116.44503784179688,58.1893424987793,53.02876281738281,71.68350219726562,54.72544860839844,80.42449951171875,25.792165756225586,87.85598754882812,69.0,106.34732055664062
2025-09-18,601.8320922851562,119.09085083007812,58.37355041503906,52.785606384277344,71.50092315673828,54.23820114135742,80.35775756835938,25.744522094726562,88.046875,68.70999908447266,106.35697174072266
2025-09-19,604.6389770507812,117.73833465576172,58.107608795166016,52.7171630859375,71.52976989746094,54.15221405029297,80.34822845458984,25.70640754699707,87.47421264648438,69.44000244140625,106.3955078125
2025-09-22,607.5841674804688,118.04437255859375,58.419334411621094,52.86381912231445,71.39521026611328,53.98023986816406,80.21477508544922,25.658769607543945,87.49330139160156,70.62999725341797,106.4051513671875
2025-09-23,604.4016723632812,117.80743408203125,58.331661224365234,52.854042053222656,71.53936004638672,54.333736419677734,80.34822845458984,25.725467681884766,87.97051239013672,70.94000244140625,106.4051513671875
2025-09-24,602.385498046875,116.83007049560547,57.922523498535156,52.75627136230469,71.39521026611328,54.14265823364258,80.11945343017578,25.687353134155273,87.1052474975586,70.29000091552734,106.414794921875
2025-09-25,599.509521484375,115.8132095336914,57.53286361694336,52.453189849853516,71.31832122802734,54.10444259643555,79.93832397460938,25.630186080932617,86.84508514404297,70.58000183105469,106.42442321777344
2025-09-26,603.037841796875,116.95841217041016,57.87381362915039,52.35541915893555,71.31832122802734,54.03755569458008,80.00505828857422,25.639713287353516,87.70264434814453,70.98999786376953,106.46296691894531
2025-09-29,604.7327270507812,117.06700897216797,58.166053771972656,52.736717224121094,71.50092315673828,54.4388313293457,80.17665100097656,25.668298721313477,87.73155975341797,72.16000366210938,106.47261047363281
2025-09-30,606.9628295898438,117.3138198852539,58.37062454223633,52.97136688232422,71.47209167480469,54.324180603027344,80.17665100097656,25.677824020385742,88.08806610107422,72.7699966430664,106.48223876953125
2025-10-01,609.1334228515625,117.65934753417969,58.808990478515625,53.30377960205078,71.6523666381836,54.45555114746094,80.45033264160156,25.71605110168457,88.22296905517578,72.87999725341797,106.50835418701172
2025-10-02,609.807373046875,118.01476287841797,58.935630798339844,53.45043182373047,71.72950744628906,54.608978271484375,80.53645324707031,25.706493377685547,87.76046752929688,72.6500015258789,106.51802825927734
2025-10-03,609.8569946289062,118.54786682128906,59.48114776611328,53.56775665283203,71.6427230834961,54.48432159423828,80.44075012207031,25.677824020385742,88.08806610107422,73.22000122070312,106.55670166015625
2025-10-06,611.9384155273438,118.2418212890625,59.59804916381836,53.753517150878906,71.47884368896484,54.11994171142578,80.278076171875,25.639596939086914,87.25941467285156,74.62000274658203,106.54703521728516
2025-10-07,609.7578125,116.73133850097656,59.081748962402344,53.46021270751953,71.61380767822266,54.4076042175293,80.38333129882812,25.696935653686523,86.94145202636719,75.01000213623047,106.55670166015625
2025-10-08,613.2963256835938,117.79756164550781,59.26683807373047,53.76329803466797,71.61380767822266,54.44596481323242,80.28765869140625,25.73516273498535,86.48857116699219,76.22000122070312,106.57604217529297
2025-10-09,611.6410522460938,116.44503784179688,58.760284423828125,53.294002532958984,71.56560516357422,54.39801788330078,80.16324615478516,25.696935653686523,86.01643371582031,74.83000183105469,106.58570861816406
2025-10-10,595.1978149414062,112.81199645996094,57.64976119995117,51.36794662475586,71.84519958496094,55.16512680053711,80.32591247558594,25.79250144958496,84.91797637939453,75.58000183105469,106.6340560913086
2025-10-13,604.21728515625,115.092529296875,58.253726959228516,52.795379638671875,71.96089935302734,55.136375427246094,80.55559539794922,25.830726623535156,85.45757293701172,77.43000030517578,106.6243896484375
2025-10-14,603.3649291992188,116.8399429321289,58.429073333740234,52.326087951660156,72.06694793701172,55.32814025878906,80.69913482666016,25.821170806884766,86.33440399169922,78.02999877929688,106.65341186523438
2025-10-15,606.021240234375,117.82717895507812,58.83821487426758,53.118019104003906,72.01873779296875,55.2034912109375,80.74698638916016,25.802059173583984,87.58702850341797,79.31999969482422,106.64372253417969
2025-10-16,602.0170288085938,116.28709411621094,59.09149169921875,53.294002532958984,72.2886962890625,55.606231689453125,80.94794464111328,25.868955612182617,87.2786865234375,81.1500015258789,106.6630630493164
2025-10-17,605.3571166992188,116.08963775634766,59.140193939208984,53.16690444946289,72.1922836303711,55.48157501220703,80.8331069946289,25.830726623535156,87.8471908569336,79.62999725341797,106.71141815185547
2025-10-20,611.7103881835938,117.9259033203125,59.656494140625,53.80240249633789,72.2886962890625,55.69252395629883,80.95751190185547,25.849838256835938,88.73365020751953,82.5,106.7210922241211
2025-10-21,611.6311645507812,118.2615737915039,59.12071228027344,53.323333740234375,72.3754653930664,55.941837310791016,81.00536346435547,25.90717887878418,88.4831314086914,77.37999725341797,106.7307357788086
2025-10-22,608.5386962890625,117.3927993774414,59.140193939208984,53.294002532958984,72.3754653930664,55.98019790649414,81.02449035644531,25.945404052734375,88.85891723632812,77.27999877929688,106.7500991821289
2025-10-23,611.97802734375,118.5577392578125,59.44218063354492,53.694854736328125,72.23082733154297,55.64457321166992,80.95751190185547,25.897621154785156,88.80110168457031,77.55000305175781,106.759765625
2025-10-24,617.0428466796875,119.5943374633789,59.63701248168945,53.949058532714844,72.3272476196289,55.6541633605957,81.11063385009766,25.87850570678711,89.06126403808594,77.30999755859375,106.77911376953125
2025-10-27,624.4268798828125,119.60421752929688,60.075374603271484,54.398799896240234,72.36580657958984,55.8267707824707,81.16803741455078,25.87850570678711,89.3117904663086,75.1500015258789,106.80811309814453
2025-10-28,626.1019897460938,118.91314697265625,60.06563186645508,54.36946487426758,72.40437316894531,55.941837310791016,81.1584701538086,25.90717887878418,87.55812072753906,74.58999633789062,106.81777954101562
2025-10-29,626.3596801757812,117.373046875,59.72468566894531,54.52589416503906,72.04765319824219,55.424034118652344,80.76612854003906,25.763832092285156,85.30340576171875,74.30999755859375,106.80811309814453
2025-10-30,619.7090454101562,116.09951782226562,59.45192337036133,53.95883560180664,71.92233276367188,55.16512680053711,80.53645324707031,25.71605110168457,85.70809173583984,75.79000091552734,106.81777954101562
2025-10-31,621.4930419921875,116.29696655273438,59.40321350097656,53.743743896484375,71.90304565429688,55.0308837890625,80.43119812011719,25.763832092285156,85.92971801757812,75.38999938964844,106.83711242675781
2025-11-03,622.7122192382812,116.53389739990234,59.549339294433594,53.86106491088867,71.81986999511719,54.90865707397461,80.31014251708984,25.727394104003906,85.80445861816406,75.54000091552734,106.86720275878906
2025-11-04,615.4966430664062,115.11227416992188,58.760284423828125,53.10824203491211,71.85855102539062,55.024147033691406,80.36778259277344,25.746572494506836,85.94898223876953,74.20999908447266,106.87689971923828
2025-11-05,617.3500366210938,117.03739166259766,59.13045883178711,53.57753372192383,71.65543365478516,54.45630645751953,80.17562866210938,25.65068244934082,86.02606201171875,75.05000305175781,106.88660430908203
2025-11-06,610.7886352539062,115.44792938232422,58.85769271850586,53.37221908569336,71.93592834472656,54.93752670288086,80.50230407714844,25.70821762084961,85.61174011230469,74.97000122070312,106.90599060058594
2025-11-07,611.432861328125,116.44503784179688,59.04278564453125,53.323333740234375,71.8972396850586,54.83165740966797,80.46385192871094,25.717805862426758,86.94145202636719,75.43000030517578,106.94480895996094
2025-11-10,620.9281005859375,117.59024810791016,59.76364517211914,54.03704833984375,71.87788391113281,54.80278015136719,80.44464111328125,25.727394104003906,86.89326477050781,77.47000122070312,106.95450592041016
2025-11-11,622.3554077148438,118.06411743164062,60.13382339477539,54.09571075439453,72.08101654052734,55.04340362548828,80.75209045410156,25.823284149169922,87.866455078125,77.80000305175781,106.95450592041016
2025-11-12,622.6626586914062,117.97526550292969,60.52348327636719,54.085933685302734,72.05199432373047,55.139644622802734,80.63679504394531,25.77533721923828,87.21124267578125,79.04000091552734,106.9642105102539
2025-11-13,612.5231323242188,115.45779418945312,59.81235885620117,53.60686492919922,71.83919525146484,54.75465393066406,80.41581726074219,25.727394104003906,86.14169311523438,78.41000366210938,106.97390747070312
2025-11-14,612.3646240234375,115.35907745361328,59.73442459106445,53.62641525268555,71.7328109741211,54.47554016113281,80.28131103515625,25.698625564575195,86.32476043701172,76.9800033569336,107.0030288696289
2025-11-17,606.6258544921875,112.84161376953125,58.96485137939453,53.01047134399414,71.77149963378906,54.61991500854492,80.28131103515625,25.698625564575195,85.61174011230469,76.11000061035156,107.01272583007812
2025-11-18,601.6304321289062,112.75276184082031,58.36088180541992,52.8344841003418,71.82952880859375,54.581417083740234,80.37738800048828,25.727394104003906,85.9586181640625,76.69000244140625,107.03213500976562
2025-11-19,603.8109741210938,112.62442016601562,58.166053771972656,52.7171630859375,71.8005142211914,54.5236701965332,80.34855651855469,25.68903923034668,85.28413391113281,76.77999877929688,107.04183197021484
2025-11-20,594.6527099609375,110.6203384399414,57.37699890136719,52.0914421081543,71.90691375732422,54.71616744995117,80.44464111328125,25.698625564575195,84.9276123046875,76.77999877929688,107.05152893066406
2025-11-21,600.5698852539062,114.10528564453125,58.22450637817383,51.88612365722656,72.08101654052734,54.85090255737305,80.73286437988281,25.75616455078125,86.30549621582031,76.61000061035156,107.09033203125
2025-11-24,609.5001220703125,115.59600830078125,58.50700759887695,52.41408157348633,72.20677185058594,55.12039566040039,80.93463897705078,25.77533721923828,86.53675079345703,77.83999633789062,107.10004425048828
2025-11-25,615.1694946289062,118.5774917602539,59.0622673034668,52.64872360229492,72.37120819091797,55.303260803222656,81.14599609375,25.813697814941406,87.33649444580078,77.83000183105469,107.10974884033203
2025-11-26,619.421630859375,119.23893737792969,59.69545364379883,52.90292739868164,72.44857788085938,55.49575424194336,81.29972839355469,25.871227264404297,87.72191619873047,78.44000244140625,107.12914276123047
2025-11-28,622.8510131835938,119.32778930664062,59.97795867919922,53.088687896728516,72.33251190185547,55.245521545410156,81.23248291015625,25.804105758666992,88.010986328125,79.41000366210938,107.15824127197266
2025-12-01,619.986572265625,118.68608093261719,59.67597198486328,53.03980255126953,72.05014038085938,54.621543884277344,80.95469665527344,25.72039222717285,86.99925994873047,79.80999755859375,107.17967987060547
2025-12-02,621.0371704101562,118.73544311523438,59.87080001831055,52.92247772216797,72.11804962158203,54.669837951660156,81.01255798339844,25.73001480102539,86.69091796875,79.29000091552734,107.19913482666016
2025-12-03,623.2078247070312,120.3841323852539,60.1922721862793,52.854042053222656,72.22480773925781,54.80506896972656,81.18617248535156,25.778127670288086,86.91253662109375,79.2300033569336,107.21859741210938
2025-12-04,623.7330932617188,120.285400390625,60.34813690185547,52.97136688232422,72.08894348144531,54.53461456298828,81.03185272216797,25.74925994873047,86.70055389404297,79.27999877929688,107.21859741210938
2025-12-05,624.9027099609375,120.07808685302734,60.43581008911133,53.186458587646484,72.0016098022461,54.30279541015625,80.95469665527344,25.701148986816406,86.60420227050781,79.13999938964844,107.25751495361328
2025-12-08,623.0491943359375,119.58446502685547,60.30916976928711,52.99092102050781,71.89486694335938,54.119285583496094,80.83897399902344,25.66265869140625,85.93934631347656,78.94999694824219,107.26725769042969
2025-12-09,622.543701171875,120.1373291015625,60.2409782409668,52.90292739868164,71.84635162353516,54.14826583862305,80.7232437133789,25.624170303344727,85.61174011230469,79.33999633789062,107.2770004272461
2025-12-10,626.5677490234375,122.50669860839844,60.922882080078125,53.34288787841797,72.05984497070312,54.360748291015625,81.02222442626953,25.701148986816406,85.9200668334961,79.66999816894531,107.30619049072266
2025-12-11,628.1041259765625,123.85922241210938,61.17615509033203,53.225563049316406,72.05984497070312,54.32212448120117,81.02222442626953,25.681903839111328,86.29586029052734,80.54000091552734,107.32565307617188
2025-12-12,621.3245849609375,122.53631591796875,60.86442947387695,52.736717224121094,71.83665466308594,53.85848617553711,80.71360778808594,25.643413543701172,86.18987274169922,80.98999786376953,107.35485076904297
2025-12-15,620.4227294921875,122.14141845703125,61.21512222290039,52.580284118652344,71.92398071289062,53.916439056396484,80.81005859375,25.624170303344727,86.45967102050781,81.08000183105469,107.37432861328125
2025-12-16,618.6881713867188,121.2408447265625,60.844947814941406,52.28697967529297,72.05984497070312,54.1868896484375,80.92578125,25.643413543701172,85.82371520996094,81.08000183105469,107.3840560913086
2025-12-17,611.8888549804688,120.8837890625,60.416324615478516,51.94478988647461,72.04042053222656,54.13859558105469,80.89684295654297,25.66265869140625,86.14169311523438,81.76000213623047,107.39378356933594
2025-12-18,616.5076293945312,121.13174438476562,60.893653869628906,52.38475036621094,72.19329071044922,54.36548614501953,81.1253662109375,25.701148986816406,85.68882751464844,81.62999725341797,107.41326904296875
2025-12-19,622.008544921875,121.37969207763672,61.26018524169922,52.946014404296875,72.08618927001953,54.15216827392578,80.98979949951172,25.649808883666992,85.36121368408203,81.70999908447266,107.42984771728516
2025-12-22,625.9256591796875,122.29218292236328,61.54747009277344,53.28496170043945,72.06671905517578,54.093997955322266,80.9704360961914,25.630435943603516,85.79974365234375,83.58999633789062,107.44938659667969
2025-12-23,628.8479614257812,121.73675537109375,61.95362091064453,53.5341911315918,72.05699157714844,54.161869049072266,80.9704360961914,25.640121459960938,85.74140930175781,84.68000030517578,107.44938659667969
2025-12-24,630.9451904296875,122.13349151611328,62.09231185913086,53.514251708984375,72.23223114013672,54.44305419921875,81.24156951904297,25.688554763793945,86.30537414550781,84.33999633789062,107.47868347167969
2025-12-26,631.0048828125,122.12357330322266,62.221092224121094,53.85320281982422,72.23223114013672,54.346092224121094,81.3093490600586,25.678871154785156,86.40259552001953,85.33999633789062,107.51773071289062
2025-12-29,628.7783813476562,121.52847290039062,62.131935119628906,53.4444694519043,72.3393325805664,54.510921478271484,81.396484375,25.717615127563477,86.57762145996094,81.61000061035156,107.51773071289062
2025-12-30,627.9036865234375,120.69534301757812,62.2012825012207,53.64385223388672,72.31011199951172,54.433353424072266,81.3287124633789,25.707927703857422,86.75263977050781,81.70999908447266,107.52751159667969
2025-12-31,623.3414306640625,119.19768524169922,61.88427734375,53.5940055847168,72.11540985107422,54.10369110107422,81.0963134765625,25.659496307373047,86.04283142089844,81.16999816894531,107.55680084228516
2026-01-02,624.5043334960938,120.37796020507812,62.6074333190918,54.76039123535156,72.08618927001953,53.997032165527344,81.08663177490234,25.649808883666992,86.07200622558594,81.55999755859375,107.57632446289062
2026-01-05,628.6392822265625,121.88553619384766,63.35040283203125,55.11928176879883,72.22250366210938,54.229740142822266,81.26092529296875,25.717615127563477,86.26647186279297,83.70999908447266,107.59584045410156
2026-01-06,632.3665771484375,123.70056915283203,63.53861999511719,55.41835403442383,72.22250366210938,54.14247512817383,81.28028869628906,25.698240280151367,86.89849090576172,84.62000274658203,107.59584045410156
2026-01-07,630.3388671875,122.70874786376953,63.28105926513672,55.079402923583984,72.30039978027344,54.433353424072266,81.28997802734375,25.746673583984375,86.05255126953125,83.80999755859375,107.6153793334961
2026-01-08,630.2295532226562,124.44445037841797,63.34049606323242,55.13922119140625,72.1738052368164,54.161869049072266,81.1253662109375,25.698240280151367,86.82070922851562,84.27999877929688,107.62515258789062
2026-01-09,634.453857421875,125.38668060302734,63.924964904785156,55.25885009765625,72.32959747314453,54.46244430541992,81.25125885009766,25.717615127563477,86.99573516845703,84.88999938964844,107.65443420410156
2026-01-12,635.4776611328125,125.50570678710938,64.31130981445312,56.11619186401367,72.26144409179688,54.32670593261719,81.17378234863281,25.7273006439209,87.1124038696289,86.48999786376953,107.66419219970703
2026-01-13,634.1755981445312,125.4858627319336,63.95467758178711,55.78721237182617,72.31986236572266,54.40426254272461,81.33838653564453,25.756362915039062,87.59857940673828,86.36000061035156,107.66419219970703
2026-01-14,631.104248046875,126.19998168945312,64.26177978515625,55.90684509277344,72.46590423583984,54.71453857421875,81.43523406982422,25.76604652404785,88.35701751708984,87.2300033569336,107.67396545410156
2026-01-15,632.7740478515625,128.00509643554688,64.3509292602539,56.166038513183594,72.35880279541016,54.685455322265625,81.3093490600586,25.73698616027832,88.96958923339844,86.70999908447266,107.68373107910156
2026-01-16,632.247314453125,127.5687026977539,64.52924346923828,55.827091217041016,72.2419662475586,54.36548614501953,81.1253662109375,25.688554763793945,90.05862426757812,86.2699966430664,107.71302032470703
2026-01-20,619.385498046875,125.78340911865234,63.667396545410156,55.36851119995117,71.9791030883789,53.73524475097656,80.83486938476562,25.630435943603516,88.38618469238281,89.55000305175781,107.7228012084961
2026-01-21,626.4822998046875,129.0564422607422,64.40046691894531,55.93674850463867,72.18356323242188,54.10369110107422,81.15441131591797,25.698240280151367,88.7362289428711,90.87000274658203,107.74232482910156
2026-01-22,629.7424926757812,129.36390686035156,64.74718475341797,56.375389099121094,72.21276092529297,54.297611236572266,81.17378234863281,25.688554763793945,87.86112213134766,92.55999755859375,107.74232482910156
2026-01-23,630.0009765625,127.04302215576172,65.16324615478516,56.59471130371094,72.2906494140625,54.40426254272461,81.23187255859375,25.746673583984375,88.03614044189453,93.79000091552734,107.77162170410156
2026-01-26,633.2412719726562,127.09262084960938,65.46043395996094,56.754215240478516,72.3782730102539,54.64666748046875,81.3093490600586,25.775733947753906,87.91946411132812,95.18000030517578,107.7813720703125
2026-01-27,635.83544921875,126.61654663085938,66.53031158447266,57.4620246887207,72.31986236572266,54.36548614501953,81.29966735839844,25.775733947753906,87.89028930664062,97.4800033569336,107.80091094970703
2026-01-28,635.736083984375,126.02144622802734,66.09442901611328,57.68134689331055,72.2906494140625,54.24912643432617,81.25125885009766,25.795106887817383,86.98600769042969,101.25,107.80091094970703
2026-01-29,634.4141235351562,126.81491088867188,66.44114685058594,57.4620246887207,72.30039978027344,54.268524169921875,81.29966735839844,25.804792404174805,88.20143127441406,101.56999969482422,107.8106918334961
2026-01-30,632.37646484375,125.99169158935547,65.57929992675781,56.29563903808594,72.27117919921875,54.03581619262695,81.28997802734375,25.804792404174805,88.28895568847656,91.19999694824219,107.83997344970703
2026-02-02,635.8155517578125,127.30091857910156,65.83686828613281,56.604679107666016,72.19791412353516,53.904422760009766,81.19276428222656,25.73698616027832,87.37494659423828,87.56999969482422,107.86152648925781
2026-02-03,630.3190307617188,127.19180297851562,66.09442901611328,56.574771881103516,72.21746063232422,53.99202346801758,81.21221160888672,25.76604652404785,87.18048095703125,93.02999877929688,107.87130737304688
2026-02-04,627.0985717773438,128.28280639648438,66.17369079589844,56.23582458496094,72.18815612792969,53.87521743774414,81.18303680419922,25.746673583984375,88.43479919433594,92.91999816894531,107.87130737304688
2026-02-05,619.335693359375,127.3802490234375,65.28211975097656,55.866966247558594,72.500732421875,54.42029571533203,81.50384521484375,25.81447982788086,88.30839538574219,90.52999877929688,107.90069580078125
2026-02-06,631.4024047851562,130.8913116455078,66.73834228515625,57.083194732666016,72.51051330566406,54.430030822753906,81.53302001953125,25.833850860595703,89.6988525390625,93.23999786376953,107.92028045654297
2026-02-09,634.3743286132812,130.91114807128906,67.72896575927734,57.571685791015625,72.53003692626953,54.44949722290039,81.56217956542969,25.862913131713867,90.07806396484375,95.62999725341797,107.93985748291016
2026-02-10,632.59521484375,130.99049377441406,67.8973617553711,57.83087921142578,72.74494171142578,54.99457550048828,81.68855285644531,25.921030044555664,91.28376770019531,94.70999908447266,107.93985748291016
2026-02-11,632.5056762695312,130.7425537109375,68.402587890625,58.3293342590332,72.5984115600586,54.731773376464844,81.6205062866211,25.88228416442871,90.77816009521484,95.76000213623047,107.94966888427734
2026-02-12,622.705322265625,128.34231567382812,67.85774230957031,57.5816535949707,72.93054962158203,55.3839225769043,81.8732681274414,25.979148864746094,90.67118835449219,92.4800033569336,107.95947265625
2026-02-13,623.1029052734375,129.87965393066406,68.11530303955078,57.571685791015625,73.14544677734375,55.65645980834961,82.1357421875,25.99852180480957,91.97412872314453,94.75,108.00843811035156
2026-02-17,624.1961669921875,129.7407989501953,67.9369888305664,57.6115608215332,73.13568878173828,55.76353073120117,82.17462921142578,25.979148864746094,92.8492431640625,91.81999969482422,108.01823425292969
2026-02-18,627.337158203125,130.10777282714844,68.16483306884766,57.77106857299805,73.05752563476562,55.568851470947266,82.10657501220703,25.959775924682617,91.76021575927734,93.8499984741211,108.01823425292969
2026-02-19,625.7269287109375,129.85980224609375,68.14501953125,57.41218185424805,73.08683013916016,55.636993408203125,82.1648941040039,25.969463348388672,91.56575012207031,94.12000274658203,108.0378189086914
2026-02-20,630.1898193359375,130.55410766601562,68.86817932128906,58.349273681640625,73.07707214355469,55.52992248535156,82.18435668945312,25.969463348388672,92.25611114501953,95.94999694824219,108.05741882324219
2026-02-23,623.8384399414062,127.9356918334961,68.53136444091797,57.8807258605957,73.23336791992188,55.73432159423828,82.34961700439453,25.988834381103516,92.2658462524414,98.56999969482422,108.06720733642578
2026-02-24,628.3907470703125,129.11595153808594,68.8087387084961,58.498817443847656,73.19428253173828,55.792720794677734,82.27183532714844,25.988834381103516,92.49919891357422,97.19999694824219,108.0770034790039
2026-02-25,633.6785888671875,129.59202575683594,69.60124206542969,58.82779312133789,73.17475128173828,55.792720794677734,82.23295593261719,26.017898559570312,92.24639892578125,96.97000122070312,108.08679962158203
2026-02-26,630.1202392578125,130.3160400390625,69.65077209472656,58.09008026123047,73.28221130371094,56.006866455078125,82.32044982910156,26.08570098876953,92.87841033935547,97.79000091552734,108.09660339355469
2026-02-27,627.227783203125,128.63987731933594,69.58142852783203,57.92060089111328,73.42871856689453,56.29887390136719,82.35932922363281,26.105073928833008,93.0437240600586,99.06999969482422,108.1259765625
2026-03-02,627.4663696289062,129.51268005371094,68.36295318603516,57.063262939453125,73.13282012939453,55.79792404174805,82.08908081054688,26.056640625,93.27708435058594,100.37999725341797,108.13972473144531
2026-03-03,621.9398803710938,128.14395141601562,65.98545837402344,55.05946350097656,73.05443572998047,55.69050598144531,82.05005645751953,26.0275821685791,92.78118133544922,95.91999816894531,108.14955139160156
2026-03-04,626.3729858398438,128.84814453125,66.74823760986328,55.40838623046875,73.00546264648438,55.534263610839844,82.04029846191406,25.959775924682617,92.89785766601562,96.6500015258789,108.14955139160156
2026-03-05,623.0233154296875,126.61654663085938,65.17314910888672,54.68063735961914,72.83887481689453,55.29990005493164,81.79639434814453,25.969463348388672,91.96440887451172,95.5199966430664,108.16918182373047
2026-03-06,614.6939697265625,123.77000427246094,64.66792297363281,54.301815032958984,72.74090576171875,55.12413024902344,81.59150695800781,26.008209228515625,90.96289825439453,96.9800033569336,108.19866180419922
2026-03-09,620.031494140625,124.34526824951172,65.29203033447266,54.959774017333984,72.94667053222656,55.52450180053711,81.89395141601562,26.056640625,91.1670913696289,96.77999877929688,108.20848083496094
2026-03-10,618.9580078125,123.77000427246094,65.3514633178711,55.338600158691406,72.7213134765625,55.0264778137207,81.56224822998047,25.979148864746094,91.03096008300781,97.8499984741211,108.21829986572266
2026-03-11,618.272216796875,123.50220489501953,65.24249267578125,55.38844680786133,72.39796447753906,54.391746520996094,81.15248107910156,25.940404891967773,90.0877914428711,97.55000305175781,108.2281265258789
2026-03-12,608.7998046875,121.201171875,63.9645881652832,54.14230728149414,72.13343048095703,54.245262145996094,80.67442321777344,25.91134262084961,89.46548461914062,95.6500015258789,108.2281265258789
2026-03-13,605.4104614257812,121.05241394042969,63.221622467041016,53.85320281982422,72.06484985351562,53.99137878417969,80.45003509521484,25.862913131713867,89.61133575439453,94.37999725341797,108.26741027832031
2026-03-16,611.4735717773438,121.94503784179688,64.57878112792969,54.85011291503906,72.33917236328125,54.391746520996094,80.7719955444336,25.921030044555664,90.36004638671875,94.33000183105469,108.27722930908203
2026-03-17,613.1632690429688,123.01194763183594,64.79671478271484,55.08937072753906,72.48616027832031,54.5675163269043,81.15248107910156,26.0275821685791,90.75869750976562,94.06999969482422,108.28704833984375
2026-03-18,604.7046508789062,121.42251586914062,63.67730712890625,54.04261779785156,72.19221496582031,54.245262145996094,80.69393157958984,25.969463348388672,89.4168701171875,91.12000274658203,108.28704833984375
2026-03-19,603.0845336914062,121.95894622802734,63.558433532714844,53.843231201171875,72.27059173583984,54.50892639160156,80.9085693359375,25.940404891967773,89.05709075927734,87.37000274658203,108.28704833984375
2026-03-20,594.3277587890625,119.61454010009766,61.562896728515625,52.39771270751953,71.6925048828125,53.49335479736328,80.14759063720703,25.746673583984375,86.29564666748047,84.69999694824219,108.31652069091797
2026-03-23,600.778564453125,122.07815551757812,63.17043685913086,53.633880615234375,71.96685028076172,53.82536315917969,80.537841796875,25.7273006439209,86.96656036376953,82.77999877929688,108.33617401123047
2026-03-24,598.7409057617188,122.95233917236328,62.664363861083984,53.1453971862793,71.78070068359375,53.61053466796875,80.3817367553711,25.640121459960938,86.39263916015625,82.76000213623047,108.34598541259766
2026-03-25,602.0010375976562,124.2536849975586,63.47805404663086,54.17221450805664,72.05503845214844,54.089027404785156,80.60614013671875,25.717615127563477,86.32384490966797,85.2699966430664,108.35580444335938
2026-03-26,591.3259887695312,122.85299682617188,61.99951171875,52.68681335449219,71.63372802734375,53.649593353271484,80.0110092163086,25.630435943603516,86.20592498779297,82.08999633789062,108.35580444335938
2026-03-27,581.267333984375,120.94568634033203,61.572818756103516,52.32793045043945,71.63372802734375,53.41523361206055,79.9231948852539,25.601375579833984,85.49834442138672,84.94999694824219,108.39509582519531
2026-03-30,579.2431640625,120.07150268554688,61.55297088623047,52.258140563964844,71.99626922607422,54.069496154785156,80.29393768310547,25.746673583984375,85.82264709472656,84.93000030517578,108.41474151611328
2026-03-31,595.81494140625,123.48877716064453,63.58720779418945,53.88310623168945,72.15301513671875,54.059730529785156,80.73297119140625,25.775733947753906,87.16899871826172,88.16000366210938,108.42456817626953
2026-04-01,600.5511474609375,124.09474182128906,64.63905334472656,54.04261779785156,72.18250274658203,54.026390075683594,80.84465789794922,25.753433227539062,87.48347473144531,89.68000030517578,108.43836212158203
2026-04-02,601.2391357421875,124.60137176513672,64.14290618896484,53.6538200378418,72.3398208618164,54.291133880615234,81.06018829345703,25.869787216186523,88.67259216308594,87.94000244140625,108.4777603149414
2026-04-06,603.9113159179688,125.27688598632812,64.61920928955078,53.843231201171875,72.2316665649414,54.22249221801758,80.92302703857422,25.860088348388672,88.80034637451172,87.61000061035156,108.48760223388672
2026-04-07,604.2802734375,125.68417358398438,64.58943939208984,53.9229850769043,72.3398208618164,54.22249221801758,81.07978820800781,25.87948226928711,88.9281005859375,88.45999908447266,108.4974594116211
2026-04-08,619.535888671875,128.97232055664062,67.29844665527344,56.32554626464844,72.47747039794922,54.41859817504883,81.34429931640625,25.889183044433594,90.52997589111328,89.04000091552734,108.50731658935547
2026-04-09,623.2052001953125,129.88623046875,67.03052520751953,56.26573181152344,72.50695037841797,54.320552825927734,81.3932876586914,25.898876190185547,91.17858123779297,89.72000122070312,108.52701568603516
2026-04-10,622.786376953125,129.32992553710938,67.21905517578125,56.574771881103516,72.3988037109375,54.18327713012695,81.26591491699219,25.918270111083984,91.37512969970703,89.55999755859375,108.55655670166016
2026-04-13,628.8886108398438,130.93922424316406,67.6854476928711,57.00344467163086,72.55611419677734,54.3499641418457,81.5108413696289,25.976449966430664,91.71908569335938,89.20999908447266,108.55655670166016
2026-04-14,636.4964599609375,131.5551300048828,68.36021423339844,57.80097198486328,72.73307037353516,54.62450408935547,81.7361831665039,26.04432487487793,92.5937271118164,91.18000030517578,108.57626342773438
2026-04-15,641.5816650390625,131.38626098632812,68.17167663574219,57.9106330871582,72.63475799560547,54.40879440307617,81.6676025390625,26.015230178833008,92.66252136230469,90.23999786376953,108.57626342773438
2026-04-16,642.987548828125,131.81341552734375,68.10221099853516,58.03026580810547,72.526611328125,54.11464309692383,81.44226837158203,25.966751098632812,93.51750183105469,90.16000366210938,108.58612060546875
2026-04-17,650.8845825195312,134.49557495117188,69.09452819824219,58.99726867675781,72.81172180175781,54.565677642822266,81.78516387939453,26.034626007080078,95.01126861572266,91.33999633789062,108.6353759765625
2026-04-20,649.6481323242188,135.25054931640625,68.79683685302734,58.72810363769531,72.7625732421875,54.55587387084961,81.80475616455078,26.02492904663086,95.355224609375,90.56999969482422,108.6353759765625
2026-04-21,645.37060546875,134.18763732910156,67.29844665527344,58.02029800415039,72.53644561767578,54.242103576660156,81.53044128417969,25.966751098632812,93.66490936279297,88.04000091552734,108.64522552490234
2026-04-22,652.0013427734375,134.72406005859375,67.82437133789062,58.57856750488281,72.61509704589844,54.359771728515625,81.61861419677734,26.005535125732422,92.88854217529297,89.19000244140625,108.66492462158203
2026-04-23,649.3689575195312,134.6743927001953,67.16944885253906,57.74115753173828,72.48728942871094,54.242103576660156,81.45207214355469,26.05401611328125,93.84180450439453,88.33999633789062,108.67477416992188
2026-04-24,654.5139770507812,135.3995819091797,67.6159896850586,58.837764739990234,72.61509704589844,54.3499641418457,81.5598373413086,26.092803955078125,93.65508270263672,88.75,108.7043228149414
2026-04-27,655.5908813476562,135.6578369140625,67.54651641845703,58.54866027832031,72.49711608886719,54.104835510253906,81.3932876586914,26.092803955078125,93.14405822753906,88.06999969482422,108.71417999267578
2026-04-28,652.3602905273438,134.89292907714844,67.20913696289062,58.13992691040039,72.47747039794922,54.14405822753906,81.34429931640625,26.092803955078125,93.99903869628906,86.45999908447266,108.72402954101562
2026-04-29,652.34033203125,133.83993530273438,66.56414031982422,57.900665283203125,72.15301513671875,53.722434997558594,80.97201538085938,26.015230178833008,93.2619857788086,85.55000305175781,108.72402954101562
2026-04-30,658.6619262695312,136.1942901611328,68.27091217041016,58.748043060302734,72.26116180419922,53.70281982421875,81.16795349121094,26.05401611328125,94.66731262207031,86.8499984741211,108.74373626708984
2026-05-01,660.5963134765625,136.5320281982422,68.19152069091797,58.807857513427734,72.36177825927734,53.87015151977539,81.22303771972656,26.137706756591797,94.40196228027344,86.72000122070312,108.77139282226562
2026-05-04,658.2032470703125,135.27041625976562,67.38775634765625,58.54866027832031,72.11517333984375,53.5059700012207,81.0164794921875,26.079317092895508,93.81232452392578,84.97000122070312,108.7911605834961
2026-05-05,663.3682250976562,137.19760131835938,68.44952392578125,59.17671585083008,72.24340057373047,53.752037048339844,81.15418243408203,26.059856414794922,94.10713958740234,85.69000244140625,108.7911605834961
2026-05-06,672.7009887695312,138.01217651367188,70.32499694824219,60.56241989135742,72.5491943359375,54.16543197631836,81.5082778930664,26.08905029296875,95.4141845703125,88.30000305175781,108.8109130859375
2026-05-07,670.587158203125,136.730712890625,69.13421630859375,60.024085998535156,72.36177825927734,53.92921447753906,81.2426986694336,26.059856414794922,94.72627258300781,88.45999908447266,108.82080078125
2026-05-08,676.0711669921875,137.43603515625,70.2853012084961,60.35307312011719,72.5491943359375,54.15559387207031,81.52793884277344,26.137706756591797,94.95230102539062,88.87000274658203,108.86032104492188
2026-05-11,677.5469360351562,136.442626953125,70.27537536621094,60.20353317260742,72.37163543701172,53.86030960083008,81.35089874267578,26.127973556518555,95.02108764648438,89.05999755859375,108.86032104492188
2026-05-12,676.6993408203125,134.89292907714844,69.43191528320312,59.20662307739258,72.15463256835938,53.52565002441406,81.13450622558594,26.059856414794922,95.02108764648438,88.70999908447266,108.87020111083984
2026-05-13,680.4285278320312,134.3863067626953,70.08683776855469,59.754920959472656,72.1842269897461,53.42721939086914,81.20336151123047,26.069589614868164,94.23489379882812,88.19000244140625,108.87020111083984
2026-05-14,685.7330322265625,135.24061584472656,70.01737213134766,59.77486038208008,72.16450500488281,53.48627853393555,81.1050033569336,26.050125122070312,93.67473602294922,87.54000091552734,108.88007354736328
2026-05-15,677.4671630859375,133.0452117919922,68.54875946044922,58.259552001953125,71.75021362304688,52.73822021484375,80.65255737304688,25.943082809448242,92.28907775878906,85.51000213623047,108.91959381103516
2026-05-18,676.9386596679688,133.51211547851562,68.9853744506836,58.29943084716797,71.70088958740234,52.67916488647461,80.55420684814453,25.923622131347656,93.37008666992188,85.76000213623047,108.92947387695312
2026-05-19,672.6312866210938,132.2803192138672,68.4594497680664,57.691314697265625,71.46415710449219,52.354347229003906,80.20011901855469,25.836040496826172,93.63542938232422,84.31999969482422,108.93936157226562
2026-05-20,679.5910034179688,134.9624786376953,69.66014099121094,58.48884201049805,71.85871887207031,52.8858642578125,80.74108123779297,25.89443016052246,94.82453918457031,85.52999877929688,108.95912170410156
2026-05-21,680.8572998046875,135.36978149414062,70.14637756347656,58.51875305175781,71.93762969970703,53.06303405761719,80.7902603149414,25.904159545898438,95.00143432617188,85.43000030517578,108.96900177001953
2026-05-22,683.5593872070312,136.49229431152344,69.91814422607422,58.79788589477539,72.00667572021484,53.279579162597656,80.86894989013672,25.913888931274414,95.0997085571289,84.80999755859375,108.98876190185547
2026-05-26,688.0064697265625,138.66783142089844,71.22799682617188,60.04402542114258,72.21382141113281,53.5847053527832,81.1836929321289,26.0014705657959,95.54193878173828,84.80999755859375,108.99864196777344
2026-05-27,687.9566040039062,138.6976318359375,70.86083984375,60.103843688964844,72.28286743164062,53.69297790527344,81.2426986694336,26.030664443969727,95.24711608886719,83.7300033569336,109.01839447021484
2026-05-28,691.8950805664062,138.79696655273438,71.10892486572266,59.715049743652344,72.42095184326172,53.94889450073242,81.38040161132812,26.09878158569336,94.88351440429688,84.58999633789062,109.02828216552734
2026-05-29,693.4705200195312,137.7439727783203,71.21806335449219,59.69511032104492,72.46041870117188,53.978424072265625,81.48859405517578,26.108510971069336,94.04817199707031,85.48999786376953,109.05792236328125
2026-06-01,695.2752685546875,137.54530334472656,71.31730651855469,60.23344039916992,72.4277572631836,53.97249221801758,81.4303207397461,26.111454010009766,92.4659652709961,84.2699966430664,109.06881713867188
2026-06-02,696.2325439453125,138.7671661376953,71.76383972167969,61.001060485839844,72.44754791259766,54.1009521484375,81.42044830322266,26.111454010009766,92.88854217529297,84.41999816894531,109.0886459350586
2026-06-03,691.3467407226562,137.5353546142578,71.11883544921875,60.14371871948242,72.3089828491211,53.88356018066406,81.24267578125,26.072233200073242,92.78044891357422,83.58999633789062,109.0886459350586
2026-06-04,694.0388793945312,139.33338928222656,71.28752899169922,60.123779296875,72.40796661376953,54.01202392578125,81.35131072998047,26.072233200073242,94.44127655029297,84.27999877929688,109.09854888916016
2026-06-05,676.0313110351562,136.77044677734375,68.6380615234375,57.8508186340332,72.08135223388672,53.6958122253418,80.89700317382812,25.95456886291504,95.11936950683594,81.22000122070312,109.12828826904297
2026-06-08,677.7064208984375,137.6645050048828,69.32276153564453,58.14989471435547,72.06155395507812,53.47842025756836,80.88713073730469,25.905542373657227,93.8221435546875,81.37999725341797,109.13819122314453
2026-06-09,675.7322387695312,138.96585083007812,69.30290985107422,58.26952362060547,72.21990966796875,53.74522018432617,81.06490325927734,25.964374542236328,95.98417663574219,80.06999969482422,109.14810180664062
2026-06-10,665.1130981445312,137.9823760986328,68.28083038330078,57.541778564453125,72.16053009033203,53.606876373291016,80.95626831054688,25.925153732299805,95.99400329589844,76.79000091552734,109.15801239013672
2026-06-11,676.2606201171875,141.34999084472656,70.76160430908203,58.91751480102539,72.57621002197266,54.26893615722656,81.48958587646484,26.01340103149414,95.92521667480469,79.12999725341797,109.1778335571289
2026-06-12,679.9698486328125,142.7208709716797,70.99976348876953,59.366127014160156,72.48712921142578,54.1207160949707,81.4303207397461,26.02320671081543,96.80967712402344,79.19000244140625,109.20755767822266
2026-06-15,691.8153686523438,142.87332153320312,71.83329772949219,60.65214157104492,72.54651641845703,54.13059616088867,81.4797134399414,26.052621841430664,96.13158416748047,81.26000213623047,109.21746826171875
2026-06-16,687.7471923828125,142.10609436035156,71.76383972167969,59.9742431640625,72.65538787841797,54.397396087646484,81.56859588623047,26.052621841430664,96.36743927001953,81.5,109.23728942871094
2026-06-17,679.431396484375,140.1631317138672,71.44630432128906,59.625328063964844,72.38816833496094,54.387516021728516,81.20317077636719,25.88593101501465,93.95973205566406,79.63999938964844,109.20755767822266
2026-06-18,686.1119384765625,142.69398498535156,72.13159942626953,60.654361724853516,72.58610534667969,54.65431594848633,81.4599609375,25.974180221557617,93.91059112548828,79.33000183105469,109.26702117919922
2026-06-22,684.1077880859375,142.74378967285156,72.2114028930664,61.123470306396484,72.38816833496094,54.288700103759766,81.27230072021484,25.866321563720703,94.92281341552734,78.80000305175781,109.25711059570312
2026-06-23,674.3761596679688,142.2555694580078,69.99687957763672,59.247047424316406,72.46733856201172,54.36775588989258,81.35131072998047,25.866321563720703,96.17089080810547,77.33000183105469,109.27692413330078
2026-06-24,673.72802734375,143.8996124267578,70.10661315917969,58.8577880859375,72.79396057128906,55.04956817626953,81.6673583984375,25.95456886291504,96.17585754394531,74.98999786376953,109.28683471679688
2026-06-25,673.7479858398438,145.74295043945312,70.98444366455078,58.6881103515625,72.84343719482422,55.019927978515625,81.76612854003906,26.00359535217285,96.35430908203125,75.70999908447266,109.3066635131836
2026-06-26,670.260009765625,146.87884521484375,70.38591766357422,58.46853256225586,72.9127197265625,55.05945587158203,81.88463592529297,26.052621841430664,97.82157897949219,76.55999755859375,109.33639526367188
2026-06-29,681.010009765625,146.8290252685547,70.74503326416016,59.067386627197266,72.95230102539062,55.11874008178711,81.93402099609375,26.08203887939453,97.3060531616211,75.52999877929688,109.34629821777344
2026-06-30,686.8099975585938,147.7755889892578,71.07421875,59.576416015625,72.65538787841797,54.525856018066406,81.62785339355469,25.983985900878906,95.60083770751953,75.51000213623047,109.35620880126953
2026-07-01,685.4600219726562,147.00836181640625,70.18641662597656,59.1073112487793,72.55012512207031,54.21638870239258,81.50093078613281,25.945423126220703,95.98748779296875,75.95999908447266,109.36515808105469
2026-07-02,684.8400268554688,145.9521942138672,70.63529968261719,58.92765426635742,72.59978485107422,54.24614334106445,81.64966583251953,25.994863510131836,97.17716217041016,77.51000213623047,109.41484832763672
2026-07-06,690.6199951171875,146.281005859375,71.71263885498047,59.955692291259766,72.62957000732422,54.1866340637207,81.6992416381836,26.00474739074707,96.40386962890625,78.30000305175781,109.43473052978516
2026-07-07,687.0800170898438,144.86611938476562,70.60537719726562,58.76795959472656,72.34159088134766,53.66093063354492,81.26293182373047,25.945423126220703,97.55390167236328,77.37000274658203,109.42478942871094
2026-07-08,685.260009765625,143.1722412109375,70.16645812988281,59.057403564453125,72.19264221191406,53.52206802368164,81.13402557373047,25.91575813293457,95.96765899658203,76.73999786376953,109.44467163085938
2026-07-09,690.6900024414062,144.94583129882812,70.55550384521484,59.376800537109375,72.32173156738281,53.61133575439453,81.23319244384766,25.935535430908203,96.25516510009766,77.51000213623047,109.46454620361328
2026-07-10,693.8599853515625,145.03550720214844,70.81485748291016,59.77603530883789,72.26215362548828,53.61133575439453,81.12410736083984,25.935535430908203,96.48318481445312,77.26000213623047,109.4943618774414
2026-07-13,688.5,144.46755981445312,69.58789825439453,58.678131103515625,71.9940414428711,53.303855895996094,80.76712799072266,25.886096954345703,96.98880767822266,75.25,109.48442840576172
2026-07-14,691.0999755859375,144.8561553955078,70.42581939697266,58.96757888793945,72.19264221191406,53.40304183959961,81.01502990722656,25.905872344970703,96.73104095458984,76.2699966430664,109.51423645019531
2026-07-15,693.7999877929688,145.6333465576172,70.64527893066406,59.366817474365234,72.31180572509766,53.53199005126953,81.24310302734375,25.91575813293457,97.01854705810547,76.27999877929688,109.53411102294922
2026-07-16,690.1400146484375,146.62974548339844,69.85723114013672,58.72803497314453,72.30186462402344,53.512149810791016,81.18360900878906,25.895984649658203,99.20954132080078,74.80000305175781,109.53411102294922
2026-07-17,683.1699829101562,145.4938507080078,69.52803802490234,57.72993850708008,72.35152435302734,53.66093063354492,81.2530288696289,25.965198516845703,99.15996551513672,75.5,109.57386779785156
2026-07-20,682.2100219726562,144.57716369628906,69.0592041015625,57.819766998291016,72.17278289794922,53.31377029418945,81.02494812011719,25.91575813293457,98.62461853027344,75.3499984741211,109.58380889892578
2026-07-21,687.8699951171875,146.0418701171875,70.296142578125,58.74799728393555,72.0138931274414,53.15507125854492,80.8464584350586,25.886096954345703,98.66426849365234,76.81999969482422,109.57386779785156
2026-07-22,687.030029296875,145.2547149658203,70.31609344482422,58.69809341430664,71.89473724365234,52.9864501953125,80.68780517578125,25.846546173095703,98.16856384277344,77.69000244140625,109.59374237060547
2026-07-23,678.6099853515625,144.3579559326172,69.60784149169922,57.98944091796875,71.74578094482422,52.817832946777344,80.43989562988281,25.777332305908203,97.8414077758789,76.1500015258789,109.58380889892578
2026-07-24,679.1400146484375,144.33802795410156,69.53801727294922,57.69001388549805,71.80535888671875,52.90709686279297,80.50930786132812,25.797107696533203,99.94317626953125,76.2300033569336,109.6136245727539
2026-07-27,679.3099975585938,144.98568725585938,69.82730102539062,58.11919403076172,71.95431518554688,53.1848258972168,80.63822174072266,25.757556915283203,99.67549896240234,76.77999877929688,109.62356567382812
2026-07-28,680.9600219726562,145.78280639648438,69.42829132080078,57.630130767822266,72.133056640625,53.472476959228516,80.82662963867188,25.816883087158203,100.08197021484375,75.69999694824219,109.65338134765625
2026-07-29,670.6300048828125,143.79998779296875,68.77989196777344,56.81168746948242,71.87487030029297,52.69880676269531,80.57872772216797,25.846546173095703,99.79447174072266,76.04000091552734,109.68319702148438
2026-07-30,681.7899780273438,144.97572326660156,70.91461181640625,58.07926940917969,71.91458892822266,52.66904830932617,80.69770812988281,25.826772689819336,98.63452911376953,77.30000305175781,109.6931381225586
2026-07-31,686.6500244140625,144.9358673095703,70.4457778930664,58.638206481933594,71.7259292602539,52.34172439575195,80.57872772216797,25.797107696533203,98.09916687011719,76.16999816894531,109.72295379638672
2026-08-03,696.4000244140625,147.3272247314453,70.86473846435547,58.94761657714844,71.8973159790039,52.53593444824219,80.76991271972656,25.803089141845703,98.2181396484375,76.19000244140625,109.74288940429688
2026-08-04,708.97998046875,149.8680419921875,72.04182434082031,59.93572998046875,72.1863021850586,52.944271087646484,81.17819213867188,25.852941513061523,98.06942749023438,76.69000244140625,109.75285339355469
2026-08-05,707.5999755859375,148.40333557128906,72.17150115966797,59.89580535888672,72.20623016357422,53.033905029296875,81.14832305908203,25.852941513061523,98.06942749023438,79.8499984741211,109.76282501220703
2026-08-06,706.4000244140625,147.28736877441406,71.94207763671875,59.84590148925781,71.99696350097656,52.725162506103516,80.93920135498047,25.83300018310547,97.1969985961914,79.87000274658203,109.77279663085938
2026-08-07,710.7100219726562,148.3933563232422,72.71017456054688,60.35493469238281,72.14644622802734,52.86459732055664,81.07861328125,25.882850646972656,97.5836410522461,81.68000030517578,109.81267547607422
2026-08-10,710.6500244140625,147.5264892578125,72.32113647460938,60.21520233154297,71.8973159790039,52.466217041015625,80.7300796508789,25.83300018310547,96.27499389648438,82.51000213623047,109.82264709472656
2026-08-11,708.4199829101562,147.875244140625,72.51066589355469,60.00559616088867,71.95710754394531,52.54589080810547,80.76991271972656,25.823028564453125,95.55126953125,82.18000030517578,109.83261108398438
2026-08-12,710.1699829101562,148.50296020507812,73.1191635131836,60.295047760009766,72.02686309814453,52.525978088378906,80.85953521728516,25.83300018310547,96.47327423095703,82.9800033569336,109.85255432128906
2026-08-13,714.9500122070312,149.18051147460938,73.35857391357422,60.225181579589844,72.22616577148438,52.834716796875,81.12841033935547,25.882850646972656,97.73235321044922,81.77999877929688,109.87248992919922
2026-08-14,713.6099853515625,149.89791870117188,73.39847564697266,59.9956169128418,72.05675506591797,52.50605773925781,80.88941192626953,25.862911224365234,97.9802017211914,82.27999877929688,109.90239715576172
2026-08-17,710.27001953125,149.2901153564453,73.5082015991211,60.27508544921875,71.90728759765625,52.157474517822266,80.68029022216797,25.803089141845703,97.13751220703125,83.11000061035156,109.90239715576172
2026-08-18,705.4000244140625,147.1578369140625,72.2114028930664,59.526512145996094,71.96707153320312,52.30686950683594,80.7300796508789,25.862911224365234,96.78060913085938,81.70999908447266,109.9223403930664
2026-08-19,706.9099731445312,147.3870086669922,72.65032196044922,59.925750732421875,72.30587768554688,53.09366226196289,81.07861328125,25.982553482055664,97.76209259033203,84.83999633789062,109.93230438232422
2026-08-20,701.010009765625,145.84259033203125,72.66029357910156,59.90578842163086,72.0866470336914,52.725162506103516,80.75995635986328,25.992523193359375,97.75218200683594,85.12999725341797,109.94227600097656
2026-08-21,703.7100219726562,146.77920532226562,73.23886108398438,60.3349723815918,71.97704315185547,52.53593444824219,80.71016693115234,25.882850646972656,97.65303802490234,86.79000091552734,109.97218322753906
2026-08-24,701.8300170898438,146.24114990234375,72.87975311279297,59.85588455200195,72.11654663085938,52.834716796875,80.82965850830078,25.912761688232422,98.24787902832031,87.47000122070312,109.9821548461914
2026-08-25,704.02001953125,146.17140197753906,73.60795593261719,60.52460861206055,72.41549682617188,53.342647552490234,81.23794555664062,26.01246452331543,98.39659118652344,87.76000213623047,110.00209045410156
2026-08-26,704.2000122070312,146.24114990234375,73.26879119873047,60.54457092285156,72.32581329345703,53.2430534362793,81.13836669921875,25.982553482055664,97.76209259033203,86.37000274658203,110.0120620727539
2026-08-27,708.75,146.25111389160156,73.23886108398438,60.89390182495117,72.28594970703125,53.13349914550781,81.0985336303711,25.962614059448242,96.81034851074219,86.62000274658203,110.0120620727539
2026-08-28,707.239990234375,145.05543518066406,72.87975311279297,60.67432403564453,72.05675506591797,52.96418762207031,80.80974578857422,25.852941513061523,96.40386962890625,83.81999969482422,110.02203369140625
2026-08-31,704.8900146484375,143.99925231933594,72.74009704589844,60.40483856201172,71.98699951171875,52.76499938964844,80.74999237060547,25.83300018310547,95.61075592041016,83.70999908447266,110.0320053100586
2026-09-01,700.280029296875,142.40501403808594,71.93209838867188,60.56453323364258,71.79000091552734,52.560001373291016,80.38999938964844,25.81999969482422,95.47196197509766,81.3499984741211,110.05000305175781
2026-09-02,703.4099731445312,143.79000854492188,72.4109115600586,60.654361724853516,71.83000183105469,52.619998931884766,80.45999908447266,25.81999969482422,94.95642852783203,82.55000305175781,110.05999755859375
2026-09-03,710.719970703125,144.2782440185547,73.25881958007812,60.87394332885742,71.93000030517578,52.70000076293945,80.54000091552734,25.850000381469727,95.82886505126953,84.0999984741211,110.08000183105469
2026-09-04,708.010009765625,144.81629943847656,73.5780258178711,61.32308578491211,71.94999694824219,52.779998779296875,80.52999877929688,25.84000015258789,95.1943588256836,83.38999938964844,110.12999725341797
2026-09-08,704.0700073242188,143.730224609375,73.26879119873047,61.113487243652344,71.88999938964844,52.7599983215332,80.45999908447266,25.8700008392334,95.10514068603516,81.94999694824219,110.12999725341797
2026-09-09,700.8699951171875,142.18580627441406,72.64034271240234,60.75416946411133,71.7300033569336,52.5,80.30999755859375,25.809999465942383,94.1236572265625,82.69000244140625,110.13999938964844
2026-09-10,696.6500244140625,140.93035888671875,71.74256134033203,59.8259391784668,71.2699966430664,51.880001068115234,79.69999694824219,25.700000762939453,93.31070709228516,81.2699966430664,110.12000274658203
2026-09-11,702.5599975585938,141.6776580810547,72.51066589355469,60.23516082763672,71.22000122070312,51.900001525878906,79.5999984741211,25.59000015258789,93.98485565185547,81.70999908447266,110.1500015258789
2026-09-14,699.2999877929688,140.75099182128906,71.54306030273438,59.4965705871582,71.16999816894531,51.939998626708984,79.54000091552734,25.59000015258789,93.5188980102539,80.54000091552734,110.16000366210938
2026-09-15,696.2000122070312,140.0500030517578,71.35353088378906,59.1073112487793,71.1500015258789,51.810001373291016,79.51000213623047,25.56999969482422,93.2908706665039,80.77999877929688,110.16999816894531
2026-09-16,693.239990234375,139.4600067138672,71.08419799804688,59.067386627197266,71.11000061035156,51.88999938964844,79.55000305175781,25.469999313354492,92.67620849609375,80.31999969482422,110.16000366210938
2026-09-17,701.030029296875,139.5,71.97200012207031,59.795997619628906,71.47000122070312,52.439998626708984,79.9800033569336,25.540000915527344,93.00336456298828,81.69000244140625,110.18000030517578
2026-09-18,701.780029296875,138.89999389648438,71.37999725341797,60.0099983215332,71.19999694824219,52.06999969482422,79.69000244140625,25.440000534057617,92.11111450195312,82.2300033569336,110.20999908447266
2026-09-21,712.780029296875,139.24000549316406,72.30000305175781,61.13999938964844,71.4000015258789,52.41999816894531,79.91999816894531,25.540000915527344,93.00336456298828,81.66999816894531,110.22000122070312
2026-09-22,712.780029296875,139.6999969482422,72.70999908447266,61.099998474121094,71.41000366210938,52.40999984741211,79.94999694824219,25.520000457763672,92.81500244140625,82.02999877929688,110.2300033569336
2026-09-23,707.5999755859375,138.13999938964844,71.41999816894531,60.119998931884766,70.80999755859375,51.59000015258789,79.13999938964844,25.329999923706055,91.44999694824219,80.5199966430664,110.22000122070312
2026-09-24,706.989990234375,137.77999877929688,71.05000305175781,59.869998931884766,70.44999694824219,51.0,78.69999694824219,25.200000762939453,91.16999816894531,80.30000305175781,110.2300033569336
2026-09-25,710.7899780273438,138.2899932861328,71.83999633789062,60.15999984741211,70.62999725341797,50.97999954223633,78.83999633789062,25.270000457763672,90.98999786376953,80.66000366210938,110.2699966430664
