Date,VOO,IJR,VEA,VWO,BND,VGLT,VCIT,SCHP,VNQ,IAU,SHV
2016-10-03,-0.0031711964447965757,-0.002577682699401951,-0.0018712192874180689,0.006643995809122449,-0.0010597554460368697,-0.004081748563531162,-0.0013091495776563766,-0.0009123361452669787,-0.018676762889164977,-0.002364045229565348,-0.0004256894720606752
2016-10-04,-0.0046448026617113,-0.004037962047245602,-0.002945941318855616,-0.010031951489747781,-0.0033376912794107483,-0.011673265565411928,-0.0033624240485639056,-0.005094346521524629,-0.013628062765251747,-0.03317536187646952,0.0
2016-10-05,0.004159605439711944,0.0056758369329465985,0.005372170269078769,0.015200182449652155,-0.00167504856308065,-0.002892817883451748,-0.0021363841881786305,-0.0007063375749839507,-0.020247650740288337,-0.001633946443083012,0.00027187129719008496
2016-10-06,0.001161628387185143,-0.0010481145677861958,-0.005343464269197851,0.0,-0.00035897435581944137,-0.00012040670959700961,0.001013940528736601,-0.00035304314181561214,0.000364912238054238,-0.010638307004924963,-0.0002717974032773185
2016-10-07,-0.0036831131977032028,-0.008151664686381288,-0.006445999426172966,-0.0034148779564457943,0.000839569277943264,-0.004956748560141944,0.0015761895203494358,0.00035316782529437596,-0.0017010829742726274,0.0008271487804485389,0.00036275622651005257
2016-10-10,0.004608454693360686,0.011148061869153958,0.004054749075041553,0.006852893572423913,-0.0010787427478639033,-0.006196279305395236,-0.0005620827793300087,-0.0012367299217150851,0.006207939415954877,0.003305781867105173,-0.0002719467558710553
2016-10-11,-0.012148943397317313,-0.01641687699149652,-0.014539677814779717,-0.01858623009543059,-0.0015576574245700359,-0.0017109634196058598,-0.0014619915355282842,-0.000884311336206256,-0.009678289066801238,-0.004118631739772893,0.000272020731026279
2016-10-12,0.0012758165143387235,0.0016362296234477824,-0.0013659858203456388,-0.0010669873171873512,0.00060019964730329,0.0008567272728190467,0.0009011557125253589,-0.0003544512971694891,0.01148296185425135,0.0008271487804485389,-0.00018109478366956644
2016-10-13,-0.0032109135257221144,-0.009883987246514736,-0.0027359886482657414,-0.0061419987306258195,0.0011996792475454932,0.003548375088599176,0.002025590519255882,0.0017712859989684748,0.007850568062258478,0.0024793166963146263,0.0002716478580335746
2016-10-14,0.00025518261225077055,-0.002722655322878076,0.0008228518599155965,0.002687360268309069,-0.0020375033048578572,-0.012558075836384908,-0.0033694048913295305,-0.0014142040616751395,-0.004433794484901776,-0.005770790945078708,0.0
2016-10-17,-0.002964676163816793,-0.0016547343989089525,-0.0016446312687449227,-0.0018759352647740313,0.002162040358292261,0.004815372070091861,0.0018029395499448153,0.004426504382503582,0.00216635814422661,0.0024875399608108584,0.0
2016-10-18,0.005895991739933493,0.0031490377544922676,0.010708275623597219,0.01771798110159395,0.0013172307018256557,0.0036865465090438754,0.002587694518431327,0.0007050296263146905,0.006365485903397028,0.005789883700641152,-9.04956901427445e-05
2016-10-19,0.002752561642410445,0.0040474388436699815,0.00353181634610622,0.0052758993435249035,0.0007186504857434883,0.001347424260405683,0.0007844347277485841,0.001233119669292293,0.002148341098557882,0.006578941176802688,0.00018092073774589323
2016-10-20,-0.00162663639411742,-0.006252486498898091,0.0,-0.0013121680166103822,-0.0005983839212569952,0.0004892387613555371,0.0,-0.0008796749313384478,-0.002262805737041629,-0.004084982979562279,-0.000271723549522207
2016-10-21,0.00025427382106402163,-0.002814712219144311,-0.0021656271056150755,0.00026295014607891076,0.0008386937883446688,0.0021992711120182307,0.0004490073705871733,0.0005281200553028942,-0.0036999517214817423,0.0016407266982894075,0.00018137233058923563
2016-10-24,0.004072363603593532,0.00846848598677008,-0.0013566975145656857,0.004990777373055977,-0.0014345737429291017,-0.0054868342092113664,-0.0020175159681782295,-0.0015838042441504996,0.0022762239442288834,-0.0024569805796449407,9.04086750561639e-05
2016-10-25,-0.0028388292613620303,-0.009303103451416939,-0.0008148045821216865,-0.0007840039024102907,0.0,0.0017154917062265351,0.00011296461063303731,0.0015863166592078315,-0.0017930092535031195,0.007389174904178342,0.0
2016-10-26,-0.0022368067076689035,-0.007395313057881325,-0.004894066606981551,-0.007324141305076859,-0.0017965004424694841,-0.005506901190577507,-0.0023577702998164307,-0.00017625861830816714,-0.013052377261477566,-0.004890009566277942,0.0
2016-10-27,-0.0026495910979436044,-0.010297290962347883,-0.0010932221693848998,-0.007641627427240838,-0.002759070118101503,-0.00960080410298314,-0.003488465812224173,-0.0044006057037099255,-0.026207026417387924,0.0016379610177619242,-0.00018088801135340837
2016-10-28,-0.003167284569583151,-0.0018612602614345164,-0.0005464043291238951,-0.005576263392200631,-0.00048084091386080274,-0.002112334159633744,-0.0003382562449796289,0.00017706890130253505,0.002367261366322815,0.004906003422934457,0.00018092073774589323
2016-10-31,0.0,0.005678360230954249,-0.0008212451914854091,0.008010616827900385,0.001082829639067251,0.005105746038209791,0.0003383707009823045,0.0012372916183043259,0.016283488041769267,0.0024409872306190294,0.00027154953508135016
2016-11-01,-0.006969924618685175,-0.01365141252567359,-0.0027387760160240138,-0.007417470452384167,-0.00032524442405501564,-0.000249136600718014,-0.0006344076940195675,0.001220762087054128,-0.02177112092430722,0.005681870960430491,-3.592422684628449e-05
2016-11-02,-0.006605351997970521,-0.009739633631267286,-0.007415980256290644,-0.011475703278135962,0.0009643186061252251,0.005091921522191845,0.0009064137936267702,0.00035339365121833666,-0.014628821627560407,0.00726385766099491,-0.00018128033498931995
2016-11-03,-0.003896353569042943,-0.0028469968307304194,-0.0005531083115092317,-0.0024299562712390976,-0.0006024500705470448,-0.006547585345027418,-0.0007921319047226039,-0.0028261504661154513,-0.007740201864153251,0.005609026527735983,0.00018131320350756042
2016-11-04,-0.0013559546344011908,0.0047588230879160864,-0.008305892287035488,-0.010554552674350015,0.001807143466463712,0.006964327485043942,0.001926357770132281,0.002479890200697721,0.007928217723782938,0.0007968309744903479,9.05531807695592e-05
2016-11-07,0.021934091501469632,0.024369258340938504,0.013679678867548839,0.03391683216354391,-0.0013224906027320404,-0.008398530980433305,-0.0013570372019277022,-0.0005302777548622517,0.01750840435554024,-0.017515944241944692,-0.0003622669053829908
2016-11-08,0.004599549606065567,0.0023537349991435974,0.00247877849855227,0.0047618005698066845,-0.0018060255844473128,-0.0031137980202768922,-0.002151007189667875,-0.0015908340973647128,0.005237231269338505,-0.0040518792639056,0.0001815036314212204
2016-11-09,0.010682749727108254,0.031029795189529086,-0.0016484563342217262,-0.026329287091566345,-0.00988822346851026,-0.040479166728181526,-0.010551683995711714,-0.006552330719570287,-0.015133060884073624,-0.0008136882760679809,0.0
2016-11-10,0.0023152885623085595,0.018870820871455862,-0.003302074771958652,-0.02893465109936355,-0.00426380441246299,-0.011979857452286469,-0.0017199793887180403,-0.0024954566235061426,-0.016750603681113252,-0.014657927965435968,-0.0006341034934500556
2016-11-11,-0.0018581031222035804,0.025147797485679524,-0.00800669922780406,-0.0183794129517173,-0.001834936695655709,-0.004875287592134403,-0.00275628320931931,-0.0021447061627561936,0.006020317361355332,-0.022314086715001902,9.018357057288817e-05
2016-11-14,0.00015074253319591335,0.015263352107031336,-0.004453006676945925,-0.0048226448002256506,-0.003799094191634156,-0.004106231020163276,-0.0059895817164322684,-0.008058629471201284,0.02368219401931193,-0.008453117676639699,0.0
2016-11-15,0.008098756092794313,0.002838390900419263,0.006150629099823224,0.01881427520348322,0.0013533022276621676,0.003989867748649845,0.0025493789966148928,0.0005411920115199198,-0.008333203205786899,0.008525182043669588,0.0
2016-11-16,-0.0016964619040487072,0.0004592458415502154,-0.009169545178328797,-0.0081142910841554,0.002088377222792648,0.006224606972673019,0.0018496193396551064,0.0021657006749240537,-0.002885034054175062,-0.0033812309476749514,9.09588155890706e-05
2016-11-17,0.004748169231881372,0.004739842927862448,0.006730155850461772,0.00028160060906867734,-0.004045718993334724,-0.013426392655506492,-0.004037905048424051,-0.001440489548913404,-0.0101884674617303,-0.004240898294880502,0.00018103074554809417
2016-11-18,-0.0017907140506822072,0.0047172807351187895,-0.008913385211589131,-0.002255715375765077,-0.002461731406821266,-0.0013340265893619918,-0.006255871225906318,-0.0021637557816641673,0.0029228031563617307,-0.009369647259096059,-0.00018099797934900685
2016-11-21,0.007375755387986294,0.0040142189388086,0.008712749283635635,0.009892647163838086,-0.00012338400003597538,0.0018706536971304644,0.00023388390726397645,0.0018072632371690656,-0.003040974551507314,0.0042992424972359,9.03413047494972e-05
2016-11-22,0.0018301720223401485,0.012898785332108753,0.0030646753454925957,0.010915357170673934,0.0008643005724306985,-0.00013407822453848084,0.002213477510039308,0.0010818856179559688,0.017539191846129176,-0.0008561839572388541,-0.00018127547092239293
2016-11-23,0.0008888135330444857,0.006106810749579639,-0.003611281877465622,-0.009689902248391391,-0.0025897778817258743,-0.004266959024256556,-0.00418589096486266,-0.0027028890139864092,-0.004246597708680744,-0.020565532951939858,0.0
2016-11-25,0.003996285929660726,0.004218989343959256,0.0019519133980852033,0.005311541887682125,0.0003705849451149934,0.0009372594917824717,-0.0005841124837751011,-0.0010830709585240017,0.005770435888566849,-0.005249380403737125,0.00036270371728219786
2016-11-28,-0.004717453839489627,-0.011940706532961975,-0.003617452236428953,0.005005452167801128,0.0023481530343425483,0.00602151285758179,0.003154600422369258,-0.0001810429877900921,0.004614406103871316,0.011433607365821441,0.0
2016-11-29,0.0015800558691050348,-0.00029873607697727955,0.0055850547046216725,0.0005532136125190323,0.0007402338418609489,0.003991202583924824,0.0010488609119363446,0.0021707045093617428,0.009559151734158,-0.005217427792756468,-9.066480534081212e-05
2016-11-30,-0.002267493169163526,-0.0035816106950410376,-0.0013885087786686956,0.0016597660379220613,-0.0034499120616222623,-0.0153688541328032,-0.003025199628459152,-0.0001807792100465555,-0.011436333264592924,-0.013111855247572302,-0.000271932060320057
2016-12-01,-0.003903288749869227,-0.0030705887383241093,-0.0025029048142524157,-0.011319956670779452,-0.003716366992761122,-0.007672575395869963,-0.002539568202237219,-0.0017549277460352508,-0.014678376541054972,-0.0017714352663357191,0.00015449942360845625
2016-12-02,0.0006943853716148141,0.00015054457705376834,0.0027881419495290327,-0.001116763648711383,0.003605647238385856,0.005299570679949239,0.003637236973999869,-0.0007258607689025753,0.009973459665878481,0.004436489354896489,0.0003621255175256799
2016-12-05,0.005749841735455119,0.017275115835058585,0.007784095472952002,0.006709197702551073,0.0012390061412959064,-0.0018925020054562092,0.0010517663263396315,0.002540248168829029,0.0073751795596324055,-0.005300306321546655,-0.00036199443010542787
2016-12-06,0.003498963726314308,0.011296377700718896,0.006896720669046674,0.004165372536116818,-0.0001236650159011088,0.0005420277349905689,0.0004676298679475721,0.0012667623355071544,0.006452172737377859,0.0,0.0003621255175256799
2016-12-07,0.012670651681920386,0.010439987183396227,0.013150679552973443,0.014934279202069245,0.0023513184169223766,0.006767269934229381,0.002450566106375174,0.0018070706967445727,0.0199727394232192,0.0026642746324501143,-0.0004529062732825384
2016-12-08,0.0026187238231907273,0.016618950685896916,0.0008111970942508151,0.004631828889134493,-0.001975632144190498,-0.012906366979760331,-0.0019791287395301005,-0.0018038110825946418,0.006890304401031555,-0.0017714352663357191,0.0
2016-12-09,0.0060946560915355885,0.0020608284433456525,0.002972001534230717,-0.004610473962641692,-0.002968871582036181,-0.010078484650836161,-0.0014006930424685926,-0.0045179633661655005,-0.001080727559405248,-0.009760479670236855,9.095303637796093e-05
2016-12-12,-0.0011055577625930235,-0.01007162247742488,-0.003232758026362359,-0.00817452485206116,-0.0011167847970038336,0.0009621176067451387,-0.001868730114847783,0.0007254753764021071,0.006609831640691954,0.002688148152452552,0.0
2016-12-13,0.006834495732655821,0.0011460987675713241,0.010540555887819325,0.010164556880722708,0.0011180333997071745,0.003986483824865328,0.00011706991171078762,-0.0014503784142106957,-0.0004775424165640585,-0.002680941384822111,0.0
2016-12-14,-0.008269956065242723,-0.012452208432398582,-0.01631434252877917,-0.028827873147349026,-0.0050864540439058414,-0.010131553605490229,-0.006202580955933623,-0.007994574622993023,-0.021858631345074486,-0.014336904085998858,-9.094476467541579e-05
2016-12-15,0.0037113400637021066,0.009348569550313046,-0.001631425114929308,0.004480690328177106,-0.0014964039423163156,0.003734473522336579,-0.002119714605549161,-0.0062277722198410546,-0.005861368357435004,-0.012727303938432133,0.00027216281794606445
2016-12-16,-0.0017290543963215388,-0.0059597793226068285,0.0002722207315670744,-0.006133467034822315,0.0008733800196434327,-0.0019287783937259606,0.0007080938069858878,-0.0007366345068207103,0.014985514883844031,0.0046040692739912625,0.0002714796764833327
2016-12-19,0.002261207434250734,0.005561839662606927,-0.0008163005948208513,-0.0067321360296384025,0.00262117258731398,0.010631011299386595,0.0038922724914762785,0.004426087641546728,0.010771159911677541,0.005499580243434332,0.00018093733018087477
2016-12-20,0.0038399130759696476,0.01019998906399211,0.0021795794388612677,0.001702729812971704,0.0001246429961681006,-0.0049185183276071465,-0.0011753441801454212,0.0014692171536150322,0.0022747936283196157,-0.007292609093775604,0.0
2016-12-21,-0.0027253503856671246,-0.005560638266536522,0.0,-0.0031163886207696834,0.0014930471815512991,0.004667637651287082,0.002234351239222887,0.001833148674434737,-0.015171521550395806,0.000918207060815357,9.123505917196795e-05
2016-12-22,-0.0012736046026075032,-0.009904850874386528,-0.002741214451864593,-0.00937718395834386,-0.0006848104902162921,-0.0019313356886162536,-0.00011730843599311314,0.003477992835619226,-0.0016714583736163746,-0.0036697213993499567,-9.113977066521617e-05
2016-12-23,0.0008692512438062128,0.004421981637158012,0.0021986087757366324,0.004876510488861063,0.00049855296258694,0.0015096503069276235,0.000823931944202716,0.001823741672718926,0.002604775304049234,0.003683237856129562,0.0
2016-12-27,0.002461856947209684,0.006062644955193264,-0.0013709070849134974,0.004853059796672943,-0.0007479335522763142,-0.003836979262594631,-0.0004708763757533818,-0.0005466269412593983,0.0021034247759383895,0.006422078068657244,0.0
2016-12-28,-0.007896220223687078,-0.011693729340200965,-0.0019226157445491054,0.006250198565946885,0.00249408730946854,0.007429697740950925,0.002589288239732479,0.0017985966536029352,-0.006050256418148159,0.0018231088060649547,-9.019137095578333e-05
2016-12-29,-0.0001942015748390702,0.002177747824828602,0.003577440180831948,0.015527522341226563,0.002736378644443649,0.0035506445394393182,0.0025818386557028283,0.00036639760984180647,0.012422582630654322,0.013648823960742185,0.00018170373037151855
2016-12-30,-0.0034463427990772955,-0.003911402433307343,0.001919382991237839,-0.005282108319562329,0.00210841654165006,0.0028584123480406287,0.003278355640491837,0.004211644908967305,0.012637998117503768,-0.005386033910911192,-9.148760056021388e-05
2017-01-03,0.006965271747347401,0.005599070467868783,0.006294641253865585,0.010900006013372154,0.00012301689720439768,0.0025779786141297834,-0.0009332062358617943,0.0023705361567998295,0.0032716252595870188,0.0072202097704794355,0.00027240055335919777
2017-01-04,0.005901038321904251,0.01670445144064092,0.012238069857886336,0.009123320421327685,0.00074344085821898,0.0037902353907615094,0.003270126318974942,0.001091307908617667,0.014613590717317715,0.004480303890546988,-9.034070881019929e-05
2017-01-05,-0.0007691953285128283,-0.014438288670822641,0.00886601264979392,0.010411299556625453,0.005069864271722846,0.01442784443660261,0.003958199357723791,0.0034531376440916084,0.0032138562539623106,0.01516503797640012,-9.052278604615438e-05
2017-01-06,0.003897702430444072,-0.005556770610382511,-0.003994620393106607,-0.004067325059978422,-0.003936896901351017,-0.009437649295263806,-0.004986716360364296,-0.003441254518570691,0.00011843766069374873,-0.007029870202245103,0.00027167990888798954
2017-01-09,-0.003163492801337875,-0.008635897647226942,-0.002406588432861012,-0.0016334516957456913,0.002470285823950036,0.008185346041696517,0.0023309405657787607,0.0018168637565763035,-0.00901636893200164,0.007079639146523986,0.0001807519594503315
2017-01-10,-0.00014413468191321055,0.009003652775928295,0.0010723112061827855,0.005453974838304676,-0.00024619980912599093,-0.00106480036779677,0.000813966589101156,0.000544879616343863,-0.008500032040150263,0.005272360750352201,-9.040311007557644e-05
2017-01-11,0.0028372843749528975,0.0032646944033269953,0.006960925807413698,0.008679024559717918,0.0004932126196022235,0.003597472278526359,0.0008131788046232824,0.0016313705614949825,-0.006157754940473548,0.0017482918266857883,0.0
2017-01-12,-0.002206179848840417,-0.010702203801857046,0.0007977846409348288,0.002419703567644982,0.00024607618480976257,-0.001327286646869097,0.0003481951038779574,0.001628998432351425,0.005102496418781799,0.004363018374208272,9.041128353692862e-05
2017-01-13,0.0019706919703674775,0.007309632355353424,0.0037194427741178426,-0.0010726787500957569,-0.0016011439758968349,-0.005317834200061156,-0.001972670073615679,-0.0018071599182928333,-0.0014503687057175751,0.0034752355393230516,0.0
2017-01-17,-0.0035497858945411354,-0.012916436001170206,-0.0026468230632106238,-0.0010740993517714958,0.003084123996374144,0.01069211944665871,0.003487744868177378,0.0034395351920937234,0.007747253531808385,0.013852800412978095,-9.040311007557644e-05
2017-01-18,0.0021182884071915264,0.003896394753943211,-0.0045115943474857145,-0.003763524493610615,-0.005165731398657836,-0.013091935868427274,-0.004402108455839215,-0.005231781979834094,0.0016819172078343936,-0.009393651265491632,9.041128353692862e-05
2017-01-19,-0.003362573512181166,-0.009519960503479918,-0.0018663017430974316,-0.002698020756114139,-0.0017303259779236635,-0.006163160549194968,-0.002793384607020055,-0.000181752124739476,-0.010193126067031488,-0.000862088668359906,9.092466647997455e-05
2017-01-20,0.0032297868344122183,0.004879755199306057,0.004807899278584715,0.0016230158636143521,0.0007429529406695057,-0.002022728881872826,0.001167260110231494,0.000726664780923203,0.007269073625045364,0.0025884152352226852,0.0
2017-01-23,-0.002306726712182794,-0.0033843784026730273,0.002126072288077152,0.013776761001418336,0.0027224329905264355,0.00959213562868344,0.004196126508771769,0.003080780591224963,0.008419708234121304,0.006884675085537362,9.065564544341598e-05
2017-01-24,0.006356921411229788,0.014617062261459646,0.004244402614521414,0.007194078667561499,-0.001480645515103629,-0.006690263503023819,-0.0032503865273567634,-0.0016263491121971674,0.0002385166098546332,-0.004273520645296847,-0.00018155558634114222
2017-01-25,0.008326421707040454,0.011204592315490869,0.00977260389819401,0.008729841140956651,-0.0029664388344450288,-0.010642496208727814,-0.0027947705952307,-0.003257901895983961,-0.00655877060405885,-0.007725253378585761,-9.040311007557644e-05
2017-01-26,-0.0007591564691464825,-0.005324280993976638,-0.0031389210071078866,-0.004196115102891196,0.0003720662076733827,0.00272294343027224,0.0017519273191983764,0.0019972410975470645,-0.001920673217401414,-0.01038069505860606,0.00027201625594885925
2017-01-27,-0.0014249015717477942,-0.004195514081714369,-0.002361487086816383,0.0010537127296563753,0.0011150880491554993,0.0031231453763831407,0.0011658458475742872,0.0005439102966402487,-0.00974122459025184,0.0017482918266857883,-0.00018155558634114222
2017-01-30,-0.0060404591839976485,-0.013512059301225898,-0.007101364247044439,-0.004998682270896171,-0.0002478020044301976,-0.0025727365514863765,-0.0016307752183438717,-0.0005436146190516133,-0.006801074943661667,0.005235638692580702,9.092466647997455e-05
2017-01-31,-4.780810083981901e-05,0.0067751947991063766,0.0034435501580709627,0.000528747372139371,0.0021051336343278493,0.005972385368967492,0.003149373923102994,0.002537645819307599,0.0072142293553969505,0.013020799702241792,-9.091639993652478e-05
2017-02-01,0.0001434311596908433,-0.0010241159011036283,0.003431866829415098,0.00211380566806163,-0.0017579361782622538,-0.006097185750821521,-0.0023421366182369008,-0.00289231079166552,-0.012019037375951003,-0.002570671188951601,9.083774041251935e-05
2017-02-02,0.0004307430381316202,-0.004979146117404909,0.0015786445453422893,0.003428488712410971,0.0006198877963308203,0.00027271474724610556,0.0008175809106372167,0.0007251275679460711,0.011919525240048578,0.005154593141984076,-9.056873515111974e-05
2017-02-03,0.007412915364560124,0.01604157362546621,0.004202616899596334,0.006307602794673572,0.0002477510252387738,-0.0008161863874932562,0.0012833332219657212,-0.0009057764373794353,0.005464672865219233,0.0034188002141120055,0.0001814146553138496
2017-02-06,-0.0020888391597229106,-0.009270202339017097,-0.007324016228082875,-0.0023504513640236757,0.0030984550625596796,0.0072128503033719316,0.003847772337691735,0.002719602554609235,-0.0016907220485207208,0.013628607370651524,0.00018129483972839644
2017-02-07,0.00023799203518848344,-0.003362350288265925,-0.0007902357758563516,-0.003665002766762737,0.0016049468439189862,0.005945175146612636,0.00127658749817261,0.0,-0.0035086701342537108,-0.0025209860447791277,-9.10654615554618e-05
2017-02-08,0.0012840380408658536,-0.0016138291179191855,0.0015819892326469631,0.007882382103949759,0.0027137646144987926,0.01249139434503932,0.0019715371074400245,0.002531664305981174,0.007891687687547222,0.00589719422907331,0.00018188680314357164
2017-02-09,0.00570050429392599,0.016015385341909383,0.0036860793048050233,0.005213889269339411,-0.0027064200275959127,-0.010347504692148735,-0.0037032049892340435,-0.0023445972049577213,0.002408992732876314,-0.006700161349878941,-0.0002720420531311385
2017-02-10,0.0040144616512294284,0.008098309509131374,0.0036728083670169998,0.009076768987642092,-0.00024659170329122126,-0.000803973777033673,0.0,0.0007229712762877316,0.007089463500077553,0.002529568930351278,0.00018129483972839644
2017-02-13,0.005315853878612886,0.0022954502662877463,0.003659235524485105,0.0038549973187660402,-0.0011094024859835683,-0.003220057283953026,-0.000929634580699723,-0.0010836260510869167,0.000358168614497556,-0.006728336534572166,0.0
2017-02-14,0.0041647763013019645,0.002290003938143048,-0.0005211347782506648,0.0015359492509043893,-0.002099723834723344,-0.006460300959185816,-0.002093435700850632,-0.003074948865523064,-0.005248095434251865,0.0008466786496392764,-0.00027206675584945383
2017-02-15,0.0050794150323763,0.00585462150199989,0.0036477953314144607,0.007412923948652006,-0.0016091868704012358,-0.003657250034166837,-0.0015148562906751595,0.0016326497197669543,-0.003357383327860397,0.004230134689153786,0.00018105055213024634
2017-02-16,-0.000788068458575597,-0.001987437328095143,0.002076991409413198,-0.0027907516492580164,0.001859309824950417,0.004486750117013383,0.0037346458222529133,0.0001814266272324172,0.005894744733990098,0.005054795298666814,-9.020473084708769e-05
2017-02-17,0.0015312684100319274,-0.001422568421163506,-0.003367918219893795,-0.0033080971957343275,0.0023506920005098575,0.006225915726481013,0.0022084241761910484,0.0018108965268091026,0.001913582341937392,-0.003352888585901659,0.00018129483972839644
2017-02-21,0.0058839356946251975,0.008689319839572107,0.0044190128067247425,0.008169598480780582,-0.0001227424625569462,-0.002689926367847706,-0.0005795868266493809,0.00018049673498188312,0.012773300468365667,0.0008409819107477734,9.080477798240061e-05
2017-02-22,-0.0004607527569699954,-0.0035308383312760983,-0.0007764528520026737,0.002532188808573199,0.0006171190121369019,0.0029665142971755376,0.0012768962774902803,0.0018072020658073118,-0.003300333279686485,0.0008403553951601417,-9.079653322330294e-05
2017-02-23,0.000553043285013155,-0.007085823872144514,0.0018133940953590777,0.0005052976311108459,0.001850529318976335,0.002824398531993566,0.002666059390278308,0.001984932536053474,0.0052034768015936095,0.010075557270905922,0.0
2017-02-24,0.0011975844571401328,-0.00028570232900893,-0.008531817942298625,-0.010603554131914716,0.0036942850722265774,0.009923865138631527,0.004625081049607349,0.0030603522551038154,0.004705493908301994,0.004987566163634494,0.0002718060722761706
2017-02-27,0.0014721492223537247,0.007852953442075927,0.0005212847803375276,-0.004082682996802811,-0.002085695881964167,-0.00517910261368093,-0.0029924032491507324,-0.0026924544028933406,0.0052696371859259905,-0.004135665020993495,-9.025887792490916e-05
2017-02-28,-0.0029398067652530724,-0.016008054024270302,-0.0023453531524737503,-0.00871113049510397,-0.0007370625921014895,0.0036043038859472354,-0.00011490552184934,-0.000719529566111099,-0.006872604569361673,0.0,-9.070141909495177e-05
2017-03-01,0.014188991010097407,0.01842759960202045,0.009665713297163814,0.016025241643771837,-0.004093796151291573,-0.015475165249300371,-0.0041216103262488035,-0.005403428935198962,-0.003049270733213705,0.0,-0.000417316506288401
2017-03-02,-0.0058599115649891065,-0.010884771192629872,-0.00620962070246589,-0.017807751787804693,-0.0018570054825726157,-0.004062183455145307,-0.0018593953499526084,-0.003078752144251462,-0.005411671476088564,-0.012458440116738023,-9.083443993440632e-05
2017-03-03,0.0005485312203854509,-0.002858556283521496,0.0049465840425315655,0.008546893904756603,0.0007442219600244382,0.0012236187066230197,0.0009312727486232575,0.002906306223185773,-0.003903859295472989,-0.0008410621188461587,0.0001818592447695444
2017-03-06,-0.0031055009046494497,-0.006879608525383718,-0.003367918219893795,0.0015410685517225353,-0.0006194823515542902,-0.0032593180679224565,-0.0009304062866034579,-0.0014495122674431649,-0.0045125006078776675,-0.0067340002470883675,-0.0001818261779981123
2017-03-07,-0.003023559485445082,-0.007071513171215016,-0.0025996133569982094,0.0012820339287056282,-0.0018603552085597608,-0.0025876270118907474,-0.002911560327856222,-0.0012693553612537212,-0.0047713016223128735,-0.007627131451960256,0.0
2017-03-08,-0.002113385544302182,-0.006540775262709464,-0.005211984097058253,-0.009987060892990618,-0.0023600969872084043,-0.005736573778374776,-0.003153780488196145,-0.005084637060158048,-0.018458705001579534,-0.006831761182360729,-0.0003625883890695514
2017-03-09,0.0010592177074106868,-0.005705933311444866,0.00419167235451301,-0.008536226203296526,-0.003113846209143567,-0.0075544620101776205,-0.004451855367840096,-0.0021912383988260675,-0.015019705911229808,-0.005159107396929152,9.087564203213994e-05
2017-03-10,0.003495725589759857,0.0050028700525328595,0.007826529543248473,0.008348570881785644,0.001998738560908153,0.0029064076415363793,0.002118350336577146,0.0009146290539867596,-0.003099621221789084,0.0017286480804852289,0.00036268694768715193
2017-03-13,0.0005956520259147169,0.00307485384858297,0.004659726368136274,0.012678096906052039,-0.00199475157401785,-0.0051063615694679765,-0.002231155136764973,-0.0012792913997360378,0.0024873239615945675,0.0,-0.00027163409071295774
2017-03-14,-0.003389695553943195,-0.004670668871341488,-0.007472440739406339,-0.005621091310789583,-0.00012479817101485047,0.0043003551622837755,0.0005877883188563082,-0.0005489974722301394,-0.00024821188736146027,-0.004314080248195573,0.0
2017-03-15,0.008319452844046005,0.015838012471321994,0.015576249471444648,0.023381625159129227,0.006246464615683456,0.011463776641699841,0.008234784078728907,0.008606613687221376,0.020225661014416918,0.017331006059468024,0.00036274090926236013
2017-03-16,-0.0016867432711307195,0.001876525595960521,0.004090271726016059,0.006778842744428415,-0.0014890351404343027,-0.004505963986496386,-0.0018664627272754197,-0.0009081308432403734,-0.0019456620857787321,0.005962576649340745,-9.100000399808739e-05
2017-03-17,-0.002009019566736492,0.0056195407575367895,0.0015272158668642177,-0.0009973053725966796,0.001989415060791311,0.0058979498574036615,0.00210411417347367,0.0018168637565763035,0.004630252429038251,0.0008466786496392764,0.0
2017-03-20,-0.0008693535005310782,-0.005444797324577144,-0.0005083601992998954,0.00973519886861296,0.001985402085857624,0.004227776831930097,0.0027990713032139958,0.0018145205040340784,-0.0008491202247870033,0.004230134689153786,9.100828575236974e-05
2017-03-21,-0.01277640099402455,-0.026509418172313337,-0.005849212580177343,-0.012113863563450677,0.002353795769448608,0.00746870242392661,0.0017443406827677421,0.0010866453866069659,-0.004370055494044123,0.009267030980435909,0.0
2017-03-22,0.0020410558967778325,-0.0016278335791374277,0.0012789308096874397,0.0047883736202378735,0.0013586051386014208,0.0044477947732080025,0.0018580781553694248,0.0014463704604479322,-0.0005527423163085299,0.00333897471250455,0.0
2017-03-23,-0.0010231072186686063,0.006374116941681329,0.002810430050207424,0.000499105535585187,-0.0004934705444799015,-0.0016098825828360086,-0.0010430315602732998,-0.000722282891542303,0.007373317249436351,-0.002495897296420746,0.0
2017-03-24,-0.0003258149955114309,-8.88399778341542e-05,0.002557782096650474,0.002742527739164613,-0.0002469198226368041,0.00214997131181649,-0.00046447024487494826,0.0012648612663974657,-0.0010977979551752837,0.0016680949245595489,-9.100000399808739e-05
2017-03-27,-0.0016296884810966805,0.0010349348140445969,0.002295627754435703,-0.0029840213714188435,0.0021001525997521586,0.005499496575456675,0.0026697565706468307,0.00288823045379738,-0.009037592954282636,0.005828450748558867,-9.083443993440632e-05
2017-03-28,0.007416391638663589,0.007972794464946587,0.004581447752677992,0.0024949056891387933,-0.001849288005645655,-0.006402708676857105,-0.002083149895250047,-0.0030598186037538166,0.004313640648716088,-0.0033112551411966784,9.084269157932923e-05
2017-03-29,0.0014816993873913997,0.002636469988108292,0.0010134706391726755,0.001492348019087597,0.0019755467821787054,0.005906782259584853,0.0022043523899377693,0.003069209829087649,0.005644821770600661,0.002491672181581528,0.00027215562816707006
2017-03-30,0.002681668273045057,0.008473388613962296,-0.0037962830997212427,-0.005713983633328201,-0.0016015013378506415,-0.007873540622563513,-0.00127383674014514,-0.0030598186037538166,0.0018301991966886977,-0.008284956944803468,9.08966248154286e-05
2017-03-31,-0.0023978100519205237,0.0018833304029302056,-0.0015246468187412043,-0.007496246728329048,0.0006161927503098852,0.002689769424461197,0.001158715853155634,0.0025275511314726273,0.005968347553760633,0.003341684290785407,0.0001812553785751625
2017-04-03,-0.0012479572494140667,-0.018363106578604627,-0.0010177902582564347,0.007804427924794632,0.0036340254077820155,0.010553300664354337,0.004063345815853214,0.0037675001145689446,0.002906108847861466,0.004995792239711694,-0.00020876210068709877
2017-04-04,0.0005553133619600192,0.000736466251359591,-0.0005094458079758502,0.0022483438599805172,-0.0011083343948965485,-0.005320976123336374,-0.0010408998492248411,-0.00269386747663114,0.0,0.001657038796135879,-9.045639814786455e-05
2017-04-05,-0.0030526513692736845,-0.01089210605122748,-0.005351778614356317,-0.0017446921749361133,0.0008631957835936177,0.002808116416652462,0.001041984450682376,0.0030619006267462723,0.0014489772999779493,0.0008271487804485389,-0.00027226275989444826
2017-04-06,0.002598064388572352,0.00967269490020195,0.0007689958993148949,-0.001747741445760287,0.0003696398397543543,-0.001066688821303119,0.0005778360499515411,-0.0008978210736042547,0.005304075372048356,-0.004132247037895498,0.00027233690709249636
2017-04-07,-0.0008793630392887053,-0.0001473412386818751,-0.0012802650097429868,-0.00025017695100071347,-0.0022161454191992336,-0.003871952915446175,-0.003350556401539695,-0.004132972437996929,0.00143891573198629,0.002489604356542552,-9.098599093826376e-05
2017-04-10,0.0006947499335381302,0.0030955936016108243,0.0,-0.004753614321425292,0.0009866961841176192,0.003887003208852935,0.0022026836394377636,0.0012628840799526753,0.006226739187936925,0.0,0.00018146708314858984
2017-04-11,-0.0012495503915859185,0.00940477130657813,0.004101684970630348,0.0010058646769857127,0.003206227212409596,0.008945034101840221,0.0032388472761089027,0.0018024383263262056,0.006902546736445414,0.013245020564786714,0.0
2017-04-12,-0.0041244857331140805,-0.014558228050224775,-0.000766247117858665,0.0035152326749245955,0.0023344214878942005,0.005425603442479554,0.0026515917571967584,0.0037777257310398493,-0.001772464866025114,0.008169965959124559,9.106465442743072e-05
2017-04-13,-0.0066538282031446405,-0.01167097736117717,-0.006387532805279039,-0.0052550973694514,0.001471111097019362,0.0034220304747420993,0.0019547697103732276,0.001433319324834148,-0.002250024230728287,0.004862193290151584,0.0001814176380865451
2017-04-17,0.00875980150606015,0.01136003711995115,0.008228620663961905,0.008553413203975513,-0.0006124608784872088,-0.003017487592525847,-0.0010324492415089148,-0.0025050705001896656,0.012104209084131456,-0.004032196661186149,-0.00018138473169693192
2017-04-18,-0.002740091391259414,0.0008869849234645066,-0.005865388577640407,-0.011723564948001641,0.0035527853486798655,0.013287797325996165,0.004710353123725142,0.0030501755141534304,0.0026966287477669937,0.0048582562015468955,0.0
2017-04-19,-0.0021883721997568717,0.005611338362113472,-0.004618010168301656,-0.0073194795227286,-0.0018308858182110033,-0.006751319568001013,-0.0024012968932173306,-0.0028623105085663347,-0.0014037230276781054,-0.008057971718368973,0.0001814176380865451
2017-04-20,0.00816687793726878,0.01380336378671898,0.009020280283374982,0.01042480770740073,-0.001345608423980016,-0.0024833237923062024,-0.0010317627754770076,-0.0008965460506986656,0.00011726532349909391,0.0016246550290515138,-0.00018138473169693192
2017-04-21,-0.0029162133717315353,-0.002607256463896257,0.0005112648120506602,-0.0010066255796518098,0.0002452679735787111,-0.0009171934453194863,0.000459178682273631,-0.0008978210736042547,-0.0036293016145729773,0.003244116958680765,9.044816151737578e-05
2017-04-24,0.010677668089988046,0.012489192854610254,0.02195546522690539,0.011586537759886495,-0.001346842815696081,-0.004328128999743885,-0.0014908910053129665,0.0,-0.011046086743001782,-0.006467253390959882,0.0001807062068064358
2017-04-25,0.0060174737993572425,0.008892469735084507,0.006495022487240432,0.007221310365233213,-0.0030642587396799703,-0.011856084408461531,-0.0029869746407049647,-0.0019764915706425024,0.0041589162008510705,-0.010577714796129012,-8.972874297419331e-05
2017-04-26,-0.000730404318126987,0.006540145635189232,-0.00372272565925591,-0.003708125685086383,0.000983676494639818,0.005731773691905806,0.0026501970720458345,0.0018004375672935335,-0.0074549266066504805,0.004934245096184675,-9.095297609518216e-05
2017-04-27,0.0007766218359523958,-0.0009890345948598833,0.0014942638937691655,-0.0032257940575833866,0.0007367209123403384,0.0005301934101378247,0.0006894398056209727,0.00017964481948906652,-0.002622371750928054,-0.003273319229047167,9.096124929142135e-05
2017-04-28,-0.0019177094322992971,-0.013289917279955432,-0.0007463002471880253,0.004231959369211058,0.0011048591643803007,0.001192572286063287,0.0006887180640540169,0.0008986278806528691,-0.01039934323134506,0.002463032201932114,-9.095297609518216e-05
2017-05-01,0.0024244889439557493,0.005301594747455063,0.002738603859035127,0.003966057192001937,-0.0018677937761679697,-0.007572379479593883,-0.0012541884104632084,-0.00122256486618455,0.0059182703043727525,-0.009828000424584205,9.95621697115201e-05
2017-05-02,0.0003196196211014968,-0.0041333396467398975,0.005958480154731216,0.004938495879694749,0.0017231556310659535,0.002939356016405048,0.002188605586054715,-0.0009008043926014286,-0.0016807868637429557,0.0008271487804485389,-9.069158588836945e-05
2017-05-03,-0.0010037588390945373,-0.006154013158842231,-0.0032084267395394717,-0.007125435847944228,-0.0011057929571522962,0.0022655727645446433,-0.0021838260521579445,-0.0025232250431570513,-0.013351005074169864,-0.01487605781000123,-0.00018139962319618785
2017-05-04,0.0009133733793957877,-0.0008643110173013335,0.0071796710729652435,-0.010640729825914574,-0.0011070170888526354,-0.004918819130244834,-0.001497954246292954,-0.003793419049004765,-0.004876444834822191,-0.009228159058153773,9.071626749479478e-05
2017-05-05,0.0040148358297631415,0.004468182079591543,0.010079027822651687,0.0057523208206753385,0.0006156979992277822,0.0009347535771884186,0.0008086994625422506,0.0007252260613714867,0.009432977255956487,0.0008466786496392764,9.070803880018019e-05
2017-05-08,4.575467503231678e-05,-0.0035870955863112064,-0.004624190451294363,-0.006217161479870836,-0.0017231303008523602,-0.006139481882675213,-0.002422099807855127,-0.0028995606088394466,-0.0070389541665568656,-0.001692005465796509,0.0
2017-05-09,-0.0012723728513202026,0.0012958337019532973,-0.001711130950728612,0.011261413985864888,-0.0004932173104863491,0.00040245407795391763,0.0008094506991032091,-0.0007273785554573475,-0.005377871053018346,-0.005932258251444611,0.0
2017-05-10,0.0018651798996096591,0.005465326655905267,0.0014691976616447722,0.007919116708676288,-0.00012316229588249517,-0.0006711221664893463,0.00023155296754029386,0.0005463117201376377,0.00786464681444432,0.0008525344647991595,-9.069981159803842e-05
2017-05-11,-0.002043482776025951,-0.007438242242585824,-0.001956365571552543,-0.0004913243210812324,0.0007398764104848965,-0.00013396043433966387,0.0005761816904474859,0.003090017447697324,-0.004998800573408069,0.0025554248066779195,0.00027247165677879437
2017-05-12,-0.0015472051650515795,-0.007926451346762176,0.004410621378025281,0.005404402314708845,0.0029587524566592194,0.007389381160868513,0.0046153911770721034,0.0005432882891169832,-0.004043240342708532,0.0033984673149816125,0.0
2017-05-15,0.005059073150135429,0.00639182557182183,0.005855024859257929,0.009283688937265389,-0.00024519777483333893,-0.003200481948565148,0.0,-0.001629927659342556,0.0029524018642728134,0.003386956852819978,9.050960730827562e-05
2017-05-16,-0.0001813507155635774,0.0,0.005093409532094029,0.0009687315649911099,0.000983831393958301,0.004013600020349228,0.001492878569898215,0.0005444493789290572,-0.006746873594641323,0.0033755240983432966,0.0
2017-05-17,-0.01773402666467705,-0.025115493912569842,-0.01206565765009815,-0.0149939826934945,0.0054045422843340685,0.014525331925936635,0.005619977001561249,0.005620954610608964,0.004075403561482505,0.01934394748487045,0.00027245963741062695
2017-05-18,0.003647493438940108,0.0014805656885212848,0.001954099808122889,-0.01841402373158396,-0.0008560402644940401,0.000656797851099622,-0.0006845577457601504,0.0007212304621933008,0.005535312201840226,-0.008250777948814902,-9.091091433721665e-05
2017-05-19,0.006210956228894116,0.004582864302532741,0.011458061980458734,0.01775869061943869,0.0006118751420789437,0.0010500004658386963,-0.00022821995708632858,0.0016217875623292244,0.005382407778656617,0.004991635911596681,9.091917988302001e-05
2017-05-22,0.005578269711901784,0.007947242658150167,0.002650925822039518,-0.00024556615304205387,-0.0008553840685598946,-0.0014424523471527895,-0.00034231635534709426,-0.0010797862341421771,0.003893265255964451,0.0033112551411966784,0.0
2017-05-23,0.0019553950687933863,0.003358336988325661,-0.0009615182981144166,-0.0004916212887979832,-0.0020798559214252332,-0.006565455496866379,-0.00216984705367651,-0.001800898008354368,0.000848068592066209,-0.005775552432770503,-9.091091433721665e-05
2017-05-24,0.002404882647840445,-0.0004365555378000874,0.0021653918652912996,0.0034429188512490327,0.002084190737872804,0.0047587735846148504,0.0021745655282812137,0.00018087728693894078,0.008113703825763707,0.0041493933563012675,9.091917988302001e-05
2017-05-25,0.0046631631617573,0.0013101746319483798,-0.00023980266486933743,0.005147209644948969,0.0,0.0007886277004278686,-0.00022877841623680784,-0.0007212074150428904,0.00012009469566276465,-0.0008264651707904358,0.0
2017-05-26,4.52114160902628e-05,-0.00014554065478211697,-0.0026418625732309575,0.002438204950619305,0.000489112103404743,0.0013152986709659142,0.0006855133481760145,0.0018046504176973954,-0.007206408704161338,0.00827125116073768,0.0
2017-05-30,-0.000946441431338263,-0.005670969154308758,-0.00168559975417093,-0.0017024949980666282,0.0014668045466239565,0.004594969095208734,0.0011417191883174027,0.0021623205601102313,-0.006290768643332667,-0.004101660277413655,-9.091091433721665e-05
2017-05-31,-0.0002254614944946498,-0.0007313174890207774,0.0019297743160588965,-0.007309937072167094,0.0004887746444988128,0.002875167180334648,0.001139439983295354,0.000719343780846815,0.0006088569930493559,0.0049422952426343425,9.091917988302001e-05
2017-06-01,0.0078042463333651835,0.01741552197850793,0.006740775017472833,0.007363765736313699,0.00026874720093594817,-0.00045741834250201396,-4.532563387260602e-05,-1.814459228155485e-05,0.005231612991287937,0.000819690904768855,5.43555228034176e-05
2017-06-02,0.003133438339370409,0.006472979380205857,0.009564657559127498,0.0031677509613214916,0.0033001412009618925,0.011236728863668999,0.0028547292732128415,0.002878461461079951,0.010288295714792284,0.006552000283056136,0.00018094369429899615
2017-06-05,-0.0006695175479014548,-0.006574414804042417,-0.0042635013821687995,0.0,-0.0015834318607850228,-0.006072985365306538,-0.00057036692003265,-0.0021527669580082565,-0.004313402889803197,0.0016273765521359618,-9.062909876389469e-05
2017-06-06,-0.002857646055420271,-0.0014382887758411789,-0.0023787269669652833,0.000728412440614834,0.001830128667250852,0.005459812063943081,0.001823586286947565,0.0017975922748063589,-0.004812479521257629,0.011372817617888886,-9.029004374294658e-05
2017-06-07,0.0016566946140279537,0.0015845800714033853,-0.0007152774373919701,-0.0007278822421342701,-0.001339429424468519,-0.0046545761049353596,-0.001250613261640554,-0.0034096156450323933,0.0070123705720723795,-0.004819234286070562,9.029819677097706e-05
2017-06-08,0.0003575775169333273,0.013521355775186539,-0.0014316391837273512,0.0019432622031225755,-0.0007324455712817146,-0.0018182345029709168,-0.0014809708477169226,-0.00018001293684188902,-0.0024016024742745667,-0.007263934632285474,0.0
2017-06-09,-0.0011618699721257508,0.00823204314452508,-0.0035841990727073503,-0.006788135592707301,-0.0008537183867040055,-0.0019523434407704432,-0.0012541582907867888,-0.0016216316437839273,0.006980702436548247,-0.008130112188539096,-9.029004374294658e-05
2017-06-12,-0.0004022021100897888,-0.0021119874820992868,-0.0031173946388404206,-0.0036616096965086387,-0.00024408389552710297,0.000130657068527551,0.0006850840052923246,-0.001261893173474693,0.00896373758902147,-0.002458994544279336,-9.107962347387755e-05
2017-06-13,0.004878514019419855,0.004796386048080636,0.008660029093240373,0.004654998396758536,0.0002441434870206205,0.00013063999948825789,0.0009129622164578688,0.0010838658037648496,0.002250698705916987,0.0016433446149530795,0.000363136015538279
2017-06-14,-0.001068735272812149,-0.006177295049169196,-0.001192815271991443,-0.0007318025099053438,0.0036648977934927718,0.014337597975443428,0.004331655807634505,0.00036055171956017595,0.0014179718928202245,-0.005742386975703062,0.0
2017-06-15,-0.0020068821616561205,-0.004802974861060849,-0.010744535447367198,-0.008784526615751798,-0.0010957496112882215,-0.0012848406163828985,-0.002043424684689099,-0.004328737076089717,0.005075370751814301,-0.004125428317407698,0.0
2017-06-16,0.00026810653737996404,-0.005393768894221496,0.008930490663403123,0.0032005663226177816,0.0010969515955727704,0.001544312982500129,0.0007964881120745559,0.0005428884219933483,-0.002583538866430257,0.0,9.036044181298664e-05
2017-06-19,0.008174463730711734,0.004566792793849306,0.0035884865729371995,0.0066256088515339595,-0.001460938022880276,-0.002056255618309022,-0.002386894804258244,-0.0016293899485316787,0.00011777028019177571,-0.007456516558694171,0.0
2017-06-20,-0.006557469495840351,-0.01193367737593698,-0.009058182305864304,-0.011945619086299653,0.0014630754854874084,0.008496340606967356,0.002164135684655344,0.0014512368681258714,-0.002354282942453767,-0.0025041514288398625,0.0
2017-06-21,-0.0004011477220556836,-0.004601254030480506,-0.0009250470415739231,0.0037988419789323213,0.00048632378002833043,0.003701597143952684,-0.0006817436921856546,0.0005427864475988642,-0.002005866128640621,0.002510437945608235,0.0
2017-06-22,-0.000580133890314638,0.00361143966167643,0.0019486714093854829,0.003710005018862539,0.0003651951850012214,0.001272506342104851,0.0011377438846267296,0.003620018030103367,0.0009458457433546563,0.0041736387850921375,0.0001812253174893197
2017-06-23,0.0017039009368091662,0.00849184993142238,0.0021888499538555983,0.0036967198667334777,0.00024347692167303592,-0.0012708891276299594,0.00022690169019901063,0.0003606395353659142,0.003469826032405532,0.0041562919239162,9.103013045241859e-05
2017-06-26,0.00031324487003270285,0.0018551890198799104,0.0019402699291932723,0.0105569735038884,0.0010937525707728213,0.003688975233831604,0.0009092821853455835,0.001983320476385053,0.00713048198146593,-0.009933765423590035,-0.00018143629867872768
2017-06-27,-0.007966090745118781,-0.007486262863512727,-0.00024205650724440364,-0.010446688094471801,-0.003400689729100126,-0.009503175502606265,-0.003290826745414477,-0.004498436293227548,-0.008967915921648362,0.005016757477033895,0.0
2017-06-28,0.008842498831097556,0.016122132255030452,0.008961043496766852,0.005892296873391878,0.0,-0.004733302684420293,0.00022727077786277583,0.0012651178322777845,0.0023812031847787463,0.0008318864248513247,9.043086139737255e-05
2017-06-29,-0.008630840327560008,-0.006233443927494253,-0.01008158022565453,-0.011227560144917659,-0.002071780623728481,-0.004884297922081338,-0.002390301537919637,-0.0037907466356063013,-0.011402792295620356,-0.005818761128677963,9.103013045241859e-05
2017-06-30,0.001669077388180451,-0.000569992748612913,0.0019398145404216915,0.007899143663132824,-0.000732415567339384,-0.00439194138380361,-0.0012550772039827685,-0.0023551537818372603,0.0,-0.0016722790718962655,9.076153439391277e-05
2017-07-03,0.0022066027702571933,0.009413493797246764,-0.0019360589451288268,0.004653678114346471,0.00011045502471951352,-0.004029546331152489,-0.0017872241824573587,-0.0004005858176107102,0.01273575624719836,-0.01758794351148807,-8.242412295522694e-05
2017-07-05,0.00175222917996809,-0.0059344728453988305,0.00048451426944517983,-0.0017066507650312923,0.0006132970324013165,0.0010443112023661438,0.0009178071276843003,0.00036438391253579283,-0.014117775813684896,0.0051151254866341755,0.0
2017-07-06,-0.008971095967202025,-0.013788413079411477,-0.00605897720263493,-0.01098952846930179,-0.0023297169136818896,-0.007563752678242164,-0.00045833002914563714,-0.0018196425156489227,-0.018772409578336924,-0.0016963107849079506,0.0002725426432488298
2017-07-07,0.006336917056585456,0.010522016183403426,0.0017073527019788592,0.0027165695298958514,-0.00024580276482066843,-0.004467019096014102,-0.0010326017064393733,-0.003645348823942407,0.005641398104230477,-0.010195482970796643,-9.064930317581599e-05
2017-07-10,0.0010340121584526685,-0.005990649437393913,0.0017040775881553838,0.007140956521983544,0.0004921591462532238,0.00013171965101288485,0.0012632373458139057,-0.00036615488322933043,-0.009146497493584205,0.0017167775466584434,9.065752121695247e-05
2017-07-11,-0.0007636079560162656,0.002295837277401125,0.0031588719260275955,0.007090506860408574,0.0009828454357840855,0.0022432692761842343,0.0013754885003807171,0.002928211842389672,-0.0011074851138337394,0.0017137535525797443,0.00018086487762825065
2017-07-12,0.007509246709199946,0.007587568664193967,0.008963274712348923,0.018936392032354643,0.0023326604125342154,0.0057936957757034335,0.0029782978172105956,0.0029198528194673834,0.012321235534770603,0.0034217248322361282,9.106656115664968e-05
2017-07-13,0.0016955306162631523,0.002415455328270255,0.002880988565754139,0.0028591946002662905,-0.00036754840716601844,-0.0051054833192196725,-0.0007991149986961155,-0.0009098687110794534,0.0015823597224886576,-0.0017049876274370934,-9.105826879329815e-05
2017-07-14,0.004544450680944223,0.0025514183806953916,0.007182199618563256,0.010216512274485057,0.0003676835486687846,0.0009212399308919927,0.0021713439351798147,0.0010928937870626765,0.009600037021419316,0.008539742198459432,0.0002722456528292394
2017-07-17,0.00013328814737301187,0.0025449871576765926,-0.0016636208930919105,-0.005174090162457956,0.0013465894642570309,0.002759981548359658,0.00022815365003014954,0.0018191215666820693,0.00806443433840931,0.004233635502459254,0.0
2017-07-18,0.0007538424011581668,-0.0031025956132129107,0.00214279449202448,0.0016548904988891167,0.002324594189301754,0.009046027813853552,0.0031914786341993295,0.002905157848614781,-0.002148982486779194,0.007588545969073435,-9.01747109012252e-05
2017-07-19,0.005272921856034785,0.011458736338924025,0.004751689431516937,0.009676413760495661,0.00012192444513337009,-0.0005200416741681924,-0.0006812800871961455,0.0007243744738367752,0.0075388154356275106,-0.0016735986952777226,0.0
2017-07-20,0.00030873712049306334,0.0013983825946590756,0.003310523277556321,-0.002103445571242868,0.0006104682107115345,0.002469924717791727,0.0009089725301969498,-0.0027138245749669387,-0.004632325152095329,0.0016764043233661319,9.018284311301805e-05
2017-07-21,-0.0007049227011237669,-0.004888238799050759,-0.00259300556451858,-0.0021084607364589836,0.0010965168437018225,0.004279103319365207,0.0021587032524632566,0.0016326688974350745,-0.0007159017205208285,0.009205072142869586,-9.01747109012252e-05
2017-07-24,-0.00035259325686987086,0.00014020595886399256,-0.0018900162213990601,0.0037558026825197377,-0.0004870520233054565,-0.003614993806192013,-0.0010203028795375824,-0.00018082852911105451,-0.0019103300570290083,0.0016583336147173444,9.018284311301805e-05
2017-07-25,0.0023819143279955046,0.009402504452913352,0.0007103644336396986,-0.0016367396749296104,-0.0037773504327450746,-0.011403545382669633,-0.00408556125415116,-0.00380460598945509,0.0013157224678479462,-0.0041390886631332835,-0.0004529545093728826
2017-07-26,0.0003081566454663509,-0.00681214843594391,0.006387322557128483,0.00726136483474904,0.0024465461588598636,0.0014420842985056748,0.0037608409021427924,0.0029095742198481656,0.006930023646132488,0.007481309608114328,0.00045315977013427045
2017-07-27,-0.0011878387669581603,-0.004619396842434953,-0.003760952505167059,-0.005116333886988178,-0.0012207784780712272,-0.005104748946193616,-0.0015889162160190873,-0.0005438324201677558,0.0011864718834209143,-0.0008251014006815938,0.0
2017-07-28,-0.0011453346055991798,-0.0015467189785431934,0.0009434338349647575,0.0037400002506173813,0.0018329451290504117,0.006314866505869876,0.0018187681924530796,0.001995389576961548,-0.0027261182907869497,0.008257670049939936,0.000181563312141364
2017-07-31,-0.000573285041571503,-0.0026761929352011604,0.002121697485247598,0.0016301099879203473,-0.00012197277253744865,0.0,0.00022691060605084523,0.00036228167948348933,0.001307356894582945,0.0008190195618831275,0.00018135697146348662
2017-08-01,0.002250151715305515,0.0029654666012515207,0.00564611627556677,0.004185202812400979,0.004066316388130264,0.006472905844088439,0.00220716035614954,0.0009791091287032483,0.004509937114906437,-0.0008183493177833512,-0.00011822469157352078
2017-08-02,0.0005724037531600334,-0.012954295668010207,-0.00046792651378957384,0.0023153966232927203,-0.0006106444048492587,0.001042043104820145,-0.0009078512846928399,-0.0009053394466460585,-0.009097287646887886,-0.003276000141528068,9.058607805534358e-05
2017-08-03,-0.0017598644533235452,-0.003423334061489536,-0.00140431973664068,-0.0036957098028496116,0.0020755770668383633,0.009883831376664265,0.0011357848992841202,0.0028993527267962005,-0.0020273713727881892,0.0024650561037897756,0.00018141577809349663
2017-08-04,0.0016747642383545536,0.004007765916667072,0.0014062946239365992,0.0025503980098586787,-0.0015838179876148661,-0.008628542798994165,-0.002269776827696357,-0.0016261651822747636,0.0033452220960372703,-0.007377061802865015,-9.04747820177354e-05
2017-08-07,0.00162809173004419,-0.0009979107278744737,0.0007019844014644061,0.007863036370876708,0.00036684693380406586,0.0011692270689349638,0.0007962382202566509,0.0014486412141394567,-0.0010714183565856406,-0.0008257040042115582,0.0
2017-08-08,-0.0019769390957633526,-0.002711275824730297,-0.00514505371597862,-0.001376896364658764,-0.0013419048159933888,-0.0031142757451227965,-0.0020460046912348373,0.00017991206056633402,-0.004768082790603478,0.0016528515255240794,0.0001816592929690941
2017-08-09,-0.0005720951335560498,-0.008443668114166414,-0.002585596097107068,-0.005514951181607386,0.0007331261737724137,0.005336893360075479,0.0,0.0019888425640359753,-0.003353569786009314,0.011551183551541389,-0.0003630792901913038
2017-08-10,-0.013741562498445603,-0.015442087681626693,-0.014376802784438647,-0.023104902970922048,0.0014637116645672688,0.008673951071865416,-0.0001137957216682528,0.0021639478675976598,-0.007210767901213666,0.008156560026796322,9.058607805534358e-05
2017-08-11,0.0013397623432924721,-0.00029293072923630703,-0.0002392857475814747,0.0030746704678781267,0.000853305887615452,-0.0011550762423372385,0.0013669148018591315,-0.0007198209287255786,-0.006173424556081275,0.004045322987355604,0.00018141577809349663
2017-08-14,0.009811384902213893,0.014809382157777495,0.006936404575301314,0.008724071226997143,-0.0007308946848367803,-0.004239896815456112,-0.0005687502221680685,-0.0034225269721578355,0.016687128437587573,-0.007252228339604594,0.00018155619571569304
2017-08-15,8.837809364248272e-05,-0.009825343337517278,-0.0009500647307286725,-0.0007010324971840065,-0.0017056718561397899,-0.004259250063114006,-0.001821302574309236,-0.0023489784743960795,-0.0029954222747667902,-0.007305207371531064,0.0
2017-08-16,0.0015895741144580366,0.0013134080788246294,0.006181174537249756,0.012163818112702174,0.0014649913094824107,0.0034993021892588683,0.003535326051717025,0.0018115237820992558,0.003965242409309955,0.008176646378798003,0.0001810033634219721
2017-08-17,-0.015563575964893439,-0.019382140864772412,-0.0113418689971434,-0.012711075514511894,0.001826973708579649,0.006715888632153666,0.0005676207163203273,0.0025319240550867317,-0.006223810963898013,0.004866214110945899,-9.052861869529583e-05
2017-08-18,-0.0018362043735854483,-0.001783177563034477,0.0028680255471342786,0.007256499612101397,-0.00048558982351865065,0.00038484924261084075,-0.0005672987058226164,-0.0010828663802822103,-0.010116778132618687,-0.0016142419055259483,0.00018107362973607266
2017-08-21,0.0012112912168005252,-0.0013398700676314768,0.00023836826025958047,0.0025564410907128465,0.00048582573555178143,0.002052234877516268,0.0005676207163203273,0.000361221358912589,0.01070673732994809,0.0032336266954799964,0.0
2017-08-22,0.010127881857485033,0.009689517669766001,0.00500358777239529,0.008808519377833779,-0.0012154973567881644,-0.0029441948227265646,-0.0009083417895039414,-0.0005414013637033976,-0.002888984788798843,-0.004029024282807714,-0.00018104084801262577
2017-08-23,-0.0034156795411771634,-0.0026571319134836013,0.00047448696393281864,0.004825496743653623,0.002922268463876776,0.00564789420492029,0.003182781352223607,0.0028895397251043065,0.010261758095215123,0.00323624295826086,0.00018107362973607266
2017-08-24,-0.0023150648589745915,0.001331878519499119,-0.0011850625968896633,0.0022869178379250066,-0.0014565424007501049,-0.003445831682802991,-0.001699845364049657,-0.0021610983354140023,-0.003106581196016811,-0.0032258034744817587,0.0
2017-08-25,0.0021865760655079836,0.004879239707897165,0.0059311573067672985,0.00844142850170071,0.0012159313743849154,0.00332924697993886,0.0020428654932700407,0.0005420556513602293,0.004794880074215246,0.004854403016450348,9.078029125220155e-05
2017-08-28,0.0003559212928381239,0.0010296405360061822,0.0,-0.0002262824798179297,0.0004856115676763473,0.0003831906848144051,0.0006796471589292086,0.0014425692839084014,-0.007635981570247141,0.014492778105480664,0.0
2017-08-29,0.0007568294313340385,-0.0002937700276525179,-0.004245159680956401,-0.0020367786076804784,0.0010923388672503531,0.0031896117464398355,0.0009051797176944376,0.0016211624265543012,-0.001081328478373056,-0.0015873378696944496,9.06854363866838e-05
2017-08-30,0.00498096839361839,0.005586555833480222,-0.0014212832820621468,0.001134203245574783,-0.00012096865284405567,-0.001143812403490374,0.00033943590776353005,-0.00018009776414662504,0.005656269719850782,0.0,9.067721328404055e-05
2017-08-31,0.005885984288371171,0.009795135209890393,0.008538651625740634,0.003396956039577681,0.0008487050536760687,0.0036921757058994142,0.0012434951260793525,0.0025184507003861434,0.0057446103844316365,0.01112880319330789,-0.00018133798334496465
2017-09-01,0.0017158447443490488,0.007094286078944689,0.0018818313811841403,0.007223911682125106,-0.0016510045659163808,-0.007310219270792895,-0.0020941793263380415,-0.0014552678687973497,0.0034505689076658186,0.002358469523696005,-0.00014507937530816584
2017-09-05,-0.007378646706095782,-0.01035092307467489,-0.0072769918622395124,-0.007620072316154913,0.004135583284823108,0.014984629713004294,0.004991156176582079,0.0052167499678579254,-0.0027275406276321412,0.010980419084137605,0.00036279437952857485
2017-09-06,0.0034953140102313984,0.003050839690575291,0.00733033464781907,0.007227172635635215,-0.00169553197361072,-0.0069394900089723155,-0.0024827952288354327,-0.0008945632060102238,0.002616333480734534,-0.0046548035701008406,-0.00036266280750030244
2017-09-07,-0.00022042920437193025,-0.0028966969748231985,0.008215905564195936,0.004932674589825714,0.0031545222954885155,0.009275585200550829,0.0035080288137359084,0.00358201568368699,0.006404012935727232,0.010132510928602345,0.0004533197201701533
2017-09-08,-0.0015435002785351148,0.0014530333829854136,-0.0002332229597530322,-0.006470306746251375,-0.0010883163422803488,-0.0005041410820498804,-0.0020302061830468343,0.0008924469171402993,0.0008248410957458763,-0.0007716225966358792,-9.048432231395509e-05
2017-09-11,0.010909984018903973,0.010732003902177212,0.007452769481919308,0.01167736710210776,-0.0030271879930519052,-0.010958111253018266,-0.0033901612316481478,-0.0033882373281741707,0.009184054550162024,-0.014671782485074947,0.00018098502093488733
2017-09-12,0.0036699941393283364,0.0073181738622223325,0.002080152001419755,-0.0017757730871159616,-0.0014578895404072645,-0.00573163699751833,-0.0005663980467590646,-0.0017891789851881557,-0.011784100178448664,0.0031347931924397,-0.00027151498696065257
2017-09-13,0.0006095827327452508,0.003276527581044908,-0.0046133486857952155,-0.006671574725191087,-0.0012167019990637629,-0.0035863456576664676,-0.0013611478835434676,-0.0014337035863287717,-0.0025970891723267053,-0.007031261816154988,0.0
2017-09-14,-0.00034809884594555474,-0.0004263236468967646,0.0027806065090796306,0.0020147817330899986,0.0006094267992240443,0.003985379682995616,0.00011337787243270725,0.001077405099835671,0.008285771353798266,0.003933925301714769,9.058731148892107e-05
2017-09-15,0.0013928802437879195,0.005397631248456047,0.0004625344229460815,0.006702989636509393,0.00012133672565273201,0.00025581619847470094,0.0002272718789368966,-0.00017991833442443372,0.0018784520024166529,-0.0047022271583421205,9.049251046744367e-05
2017-09-18,0.00173844844837312,0.007911966665422376,0.00161708286103468,-0.0008881850676736303,-0.0007303037373928012,-0.005503692301258356,-0.0011350779473759953,-0.00035859540307559,-0.005390520024450285,-0.010236229637269556,-0.0002715395548101851
2017-09-19,0.0012148096993371826,-0.002102463093275775,0.004842955264424242,0.0008889746416758104,-0.0007308983282084958,-0.002446151351878756,0.0006816519623193962,-0.0016146314614421398,-0.006597047282770996,0.0023866895285495904,0.0
2017-09-20,0.0005487424957015818,0.003652181319930392,-0.0025583155408032132,-0.0028736306412502355,-0.0008523233866575275,0.0005165663107709051,-0.0017041734364404704,-0.002516064000263163,-0.0027281230075059115,-0.007936537971601432,0.0002716133085671757
2017-09-21,-0.0028297168494754166,0.00055949925675014,-0.0016170228721495983,0.0009004663733089835,-0.00024424245797027844,-0.0006450990203011875,-0.0005694296733542714,-0.002521754596197856,-0.0019024760297065013,-0.007200012207031259,0.0
2017-09-22,-0.00013090807976468,0.00643474976929892,0.0023138563881444085,-0.00607474928331575,0.0009754404114372672,0.003097073081727242,0.0019359568618886325,0.002528129919441957,-0.007053797732416878,0.004834844508818437,9.048432231395509e-05
2017-09-25,-0.0014844834835306964,0.003057322947959351,-0.004386580431541165,-0.018560727162163504,0.0021947492301201965,0.006304023599270181,0.002500026053232851,0.002882902164617729,0.005818739705939269,0.010425029002176123,-9.047613564217016e-05
2017-09-26,0.00034975532864445213,0.0050875552961486825,-0.0037108210191504343,-0.00023014392028553043,-0.00048711991731542614,-0.0019182160873121301,-0.0002263532508370858,-0.0010779922788580754,0.0016875210711675415,-0.011111138022554812,0.00027171273054671374
2017-09-27,0.0038902431584233454,0.02046762166892191,0.0013968568114584023,-0.005536495715100842,-0.0030419244649056987,-0.013705048838166922,-0.0028342934238357875,-0.003056750096298022,-0.00902413521527945,-0.010433395990603223,-9.020005020732302e-05
2017-09-28,0.001175859217346531,0.0027102446157356574,0.0032541689592109346,0.00046398119766544177,0.0002444526687668258,-0.0031169772155369424,0.0011366263714194247,-0.00018061402576274865,0.006799354054460416,0.002433068382548198,9.020818699023714e-05
2017-09-29,0.0035658874480029024,0.0031085812189746154,0.005792554509272296,0.01020171489912891,0.00012207451057388852,0.0016935025565583128,-0.00034033587592874337,-0.0030670517208728487,0.002050176753451316,-0.004045245829237154,0.00018135230823834725
2017-10-02,0.004203496428903497,0.01360782973370478,-0.0011519993541647677,0.0009182777815623933,-0.000392151554869935,-0.002151098964672138,-0.0002616774857809867,-0.001123549074648733,-0.0014443760422597762,-0.00812350755978608,3.643698241195814e-05
2017-10-03,0.0020284372153867025,0.0022602051776290377,0.003920350797232519,0.013758267324115003,0.0004895888417415506,0.0013062685495539572,0.0018228845382763925,0.001270126314335318,-0.0014458778187225185,0.0008190195618831275,0.0
2017-10-04,0.0013779332875836214,-0.004376636083005092,-0.0018374783137420359,0.0011309252057938313,0.0,0.0002611745855931602,0.0010236721786058833,0.0010875272622989929,0.005069043873448642,0.0024549699112637047,-9.09593187692348e-05
2017-10-05,0.005934991001091294,0.002130853884537709,-0.000920430427821417,0.0063260712282144915,-0.0007332618563559157,-0.0032608865569256906,-0.0014775326376309517,-0.0007240111855544296,0.003602939741796929,-0.004897993438097936,-9.053482626353304e-05
2017-10-06,-0.0009408193550275445,-0.0017276954964264846,-0.0011519993541647677,-0.0038165033810223514,-0.0011009439163452983,-0.0024858041232810324,-0.0010244393361844573,-0.0012682433465441845,-0.0032307907958947224,0.004101738511568698,0.0
2017-10-09,-0.0017542586358300083,-0.0046601376196890865,0.0004615148824198556,-0.0033806514703578205,0.00097988541496985,0.0020986048925168976,0.001139426518160347,0.0005443980181614183,0.002400877495758902,0.008986978137950796,0.0001815188531608669
2017-10-10,0.0025292500752829294,0.002407823111245433,0.009220531610374172,0.00972391186526056,0.0004891580142685203,0.0015710677746505475,0.0006829620341322062,0.0016310814604862944,0.0029938440019117163,0.003238863207894571,-0.00018148591004674142
2017-10-11,0.001625056530886404,-0.002936097986980468,0.0034263362159780986,0.002911583692538189,0.0004891018114818735,0.0022216856338423963,0.0003413080682810321,0.001267660152777239,0.0033433500623700763,0.003228406839761222,0.00027240812155349126
2017-10-12,-0.0015368243470632592,-0.0012049071818079904,0.0,0.0,0.0008551440060311499,0.004173037608284247,-0.0002273208676409899,0.0021690794879150044,0.0064258236361414145,0.0,9.043182798817995e-05
2017-10-13,0.0011113034514513842,-0.0004021202448403205,0.005007846502490532,0.008932457887454559,0.0020767439694855394,0.006753746388131976,0.0031833359658783866,0.0,0.0026019603300149186,0.008849529684359148,0.0
2017-10-16,0.0015804472942535508,-0.0016086595916562363,-0.0009059497843365572,-0.0008851203675741548,-0.0009750478194616718,-0.0012902462044637186,-0.0014742802885604478,-0.0019847141321257533,-0.004953448050656117,-0.007177045682749017,0.0
2017-10-17,0.0006398059469909789,-0.002416877320367661,-0.002267210315637702,-0.004873724644230748,0.0001228288300860747,0.0019375781536168368,0.0006819770903458977,-0.0007224583068250467,0.0011854713895260716,-0.007228928029453741,0.0
2017-10-18,0.0008946019447810816,0.006595726517635514,0.0018182291183597155,0.0008903525193089123,-0.0015868460457015843,-0.006703469776622506,-0.0017008427164195705,-0.0012659910268494334,-0.001065519887984201,-0.004045245829237154,0.00018110689105221844
2017-10-19,0.0005110004890236386,-0.002139818532454596,-0.0018149291613107632,-0.007339856194994443,0.0004889285555660372,0.0018175585423265694,0.0011350662122957544,0.000724273274391507,-0.002963198395528943,0.006498775059225137,9.032076329007488e-05
2017-10-20,0.0049791124279896515,0.004824857610216338,-0.0013633042341267831,0.004033060809318645,-0.002442047500509359,-0.009716749586957785,-0.002723518097122568,-0.0028959361409146567,-0.00570563425669679,-0.007263934632285474,-9.03126061865267e-05
2017-10-23,-0.0036416941680184056,-0.0049348535947608685,-0.0025024445102127535,-0.008925931031266154,0.000856216857155534,0.001307688391626538,0.0011384397203566543,0.0012711112769983046,-0.0038252166741197247,0.0024390026427631994,-9.040727743114818e-05
2017-10-24,0.0014023846284019204,0.0028142817569398737,0.0022807187068554224,0.0027013991199269505,-0.0017118836453418051,-0.005095440494413239,-0.0017055975435165127,-0.002538053863749723,-0.006000099567298189,-0.004866136765096507,0.0
2017-10-25,-0.004795407067165858,-0.0052117222010446,-0.004096654351742224,-0.0022454866335648305,-0.0008572568647908785,-0.004727993051078405,-0.0018219749476487967,0.0,-0.0028975582141714806,0.001629951372715821,-9.067501753579066e-05
2017-10-26,0.0009380375616323544,0.00470196735487538,-0.001142217122950595,-0.005176982277479092,-0.001226908930630044,-0.0032983541974136443,-0.00034179536154510526,-0.0014540203232535909,-0.008233081032903655,-0.00895033824399305,9.068324024030794e-05
2017-10-27,0.008520894056213146,0.005349195885913316,0.0038888446633928986,0.012217447454897279,0.0022104632348241005,0.005692522149314261,0.00239549689293006,0.0029120861309110957,0.004516678923912831,0.00410502757042619,-9.067501753579066e-05
2017-10-30,-0.0036330048073678345,-0.01409973657764263,0.00227966180913608,-0.008046618827853291,0.0023275232000914414,0.009477731324997851,0.0021638598633393347,0.003991785172052786,-0.0008506059390763765,0.002453040700606701,0.00018110689105221844
2017-10-31,0.001144552618826511,0.009983872686147643,0.0045471425633438756,0.005633298344932536,-0.00061118644282665,-0.00039096893794621224,-0.0009085438066436247,-0.0001800279371820812,-0.00012174092687533555,-0.00407831890712973,0.0
2017-11-01,0.0017363540475943129,-0.007079596863226345,0.0022635051733639333,0.0024647093438108225,0.0006499199507434827,0.0041822367486292755,0.0001936543403455726,7.20992446101576e-05,0.0048658815616993145,0.003276000141528179,8.651414118432399e-08
2017-11-02,0.00042270355254325764,0.0012104791769964596,0.0020326551370830614,0.0031289908779619235,0.0009793357057850116,0.004425653009703989,0.0005696734004707604,0.002536246032949885,0.008475140806497139,0.0016326904296875,9.032075547610319e-05
2017-11-03,0.003338429352715444,-0.006449453108209102,-0.0009014575115082746,-0.0057927791784837535,0.0008570925826816289,0.002849987151936517,0.00011429021691355956,0.00018043459737437928,-0.002521155424895394,-0.004890009566277942,0.0
2017-11-06,0.0015163983915100765,0.002163418427949093,0.001804541740723531,0.00963640999663884,0.0007327441490425635,0.003618600198711519,0.0006832008436932213,0.0019876055274736792,0.00673929175385779,0.008190039406822391,0.0
2017-11-07,-0.0004207767898370962,-0.01079562695530456,-0.0033780655858320907,-0.006215029635984748,0.00036686368087246457,0.0030895903885939102,-0.00011437916537293535,0.0010818534890639775,0.008129597043467385,-0.00406175377989304,-9.031259837388728e-05
2017-11-08,0.0014726369981929999,0.004501664736451083,0.004293101491681606,0.0035736715384804274,-0.0007327290779505224,-0.0024385045123800353,-0.0014785168234628943,0.0,0.0049805320428164546,0.004078318907129619,0.0
2017-11-09,-0.0036127118601564367,-0.004617926057185251,-0.006749268596857205,-0.0037839213099860602,-0.0009776682141802162,-0.0019295428053194286,-0.0009127063814855507,-0.00018031627586789778,0.001061680139814003,0.0032493875296124575,9.032075547610319e-05
2017-11-10,-0.0005904841229574798,0.0008185966859468596,-0.0024912209688757736,-0.003797636098401558,-0.004037033502003129,-0.01379396804327826,-0.004336082195875002,-0.004683934534880696,0.0010608095103890047,-0.007287461522910488,0.0
2017-11-13,0.0011815178667913262,0.0017724533383765007,-0.003860269807449912,-0.002018559391593455,0.00012358030100667605,0.002091293447823661,-0.0006882144870297147,0.0,0.00506306173831117,0.0016312808903740095,9.117766157662466e-05
2017-11-14,-0.002444066013825741,-0.00027223924146779765,-0.0009115049328836111,-0.006741662967786999,0.0012282559614780197,0.005348388210460131,0.0004586217657114311,0.0012670695654017905,-0.0021087577686568215,0.0024430527115530953,0.0
2017-11-15,-0.005111318497986406,-0.005445137832782665,-0.004791555577513096,-0.008144372980181891,0.0023294745980702025,0.01076942678997761,0.001949140434568175,0.0025309322635600484,-0.010096021947873846,-0.0024370987508416375,9.039086306672495e-05
2017-11-16,0.008533931855266408,0.0171093597601093,0.009628793761175203,0.01779204549434965,-0.0013456242367763105,-0.008857453288469763,-0.00034327553625268514,-0.0016232006792907816,0.008301549264990049,0.0008143509038509578,-0.00018154380213442067
2017-11-17,-0.002694135998767111,0.004306587662599171,-0.003860269807449912,0.005602666233597509,0.000980120755950331,0.007770510487139282,0.0009157761125619945,0.001264510827935439,-0.004352098682732453,0.011391403072197104,9.117766157662466e-05
2017-11-20,0.0013087973116148177,0.007637267261045633,0.001823350275925062,0.004234215478870373,-0.0006128132550897725,-0.0008994290044145314,-0.0006871230144914753,-0.001081963502051142,-0.0029533641397154753,-0.012067624177139469,0.0
2017-11-21,0.006660516599703792,0.013564081946718876,0.0077363523954727675,0.012428061887599817,0.0008580379633493784,0.0025724692801509796,0.0014883624857608968,-0.0005421291115005333,0.007464443518859998,0.0016287018077021376,9.039086306672495e-05
2017-11-22,-0.0007119353539465356,-0.00209916214594974,0.003386656425324208,0.0032881286885921845,0.002080497506990131,0.003464439630261218,0.0028562257161028892,0.0032520113611160806,-0.002234390855410995,0.009756088105549177,9.072865575943112e-05
2017-11-24,0.0020954625950728722,0.0006570522575333193,0.006300824551104034,-0.003714475564136066,-0.00024437421209677623,-0.0026851261329026155,0.00011400292251106947,-0.0007196423735731372,0.001296105205135234,-0.003220608825065585,9.097987312456368e-05
2017-11-27,-0.000292883474888761,-0.0048606697899674645,-0.0062613727400201435,-0.01030703670247124,-0.00036613420876474567,-0.0014108253106693835,-0.00011398992732636337,-0.00036101413408617944,-0.004708301491696321,0.004846483472354279,9.053922203206e-05
2017-11-28,0.009914465308662024,0.017031544300918577,0.004950375825982123,0.0059826769470769925,0.0,0.0016696537601779138,0.0005697743534989197,0.0,-0.003784562056274421,-0.0008038002849524162,0.0
2017-11-29,-0.00037307042413303737,0.0061013060392065555,-0.004254315034435852,-0.013876416478580955,-0.0024437144483939743,-0.009485009839309666,-0.002391557494089036,-0.0028842050747810433,0.00035607823227801205,-0.006436035538369467,0.0
2017-11-30,0.008370226890374255,-0.0002580052060919824,0.0020239708627001196,-0.006477450889823544,-0.0014702472146502776,-0.0032347115257889136,-0.0013693302635527926,-0.000903973878162212,0.0015427778099150746,-0.008097196630031722,0.0
2017-12-01,-0.001848827175061185,-0.005937116845413426,-0.0029172731751402337,-0.009667844663278302,0.0026799876873679906,0.012880514965899259,0.0016967763779611733,0.00422726899350101,0.0023699962707695033,0.004081648223254186,9.961006808767436e-05
2017-12-04,-0.0010705416162843928,0.0005194531224745891,-0.004051360858386532,0.0034054348628720366,0.00012207875583669647,0.0,-0.0003439056395592166,0.0009033174834138791,-0.0049650965575582795,-0.0024390026427633105,-9.060846698083491e-05
2017-12-05,-0.003544366299808588,-0.01051153737808963,-0.0013560220473390894,-0.0015836095798000827,0.0012259959603866388,0.005009580837785688,0.0016025366185123957,0.0003607583369740208,-0.008316088310132752,-0.008149990035774879,9.06166776191153e-05
2017-12-06,-4.1172709130843366e-05,-0.004327963342569796,-0.004525760539774937,-0.012463176347302651,0.0011021547106351282,0.0031951826457394805,0.0014858218792093147,0.0009021767695729377,-0.0009588360983299182,-0.0016434229776737252,0.0
2017-12-07,0.003308984276823912,0.005005960737260562,0.0029551864058936506,0.0013769317826048955,-0.0013449875434984326,-0.00713427594256999,-0.0012555947604804274,-0.0012616667604616882,0.0025179803318140515,-0.013168712134615124,9.095430082428635e-05
2017-12-08,0.0054413430901478765,-0.0006559012912634721,0.005666401259782017,0.01145741709072401,-0.00036759632328264846,0.000512850023505429,-0.0004570993078579777,-0.0005414640258074588,0.005143871033902903,0.0,0.00018120045300107357
2017-12-11,0.0032393336988822963,-0.002753981438721853,0.002028531831435254,0.0065700130422150504,-0.0007350371032200931,-0.002693404291500223,-0.00022829361310905405,-0.000541944052070642,-0.00011903970086812876,-0.004170157772254934,0.0
2017-12-12,0.0017164359668426776,-0.002366631291458532,0.0006743605498966687,-0.0072023690687151865,-0.00012268762743683492,-0.00038539832917849903,-0.0006857585105822794,0.00054223791468333,0.004879661801916235,0.0016750802735814307,-0.0002720971777609993
2017-12-13,-0.0002448361456659498,0.005008764791413212,0.004270682668104264,0.01088187366162141,0.002820517520329302,0.007076305395305349,0.0034321078589261145,0.0012641316391996948,0.0016578907801105824,0.008361235882171414,9.095430082428635e-05
2017-12-14,-0.003958461092364196,-0.011411058662365248,-0.004700178795527754,-0.006279363514533509,0.0003665261993668345,0.004214597419949895,-0.0004567005444681138,0.000360870960338211,-0.0002361750805319751,-0.001658412692186917,8.990862171809333e-05
2017-12-15,0.008399194026108114,0.016717156837406044,-0.000674545015133643,0.002708161321335556,0.00012194853237756931,0.003180716376509185,-0.0002277049862114966,-0.00018041698502901937,0.006268765397762666,0.001661167593608015,9.128362409827062e-05
2017-12-18,0.0062164486897058335,0.014485223348580822,0.011251536421062136,0.010353081167414402,-0.001588536463445478,-0.008496453968976136,-0.001254732087886623,-0.001983826464211469,0.006581597003076922,0.004145873575528203,-0.00018116762534536868
2017-12-19,-0.0036341597403981574,-0.008970616855900615,-0.003115581229196307,-0.002672952847306287,-0.0030598786054637506,-0.011893460863880323,-0.003655894733870735,-0.002529820983972253,-0.021251420024450574,0.0008257827551896302,8.990862171809333e-05
2017-12-20,-0.0007700825730875271,0.002214057285203186,-0.0006699095072147943,0.001339893959124261,-0.0019647963519252576,-0.011261091950631408,-0.0010318576246248767,-0.002898770821924135,-0.011572161296556582,0.0024752255160445102,9.128362409827062e-05
2017-12-21,0.002027982455103494,0.004028585773952598,0.0032029108395281725,0.009906566030203123,0.0006145737373011162,0.005105849525903539,0.000688555295014881,0.002544173964632357,-0.0038738513660061535,0.0024691923940272087,0.00010873514918152694
2017-12-22,-0.0002022456803207895,-0.0025885971691859133,0.0024729287891382956,0.008211442921390644,0.000492077515366951,0.00208355623777412,0.00011523300070526155,0.0007247677919113293,0.00689107700319691,0.005747101237302266,0.0
2017-12-26,-0.0011634677522761594,0.0009085241983532999,0.00022432749293188614,0.0011002943505038498,0.0009982570018967074,0.0026836360704936,0.0011960904639429781,0.000542948173954283,0.005010459339574114,0.005714260801977122,9.091966625218717e-05
2017-12-27,0.0005699940203998111,-0.0011668487633976765,0.0024666068520491358,-0.0002197740610992982,0.003077201280801578,0.012083462934330491,0.003790481971679416,0.0045067091285344585,0.00328262577897509,0.004870164050564618,-9.091140061801006e-05
2017-12-28,0.0018726545146221518,0.004023539616485605,0.003130831579035487,0.004838454718524288,-0.0006138318270981769,-0.0006411371203873806,-0.00068656517812693,0.00018112839544737191,0.005333005153704384,0.004846483472354279,0.0003627279840880959
2017-12-29,-0.0034535093049536947,-0.006980506983208179,0.00022324691812625197,0.004815370541363162,0.0015963713083761988,0.002055591862037298,0.0008016430771400351,0.0025319864166200023,0.0003616500500522868,0.005627061966217317,0.0
2018-01-02,0.007338406535754904,0.007550374554885275,0.008693587100329081,0.017206757838449827,-0.002819558117423626,-0.010512866122516007,-0.002517457297944725,-0.0025255916528610367,-0.0037358280414940825,0.012789755754178067,-9.028193969840004e-05
2018-01-03,0.005949302371956566,-0.0009043128150654223,0.006188029684849328,0.009636281376781408,0.0008605474669993729,0.004016532946833795,0.000803142811180324,0.0009038951287985153,-0.002903128581978942,-0.002367776857975068,0.0
2018-01-04,0.004385256405660121,0.00271606956596937,0.009004831039229444,0.006150814198663701,-0.0004911100083985209,0.0005163798225613636,-0.00022912212515724395,0.00036158502801697523,-0.017226543176249054,0.005537950389471025,0.00018118499653452247
2018-01-05,0.0064089423260980105,0.004256371784968849,0.004788997892506197,0.008853366775382732,-0.0013523726692770133,-0.003224808600483464,-0.0006878244198945671,-0.00036145433154244344,0.0004938792092059607,-0.001573600134039621,0.0
2018-01-08,0.0020694629660846786,0.0015414352119216268,-0.0004330748269997242,0.00020853891352445864,0.00012355275803344057,-0.001034663616353737,-0.00034499095210704933,-0.0010840108905280088,0.005181592623657805,0.0,0.0
2018-01-09,0.0021053020215924256,-0.0010258558315868749,0.0008669523100368615,-0.00020849543411316507,-0.002952954459825463,-0.013082917286118101,-0.00275341955829167,-0.003256586112490134,-0.01288828542285192,-0.004728090459130696,0.0
2018-01-10,-0.0017044710855580458,-0.0016692724019664595,-0.0025987108182400354,-0.004387785251442455,0.00012286422549512288,-0.0003938273915288226,0.0009201797186042526,-0.0003622257835432796,-0.011190960013167661,0.002375275748168093,-9.08784394616502e-05
2018-01-11,0.007384777778903118,0.01838766149875859,0.006513008570914192,0.006505698968112039,0.0,0.0036764073396273744,0.000460571027303569,-0.0009083693727643949,-0.0033955795898236163,0.0023696471826832877,9.088669910317648e-05
2018-01-12,0.006621349983576108,0.00454540708004969,0.009491436747415483,0.010633875540915438,-0.00012284913173166156,0.0018313726783441009,-0.00034552530570708395,0.0009091952578905715,-0.00807554166465907,0.01339638155360845,9.096482581094634e-05
2018-01-16,-0.003641279980341583,-0.009929764970285748,-0.0010687761564951437,-0.004951819144260239,0.000739997171066431,0.0037870690593972967,-0.00011487338524096558,0.0010887534544019584,0.0019082180173175534,0.0,9.000638855316545e-05
2018-01-17,0.009666698364886761,0.010029354099295507,0.00534770016308217,0.01409919857645292,-0.0011094803766613648,-0.0018219058514338249,-0.0020699476048468,-0.00036233639662097694,0.006983044553525275,-0.006998382684002991,9.146659033798521e-05
2018-01-18,-0.0013621688889493555,-0.008169703816230611,-0.00234044256003485,0.0016358908012441553,-0.0019754224548389487,-0.009122000918848627,-0.002304128537840233,-0.0009075235636714085,-0.01286091362065811,-0.001566206503266998,9.05082339606178e-05
2018-01-19,0.004248020148729381,0.014573115737969822,0.004478331896804688,0.009389265187985218,-0.0021029756526481647,-0.004998300285662061,-0.0023098130518331983,-0.0016342223090134445,0.005364604698961051,0.002352920233034572,0.0
2018-01-22,0.008033048411952626,0.0024983909322848774,0.005308171521535288,0.008088851067560965,-0.0007442820692735719,0.0009248535423556081,-0.00011590063225919156,-0.0009090857166987876,0.009147431768617764,0.002347471617554886,9.032733295599726e-05
2018-01-23,0.0022716196540506495,0.0009972562977971222,0.0031680445217079356,0.003611104091206796,0.002605329961558711,0.004094768188039,0.0028943924537150334,0.002184297053152928,0.013849026721532098,0.005464456872071866,-9.031917466584272e-05
2018-01-24,-0.000499133714076283,-0.005850470212404257,0.003157728349426181,0.009194575954632578,-0.0011135546939516905,-0.005393152968786286,-0.0010385214485056915,-0.0005449074531688192,-0.00521538323483961,0.013198763570144934,0.00018117279592888558
2018-01-25,0.00046104121182000135,0.0027543741357838325,-0.003568045410095033,-0.0035653292475081866,0.0027254524756050724,0.008066891533156761,0.0028881913927305547,0.0014537228291278126,-0.001748063552608592,-0.008429165420982931,9.074266786734952e-05
2018-01-26,0.011638644215773652,0.0033713893654709892,0.0084248526299735,0.01331770981900604,-0.0018534124577879174,-0.004591371228326313,-0.0017281417043580882,-0.0012702661214999411,-0.0035009154757923433,0.002318445720121076,9.082076590916088e-05
2018-01-29,-0.006910529541220067,-0.005599849373574384,-0.009189708292761334,-0.015692464213122537,-0.0013611779899757037,-0.003690104977429942,-0.0024233204615169424,-0.0016354101757837247,-0.013427259097393618,-0.00693910182998847,0.0
2018-01-30,-0.010667474764156304,-0.009260718896736297,-0.007588343534502107,-0.012754153784715117,-0.0018588324712656146,-0.006348702598979905,-0.0018518527504125526,-0.002729804966946303,-0.007249995132888376,-0.003882002351754954,0.0
2018-01-31,0.0009272855390523027,-0.005431220810706905,-0.0019118534811115584,0.006055640770534332,0.00024814599274347593,0.005191419673557407,0.0012751006578459734,0.0025550927186528405,0.017937092263882404,0.007014820976077862,0.00045302670699487457
2018-02-01,-0.0010034038009796298,0.004190964516662676,0.0025540208885419524,-0.00943007851459099,-0.0027739343989753307,-0.013803186869280948,-0.003992238248437752,-0.004915722702706571,-0.021522701260008992,0.0038699837801552395,-0.00045325298971810035
2018-02-02,-0.02141261348676371,-0.01985554359862951,-0.021651466238787997,-0.022483457486459746,-0.0029941107334520156,-0.009822788542950045,-0.0027974143947995245,-0.0012804912505415267,-0.008489791998243734,-0.01310717600570177,0.00018136614371466742
2018-02-05,-0.04107593038053692,-0.03935494147442531,-0.04079000286659218,-0.032117859344952926,0.004379398011643554,0.010192580036852972,0.0036231144633120937,0.0038469648452632565,-0.02970958509368893,0.003906264842953311,0.0002721293461076524
2018-02-06,0.01849376210293663,0.012491472669159176,0.01945263523181051,0.02483429083838229,-0.0032394266558377627,-0.007937560523556209,-0.0036100348936757287,-0.004015125225951155,0.00013405923079101711,-0.012451423839422882,-0.00027205531187346477
2018-02-07,-0.005459581811267489,0.0005310241443905461,-0.013534084934037072,-0.02841035899976052,-0.002249284381779404,-0.008950025557633023,-0.001986614957934174,-0.002748282747720654,-0.004278554282290292,-0.005516130586200152,0.0
2018-02-08,-0.03716527768896849,-0.02744681091745471,-0.024741402232712817,-0.03332602278476471,-0.0007517612342430313,-0.0008216791601036721,-0.002341443058466841,-0.0005510199970321095,-0.028732615312724086,0.0023771579432041445,9.088239817667265e-05
2018-02-09,0.015414630834795995,0.01077044520617454,0.00691845444570105,0.015124651687836277,-0.0025070951548741283,-0.006162453314902394,-0.0019956707690629294,-0.003308699777700874,0.025020979770583818,-0.0015809885132375134,-9.087413931707644e-05
2018-02-12,0.01372512570767559,0.009711372445135869,0.013284528171160215,0.013803752033165306,0.0002509918245361398,0.0052366830869603476,-0.0005879078406958449,0.00036943395900368436,0.0004045700811758923,0.0039588432527164485,0.0
2018-02-13,0.0033640712488038904,0.0006677513653026157,-0.0038425120547922464,0.007780368325924991,0.0008797722974431821,0.003015966625583344,-0.00023503075580477706,0.0011063740126915356,0.007009784048382706,0.006309142096266429,-0.00018133325600133698
2018-02-14,0.0130847345930023,0.01842179977084757,0.019741065750416453,0.02058750566906964,-0.0032643570195060034,-0.009839935357503715,-0.0034136703867694296,-0.001841413205709519,-0.007228716619544273,0.017241325188735557,0.0
2018-02-15,0.012956145117344553,0.010093497104846527,0.006453295906769352,0.0187013850483726,0.0010084204759215343,0.0038642998581961407,0.0021256766899047097,0.0011065252315296537,0.009708732278534304,0.0007704336852474292,0.00018136614371466742
2018-02-16,-0.00011953868510650167,0.0035036136487853753,0.0035374708135496036,-0.003712746882761131,0.0021387371657115573,0.00453760049826446,0.0021214758762841956,0.0009210535304016165,0.005475720001413054,-0.0030792888805096785,0.0001815921802126308
2018-02-20,-0.006057234751494778,-0.00866400209575191,-0.010134364944229368,-0.00890287511590604,-0.0010045100260202,-0.0035590435838415146,-0.0021169847442188416,-0.0014725380888304107,-0.011821219331307975,-0.013899564027227473,-9.06933128395071e-05
2018-02-21,-0.005252177589929019,0.00221752303120315,-0.0037836107758130177,-0.0012532166846941362,-0.0037706537203497925,-0.012362624324307903,-0.0034177895747096176,-0.0014754690806022541,-0.01975810946183032,-0.004698544828964479,0.00018123047727036656
2018-02-22,0.0012090254084773377,-0.0007804835598752558,0.004244270867637567,0.0012547892074645794,0.0012622029053672712,0.0025026585042404736,0.001418673011452487,-0.0001850983207675183,0.01138064082275192,0.006294250469390139,0.0
2018-02-23,0.01642445137118953,0.01289540858272642,0.010011918402102804,0.016294264988312435,0.0026450119158789587,0.008463836941252634,0.0033075233560495576,0.00424873110009738,0.01599788236420352,-0.001563682888897966,9.033996559826285e-05
2018-02-26,0.011525380847306588,0.006815957722052124,0.007928879198012329,0.009455187300129175,0.0005029765917463624,0.0009626632863570794,0.0015294129520819766,0.0014711967178810959,0.0028022790284816246,0.0015661318224304832,-9.03318050261559e-05
2018-02-27,-0.01276451058315986,-0.014561312521905956,-0.015296906811771205,-0.02687819928552959,-0.0021351016496340414,-0.001923884861797398,-0.0036433688021008104,-0.0022035532165618488,-0.02328673719696772,-0.010946078478523358,9.033996559826285e-05
2018-02-28,-0.011104805027680964,-0.018276228839847364,-0.010430682209810582,-0.012973487489924329,0.0012589075422047014,0.006334401092344066,0.0007082361312544805,0.0018399232648338426,-0.000681100662739853,0.0007905319512568898,0.0
2018-03-01,-0.01319485234398643,-0.004092829812278986,-0.013007456650287463,-0.00021210703651897145,0.001700103273585718,0.007239130131625915,0.000792165120884647,0.002755856620927144,0.0009543653270627228,-0.003159554686819721,0.00021793518576518345
2018-03-02,0.0053240427758391995,0.01643906129446826,0.002953906291831565,0.002544581953844771,-0.0018860732376937417,-0.008575450081965696,-0.0023619905551167664,-0.0023814740578350646,-0.00040866524309368657,0.004754391454896645,-9.03983808339115e-05
2018-03-05,0.011481364512291092,0.007303801180912117,0.004078055453423213,0.0029612473488920266,-0.0006303968996278497,-0.002334087293120901,-0.000946798550600092,-0.0003676843205564495,0.011309307664341572,-0.0015773231295197476,0.0
2018-03-06,0.0025180380128275726,0.012041939998275408,0.008348567776913285,0.0029519893955742837,0.00037841455245835043,0.0006877850521838091,0.000947695827636208,0.00018442996811063317,0.00471553317105422,0.011058479068731808,9.040655343994786e-05
2018-03-07,-0.0004386460167047357,0.007292991190090747,-0.0011190170123900334,-0.00020975176294657505,-0.00025228452996106654,-0.0002751159843820128,0.00035522691562062114,0.0,0.006168970885320979,-0.007031261816154988,9.057089682773523e-05
2018-03-08,0.004666378893045442,-0.0015241803853774938,0.002912217675294926,0.0006307222745598473,0.0011346032351549074,0.005090295568301206,0.0010647469957887346,0.0016527551735123769,0.00186563689746011,-0.001573600134039621,0.0002726368354875053
2018-03-09,0.017309414595426453,0.015265070574926431,0.00737095082490713,0.01786450255865457,-0.0012591932221038826,-0.006159571799514096,-0.0023637932699754893,-0.0025670879723261875,0.005454454770558614,0.0007880401270694559,0.0
2018-03-12,-0.0009757436670246866,0.0037589970335762946,0.0015522072332201375,0.0035100918417234617,0.0010092712808909,0.005921705739866834,0.0007106328580397392,0.00036780590902996124,0.004366070855879034,0.0,0.0
2018-03-13,-0.006601473016928705,-0.0032453581619605876,-0.006198988197824051,-0.009670480664614844,0.0002512559224499,0.004381290608040489,-0.0002364007081525621,0.0011028228044001054,0.0009226020356258857,0.0023621837339955487,9.079669051659245e-05
2018-03-14,-0.005269017457309011,-0.0047591625217150435,0.0015593589265583407,0.001246142012100826,0.0021410072850260864,0.008588491455264302,0.0014200982310772492,0.0025699144410913366,0.0009211199043601681,-0.0007854890469040088,-9.07884472260978e-05
2018-03-15,-0.0009487487133078565,-0.004404204391716071,-0.0002227006893962269,-0.003942100119514347,0.00012610266243928692,-0.0002709599525749784,-0.0005904573945060276,-0.0005497691431510798,-0.0002630451199870931,-0.006289302046118661,-9.105537054665547e-05
2018-03-16,0.0010286028043842155,0.0074569124018826205,-0.0013345276229560499,-0.003125063579581311,-0.0008803768104448384,-0.004596299753675481,0.000709769627524226,-0.0010989169570214674,0.006970670924007605,-0.002373471980272268,0.00027250111091636775
2018-03-19,-0.01336016822524011,-0.008781888654328052,-0.008242451265228823,-0.009404478604987165,-0.0007539004597136856,-0.0013578533034639406,-0.0023646934271869258,-0.001651180300730637,-0.008620577359185866,0.0023791187519677237,-9.060779901237659e-05
2018-03-20,0.0017625299118735338,-0.00025342372700576377,0.0008987209283268793,0.008649657305038083,-0.0012584624118912036,-0.004488047672610906,-0.002489026607776057,-0.0003667791878630977,-0.0034252913654804207,-0.004746868511629088,0.0
2018-03-21,-0.002319351956628246,0.004304666526109502,0.002468378293936979,0.005438305039807911,0.0,0.0009556468699107867,-0.0004751682311777694,0.0020214318133155995,-0.007403564004711538,0.01748809764412118,0.0003625502569666317
2018-03-22,-0.02485280894642572,-0.020621418985659945,-0.018357055962346047,-0.031620592706572026,0.0016380377201665741,0.009690622692724915,0.0015454493271025438,0.0018342670853772614,-0.005860337409448468,-0.003906264842953311,-0.0002718356933365529
2018-03-23,-0.021293037400861747,-0.02155973042913628,-0.012314067751544311,-0.014608038984421201,0.00025118805622814655,-0.0002704602182727056,-0.0013055176922621703,0.0005490087117550058,-0.017818907426637054,0.014117670994178821,0.0003624311960497284
2018-03-26,0.0275266374444727,0.022562385595106926,0.01789173237869468,0.03012162467417978,-0.0006284016456531427,-0.003785790416651613,0.00011892871689123119,-0.0010976975292715796,0.011376646625649522,0.0046403298164166,-9.048879201511983e-05
2018-03-27,-0.01732844147301471,-0.016903265950376944,-0.008196944049538635,-0.014843322437331441,0.003397438912938755,0.01031455476511911,0.004158477992593168,0.004213611884494206,0.003813047800590441,-0.006158577761019357,0.0003622464867132358
2018-03-28,-0.002799722011973982,0.0013121096166310853,0.004821482148553047,-0.006887327439190516,-0.0001250614019321361,0.002149712353091582,0.0008285845693449811,-0.000365108613239018,0.025098709917166895,-0.013942703896457687,-0.00018066995209709003
2018-03-29,0.014414870763089338,0.009437813234236092,0.010965886986708417,0.0182053682398593,0.002508035983589396,0.0056296016090884304,0.003073589683669553,0.0014602163382275712,-0.0011913346499085042,0.0,0.0004529198205245333
2018-04-02,-0.02313264677518989,-0.022853799698490995,-0.014914959634476532,-0.01468701948307305,-0.00012507264795702522,0.0012698034380518308,-0.0001172853386318673,0.0015708394563802575,-0.013515237605275954,0.012568798652000446,-6.313545121050534e-05
2018-04-03,0.012686009335430626,0.015016155264939268,0.0077999650260141,0.009721294875593145,-0.0011293738784788898,-0.007472966933125269,-0.0024836915525592307,-0.0016418963317277324,0.00846218814392663,-0.007757981288303739,0.0
2018-04-04,0.011525030794617308,0.012569036006108147,0.0022760625258682055,0.003209233717901272,0.0,-0.0018825743422219432,0.00035505380041911394,0.00036539294469850603,0.010521828289632218,0.0015637574529574483,9.035916778610265e-05
2018-04-05,0.0072242880254671515,0.010731447613645972,0.007494797402092024,0.0021329221449120084,-0.0013816045010540678,-0.007138406847654211,-0.00011754941988928458,-0.0027395867757125103,-0.00039514101856163997,-0.005464531319713251,9.112617918183297e-05
2018-04-06,-0.022009149027522823,-0.01803749176137015,-0.008114977721842997,-0.017663541747907963,0.002515731052364245,0.011125014235892516,0.0023691950300819276,0.0036632871431476755,-0.007516009676563851,0.00549455649577224,0.0
2018-04-09,0.004065034131737644,-0.002605524711948304,0.008636237146077974,-0.0008667879888312191,0.001003545052828958,0.0009387944659740022,0.0005917132847317319,0.000729852122965502,-0.003188431323085328,0.0023418994526533954,0.00018077166506214049
2018-04-10,0.01648628508312,0.018939656316840914,0.011041149108190984,0.018647142755549906,-0.0017547822501654542,-0.0013401235225251051,-0.00035398251835028205,-0.0007293198273412571,-0.0010663507692854068,0.0031152617895386925,-9.041254988184644e-05
2018-04-11,-0.005296719490549329,0.0016663475346523349,-0.004680605408359018,0.001277280965194194,0.0007535656339485719,0.0033554690424844047,0.0008267638191485904,0.0025549508848872193,0.0021350486448181716,0.006987589424551688,9.042072505027754e-05
2018-04-12,0.008379871822725926,0.004991281696182792,0.0038069847618333874,-0.00021259133294559973,-0.0018817549683872725,-0.007358139145594245,-0.0015353694683885033,-0.0012746871339304189,-0.011183981892192163,-0.011565194226395459,0.0
2018-04-13,-0.002783629764923412,-0.00356538371504167,0.0008922350136508772,-0.010418775847722439,0.0007537995559681043,0.0022911188492720225,-0.00011801730678606681,0.0001824642498731155,0.0052508387581096105,0.007020292880679735,9.084308583373613e-05
2018-04-16,0.008127797067398523,0.011118092855974204,0.0017825509009408158,0.0008591869546832331,0.00012560040918674353,0.0,-0.0007104016580221639,0.00018243096274428439,0.006161552720340913,0.0015492221533743855,0.0
2018-04-17,0.010750352477249203,0.009479463758079287,0.00511676649290993,0.0008586586364769389,0.0003764450418037857,0.0026894016914831287,0.0005917451854382527,0.0014573107565529764,0.011714541767428477,0.000773339131594275,0.0
2018-04-18,0.0005638652948443124,0.0036303180622423437,0.005976259330193745,0.007078718705500586,-0.0032634160739712925,-0.008046033621838866,-0.0039045987345839306,-0.001819454621279304,-0.0021049260607193254,0.0,0.0
2018-04-19,-0.0054760824601626235,-0.007859019053489735,-0.0046205518489393915,-0.005537762976270955,-0.002391966412603641,-0.007570829735289997,-0.002018712163041836,-0.0014579361421911408,-0.01450453853576783,-0.0007727415403225857,9.083483411709281e-05
2018-04-20,-0.008096969563816336,-0.005909605624678571,-0.004863363447313418,-0.011779860433229872,-0.0025243867246197427,-0.007083252114460703,-0.0028573712827750786,-0.003650208912683195,-0.009231656611461303,-0.00850739425795144,9.082658389947262e-05
2018-04-23,-0.0004490271799524326,-0.0003796287981268076,-0.0011098240318522246,-0.006718881682006073,-0.0005071511992295052,0.0005488830877664608,-0.0010742123745790533,0.00018311795420289378,-0.0008103472809928292,-0.007800267564419872,0.0
2018-04-24,-0.013638802353632684,-0.004681596935458332,-0.004447832575827482,-0.004581862998170427,-0.001772005637180496,-0.004799057332144585,-0.0010753054236419812,-0.0034801086808724513,0.003784045091306254,0.00550312054675528,9.038791653015465e-05
2018-04-25,0.0025668845964745834,-0.0016526879295299945,-0.0022334681232460962,-0.007452985258863287,-0.001395323267778359,-0.006062955305575213,-0.0019147346067011073,-0.0007348952278897203,-0.0018849967105363241,-0.007818638136668055,0.0
2018-04-26,0.010281973382746834,0.003183634889853293,0.007387306143411321,0.010379844110220748,0.0020320788516579036,0.006654322932504675,0.0016781395406799682,0.002390921467498197,0.013085233640305116,-0.003152085356634804,9.01215194435423e-05
2018-04-27,0.0010627408077612532,-0.0033005609234871836,0.001111299201757232,0.005245951024226425,0.0015210931316582688,0.0068846729023814834,0.001675701341475433,0.002385312803816486,0.017177297882669862,0.004743116318265184,0.00018134568308614263
2018-04-30,-0.008165944769159439,-0.008914982190706189,-0.005327486246557767,-0.006740477878889428,0.000506219463384916,0.002735580848253427,-0.0004782458976332338,0.0018304969418097006,-0.0039276225013047394,-0.00708105053640995,0.0
2018-05-01,0.0021405628643560437,0.004368934745924369,-0.000892743132755669,-0.005692150403610929,-0.0015464554623441096,-0.0042648612789332185,-0.0015942944389693015,-0.0027871179427448878,0.009068423102561285,-0.007131549398100789,0.00011832230841912761
2018-05-02,-0.006819080106508002,0.0024308172098748138,-0.001340036992261484,-0.0066046810562983005,0.0001263439313681225,-0.00096183266037142,0.00036019140675902506,0.0005518319909592062,-0.003646611244963127,0.0,0.0
2018-05-03,-0.0023574057285894456,-0.00612589303399147,0.0020128075771115306,-0.003103036718205776,0.0008890946366639785,0.004398002684621982,-0.00036006171562319444,0.0012864904028455637,-0.0006538351123125397,0.004788541172815464,0.0
2018-05-04,0.013266485454680677,0.01232785910241141,0.003795087840545941,0.004891316772378751,0.0006340675931122419,0.0010942808488418887,0.0010811342967560478,0.0003668683769788572,0.010987471314682917,0.002382822288133468,0.0001810332247593749
2018-05-07,0.003109502966997413,0.007738596731523328,-0.00022280118980200214,-0.002655053507549354,-0.0005067832981797693,-0.0012296865500637244,-0.00012009990671124626,0.00018360158156438544,0.006728197390342805,0.0,9.110241666587804e-05
2018-05-08,-4.0721407399968435e-05,0.008559459244783074,0.0,0.005102192496309055,-0.0007614942770258759,-0.0008212959041160595,-0.0013197655532362074,-0.0012843182072213022,-0.005012559229030877,0.0,-9.109411777152854e-05
2018-05-09,0.009707697780365843,0.005616712253885714,0.003114012784428466,0.001324142601263123,-0.00114208382633596,-0.005340850145505227,-0.00047978494279588,-0.0005507540378135722,0.006716627261434516,-0.0015847467726398667,9.110241666587804e-05
2018-05-10,0.009372445464240542,0.00533692647457884,0.007095476439108683,0.01983684023284238,0.002033150191375954,0.0072971240810262294,0.0025230229189061593,0.0014700195460417564,0.007826703579002059,0.005555531167059646,9.075004178371593e-05
2018-05-11,0.0024412779376485894,0.001605051126648549,0.0019812352518435716,-0.0034579615058347724,0.001015259457338935,0.002324033598924302,0.0005991458009875217,-0.00018325974778499177,-0.0034370192694974655,-0.0015785680854961681,9.056978457810949e-05
2018-05-14,0.0011176697582033768,-0.004314037541166549,0.0017579155302647198,0.003036202222250095,-0.0012674606999186766,-0.00518223552934538,-0.001317405995432841,-0.0023860999046348974,-0.008559196906128386,-0.003162052415751404,-9.056158243503365e-05
2018-05-15,-0.006859180033672363,0.0004951076423969081,-0.008335364960936231,-0.01902696018152583,-0.004693582150016584,-0.010966043195350661,-0.005157517947984691,-0.002943096341036955,-0.016235276487316597,-0.016653453121687756,0.00018148361392200663
2018-05-16,0.004256477958131111,0.011878314051983141,0.0030966849013118747,0.014106333558476125,-0.0007640563088165964,-0.003742647710561986,-0.0009643339546415719,-0.0016608267581064151,-0.0030123755401885166,-0.0008063931867043905,-9.089733296729907e-05
2018-05-17,-0.00083978682559116,0.006114017814368156,0.0013232237794729151,-0.013910112866544533,-0.0008933641059462039,-0.005008050529680563,-0.0003617475402512005,-0.0014784417006987738,-0.004991873339557862,-0.0008071209527629186,0.00027194275751152297
2018-05-18,-0.002480897672611393,0.0020664796743421476,-0.003523465107344692,-0.00925717062557041,0.0026811727978457434,0.008668567927638149,0.0028969048785945084,0.0025914588961852836,0.0013203734870341766,0.001615468812962817,0.0
2018-05-21,0.007341462509207419,0.009217241364790407,0.006409099340714208,0.006451587022537231,0.0,0.0001390998337715832,0.00048181801505209343,0.0005537895622331757,0.011867064805343386,0.0008064700959258264,-9.036500152315163e-05
2018-05-22,-0.002867248050067661,-0.008172283433915295,-0.0006590669591970411,0.003978466812302406,0.00025473840940226644,-0.001109016310130273,-0.00024041879644665087,-0.0007377571258228022,0.001433319203180572,-0.0008058202260108338,0.0
2018-05-23,0.003115371923791743,0.0009697444159242341,-0.00944821590297873,-0.004403263767173593,0.003054582861495847,0.0067988018672278105,0.0037301010282480007,0.002954151976995556,0.01001949273259628,0.0008064700959258264,0.00036218057470449594
2018-05-24,-0.0019112031881780567,0.00024154457406200258,-0.003327544467856547,-0.0035380397197201097,0.002031183854779295,0.007580004007278429,0.0021579244994907043,0.0005523544201353481,-0.002061266120398031,0.008058048565615428,0.0
2018-05-25,-0.0025133919668876015,-0.0014516484981267341,-0.005564277561057596,0.0024410455591898916,0.002152514872904243,0.0060181136466752605,0.0025126536548454315,0.0018393490786685618,0.00348586106332327,-0.002398136378626514,0.00027188091220642363
2018-05-29,-0.01155805513094077,0.0006056977879407288,-0.02014324131569023,-0.0221385994531218,0.006950407191249397,0.0210743644894984,0.00572731152996786,0.0060610195255039745,0.004759914143515731,0.0,0.0002719788796583522
2018-05-30,0.013190219948895132,0.014050452742067066,0.014390301116767645,0.00882956466514706,-0.003012202385847651,-0.006524890727412691,-0.004508285805773116,-0.0016429618745046337,0.013572194800436144,0.0008013004205642549,-0.00018118404157763113
2018-05-31,-0.006469104393421743,-0.010511208039893805,-0.005404482398162158,0.00112211596510714,-0.000377593382532293,-0.0010721862160893991,0.00023799830818549417,-0.00018281015698473624,-0.003410600511496664,-0.0024019002018368374,9.082325133658031e-05
2018-06-01,0.010530756238625871,0.006880676752151205,0.007471265134674221,0.011208254585577393,0.0006199172763694527,-0.005943738825341605,-0.001971666779604586,-0.0013195804516442644,0.00443638085375242,-0.004012856386981123,-1.8730057429139357e-05
2018-06-04,0.004415082816183302,0.01150978732543595,0.004494369869389336,0.010418961275767247,-0.0021494942486388613,-0.0068991926668123815,-0.0019171349592452813,-0.001835630362081342,0.008707527266888171,-0.0016115636047752124,9.073078492094488e-05
2018-06-05,0.0013859692141535707,0.007229526457581459,-0.0011185377525170237,-0.008775932780325957,0.0008872546476554888,0.002724415605771524,0.0010805566953679957,0.001655302614643972,-0.002627076464868039,0.004035450821233688,0.0
2018-06-06,0.007988316799511841,0.006354632146688743,0.008510626127765208,0.01438689525739223,-0.002785088383939871,-0.008151307742139235,-0.0027566731411504675,-0.0016525671159761668,0.0023835558497824483,0.0,0.0
2018-06-07,-0.0004708412773583026,-0.0037417338919614185,-0.005773989191957818,-0.015273869142341523,0.002538811904008398,0.009999062613187393,0.002764293394505346,0.0023906797657795575,0.0,0.0,9.098028811971304e-05
2018-06-08,0.003140215678617553,0.002464773451715807,0.0017869719661847139,-0.0006647661726022491,-0.001266129462340726,-0.0035265378689883775,-0.0008389201462990492,-0.001284449461792625,0.00362869836408497,0.001607753893755115,9.037068560502348e-05
2018-06-11,0.0012910279951627857,0.0028099144831168488,0.006465930966481848,-0.0013303087027215499,-0.0008880646428794936,-0.0017687715727870978,-0.0010801726416318491,0.0,-0.0014963489901274052,0.0008025865851701841,9.113558286188983e-05
2018-06-12,0.0016803184897495882,0.0010507527033396524,-0.006203081923420006,-0.0006662026944149746,-0.00012679313863739328,0.0,-0.0003603434521201043,-0.0007345668067132438,0.005994299667231084,-0.0032076953485549176,0.0
2018-06-13,-0.003979125502997172,-0.005947947939233478,0.0004460383875481977,-0.007331382585652024,-0.0006339220670856793,-0.0005459871589570398,-0.00036034917363070296,-0.0003676472313151047,-0.01948866720070097,0.0032180177691847334,0.0
2018-06-14,0.002898744833268463,0.003402317934747101,-0.0024510230397478683,-0.005371690249980854,0.0021580548715545156,0.008048569398243943,0.002884577880497341,0.0018390060975099765,0.009494955735809496,0.0024057523920437696,0.00018139567481245678
2018-06-15,-0.0008595698333240254,0.00035085098363119016,-0.006923981560915449,-0.0054000431634984025,0.00012711173108770346,0.0005415236710584193,-0.0003592564425870526,0.0009175809369539323,-0.0006270035582087718,-0.016800003051757773,8.990853545443045e-05
2018-06-18,-0.0023843771524305613,0.0058442818716271105,-0.0069729201567998444,-0.011538910206807973,0.0,-0.00040648935600962055,-0.0005995747962743714,0.0009167397540315037,0.00027863688238993767,-0.0024409872306190294,0.0
2018-06-19,-0.0038005690767468625,-0.0009293695295901072,-0.010872177051888143,-0.011444384172487387,0.0016473518123161224,0.005277510804180929,0.0009595356638372188,0.0012823349775827886,-0.0010130572336586319,-0.0024470380167557204,0.00018160406621370306
2018-06-20,0.0018092980186381613,0.007793208988480016,0.0020608557522439064,0.0032417008497658273,-0.0022768502568139004,-0.007941055231674432,-0.002635930350945448,-0.0029276311948757128,0.011153669926187826,-0.004088245211119945,-9.065677225839064e-05
2018-06-21,-0.0062423041582401195,-0.009926142726081388,-0.006855391201754157,-0.014078199070256203,0.0005064743666423066,0.004612610011056173,-0.0004809782897229331,0.0020187207330459866,0.004762735020936937,-0.002463110500314114,0.0003627458236150627
2018-06-22,0.001777657694454149,-0.00023312426687016607,0.010717850404172502,0.008128446173471193,0.0006344441833689984,0.0006749013099061063,0.00048120974116128146,0.001281771885553784,0.007859613946709976,0.0024691923940272087,0.0
2018-06-25,-0.013842291316498945,-0.015508099162044653,-0.014061553960486584,-0.013087499512002498,-0.00012746426792942245,0.002024402276027848,-0.0003605784828841774,0.00018282250875611972,-0.0025997861872618655,-0.003284069035370152,9.046046349925341e-05
2018-06-26,0.002199496763042097,0.006141286179001559,0.001168888977094662,-0.004025578689119125,0.0016474690909253908,0.0008082576592698398,0.0022837627734120236,0.0012801771205752654,0.0032266563915210877,-0.005766115858228726,9.122464407584907e-05
2018-06-27,-0.008299657141001116,-0.014049981281949453,-0.009107640821641616,-0.022111077469645024,0.0024023916044737526,0.009554403661354405,0.0023979841885377606,0.003469950898381313,-0.003834572078224907,-0.005799477762558292,9.010078931726007e-05
2018-06-28,0.006092045460828199,0.0026345536378249435,0.003534880509447058,0.009481882272887487,-0.0007566793112707693,-0.00026652255970949223,-0.0007173095094084037,-0.0007285326983518248,0.008940987080814589,-0.002499977747599247,-9.009267189641346e-05
2018-06-29,0.0025312308491716173,-0.0032242044266533876,0.007515206580182898,0.016377901553228824,-0.00025282863991515914,-0.0029335808751602688,-0.00012046234524654142,0.0,0.0024615948246351493,0.0041771252814912785,0.0002712462809826288
2018-07-02,0.0011623325166059129,0.010423825650192953,-0.010722619314395443,-0.010900159891500949,-0.000620416630497278,-0.00024089056768472616,-0.0004805461122544541,0.0011689568501318526,-0.005525212952388281,-0.009983430504438173,8.921848637877261e-06
2018-07-03,-0.004043065319643602,0.0024905106301056357,0.0021206351688056735,0.0009579727449908759,0.0020264338338948917,0.004557658949632781,0.002763570934811277,0.0014587470025428928,0.007531045331575559,0.009243749065358964,9.067605648538368e-05
2018-07-05,0.008561102284192268,0.012183308651155356,0.006348556822697082,-0.0009570559115122945,0.0013905290738249754,0.0024026874830038736,0.0031139694674302554,0.0009104931788592729,0.011885924367161405,0.0033305546287030197,0.000181249891704649
2018-07-06,0.00832960588851428,0.007595869445747416,0.00677575754553672,0.012218154685569083,0.0011357342731257436,0.003328525470481347,-0.00011890626179944519,0.0014556677323280809,0.005328187192642053,-0.0016597889997587156,0.0
2018-07-09,0.008853219160521286,0.0074229791264281975,0.009051023177494733,0.01822485554306752,-0.000882729149764172,-0.005706459786842699,-0.0007164154042299531,-0.0019986684795280096,-0.00795004818793632,0.002493822719154659,0.0
2018-07-10,0.003486852274460661,-0.004720065964354037,0.0011499133102801373,-0.0009298075756413171,-0.0006306473321459061,-0.00013331133346428103,-0.0007176065916816299,-0.0009099763949379502,0.0020638195530382486,-0.001658412692186917,0.0
2018-07-11,-0.0068320711476774765,-0.00832849411500669,-0.01745920813971913,-0.01861289515436093,0.0005046269782482682,0.0037378080471597297,0.0011965822081319022,0.0009108052061759242,-0.003271341237225167,-0.01162793552876451,0.00018087399446198305
2018-07-12,0.008569318518683922,0.0023325412161860903,0.00841674912321988,0.013987003794443842,0.0007578197723845381,-0.0005318533828745364,0.001553599235181391,-0.001274115278323773,0.003039309866591955,0.004201696835099522,9.089225323610783e-05
2018-07-13,0.000857410599746089,-0.0009307646833114358,0.0027822787065034937,0.0007017999884750825,0.0008830130359525068,0.003325917914035692,0.0009539254851294032,0.0018226458643453292,-0.003030100452390272,-0.004184116446269481,0.0
2018-07-16,-0.0006229390845802207,-0.0034943753308895875,0.00023136279076241273,-0.005607181645397752,-0.0013870082090446934,-0.004375572516695403,-0.0013106278214947142,-0.002001207265645233,-0.005348915622793271,0.0008403553951601417,9.071251335401875e-05
2018-07-17,0.004286320169949898,0.005493667887200848,0.0011556493898559062,0.007753448748793579,-0.0003777380783107631,-0.002264512858669576,-0.0003585112130070067,-0.0014586795051259038,-0.006599775805260943,-0.011754776779351328,0.0
2018-07-18,0.0018239146220144775,0.0040688656824621194,0.00046163656770858985,-0.000932738617444695,-0.0005050510643601624,-0.0036044990384852538,0.0,-0.0016431327316168698,-0.004429339023813483,0.0,9.130440821114583e-05
2018-07-19,-0.0037959381838835737,0.007757370383600026,-0.0041540433778443075,-0.011435077023908113,0.0018947907903392736,0.005895401523585253,0.002029851994956866,0.001463214615085251,0.011740360299335562,-0.0033985483408336403,0.0
2018-07-20,-0.0009329811669318566,-0.0036765729384823365,0.0060256640117624105,0.01298350656639613,-0.0022699157521254287,-0.011588457623569637,-0.0015490953266102947,-0.0027394259080560923,-0.009649467086162433,0.0068201944162324946,8.975304026637154e-05
2018-07-23,0.0019067108231152208,0.00034608160380678044,-0.0016125644154230123,-0.0030291424629036445,-0.003157377023539465,-0.011723264580915882,-0.003460174847815356,-0.004028811701028312,-0.002096529695372551,-0.005080475654940408,9.077358120213042e-05
2018-07-24,0.004699576861242338,-0.009336980231690717,0.006229569768763987,0.014959926746477281,0.0015203091396147617,0.0031365883517182613,0.001916413993302113,0.0,-0.005067868678989451,0.0,0.0
2018-07-25,0.009162042534498038,0.0020944290543500887,0.00756716391847756,0.01589139670815176,0.0,-0.0017670204427125968,-0.00023967857944751092,0.0,0.00795052159330023,0.005957420836103733,9.067963356867992e-05
2018-07-26,-0.0029496684225984726,0.010682586390356574,-0.004096153355778065,-0.009748243199808937,0.0,-0.0012258168419589932,0.000716929023225843,-0.00036737968034594726,0.003327510362190589,-0.0076142263038552205,0.00018125712226946256
2018-07-27,-0.006492930761604732,-0.017118464831449187,0.0025134450912669415,0.0013736927637253427,-0.00025282545865401573,0.0013635041836357331,0.0014338156565110172,0.001470995372911288,-0.01068668293834063,0.0,-9.005518300564397e-05
2018-07-30,-0.005762177888873343,-0.004558668029327251,-0.0006837262105514608,-0.0013718083205621623,-0.0011391436445699066,-0.003268288810904574,-0.0013130126362560501,-0.00018320687787987122,0.0006207264546298497,-0.0008524531626378229,9.006329367200472e-05
2018-07-31,0.0050563544715180875,0.01174269838782549,0.0009122218027759477,0.0045784585641850395,0.0007604598904658033,0.005327469133211915,0.002509155997568513,0.0007348325501261854,0.016751555317886746,0.0017064422895636255,9.04836091855099e-05
2018-08-01,-0.001238383538315846,-0.00034883305149469024,-0.003418183836013,-0.007520545136622925,-0.0005457794669531113,-0.007558526886751293,-0.0015891840694579606,-0.0018430230063819497,0.00707830955950195,-0.006814303685325762,4.523771132136645e-05
2018-08-02,0.005076061090362627,0.008824345930838584,-0.007546285399659736,-0.011480984900193891,0.0005070499143122742,0.0009601718146938776,0.0008372391375355281,0.00018447404623400665,-0.003998952080115248,-0.006003404437415538,0.0001817137223245613
2018-08-03,0.004895917372484293,-0.003222479892243335,0.0013822609913944905,0.006272081745367197,0.002158884865419708,0.004661849816305574,0.0022724044443702685,0.002215339998327792,0.010828684591288829,0.004314080248195573,0.0001811667601909761
2018-08-06,0.0037598499301163546,0.006581202789874396,-0.0048320166892353855,-0.00761742571920121,0.0008861934582060638,0.0006821527087814694,0.0011932390801552284,0.0,-0.0013241247838163828,-0.005154675072764792,-9.043850857992641e-05
2018-08-07,0.0027900368568594125,0.001950086133353901,0.0062430944431211,0.009071861932532732,-0.0017711252980540104,-0.004499954690139085,-0.001906564268940647,-0.0009209089777041379,-0.0018081448958144897,0.0017271552586739514,9.044668844349069e-05
2018-08-08,-0.0005338751749561776,-0.000572642414831126,-0.00022981587980919205,-0.002305952928155053,-0.00025433862802737295,0.001232557550535196,-0.00035811765557458575,0.0,-0.0057956347471177505,0.0025861837917793284,0.0
2018-08-09,-0.0012579935072878357,0.0011456436545644877,-0.0018389496583072207,-0.001385829809090633,0.001901427525786925,0.007251375098834778,0.0007162464415493286,0.0022119195873353537,0.0004860815925578077,-0.0008598648996932523,0.00018130522979520336
2018-08-10,-0.006796631588855795,-0.002059739372964664,-0.018880721817516988,-0.01989818439290425,0.0020254561784320835,0.007743279121497526,0.0017901316669344247,0.0031266679784247575,-0.007647618747535168,-0.0008606049036423702,0.00018127236416742853
2018-08-13,-0.003767654767018347,-0.004471185987962145,-0.004928634012412614,-0.016052892380602923,0.00012658079358485175,-0.0021575270386611223,0.00011972872262666634,0.0,-0.0019569501690197555,-0.013781210348278394,-9.066256096823544e-05
2018-08-14,0.0064446684978713975,0.01289872667195624,0.001415204959337668,0.005997866609416924,-0.0006318413141808144,-0.002025990953890444,0.0010719823772584736,-0.0018335275306288201,0.004902224893904572,0.0008733824496436338,0.00018108470508915175
2018-08-15,-0.00736164066399736,-0.011597291715250257,-0.015308673509894621,-0.029334641180582377,0.0011378367877374895,0.005414230017552146,0.0008326402816072331,0.0018368955291523381,0.007683933949507615,-0.016579369960807,0.0
2018-08-16,0.008111491769277723,0.00816742372445356,0.0069361987811622505,0.007125454419779187,0.0005042234467891316,0.0,0.0001189369201826107,-0.0005498536451800096,0.0081096488422161,-0.0008873317192233943,9.091117652748615e-05
2018-08-17,0.003333550683535469,0.006275556503509971,0.006650967090801041,0.008538293324160229,0.00113621619333526,0.001615442969277625,0.0016653464222904368,0.00018341640269348147,0.009244686366220778,0.007992908593113635,0.000181035461209067
2018-08-20,0.0022144985393142136,0.003401754730795181,0.004247274465262407,0.004354231457943003,0.001259136830696006,0.00577986178428036,0.002018021085619104,0.003117972246213796,0.0007138296875579542,0.0052862963811295405,9.071529782556098e-05
2018-08-21,0.00217233444253373,0.011865777094417496,0.006578738928971095,0.010838444114513068,-0.0005032539224796295,-0.0028064425623995914,-0.0020139568781732953,-0.0010971548268273734,-0.006062788752181247,0.0035056934608197476,9.053592389296483e-05
2018-08-22,-0.00030436673453260177,0.0020098350959056877,0.0049022876851902986,0.005956885178854732,0.0006301342300412127,0.0038862641409587173,0.0005929545245833001,0.0016475862731104574,-0.005621009688691614,0.0017467648992874896,9.052772788153973e-05
2018-08-23,-0.0014454578825124909,-0.0030089467818159576,-0.007433383197185117,-0.015632694750956966,0.0,0.0009342855700702479,-0.0003564516406221463,0.0009137480094902894,-0.0025259865667618397,-0.008718428870240214,-9.051953335381668e-05
2018-08-24,0.0062848065183214175,0.0035771297437554583,0.007489052191911316,0.01491860176556048,0.0005029454650216092,0.002134142592564947,0.0017813086531339728,0.0009129138362895528,0.005908536851636059,0.016710689179419758,9.052772788153973e-05
2018-08-27,0.0075320417785673666,0.0006685501109879866,0.013705029158354032,0.01635775633962777,-0.001257496123382884,-0.0057225474006656896,-0.0013037714437053038,-0.001277117227554525,-0.003596216723546375,0.003460204186943594,0.0
2018-08-28,0.0005632847964940346,0.0,-0.0022916171138828156,-0.004898317112721706,-0.001511507685742819,-0.005487989558089601,-0.0023725079374055102,-0.0020090148100451177,0.013474185480133016,-0.00689654492027858,9.06906477835534e-05
2018-08-29,0.005481866148501435,0.002115195292852423,0.005512045756697281,0.005626038204212369,-0.0006307380278911534,0.0013457079322709564,-0.0004757521835033751,-0.0003660529392575107,0.0002372484546702136,0.004340211377930281,9.034022591047908e-05
2018-08-30,-0.004069978443168254,-0.0025551608163171258,-0.00890837481626694,-0.026573355852896885,0.000757743829561397,0.001881511943553571,0.0008338945183932189,0.0012816080057036494,-0.006408536483871519,-0.005185779388501066,9.075977393369072e-05
2018-08-31,3.732331467376504e-05,0.005791428389131159,-0.006222504620710501,0.0067050337089491485,0.0002513679592748286,-0.0020118002631959175,0.00035560275216006687,-0.0009142493133854623,0.003941820332129309,-0.0008688295988684702,9.040940148286047e-05
2018-09-04,-0.0013868826102237941,-0.004207809904466342,-0.009972069521357319,-0.02235977500284203,-0.0015414259606368885,-0.005861856459572379,-0.001334134945509713,-0.0020921554752997285,-0.011897517829963733,-0.004347842672596802,0.00011802620164580446
2018-09-05,-0.0028160961676756413,-0.0010008964860748204,-0.007495728745787966,-0.010705681241171439,0.0002535348586483188,-0.0023038062704565654,-0.000596756149937594,-0.00018401489236807844,0.005779266124256388,0.002620064058596494,9.056159218734372e-05
2018-09-06,-0.0029367475867567716,-0.0074575560650836925,-0.0035406883810723544,-0.0004923046730002101,0.0015179383393029156,0.002989082282414346,0.001909854851031234,0.0003677253285334636,0.0028733736443917746,0.002613300334650015,9.046788313193943e-05
2018-09-07,-0.002416788353759136,-0.0022430420277286256,-0.008052614442984884,-0.004428754316787464,-0.003158462198088352,-0.008127007074923531,-0.003454929416359054,-0.0023904521805389045,-0.010863146926015976,-0.004344065138191633,9.097270340086006e-05
2018-09-10,0.0018925570214718412,0.0011242368262556202,0.005491479607170779,-0.01186360495427563,0.0006337062357775203,0.003413146687939461,0.0007169870374550413,0.00036856420513387,0.0044657634382008204,0.0,9.036597793610213e-05
2018-09-11,0.0037784218863421426,0.00033675627725937574,0.001425296888858174,0.0012508474073347209,-0.0021529663016160994,-0.00693990467493899,-0.0016720159384407962,-0.0018423284824989894,-0.0001205981441593229,0.0017451574190909813,0.0
2018-09-12,0.00011272983773102929,-0.0031425508868879737,0.004268079613769071,0.006245153623739119,0.0007614085343525812,0.0021927308722065053,0.0015552040418260749,0.000738216869179853,0.0004805013362665367,0.006968717819721082,9.078523845706954e-05
2018-09-13,0.005682767733320437,0.00011224327638892362,0.0063755407200927205,0.012661141804788167,0.0006349268861813862,0.001093732500647926,0.0007165589012518847,-0.0014759044463370508,0.00492458036194332,-0.003460204186943594,-9.077699724568955e-05
2018-09-14,0.0005236672254480546,0.007205170638856506,0.0021115651609728836,-0.0012252962784682353,-0.0016482373048460897,-0.00437128633800099,-0.0019103730362568516,-0.0014778990733976816,-0.00633401114864518,-0.005208369551432002,9.078523845706954e-05
2018-09-17,-0.0056475045938545465,-0.011065014942645113,0.0009365842623181297,-0.007854749414738738,-0.00012695416086261346,0.0002750719378898925,-0.00011914038739624377,-0.00018463648510524955,0.0032473373281645124,0.0034903980558358416,0.0001815539944913791
2018-09-18,0.005454264490899918,0.0028252756834685755,0.010292673362948035,0.007916934954942612,-0.0022855882571281017,-0.01056152189847559,-0.002034209011236965,-0.0024059591034687466,-0.004795823333407778,-0.000869585120159666,-9.110236684117812e-05
2018-09-19,0.0011224742386624076,-0.006311505652821792,0.003472903848045661,0.013500261416918846,-0.0015276894877415126,-0.0049898841144278006,-0.0007199470474709146,-0.0005565676103921335,-0.01168489701244746,0.003481284825920916,-9.042690988603219e-05
2018-09-20,0.008034570526382678,0.008619781751809885,0.010844530137137154,0.008234561940748009,0.001275053332330689,0.003761555830639862,0.0007204657446564511,0.0005568775503996815,0.00938509382223307,0.003469207526401119,0.0001815539944913791
2018-09-21,-0.000704552482100218,-0.005509953649866284,0.00022840536848933723,0.004083363089803171,0.0006363442427799182,0.0,-0.00059975114473243,0.0009275501342442816,-0.00036211288126519747,-0.006914427468986184,0.00018066641979586073
2018-09-24,-0.0033386758998272814,-0.006670770582030916,-0.004335943769543715,-0.012440173540606225,-0.0012719408563240941,-0.002637332549788818,-0.0008400325762285554,-0.0009266905822702398,-0.017957885493579684,0.0,0.0
2018-09-25,-0.0012286578927850345,0.000569087599002982,0.004813076662592675,0.006298323164562802,-0.0007653601364299156,-0.0009741680031292166,-0.0002405537743477293,-0.0003705134007819799,0.00012475854586391222,0.0026110258697236155,0.0
2018-09-26,-0.002931063805187928,-0.008480657005523473,0.0004121317423093629,0.0018266740335097786,0.0025506805505164376,0.00682609813047641,0.0025226387820460605,0.0012985446632254316,-0.011973009171505788,-0.006076444940708248,0.00018148824978925227
2018-09-27,0.002778428092238716,0.00034524959102766317,-0.0027460444186785393,0.002916348784843148,0.000762208570123768,0.0005528909434120433,0.0011984354860128388,0.0007413712133497175,0.004796829067386099,-0.007860275466124,0.00018136988684069877
2018-09-28,-0.00011234432470796918,0.003912768654811272,-0.007113352637778125,-0.006301367701673666,0.0,-0.0020745631764190753,-0.0004788861939494238,-0.0007408219892527379,0.013567876631359388,0.00616202910335395,9.01987139165783e-05
2018-10-01,0.0037071984405037117,-0.014901317210789022,0.0025423528145036567,0.0024388820136829192,-0.0018714289245682636,-0.007638182710585806,-0.00026436292153964036,-0.002172182972177694,-0.009295950803015263,-0.0026247319199040886,0.00010880946727764851
2018-10-02,-0.0001120062538325639,-0.010705437762172032,-0.0064548502509946815,-0.010705438553787472,0.0017858785035651525,0.006437793015496407,0.00048040777247271294,0.0018607037719575725,-0.002252202517306512,0.0114035191921944,-9.035156322723115e-05
2018-10-03,0.0008581463229184738,0.00882128455118103,-0.0016242525746954506,-0.008362244639684824,-0.005094329746879622,-0.01738306396653677,-0.0038411101851312246,-0.0048283571677189,-0.010658253856545397,-0.002601884966692891,0.00018114648558742452
2018-10-04,-0.008201714872478116,-0.011892051932086312,-0.012781206593434513,-0.02281732016452387,-0.0025608890455952604,-0.006651522305350821,-0.003615029987079077,-0.0026121218168563276,-0.008364901271441183,-0.000869585120159666,0.0001814552402863434
2018-10-05,-0.0056380101073729705,-0.011091580832960135,-0.00494376009281805,-0.004568565229117749,-0.0017968582843348457,-0.00797805499408688,-0.001814968577009135,-0.003555055751799041,-0.0005113441285958809,0.003481284825920916,0.0
2018-10-08,-0.0002645668101229903,-0.0008350981652026634,-0.005441212721575939,0.0017848827285853464,-0.00038537408265937323,-0.003159712481165755,0.0,0.00037562135850177647,0.014450156157883143,-0.012142184986188242,9.058309731346803e-05
2018-10-09,-0.0012853881699584901,-0.003104724102294232,-0.0035681513692628064,-0.0025451501920040753,0.0019292943235711402,0.00936452982064595,0.0003634928432010298,0.0018768329779759174,0.0013867450953553018,0.0026338658531102066,0.0
2018-10-10,-0.03229501246065958,-0.027312034923033468,-0.022678638014930086,-0.02781305951960289,-0.0007706170031630544,-0.0025690932818088763,-0.0007264740916476109,-0.00018710468459803842,-0.014853862534385143,0.0017512700486641553,0.0
2018-10-11,-0.021048304194368428,-0.021674605676038516,-0.013922947840370958,-0.008924367138066547,0.0028264481014463883,0.011734203717433056,0.0029089994260247387,0.00093673921278703,-0.028622738324376895,0.024475585394744037,9.023342285252589e-05
2018-10-12,0.013508076916692646,-0.0017626161206028002,0.004954523625345875,0.025424407766118984,-0.00025605648944759807,-0.0035358657537784,-0.0006042836861922529,-0.0013107368984205392,-0.0026309089884581915,-0.003412965950654212,0.0001818163194231559
2018-10-15,-0.005481404793976408,0.004665860941354127,-0.0017254834409221598,-0.009814338658658883,-0.00025574989087362443,0.0007097517774106166,0.0,0.0009376587096445732,0.006726504558496771,0.005993124400279326,0.0
2018-10-16,0.021291998330210893,0.027237408009382236,0.017284360471502724,0.022952374959642752,0.0007687489110941303,0.0008505580276858549,0.0007252083074704707,0.0001871291280812759,0.020568484411415122,0.0,9.046491284214753e-05
2018-10-17,0.0003494633332472574,-0.005009780940656627,-0.006068517365240833,-0.011983898769950985,-0.0017931755543852956,-0.005243452014645489,-0.002537315422523001,-0.002621302976753448,-0.003851024806673653,-0.002553168763505642,-0.00018099879590149914
2018-10-18,-0.014048962754791505,-0.01903465437780205,-0.01587291002898117,-0.02606417638778824,-0.0006420272384264347,-0.00014235102134596556,0.0,-0.0007504381347314126,-0.0019326902383047795,0.0025597041201088633,0.00045279228595584975
2018-10-19,-0.0007873983164315979,-0.009764902223016514,0.005210652182685793,0.009274008949251566,-0.0005132308272115527,-0.0019945195052489817,-0.0012113719724982097,-0.0005638441574210562,0.008650643540710767,0.0,0.0
2018-10-22,-0.004136029411764719,-0.0008849329773681358,-0.004690027166414534,0.010501395796098878,-0.0003853384113188252,-0.0011427797270123774,0.00012111065970810131,-0.00037585507028492504,-0.013953150983867402,-0.002553168763505642,0.0
2018-10-23,-0.00601284814325298,-0.007844623775563386,-0.010168495225003737,-0.00987273956988477,0.0014129337871260361,0.003001571776783063,0.0016983171125610763,-0.0005645642771526793,0.004414163862199061,0.005972670070763186,9.060278493500107e-05
2018-10-24,-0.029847278066509775,-0.03519978332705187,-0.027561802667410706,-0.029126209933916236,0.0026961543275656474,0.007553295128042814,0.0018158337113098888,0.00301071530020236,0.009434896128292625,0.0016963916733150342,9.085049369783604e-05
2018-10-25,0.017925995847025922,0.021810386848684082,0.011079358431917763,0.018918979408262926,-0.001152591248768986,-0.004243107944185587,-0.0010878340843157863,-0.003376473477662567,0.012804405125594664,-0.0008467594010602708,0.00018083150248537905
2018-10-26,-0.017690807333597847,-0.009443835729861072,-0.008409813992992454,-0.007692239324834094,0.0017939893634573156,0.0062496138971643855,0.00242019959247064,0.004517248579253952,-0.02402045843572831,0.0016948732005155343,9.074053400981441e-05
2018-10-29,-0.005169088973786207,-0.002873082827787643,-0.00411192050162823,-0.019513317670252883,-0.0008948621207167662,-0.002258578778675191,-0.0008454284879997331,-0.0009366446022212038,0.01269429464698102,-0.0033840916147013234,0.0
2018-10-30,0.01529908731388896,0.023052019506128563,0.01238688169032276,0.020446889471305463,-0.001407940571659494,-0.004526830534939519,-0.0016909920939379708,-0.0020634969938665426,0.013686312743263818,-0.0042444984608036584,9.064702619343556e-05
2018-10-31,0.010478758150261891,-0.0007680488158796628,0.008157437163630599,0.011487887335183133,-0.00205187280399155,-0.005827490950260805,-0.0010891504632566384,-0.0026304916495175634,-0.011735021648249577,-0.005115044184472617,9.063881005477725e-05
2018-11-01,0.01037023100437362,0.019346388152944094,0.013147637302031612,0.03592187512741929,0.0018546237624648132,0.0018634717528944744,0.0016406419408312445,-0.0009437468280915073,0.004724443174857873,0.012853437664921419,0.0001443439304058547
2018-11-02,-0.00620604950990189,0.0059076182895152485,0.002744963757094654,0.0035699485283244847,-0.003728448861746836,-0.012158746766407491,-0.0038822594793405107,-0.003022099813196122,-0.008260445283182705,0.0,-9.053226836019945e-05
2018-11-05,0.005684264178476672,0.0009997841130251484,-0.0004971276235344879,0.004572841856762322,0.000774994732652301,0.0036195664727289856,0.0007306792719175004,0.0017052930377772224,0.014864139916086483,-0.001692005465796509,9.054046519385572e-05
2018-11-06,0.006328940688072882,0.005617145775420385,0.005228393210164883,-0.003793163456314863,-0.0001298542681529291,-0.0007207966700036872,0.00024362976627845256,-0.0007565965703879574,0.005050548163609614,-0.004237304231073047,-9.053226836019945e-05
2018-11-07,0.02112187260984988,0.012288843225942703,0.012385800268607694,0.017770632093881522,0.0009028720820396519,0.0012997056381507388,0.00194670503169303,0.001135467862766637,0.011934790942922824,0.0,0.00018218924116686352
2018-11-08,-0.0017046043610874362,-0.002084254879673786,-0.010031711577309532,-0.024195639792771395,-0.0016746723089950954,-0.00043377286127965764,-0.002550974827756236,-0.00189020473770396,0.0007449556755536602,-0.002553168763505642,9.026825526303739e-05
2018-11-09,-0.009234784649751804,-0.01732627852651214,-0.007167839696109457,-0.01712670849686415,0.002451890710423399,0.007357811183932084,0.0013400820908751054,0.002272082825680144,-0.00012433361949704125,-0.010238897851962525,9.07714963522821e-05
2018-11-12,-0.019307497354681957,-0.018131822853252433,-0.01717694681317916,-0.013264013951020504,0.0015447814771911705,0.006300725463071144,-0.0002433308408067436,0.0024574154552936545,0.0019851671140864724,-0.007758633588638486,0.0003624564645299255
2018-11-13,-0.0016771803878430358,-0.0021652328635990425,0.0037993992598535087,0.011860771623876554,-0.0005140295054053556,-0.0011384892088823761,0.0004863467213140904,-0.001131067737830338,-0.000990521159832558,0.0,-9.047479331369956e-05
2018-11-14,-0.006840292432308215,-0.0067643286198521,0.001009212240059787,0.007814515921389598,0.0007714718465863246,0.0015673976841861226,-0.001701726431107442,0.00037703712578562865,-0.0024789500658486396,0.008688047420232214,9.048297974256769e-05
2018-11-15,0.010351063188069665,0.013364191937413894,0.0032771964205948745,0.019643596807645602,0.0001284898631672693,-0.00042694165292356256,0.0004870629219335676,0.0013206546177584322,-0.006833941737486859,0.0008613461823907542,9.013402196411668e-05
2018-11-16,0.002551446651082756,0.0031701866169406845,0.0010049014979778281,0.0035490128570496715,0.0021849775627580392,0.005265599207727956,0.001825922070818331,0.003579580421759543,0.010759511570165081,0.006884675085537362,9.131849078469756e-05
2018-11-19,-0.01658101825407987,-0.01655929058185235,-0.008283342902592139,-0.012377586452253841,0.0,0.0028312455246966017,-0.0017015579224863853,-0.00018800101062377284,0.0013614925223635055,0.0025640797829273865,0.00018117228948111297
2018-11-20,-0.018397329923824035,-0.019280166608348415,-0.0184758575033932,-0.02097156821649704,-0.0006417709709558572,0.00042348095710398326,-0.0006080093177707191,-0.002065086144986683,-0.010259541396464567,-0.0008524531626378229,9.061231699014627e-05
2018-11-21,0.003336399638744769,0.01035398587249059,0.01469824816796872,0.018808930697072013,0.0010263904552563208,0.0,0.0004870629219335676,-0.00018842547649067232,0.0008738201623061936,0.0025597041201088633,0.0
2018-11-23,-0.0064454938075938495,-0.00012979506031329802,-0.006607201119672279,-0.010512880732080232,-0.00012789655217004814,0.00028272788228012047,0.0003653207278679904,-0.0016931122538548227,-0.0019960470604721836,-0.002553168763505642,0.00027164201295426516
2018-11-26,0.015660563198036215,0.00921116212321249,0.013558096985254897,0.0069965946085810415,-0.0007687770213705702,-0.001410629734181823,-0.0006084803605592715,-0.0003774661725290951,0.0018749843520078358,0.0,0.0
2018-11-27,0.0031326745407844747,-0.007327753060798359,-0.003028827964950298,0.007205424565255303,0.0006412952392607085,0.000988911357650668,-0.00012240232062399325,-0.003016875809526587,0.004243329024717024,-0.006825931901308424,9.066463305473782e-05
2018-11-28,0.02336056232317585,0.024216751284288573,0.014683728329185852,0.02222782341897056,0.0005125217207460064,-0.004939603174308638,0.0024358254397416346,0.0009450184849926213,0.008947523289945636,0.005154593141984076,9.04010435447411e-05
2018-11-29,-0.0020610401463655448,-0.00493083944457795,-0.004740704333732082,-0.006748277846815309,0.0007691620099290475,0.0043963338241475025,-0.0019439005559884759,0.005480563415068973,0.00024638234000540216,0.0025640797829273865,9.056310333188655e-05
2018-11-30,0.006632069386197648,0.007623674129333624,-0.003509735233890199,-0.0012582251076254103,0.0003834818707462162,0.0035300959189414893,-0.0007293138056649884,0.00018783393357435507,0.009481286386223031,-0.0017049876274370934,9.064001038994185e-05
2018-12-03,0.012348077995762319,0.006052947052186397,0.01333353516224367,0.019904060976455362,0.0015655312008571176,0.006924159275052633,0.0024554497530848707,0.0018817766700625072,0.005367738397085597,0.006831761182360729,9.097219663312117e-05
2018-12-04,-0.031020068518129218,-0.04512391583108266,-0.025322656128563215,-0.018527595188892576,0.0024335548890104253,0.015686303861324635,-0.0004879079658010044,0.003569133122168111,-0.014802710159767862,0.0067854049164459695,0.0
2018-12-06,-0.002533474516269729,-0.003544404069537044,-0.009424683226967767,-0.008054078511648188,0.0017892104205121662,0.0037233773162581585,0.002072873058986513,-0.0003749721409552764,0.024754121470876855,-0.0008424792736521081,0.0002714451912164684
2018-12-07,-0.023223993498743822,-0.018837855020786054,-0.010542333840882323,-0.02004577546773556,0.0020404051077089758,0.0012364104970949974,0.0014602976144457713,0.0013106793736794575,-0.013099504169588716,0.00843173561252386,9.102430587160093e-05
2018-12-10,0.001197210156730133,-0.006578891747547777,-0.0085755355745597,-0.011652118483335028,0.0010183090870321543,0.004527973464899526,0.001093456629498446,-0.0016826440333218562,-0.0064538696916995875,-0.0033444784051376297,9.042058928709906e-05
2018-12-11,0.00028855289833296105,-0.0009460490879982242,0.0010480467951057282,0.010217479469357249,0.00012683761429155282,-0.0001366350574500963,0.0,-0.004495210876929723,0.0004899059760052893,-0.0008389453706232342,-9.041241414331491e-05
2018-12-12,0.005523188847752936,0.009875182971000873,0.015711076853980543,0.015041609284609292,-0.0010168379920801884,-0.0045080465750951815,-0.0008501464058910946,-0.0009411849855274212,-0.015435198083366686,0.002518869299373616,0.0001810963636803553
2018-12-13,-0.00032799992596510563,-0.015271152772653451,-0.0018047250155383,0.0015329912934409773,0.0007640330696854214,-0.0020581550301226326,0.0021862600343824923,0.0003769234832053936,0.005779128226691244,-0.001675000401357929,0.0001814037589273898
2018-12-14,-0.018451685722297384,-0.015508564173510653,-0.01368803514523842,-0.012500001526370985,0.0008899972032159198,0.0031620434532952935,0.00024253138053431655,0.0005649352286594134,-0.0028794412428306826,-0.004194646846882311,9.021775897055662e-05
2018-12-17,-0.020416651397603403,-0.023303020132148355,-0.00864084549686095,-0.010849955088369057,0.001905825699504593,0.005757662454041856,0.0007270487533448389,0.0015053275712160197,-0.03766460291332996,0.00589719422907331,0.00018160956579071907
2018-12-18,-0.00038578117454013405,0.0012788529801106563,0.0010564578828371474,0.006268213820335822,0.0015216626192020577,0.005724635339636297,0.0025429140558710372,0.0020661704250541923,0.010306313719989912,0.0016750802735814307,9.937407931270847e-05
2018-12-19,-0.015956211753478278,-0.0219984150996011,-0.010817839147039043,-0.016610638608058448,0.0017733076579007356,0.012603031182270907,-0.0015699205839494468,0.0025027434081505984,-0.010975923462127946,-0.004180617941085707,9.103427172574285e-05
2018-12-20,-0.01643251577586813,-0.014075941656463975,-0.0037342885617906996,0.0076536658108130595,-0.0013911250725546775,-0.003613618617918646,-0.0014518186101548647,-0.002815795876644378,-0.015015184785063806,0.01511337594306461,0.00018086208832301942
2018-12-21,-0.01989803979957394,-0.023108746335232855,-0.0195451087928048,-0.008119712126021805,0.0,0.00013507717311278533,0.001574798211880113,-0.00018762657948157013,-0.013918443749737608,-0.004962813801442034,0.00018184909770990743
2018-12-24,-0.027536611894119267,-0.018532771623232747,-0.010928315932993815,-0.007736772646107837,0.00022904760093211962,0.00452343021234336,-0.0015164023305601626,0.0007530082789355408,-0.035622979309264946,0.009975053052594163,-9.031329196707016e-05
2018-12-26,0.05058778193069191,0.04651511378331108,0.025390742927451138,0.017684752805739112,-0.0021572598746311122,-0.01005282420622744,-0.0027962399010923455,-0.0016928758221130824,0.03345416260268941,-0.0008229856396266833,0.0
2018-12-27,0.009294344320206704,0.006014602185062223,0.0008160442285300995,-0.0021061758460627633,0.0021619237058938534,0.0,0.00304734565719178,0.0003766224828496423,-0.00013489466281457752,0.0057660373018622035,0.0004532216462873606
2018-12-28,-0.0012718008233632005,0.004665972410876851,0.006525566209483635,0.007123793360696906,0.0024103309056109357,0.007717568676847586,0.0036455698505379885,0.002448636467068832,0.0032378398861585556,0.004914039265294212,0.00018115557382492042
2018-12-31,0.009000643483692672,0.006095642775167054,0.0021612586649608634,-0.0018336447945132006,0.002531252876838197,0.003761941669492508,0.0031469560950971864,0.0005639072228389441,0.0026891374523387856,0.001629951372715821,-0.00018112276242698844
2019-01-02,0.0007834922421290358,0.004616597327685712,-0.0013481233101328982,0.004461923884703012,0.002020544486823095,0.006023830282196441,0.0013276856179151864,0.0018775007984654923,-0.021724730937172643,0.0008136882760680919,9.087504172189398e-05
2019-01-03,-0.023870650285835793,-0.018667553698187733,-0.008097013138535059,-0.015678198885669792,0.00390546572112771,0.011308445743149154,0.0022901457706894224,0.006185796966307722,0.006991013312071193,0.008943061379796058,0.0003623631478291145
2019-01-04,0.03300666495124416,0.03614278426976214,0.030747924510378333,0.031590062287384146,-0.0030120941395032075,-0.01170823478287153,-0.00216453916014836,-0.0026082686640090946,0.011707218319661816,-0.007252228339604594,0.0002717375848564352
2019-01-07,0.007502908164102484,0.013274877730032886,0.0031681929836677725,0.0020584194260182542,-0.0015114740309857266,-0.002663081399549516,-0.0013253385504848891,-0.00018684565368332073,0.009822499321327394,0.0024351207295980615,0.0
2019-01-08,0.00971544889015652,0.015191650992199657,0.0071055751978288395,0.005649818906199977,-0.0012602873040772344,-0.0024021446403235114,0.0008442834739139649,0.0005603605501673936,0.020652700044299532,-0.0024292053213634812,-9.021511424811557e-05
2019-01-09,0.0046200380873770985,0.010159304142133951,0.012280763138903916,0.014555857068856204,0.0013888658947551757,-0.0022750087240979155,0.0037381330862955586,0.0013073376986192375,-0.001436121361775955,0.005681870960430491,-9.10720143678656e-05
2019-01-10,0.004177070468708521,0.0035336274657751243,0.004130295812678542,0.007550879396346133,-0.0020169428040319737,-0.005632481660202693,-0.0016822567212344541,-0.0022375426713110436,0.013596632415996401,-0.005649769698050089,0.0002720525546116015
2019-01-11,-0.0004622443656495667,0.002031162085222471,-0.006169560412135899,-0.006245232527938627,0.0020210190839300424,0.003911172051050071,0.0028885195771148897,0.0028031303028062116,0.0028374602642091684,0.001623413819731967,0.0002717239800316129
2019-01-14,-0.005506624039046559,-0.00851451678628723,-0.005173536377390153,-0.0070382071370149735,-0.0008823557019890238,-0.003626744162201545,-0.0007205355108762523,-0.0020500510899994495,-0.003343957505062334,0.002431096645075792,9.060661382465085e-05
2019-01-15,0.01170843189684212,0.006815933734692914,0.006240392479547774,0.006581707579208729,0.00012583309113289864,-0.003640794698525185,0.0007210550566498775,-0.001120583434139899,0.009549739962094517,-0.0016167747998691029,9.051357504286095e-05
2019-01-16,0.002214537411838746,0.007717255119722877,0.0031008148520788037,0.009809173701808449,0.0003789669178788646,0.0012184700145290162,0.0017987595841297832,0.0,0.007030339395762475,0.003238863207894571,-0.00018109558844359164
2019-01-17,0.007461854127333245,0.009673793164160394,0.003348821715896566,0.0047322933583784366,-0.0011352584159307622,0.0,0.00011958083464524982,-0.00037375926695537576,0.004823568170302384,-0.0008071209527629186,0.0002719046791275215
2019-01-18,0.013448209604248751,0.010112813555727351,0.010782701218196022,0.005205552259103907,-0.0007576586939243013,-0.005541316291365117,0.0009584705562255547,-0.0013087872930255262,0.0034111215861323263,-0.008885271054960175,0.0002714915087023151
2019-01-22,-0.013310488264700271,-0.016598537440831396,-0.015493676728935202,-0.016769528497219244,0.00176836097871802,0.006658772972743643,0.0013158483939328391,0.0005617244404809707,-0.0030216647991941903,0.0024449659211063235,-9.038781545112062e-05
2019-01-23,0.0014897202422849976,-0.0017416612503379225,0.0051595102046455565,0.009781752330702664,0.0010101623960867556,-0.0001350384908768154,0.0026279966918885123,-0.0009363390831990115,0.00012616353499028676,-0.0008130267257531187,0.0
2019-01-24,0.000991433428729982,0.005636164379773101,0.0012839470348526838,0.008444719653161403,0.002140615530015877,0.0062114317014392295,0.00238374640332939,0.000749528948076783,0.003409463003298585,-0.0024409872306190294,0.0003620927400065366
2019-01-25,0.008503391613455813,0.010941923785145136,0.012561029572169424,0.0098526505109926,-0.0011311696552747108,-0.00415954772047511,-0.0003564590983929916,-0.0011232165767232072,0.01245728185670325,0.015497518502137098,0.0
2019-01-28,-0.007735635836262467,-0.006071453468304955,-0.004810600027737144,-0.010487589606399728,0.00037744323748345465,-0.0012129222519057237,0.00023790459646710893,-0.0007492456537593339,0.009818219342380807,0.0024096171430352253,0.0
2019-01-29,-0.0012376554405152396,-0.00013286131263323675,0.0027983164115807924,0.0012322568662639366,0.0020133792493490787,0.004857057823885347,0.0020210766414248127,0.0018751301977726342,0.00787721944792863,0.0072115509526504695,-9.104141460392068e-05
2019-01-30,0.015817997211541313,0.010359768947998838,0.011161848778673766,0.0177250709261485,0.0010042747429788168,-0.00107436041981257,0.004626970809344266,0.005616082883616258,0.008059723689748388,0.004773303188018829,0.00027187746778389865
2019-01-31,0.008334703366504215,0.008150409704900774,0.0002511112542833427,0.010643519211693153,0.004641858382520958,0.009005621967620892,0.005787513650035825,0.006329036493147866,0.010417704067120503,0.0007917837522741777,0.0003618114881631662
2019-02-01,0.0008468804485142201,-0.0009127247672920946,-0.0005018565333227976,-0.007419732496842135,-0.0027788090213487493,-0.006222043249672127,-0.003661948875268717,-0.003144244647680039,-0.0063542973867918295,-0.0015823146535147714,7.269196036241432e-05
2019-02-04,0.007130551556156384,0.012790268645180625,0.0035133795599588957,0.002170292284445763,-0.000878884315581252,-0.0045681878607739534,-0.0007091250654577275,-0.002227212130690881,0.007480835631449523,-0.004754315886408178,0.0
2019-02-05,0.004440375422160692,0.0007733193749259737,0.008001842591304209,0.011309191607906444,0.002135958277831751,0.004589151969090377,0.0022472457086282205,0.0013016717305376346,0.005748519642281957,0.0023885136917938254,-9.064655476587191e-05
2019-02-06,-0.0012347204454196126,-0.0014165092214639685,-0.006450253166163877,-0.011896440331508162,-0.00037668170810190027,0.00040332567973755395,-0.00023619095419602498,-0.000928650027437361,-0.006549407254564543,-0.006354243267392756,0.0002717101446672032
2019-02-07,-0.009809048490445282,-0.008897245217012295,-0.012733800738285006,-0.00939070643327955,0.0007526857099036111,0.006580797931732496,0.0008259110295203431,0.000929513219914524,0.008271188521137951,0.0031974389385445168,9.063014717836104e-05
2019-02-08,0.001288736203982399,-0.0005205469687217246,-0.003540561860020497,-0.0038893739018597273,0.0015043593089845153,0.0042693021865152225,0.001297571010364651,0.0011149204874862928,0.0,0.0031872479079766425,0.00018132856159436272
2019-02-11,0.0005226899630221826,0.008201179984398843,-0.0020306442792483725,-0.005856492273882519,-0.0003756748130036014,-0.0037202002434698622,-0.001413643627535266,-0.001855324697179861,0.002733576728851883,-0.00476572032482192,0.0
2019-02-12,0.012943013080473076,0.013556744021946843,0.013224828964169433,0.009818554760363085,-0.00012519201708038885,-0.0025336661093822155,0.0008254457668923632,-0.00018631561249304873,-0.006283061925075217,0.0023943086420477044,-9.03514706077635e-05
2019-02-13,0.0030161567533553146,0.003949164948524597,0.0002509372033399071,-0.007049360196953125,-0.0015030322519296035,-0.003609196619256183,-0.0016498866171094084,-0.0003716747121572661,0.00512980830543408,-0.003980906772643955,9.035963473369435e-05
2019-02-14,-0.002215591197314404,0.0022839028543664153,0.0,0.001958493074052159,0.0017560870916333293,0.005500871056123513,0.0017708697054330536,0.0024180434785041616,0.0032050370159801833,0.005595499084213529,0.0002719011922414083
2019-02-15,0.011022964310741123,0.014938521344262545,0.013550809685990206,-0.0017101720625436467,0.0003755890170862308,0.0016005814712678479,0.00047159527116069633,0.0011126549656392815,0.006743734585973549,0.006359294450813291,0.00018099244132230297
2019-02-19,0.0017256460147352382,0.0054883215839169885,0.004951823852322956,0.010279075958215422,0.0008753058759052301,0.00239842043707994,0.0005891270997158138,0.0018534486044792242,-0.0002351907589450697,0.014218033755551529,9.031056508335134e-05
2019-02-20,0.0023099620030713197,0.0070712541486104286,0.00394186860147383,0.004360216710636244,-0.0003752394667574377,-0.0022589589177148817,-0.00011804105524904074,0.0005550523077173519,-0.0062298847060368034,-0.0007788340158095819,0.0
2019-02-21,-0.0036327180444346574,-0.004680927363114651,-0.0024539212041324587,-0.002170701209531556,-0.0020003504508518954,-0.008925294853145638,-0.0014127405563431061,-0.0020336608622403274,0.0009461594036082044,-0.012470759810097598,0.0002712457577120908
2019-02-22,0.005997980087552923,0.004579442778487097,0.0036899366199121264,0.011361246689635562,0.002255595394559773,0.005645457912829777,0.0036548916437022516,0.0027782590010647645,0.005908810492080141,0.004735553715950136,0.0
2019-02-25,0.0014810190287330993,-0.002217709876532137,0.0031863054504648325,0.01338403619009565,-0.00037522631604802736,-0.002940516210027777,-0.00023510897490586213,-0.0007384024611314377,-0.007871080367343408,-0.0007854890469040088,0.0
2019-02-26,-0.0007393810770071063,-0.009630870359026877,0.0041533201031231926,-0.0030661935427738207,0.0013758468161546578,0.00442323163251257,0.0017623096165115815,0.0016635839289036447,-0.0030790196560845917,0.0007861065249690213,0.0
2019-02-27,-0.0005060347700155399,0.0014958832697147262,-0.003162931646560563,-0.007806756295795747,-0.001998269925705398,-0.01027576736436464,-0.001172687908121639,-0.00258364339461592,-0.0049886547963191585,-0.006284361868248767,0.00027176446718502056
2019-02-28,-0.0023378474773239066,-0.003858878183264469,-0.004149381952429643,-0.007630029760437251,-0.0011264461096018863,-0.0029662946547173163,-0.001409209353710028,-0.0012953536232767071,0.0026264032673577464,-0.005533572880245807,0.0
2019-03-01,0.0068730684682103416,0.005748335296521523,0.0061274022854802546,0.001201169369678512,-0.0030888370723850533,-0.009583300148576113,-0.001155436178936986,-0.002779424413739018,-0.0030955187873683565,-0.01748809764412118,0.00013542238504116177
2019-03-04,-0.003839635626537108,-0.010312919479200211,-0.0038978134010082544,0.003599869394356192,0.0017629130126011194,0.007937553275132903,0.001534683527045333,0.0014867087824694813,0.004538099386356187,-0.0024271629291660046,0.00018149724400751133
2019-03-05,-0.0011682169701401346,-0.0041434638370085874,0.0007341237980433846,0.011716778418510598,0.0007552179899874556,0.002036702567146609,0.0,0.0,0.0027348734135730357,0.000811048576132567,-9.047847639653828e-05
2019-03-06,-0.006392550481377324,-0.01966717619433611,-0.002932821728615309,-0.004963290214330618,0.0012559645852470158,0.00392922492510106,0.0023568407495453414,0.0009271504193351099,-0.004624643419184893,-0.001620782618829808,0.00018156529581059289
2019-03-07,-0.008042383420476584,-0.01041667586968531,-0.012745456226921581,-0.016152181007411004,0.002885928948429317,0.005803801618657456,0.0019999351692119305,0.0027805486759684417,-0.0021439424922099493,-0.0008116295012344787,0.00018102502609695925
2019-03-08,-0.0020171177736725276,-0.0010393187925421543,-0.001241277664731033,-0.00724273562936073,0.0012517964960825356,0.004294507758442867,0.000820810328230781,0.0009244650223201312,0.001074487511951716,0.011372817617888886,0.00018107679828838208
2019-03-11,0.014583659964312101,0.01600091338035181,0.009197464955556844,0.020428166489510735,-0.0005002957379379724,-0.0036080809565339766,0.0010554900879842233,0.0001843701715744661,0.014667198275951199,-0.004819234286070562,-0.0001810440154176307
2019-03-12,0.003554374015193984,-0.0015362972772616779,0.0004925974917810994,0.004051404424175731,0.002375875552256712,0.0073762726478527885,0.0022261300290917774,0.0020312180277455294,0.004583402784732904,0.006456813679522444,0.00018107679828838208
2019-03-13,0.006811166413999814,0.0038470932938294844,0.007385795312196741,0.0021362928188086716,-0.0004994790210163247,-0.0018640399112356265,-0.0007012784338773503,0.001105531531036874,0.00491336929024877,0.007217333653620983,0.00018138209948004302
2019-03-14,-0.00034789269796420275,-0.004215760399036594,-0.0009783084554787491,-0.005211004645528594,-0.0008730781182947345,-0.00640146786922513,-0.0008188499999529641,0.0001843134140644409,0.0015134934363829622,-0.011942720317931976,0.0
2019-03-15,0.004872723078483299,0.0002564688144166549,0.010029672792102762,0.013571659316511386,0.0018733952905269913,0.005771210501770652,0.0032770243813111666,0.002023657935981582,-0.003138485820199932,0.004029024282807603,0.0002715167748437164
2019-03-18,0.003578902149848018,0.007823707480239639,0.0033911394884231782,0.011275165177009994,-0.0006233371541073396,-0.0002668656688358251,-0.000699112563696036,0.00091879931394101,-0.005014242045916384,0.0016050966314706816,-0.00018079308349872036
2019-03-19,0.00030650669072618264,-0.007253928478147098,0.0026545465039102822,0.00023256325008125245,-0.0004987063815330428,-0.001868493936185267,0.0003494484470158987,-0.0011010499880008684,-0.003046908731519138,0.0024039012616927646,0.0002715766554262089
2019-03-20,-0.0035648494411302245,-0.007459946832453546,-0.0009624409713423487,-0.0002325091769914689,0.004368260098830179,0.009763275050003184,0.0058356879105245785,0.006796324792610164,0.0030562207572297773,0.0063948778770890335,9.021939024189685e-05
2019-03-21,0.011432304759814604,0.013087896138857191,0.0009633681563265828,0.002323203065152768,0.00024824402113954314,0.0021190619668440824,0.0009279612985622077,-0.00018224164546543076,0.01781346958506247,-0.003971420979259177,9.038018636564615e-05
2019-03-22,-0.0190109095300095,-0.03645425931190949,-0.01925837476185055,-0.03012734118873739,0.005466309683177073,0.01572800943157726,0.003941782863362331,0.002919418946918162,-0.007253913637028764,0.002392323210721692,0.00027153835472915056
2019-03-25,-0.0008968089473259111,0.004779145053068534,0.0,0.004596518714137909,0.0012362925779789702,0.0010409817104730656,0.0020782226798929937,-0.00018165299294303772,0.0012758860842529973,0.007955480023671191,0.0
2019-03-26,0.007220360462544262,0.009380638367836536,0.006136661687970557,0.0033367451983616903,0.00024641035112304976,-0.0005194165728439337,0.000692115735199117,-0.00145604435986868,0.007992335297872133,-0.004735628986219376,0.00018120159285150983
2019-03-27,-0.004649878089472259,-0.00026169608413706413,-0.0014638485297696624,-0.010926438019748796,0.0018506899323931236,0.008323579669422099,0.0004606279531425006,0.0005467671023584586,-0.0028728063774918766,-0.005551125831090187,-9.033111757572598e-05
2019-03-28,0.003892845554242408,0.009426326547512298,-0.0006136449540496969,0.008645536424912503,0.0004934378652206028,0.003353344384212198,0.000920368550399786,0.0007288681023795984,0.009703568997762924,-0.014354091365498145,0.0002711866925346751
2019-03-29,0.006436962005637481,0.0006487444175675705,0.003437212359981734,0.011904772663599905,-0.0007394386340089376,-0.0003858601779644921,-0.0010344046862778011,0.001091775332068723,-0.0009195036170673854,0.0016181600581894884,9.023037951361168e-05
2019-04-01,0.011520491571797686,0.012313493189604507,0.01296796411165868,0.01505861816661902,-0.003950713788284377,-0.014990641357074619,-0.003765629708484819,-0.0034545518728711366,-0.0005755391324077097,-0.004846560505820219,0.0
2019-04-02,0.00034294973390558425,-0.005633967663370765,0.0007250856754748014,-0.0030134127055615467,0.0004950440602222717,0.0031408641810539706,0.0008113075746181142,0.0003651240199706862,0.0070226127430748075,0.004058457140698524,0.00027243908943908046
2019-04-03,0.0018657157195749452,0.0048933179539141225,0.007723624378465965,0.004882873043977165,-0.0013624115085593136,-0.009261929423488802,-0.0010423802975952912,-0.002188938026052467,-0.0011428988249133631,-0.0016167747998691029,-0.00018174534254356
2019-04-04,0.0023945786459584895,0.007944507116584232,-0.001916249374974921,0.006478166664891871,0.0009923686801154297,0.0032917367786786667,0.0008117283290280941,0.0007313077956676572,-0.0016021905336296438,0.002429128100773559,0.0004538552122546058
2019-04-05,0.004815460661167448,0.008771727478435132,0.002159676657585319,0.008046269375617365,0.0007436568928622656,0.0006565410858661025,0.0016222561036181027,0.0009133979944828674,0.006992590487276518,-0.0008077729232143227,-9.152278048396578e-05
2019-04-08,0.0008676819724950935,-0.0007561169972943871,0.0007186069014997187,-0.0006840515152898297,-0.0009913571147183164,-0.003147928196255867,-0.0010411649912447363,-0.0007299233987826392,-0.005578009406981943,0.004850478591090779,0.0001814594655744628
2019-04-09,-0.005316033811160081,-0.01248547880072215,-0.005982077582073364,-0.0013694726274384728,0.0014885113183633614,0.00315786894093506,0.0013897829760236569,0.000912864583538564,-0.0052662242687361305,0.004022464668784309,-0.0001814265440107654
2019-04-10,0.003449231616093673,0.015197779365430542,0.004092256488729573,0.004798859896710583,0.0013621749732295463,0.0019670053645257646,0.004163098663571452,0.0036490434144267336,0.009206899574149885,0.0032052016822570195,0.0002722313786187591
2019-04-11,-0.00018865097618514515,-0.0020127245364720547,-0.001918201197180447,-0.01159875967975088,-0.0017319514676180647,-0.005366279323598899,-0.0008064657676990494,-0.0025450251761959253,-0.0006840649139837618,-0.01198087593611663,0.00027165126353678737
2019-04-12,0.006762513864116082,0.004537736502502332,0.007446542992659122,0.006212584451944503,-0.0018568817571439356,-0.006974739403705299,-0.0018437484976350227,-0.0016403927397009577,0.0047932346902876954,-0.0016167747998691029,0.0
2019-04-15,-0.0006757323802973891,-0.0038896861131998417,0.00047709084038949356,-0.005259691076015205,0.00024785544085892397,0.0022526243303073734,-0.0001157800040986201,0.0007303732898962245,-0.00511094553239988,-0.0016194702142423578,-9.09755078587482e-05
2019-04-16,0.0007135064524743662,0.0040308107305564445,0.0016682272724746205,0.008046269375617365,-0.0017369248714317331,-0.005553543778634706,-0.002193474578135679,-0.002371179995623751,-0.02260299288375911,-0.008110331069626553,0.0001811243470921653
2019-04-17,-0.002439108478442864,-0.004516671866081734,0.0016655622210020038,0.002508224956649041,0.0,0.0005316859006025965,0.0,-0.0005488417311255711,-0.009109793860832549,-0.001635282488792189,0.0002716373205060574
2019-04-18,0.0018808198946156374,-0.0035291696143836537,-0.0019004315049512277,0.0011374852606669261,0.001367490729192955,0.004385932650316615,0.0008097826572592837,0.0032930230645618064,0.0076610389420479486,0.0008190195618831275,-9.035261625611746e-05
2019-04-22,0.0009763080656102208,-0.005186111635261503,-0.0009520250107997175,-0.005907685381416505,-0.0009927285533757324,-0.004763273957986036,-0.0005774512253735598,-0.0009115331632854051,-0.010995100875990094,-0.0008183493177833512,0.0
2019-04-23,0.008627055775775272,0.014749273772246774,0.0023820469882589457,0.0022858900352198397,0.0017388235793198703,0.002127356106397027,0.002775687787333503,0.001825095892618478,0.013246464151849269,-0.0024569805796449407,0.0
2019-04-24,-0.001971046397179599,0.0031321848048018186,-0.008792516238922743,-0.011630390584542738,0.0026041811450188135,0.007959405137380138,0.003115335803372199,0.004008042407815937,0.007353636565678556,0.003284069035370152,0.000362201748312474
2019-04-25,-0.00037264320007457385,-0.010367106805980963,-0.0007193539902055068,-0.0018464052681119725,-0.00024753035963398506,-0.0011845495063015354,-0.0014951600206459803,-0.0003632274038416483,-0.002085248879717061,0.0008182712756970023,0.0001808246497196908
2019-04-26,0.004585340735687726,0.008960969571895294,0.003838592876205027,0.004623455192352299,0.002226908656620674,0.0032945924123151116,0.003455926825560507,0.001815430916911387,0.007895675153665849,0.005723683656470024,9.048022505808717e-05
2019-04-29,0.0012612438934884729,0.004878915236061321,0.003824255856624381,-0.001840761720103945,-0.0020983220488666188,-0.005910426041603745,-0.0024108632163492016,-0.0019928552462417093,-0.009792831518050438,-0.004065056094269548,0.0
2019-04-30,0.0006303013488562215,-0.0024896769557047893,0.0007143871055224071,0.0006915723114702121,0.0014845398292324674,0.005284538524630511,0.001036119717234829,0.0012709862102460168,0.00954066385553154,0.003265303008410436,0.0
2019-05-01,-0.007296044487481779,-0.008985506379491581,-0.006661908996471899,-0.005528645659423459,6.197523559126061e-05,0.0034249079614894207,-0.0013605817014152866,-0.0018692183905327786,0.0008068681249742138,-0.006509351013374021,0.0001630855379435303
2019-05-02,-0.0019774971306705247,0.003148393889069956,-0.001916249374974921,0.0013898728540004956,-0.0022292029712809303,-0.0048571044743018765,-0.0016162687923567676,-0.004726364123707305,0.0010361989725944376,-0.003276000141528068,0.00018116724769057235
2019-05-03,0.009495131590550931,0.01970877619926359,0.00983904758019416,0.012953666428135557,0.0018615243174233687,0.003298365811681636,0.0015032671955117483,0.002374450147214935,0.00851250184511132,0.004930112207579773,0.0
2019-05-06,-0.003962482248297872,0.0017232641182798325,-0.009505545297487927,-0.021237585115736812,0.0012384746019007409,0.002497764362302979,0.0020778874745257525,0.002368734134555961,-0.0031936473610764127,0.0016353604670711341,9.069353014079518e-05
2019-05-07,-0.0162092436852308,-0.01831153989164902,-0.016794343665053613,-0.0188986660077739,0.0014846137302755302,0.007868518381122458,0.0006912313387699154,0.0005451919664478666,-0.01807991133067266,0.003265303008410436,9.051690203176754e-05
2019-05-08,-0.0019651788194845476,-0.00801180673774371,0.0014641038342440016,-0.0026161569865699175,-0.0007413239997268173,-0.004814634539273888,-0.002302628019141273,-0.0025434804628491348,-0.0010487549487164793,-0.0024409872306190294,0.0
2019-05-09,-0.0030669728798894402,-0.0022716073812172333,-0.007310280955710957,-0.014067532846001818,0.0009885379472005518,0.0040540129836923455,0.0015000875243373901,0.001639309679945189,0.0025660389663633154,0.0032626395682111564,0.0002720312932811275
2019-05-10,0.004671551560053944,0.003288669225675278,0.00662751621960167,0.008222296907556714,-0.00012268139219406837,-0.0015630619804450907,0.0,0.0016369914294769305,0.010705375384601146,0.0016259759170100807,0.0
2019-05-13,-0.02453484627105673,-0.031265656108211526,-0.02243340731713972,-0.03382073057576185,0.0020993549739776185,0.008478289955336615,0.001498647161862765,0.0025415412560814143,-0.0010359607209400323,0.00974025069249751,0.0001806315049122098
2019-05-14,0.008681253317880389,0.010671330916183885,0.00947863076599087,0.013902475827094696,0.0006160672159474245,-0.0032342595991461387,0.00011447086618665558,0.0,0.0036878063469814037,-0.0016076772318298627,9.08885338812837e-05
2019-05-15,0.005916659080534625,0.0018027027426166242,0.004447663705793303,0.002693668253134218,0.0014777447514744413,0.006228853360325637,0.0029912012463126914,0.0023542402518066385,0.006774395703087688,-0.0016103428052184343,0.0
2019-05-16,0.009167005654896698,0.00385623471183294,0.006149840616523239,-0.0024419580202436064,-0.0014755642441571792,-0.003353042871698353,-0.0006875657603032659,-0.0010835047765422878,0.003992008820975279,-0.0064516069489635175,0.0002717993377014949
2019-05-17,-0.00605571581122144,-0.016261355606482786,-0.005623145405775687,-0.01909450302757254,0.0002463689298539684,0.0028463625352106448,0.0009179206972984577,-0.0009049579271639407,-0.0019309472375339531,-0.008116836872765654,0.0
2019-05-20,-0.006816207870421365,-0.007028589704613841,-0.004425674508786948,-0.0034941307625953044,-0.001231189701643598,-0.002193227710854062,-0.0027524979736087696,-0.0019912586106732855,-0.014455139019031282,0.0,-9.085557942012379e-05
2019-05-21,0.008473302428007257,0.0133701238454349,0.006914816172933769,0.013524329724722506,-0.0004936930362650083,-0.0018108223991316619,-0.0010342451861319324,0.0005440962105422997,0.008546278795591,-0.0024550479533501646,0.0001811387375496576
2019-05-22,-0.0027372160481814456,-0.009830499280116034,-0.003924155114734096,-0.004201245214613514,0.0018506200093504344,0.005570346180243879,0.0018412395062756826,0.00018160004362766102,0.0029771575752726154,0.0,9.04267892096744e-05
2019-05-23,-0.01170379515086617,-0.023775063006566843,-0.010096098318000957,-0.01265467349692051,0.003570561142242079,0.011207097554190248,0.002068779478700211,0.002356282575068258,0.0022832433502431027,0.007383113673992581,0.00027176050086019643
2019-05-24,0.0017359186495169432,0.010036229564391874,0.010447702674545978,0.0015076983358439655,0.0,0.0003825441430735932,0.001260695012584634,0.0016271798139768645,0.003075881629489352,0.0008143509038509578,9.014178495525549e-05
2019-05-28,-0.008972329159387171,-0.006624638730290067,-0.008616651333170133,0.003011214395345574,0.0020852139291029914,0.007767330380436643,0.0012597946976635743,0.001083446663785237,-0.009879964191210844,-0.004068363782754991,0.0
2019-05-29,-0.006877630292384529,-0.008135518694536437,-0.00670439470246631,0.008506654853121187,-0.0002443085259015154,0.002653605104796064,0.0,0.0018032476359726157,-0.013304426155149818,0.0008170121788264595,0.0
2019-05-30,0.00277788003730417,-0.0028235040659080335,0.0037500552073934657,0.004465335591680164,0.0026939936457268665,0.008318192657185586,0.004231847707461434,0.0030607431108460315,0.004184410730314836,0.006530606016820872,0.00027140993932128765
2019-05-31,-0.013382719987209524,-0.013349846370357632,-0.007721151414836758,0.003704668491639307,0.0043968049016611666,0.01262345245512364,0.0030756703971848154,0.00538388767509379,0.005788161314487228,0.014598564986988194,0.0002713362959536614
2019-06-03,-0.0029659676779627553,0.005193825661653717,0.004016115618615146,0.005905241083880908,0.002839765792798321,0.00630861909230096,0.002972803812091529,0.0033665546838488325,0.0024169116680328173,0.013589134547053572,0.0003713475335598293
2019-06-04,0.02201338439516687,0.027192266994701342,0.012999897739836008,0.00024477650535525974,-0.0017012038116934747,-0.010940566648995675,0.000340375225482914,-0.0016064070756834914,-0.004477296088034377,0.001577247918613356,-9.063934169128984e-05
2019-06-05,0.008460790173422383,-0.002250236290104346,-0.0004934575450235013,-0.007336972791783691,0.0,-0.005468558587198524,0.0005681551365648296,0.0003574445351233191,0.020873711452789934,0.0023621837339955487,0.00036250622099309737
2019-06-06,0.00650367710799471,-0.0022554248167127033,0.004197459302575091,-0.00024629157017719283,-0.00024352581928466233,0.0031238176997334666,-0.00011377006865564976,-0.0007145443214847669,0.0019206017053963187,0.00235669188722043,0.00018072553745063225
2019-06-07,0.009979015352201026,0.006514936364176327,0.011802227999688553,0.007146202749651165,0.0026785116635894557,0.0080979707973039,0.003744320745945995,0.003576706232581106,0.003721019673124326,0.0054858694019281895,9.068230119102516e-05
2019-06-10,0.004694479706404797,0.007133961475906947,0.002673217579151066,0.009298096080364804,-0.002064539159024825,-0.008897596045491785,-0.002825738253275256,-0.004989596028840859,-0.0032580712577658932,-0.008573628786544218,0.00018101232739287099
2019-06-11,-0.00018844582994881343,-0.002230095068397109,0.004846996686689087,0.010423962161521194,-0.0007299644514937587,0.0011218855085277646,0.0,-0.001253161992085472,0.002704530473763622,-0.0023585444980902537,-9.032189935875845e-05
2019-06-12,-0.001884363801893607,-0.0021034387820555445,-0.007959231607219452,-0.010795897791063047,0.0017050727156222578,0.0004984548912945197,0.001586319009905468,0.000537666495151079,0.003372142261967026,0.005516205737843061,9.033005814118589e-05
2019-06-13,0.004455502068134054,0.011724484425307935,0.0004862548489448226,0.0009697582048828757,0.001702054966471911,0.0034858353230478034,0.002830160154233319,0.0005378253798766774,0.004256828260202683,0.0054858694019281895,0.000452616804221595
2019-06-14,-0.001503996432237531,-0.009765613246142557,-0.006804606437245897,-0.012357353031458573,0.00012110539845466839,0.0017365957444785973,0.0,-0.0021494289986186965,0.0005578358769580127,0.0,9.036494095360226e-05
2019-06-17,0.0009039367903942441,0.0009366956690064487,0.0007424113431877544,0.004174380888247731,0.0,0.0022289630853282727,-0.0006772765069092967,-0.0017951388705113036,0.010702603273070599,-0.0007794410710290078,0.0
2019-06-18,0.00996766436490426,0.013048846428410421,0.013844222085487523,0.022632217852789127,0.002305562961305574,0.004201228893200293,0.004630667352207851,0.004315236486498675,-0.0009929849839087623,0.004680220050311101,0.0
2019-06-19,0.0026443421679098744,0.0024719565782713726,0.005608554584534131,0.006976439708972215,0.0033904430542932573,0.002338166188098123,0.0033726098493520595,0.005730030595061386,0.005410097028841099,0.006987589424551688,0.0
2019-06-20,0.009323259142385298,0.006748678247755047,0.009699363912113013,0.015528098539069557,0.0015689175831956614,0.001964122730670592,0.004594388339454136,0.005518993594657573,0.005051221793535676,0.024672296702853203,0.000542224551941084
2019-06-21,-0.001177750422045487,-0.008121548067137496,-0.0036023919285248507,-0.0039993029846401296,-0.002771129966075425,-0.010046880982749973,-0.0018970779618552314,-0.004249385783953508,-0.01409484671794714,0.007524483202164145,-8.997240371133586e-05
2019-06-24,-0.0012895480288970251,-0.01117776611875676,0.0014458486108650526,0.000708495029015932,0.0018123705039998494,0.006930999689601869,0.0014532477921704867,0.0019558578609402133,-0.003435609567312259,0.014936505163337888,0.0
2019-06-25,-0.009887184711453223,-0.005125902779514191,-0.005294470943371765,-0.010856900027570116,0.0003613374845163886,0.0034410568389842133,-0.00011155762585346451,-0.0019520399482625406,-0.014791309610037606,0.002207485845059365,0.0
2019-06-26,-0.0009688868243015181,0.0010569483024021054,0.0012094242108404707,0.009783462716612679,-0.0022906198464915928,-0.006491792933146612,-0.0023434164647170297,-0.0005334400154122232,-0.019979196101606922,-0.01027902676204806,0.00018088344581879134
2019-06-27,0.003508921831413936,0.01953301091679749,0.002416723201032145,0.005670748096927358,0.0029004197257449515,0.006903800741399513,0.003802738805942729,0.0014236215734326763,0.012873291088047356,0.0,0.00027089880298958313
2019-06-28,0.005529555879411063,0.013333096278915546,0.0055450057141714915,-0.0007052755385310583,0.0008432232678379226,-0.0002443121732236264,0.001226159778427105,0.00035513308923262876,0.003444204882856683,0.0014837135343368502,-0.00018038264926789616
2019-07-01,0.008508328610684401,0.0020439555050633107,0.004555274464742576,0.014342931148545679,-7.199987657169338e-05,-0.0027244764608379546,0.0007928826715586368,-0.001337932685877452,-0.0004578270579808086,-0.01851851851851849,8.11533024447364e-05
2019-07-02,0.0029103262669034624,-0.0057370892110684135,0.0031025801521415985,-0.0013904948698058028,0.0019303071015848161,0.0077526395883524835,0.002006298351274749,0.000178630019725734,0.017399196317150256,0.021132055318580534,0.0001812388454700553
2019-07-03,0.007677283142866642,0.005642107786988149,0.005234676961673346,0.0011602133558747951,0.0018069250402166226,0.006228349536424149,0.0017816861909087933,0.0026786163319714174,0.011926275411277665,0.002217345693836137,0.00027172519179163857
2019-07-05,-0.0012760111207441582,0.003952507692592144,-0.006864343745307977,-0.006955398026699977,-0.004688734398118677,-0.012257725378900242,-0.005333012342502386,-0.002493693984933598,-0.003557842488624896,-0.011799468741531816,-0.00027165137726914423
2019-07-08,-0.0050003302110696035,-0.010541102412296777,-0.005957900525822568,-0.003969313568840671,-0.00012069644249812495,0.0013514401162559864,-0.0016756961222283984,-0.00035677722140903256,0.0035705459286374808,-0.005970143730110733,0.00018120600390303387
2019-07-09,0.001247173812945368,-0.0012835937383662843,-0.004794865304107665,-0.002578107887518888,-0.0013289653109732624,-0.0004908655357005465,-0.0010075723622678945,0.0008929723573154469,0.0033355609814202936,0.003003000207918216,0.0
2019-07-10,0.004653198592534213,0.0026988687599007744,0.004336136089778675,0.0065802041703861835,0.0008467889444720988,-0.005278779604200756,0.0022407142499318855,0.0021411150562102854,0.0057624403694302995,0.015718566133496648,0.0001806703809681398
2019-07-11,0.0020055668068459376,-0.004742480903352164,0.00023981874537626346,-0.002101058296583802,-0.0032626048318283862,-0.012957807088951001,-0.0037997427073575007,-0.002848720636301705,-0.013001425531402266,-0.00810609131547746,0.0001811404475224876
2019-07-12,0.004913311315082547,0.008757511146422647,0.0011990321009025529,0.0,0.0008481528471349087,0.0008750110534792022,0.0008970015840523704,0.0010713221360902914,-0.001339832763339821,0.0059435307191177955,-0.00018110764160317316
2019-07-15,0.00025340039251875446,-0.006383337651476695,0.0009582348355530179,0.0046789837237208864,0.0014535474153432038,0.005996605284854795,0.00033653365213992537,0.0023192908100431175,-0.0007822158911374721,0.0,0.0002715431038022853
2019-07-16,-0.003258740989096731,0.0010278866593289582,-0.004546553803497333,-0.001862811274666587,-0.0013304367982936993,-0.0037250626791734964,-0.0015687370647679,-0.0016014161605418797,-0.0023492702169094493,-0.008124051476156136,-0.00018100751243999014
2019-07-17,-0.006756117441471976,-0.007444690391452791,-0.001923153337516692,-0.002333436973234071,0.00302847836717568,0.011341899022457635,0.0038157440963095812,0.0021386464103123615,-0.0033639871937449772,0.015636636885707267,0.000271602311216812
2019-07-18,0.003656805781824035,0.0019399975289466909,0.0028902884742005863,0.006314706957131655,0.0018111430654315086,-0.00012376177814321654,0.0033537930561684526,0.001600915800307856,0.0,0.013929587654029074,0.0002716123168438056
2019-07-19,-0.005356528230159419,-0.002581654967670932,-0.0014410924888001997,-0.006507240622037114,-0.001085086641365085,-0.001848050999936235,-0.001225783467659336,-0.0008880742758814453,-0.01631409560432462,-0.01301520651979482,-9.068031588232994e-05
2019-07-22,0.0024177156004534517,-0.0014233205116006564,0.0009621525759921923,-0.0011695001417508788,0.00108626533336742,0.0013578095721973327,0.0014502597495043013,0.0005334066358404499,-0.0009147664391204735,-0.0014651651756975026,0.0002711444977430144
2019-07-23,0.006871540074552929,0.00933010133311174,0.005766461152142632,0.0,-0.0008437025353095207,-0.005055779637026969,0.0003339181329282681,-0.0008885665738085358,0.011333140328802171,-0.005135707574210113,-9.032909425621405e-05
2019-07-24,0.004609695632302735,0.01681870841869637,0.0002388447787946557,0.0030443709870684454,0.0009650946575583408,0.0040898801604183355,0.0015596828836645926,0.0003557604257447,0.0007929279412113299,0.004424739239357489,0.0
2019-07-25,-0.0048779893025271415,-0.01085858931292838,-0.010031222369429105,-0.005837128759766053,-0.0010842708007711144,-0.004444039900614483,-0.0005565094700540341,-0.0010666363833915504,-0.005881943145943813,-0.006607940774163712,9.033725433860162e-05
2019-07-26,0.007153143560185038,0.010212059684485686,0.0028952835157782797,0.0009397782734152926,0.0,0.0017367890605295422,0.00011156289106439843,-0.00142308064510277,0.004551491638136396,0.0014782304625573506,9.058024095009998e-05
2019-07-29,-0.0018030341813538575,-0.00505435997024517,-0.00024051100261368585,-0.00023461341745512065,0.0006030138118278128,0.0007421175315767137,-0.001112740575562765,-0.0003561663414738403,0.0027180217464461975,0.006642077588266737,0.0
2019-07-30,-0.00241947327812575,0.0107949417182569,-0.010587296241686639,-0.009857071195893519,-0.00024078602243993164,0.0023503268029523294,0.0011139801464721266,0.0014254390535886063,0.008019901320541756,0.00366563312331758,8.998608103660821e-05
2019-07-31,-0.011332093475681426,-0.004774547692903974,-0.006322865620552065,-0.010192093270374847,0.001206162361998775,0.008390543461700428,-0.0007788631251702816,0.0016021445301055426,-0.003921956538233462,-0.012417759520111593,0.0
2019-08-01,-0.008385511859371197,-0.015275580018961121,-0.00391562001946455,-0.01819906824038442,0.007160813911955888,0.018371186298851372,0.00730245768234572,0.0037378694992766803,0.0,0.022928953805202656,0.0004533216398223683
2019-08-02,-0.007312067375348286,-0.01166719017129536,-0.007862487579988753,-0.009512147860088582,0.0009596797411606239,0.008429310220198216,0.0007764555906175641,0.00017760782869946645,0.00483759174869447,-0.002892260453629003,0.00018096204038831054
2019-08-05,-0.029500424645580337,-0.02711073856138635,-0.02550804707947063,-0.035213347242028736,0.0043118148957741464,0.0176737120527497,0.0021048680424002875,0.0037232885754761025,-0.019704520354318578,0.013778069681573024,0.0001812638886031781
2019-08-06,0.012879474475476771,0.010533074456626101,0.006861355171202899,0.01582456240575736,0.002505403540836504,0.006923776975770846,0.0029833179963545398,0.0028262933565432746,0.011077980860473291,0.008583751299193754,9.049007063821612e-05
2019-08-07,0.0006812751499369885,0.001583218291315136,0.004038526707990986,0.00427138174232633,0.0,0.0009313910132944248,0.0,0.0001765939816456008,0.009714187622407389,0.014184383252072719,9.014738428336777e-05
2019-08-08,0.019514068989223476,0.021604874798575535,0.010306921614855913,0.01300981220873143,0.0008325227338854546,0.001980044669612102,0.0008824290264879409,0.0028173053594160447,0.01756358627797261,0.00629371688024194,0.00018094745391294964
2019-08-09,-0.006973510084575807,-0.012379503917827717,-0.007215719415275879,-0.009878683427206325,-0.0017835203706288993,-0.002207222057184155,-0.002312411041181739,-0.0008778908911273309,-0.0012095557551385916,-0.004169591256788285,9.054096092309116e-05
2019-08-12,-0.01172951591493665,-0.011228403692360556,-0.008521288112451342,-0.01122504763005161,0.004406505382515302,0.0208449050689814,0.00386262306903018,0.004570231373202782,-0.0026417649277494792,0.009071885215146347,9.095073613241134e-05
2019-08-13,0.015497631753425445,0.010431993504405934,0.009858418196068808,0.011856624956506856,-0.0015415664416928987,-0.003764838824335648,-0.0016489313319284493,-0.0019249232973178598,0.0014349769033150661,-0.005532498167012956,-9.094246484842028e-05
2019-08-14,-0.030112664732335315,-0.029404088802120754,-0.027033630023181487,-0.027673930921052636,0.0035631175533670234,0.021642293547885938,0.001872064567405518,0.002629839106452092,-0.015208283126203592,0.006954063073684402,0.00018098193357252157
2019-08-15,0.003147183544056631,-0.003770162513025088,0.002058284645676256,0.0056412543098998125,0.004850877150806454,0.011208165784332591,0.003847131940485138,0.004021235095622133,0.009959601665325613,0.006906103910986783,0.00045224759364748124
2019-08-16,0.014652262028949314,0.0223001690680229,0.011810055876729342,0.01325835512101281,-0.001059341601390651,-0.007869437445968908,0.0017521534942877004,-0.002611916860944641,0.010304977953233596,-0.006172850004035779,-9.072608941484983e-05
2019-08-19,0.01229167888134386,0.010312003663983882,0.0060895273262751015,0.003271247456565929,-0.0031827317088167772,-0.013182695080677376,-0.002951465546903287,-0.004016138460923191,0.007238172772003448,-0.011732234574136746,0.0
2019-08-20,-0.007747251348690254,-0.008243876116480364,-0.002773850643690401,0.0017554521485940722,0.002601406115936067,0.009962299032972854,0.0037269744377848024,0.0014024937615897404,-0.007077589711472321,0.006983267011232641,0.00018113444637446463
2019-08-21,0.008107677669223712,0.008048682893172066,0.008345532610869233,0.00776210632449259,-0.0004721407425248847,-0.0069498888931320835,0.0013105439374194727,-0.0010503754024467904,0.004167217136510359,-0.004160916733650932,0.0
2019-08-22,-0.0003720963712553482,-0.002748677609940131,-0.003511787894673102,-0.010186833740121415,-0.0018874478473492884,-0.006208717260076657,-0.0015266065088233027,-0.0008757833751258381,0.004586792150649055,-0.0013927231592972822,0.0
2019-08-23,-0.025664688446418116,-0.030581125355854222,-0.012333033084184652,-0.014307014359706938,0.003664613614585255,0.016015541968485314,0.0022938979953612826,0.005612575766897221,-0.014023486029564713,0.019525783123556018,0.00027123479410295914
2019-08-26,0.011087063715786716,0.00934143786996744,0.008664673655108812,0.006366231237785014,-0.0005879642100997673,-0.004136726298825333,0.0,-0.0008722653752586407,0.007717871666163001,0.0006840101887903849,-0.00018080200093117949
2019-08-27,-0.003932646551098928,-0.01260877008049821,-0.0002527224177396592,0.0005061530082062227,0.0034175894700285703,0.015492075218389578,0.0028339191208273107,0.0047135299219427385,-0.0028445984840295147,0.008885858743951536,9.012500563798653e-05
2019-08-28,0.006946735450823027,0.011954844234256301,0.0002527863025052479,0.0037935716407877518,0.00035187261722846586,0.0009950216215708352,0.0008693867318210202,0.0013904970215412593,0.003291533013946246,-0.002032566814382797,0.0
2019-08-29,0.013005943029637868,0.01664650338454554,0.0078323722187148,0.011590231309545507,-0.0005866549372666174,-0.0036443644140988773,-0.0016290204067622716,0.0013879627997350763,0.007764784970712979,-0.007467729809619961,0.0001808183999467694
2019-08-30,-0.0004091216392531072,-0.001980984977361655,0.005013632921128552,0.006226401010645866,-0.00011779955755775173,0.00011064049528863862,-0.0005436054209229102,-0.004678753324134921,0.0007595992477158475,-0.004103930671138234,-9.010059200853515e-05
2019-09-03,-0.005547215028605446,-0.013759992306837998,-0.00399106190087084,-0.0051984336932311415,0.0009185228482557761,0.0014663003172155076,0.0005566251821675916,-0.0007143101164527321,0.009976068704062868,0.015796671401633322,0.00025328982393735266
2019-09-04,0.010706970901219304,0.010195922249097489,0.0140248669711045,0.01642248922056866,0.0018830632582340634,0.0008866872609887277,0.0028357865856398767,0.0022674504450688193,0.008374586636783699,0.006085203030427477,0.0001813406484081348
2019-09-05,0.013223874102035404,0.019522270090526872,0.008150076223776281,0.00758838173814369,-0.005167417597810253,-0.016506092579264497,-0.005329481731759178,-0.005395010631992103,-0.007240298224669095,-0.02352153083184816,-0.00018130776993952047
2019-09-06,0.0007312017907408208,-0.002736095920146897,0.0022047160156177803,0.003158505962225222,0.001180386812925649,0.006420399713976677,0.0020773306792365442,0.0017496595882378063,0.0022523734051247413,-0.00825876722397867,0.0002715100315944241
2019-09-09,0.00025553230538521987,0.015282746067387665,0.001955589875459518,0.00266399160505415,-0.004598247816440915,-0.017571499278469904,-0.0049101576251057155,-0.004016876323527652,-0.004815575750159451,-0.004857716555548008,-9.014490793946006e-05
2019-09-10,0.00021923715626370743,0.012478799594462409,0.002927199946782366,0.0,-0.005094271156353303,-0.016746013015513928,-0.005702699030502134,-0.005963029115061413,-0.010322227277326124,-0.008368192767238325,-0.00018130776993952047
2019-09-11,0.007192931857328055,0.019949360250148596,0.006081775305609494,0.007487913962574533,-0.0005946357056457741,-0.0019699622417466145,-0.0011025771624210146,-0.0015880309737825726,0.0010862671829279247,0.006329124535712438,0.0001813406484081348
2019-09-12,0.002936383721571456,0.0,0.005318789781756816,0.006233601026713442,-0.0019068419637326972,-0.0063850768000509595,-0.00011061942075574205,-0.0003535350125486447,0.005317989606578921,0.0013975893433195719,9.015303477655223e-05
2019-09-13,-0.0002530897297180479,0.0016194094479862198,0.004569743376522384,0.005241995876821948,-0.005728416280446957,-0.020562544019869122,-0.0068461794436777135,-0.005833461029285836,-0.010687683731281927,-0.007676179850864773,0.0
2019-09-16,-0.0032898958035143533,0.0033580407351168073,-0.007182360058754056,-0.00805893977166916,0.0026406933217850703,0.012047756084835548,0.003113107712670038,0.0051565724594775375,0.008729822438222623,0.00843881035904892,0.0
2019-09-17,0.002720805305714835,-0.0022310603617198277,0.0038581372013277715,0.0011951012334292521,0.002274633328407605,0.0054217576922372945,0.0022169194883574495,0.002122847056966748,0.010817623193866144,0.0013946655422976129,0.0
2019-09-18,0.000614815884972586,-0.005466545534091205,-0.002642260925557194,-0.005012443951609713,0.000716918141802303,0.004572247472852675,0.0009944946020175038,-0.0037070470243071307,-0.0034244689303437603,-0.00626735383463084,9.039531046162175e-05
2019-09-19,-0.00021660445751492396,-0.006495973438515823,0.004094405201384932,-0.006236139839272958,0.0014325839693087872,0.0025675543341916462,0.0009947073751459534,0.0019485552918387938,0.003543850872583576,0.0049053743923417326,0.0
2019-09-20,-0.005352264236933357,-0.0033948824265869204,-0.002158707594979492,0.0016893523034868796,0.0035763365209033893,0.012687705150495665,0.0040844770134340624,0.005128657349094068,0.0,0.011854956379708792,9.105481959159611e-05
2019-09-23,0.000690751178342941,0.0007569523267485501,-0.0014423650031375468,0.003614519392572735,0.0007124943989900157,0.00022958087750035716,0.0008794349719909444,0.0017592891260254095,0.0016050845747432874,0.005513433662586387,9.021200572423282e-05
2019-09-24,-0.008283662103918621,-0.012589588200518365,-0.0042407219045088596,-0.012180368563063815,0.0034424274709292657,0.011836517703934568,0.0021963843216792345,0.002283242303414257,-0.0022184181649652635,0.004797785749975025,9.037075792517335e-05
2019-09-25,0.006117934321369978,0.013326612336673982,-0.0017036950508819704,0.000984291536295423,-0.004731709738058476,-0.013969513881729845,-0.0040546225197974906,-0.0049062956650447465,0.0019429075817647412,-0.01841742884717823,9.036259178940576e-05
2019-09-26,-0.0019716272398848655,-0.010369395193137398,0.0021939263469374914,-0.0004918906691463443,0.0016635123991344258,0.00552893621432915,0.0014301029828529543,0.0,0.008402439785248461,0.0,0.00018070885425824912
2019-09-27,-0.0056089339560848606,-0.006005608739380386,-0.004378360939671921,-0.012545893467627578,0.0010684958294988611,0.0025202028643835916,0.001208759915896973,-0.001584955123664522,-0.005555270299188564,-0.00486453417848709,9.058834628472567e-05
2019-09-30,0.00494012752834605,0.0006427174820684556,0.003664850852548751,0.002989501097514502,0.0007107507192718465,0.0025137585783998606,0.0013168185949012923,0.0010583724709740672,0.0017189613624950528,-0.01536308086891991,0.00018107687443125187
2019-10-01,-0.012032085313188778,-0.01965570198810873,-0.009007161270015107,-0.006954634386701852,0.0009733495856061314,0.0025006163338066045,0.002263716716601527,0.0020455328854007693,-0.009437103372410993,0.004964517229106846,0.00012650570559902263
2019-10-02,-0.01763748204630733,-0.009959178617829578,-0.019896734451991693,-0.004752270623706867,0.0022530611006295054,0.003075552336800458,0.0008774455648266066,0.00017570380978892963,-0.004222088991379658,0.011997182454384747,0.0003622925270767574
2019-10-03,0.007937540738336635,0.0014558566050999477,0.007017678386950443,0.012063186359201339,0.0033130533165264264,0.008744094621644383,0.004272191321627705,0.0033424961223731398,0.00967602858179939,0.004881429154767858,0.0003617445623291804
2019-10-04,0.013874704388040504,0.00978072789916129,0.00771544889810416,0.00471804784746932,0.0016508901992706715,0.007317294516663075,0.0013096891304940073,0.0035073181274203336,0.00602975875392997,0.0,0.00036236364078723327
2019-10-07,-0.0042901568777435894,-0.0007852484547027361,-0.0012352386040543895,-0.007661634436007536,-0.0025903283700325908,-0.007822863503977318,-0.0029415506236879496,-0.0034950598406847666,-0.002140562883787833,-0.009021520875606703,-9.045398153684214e-05
2019-10-08,-0.015527108651832378,-0.016898113610906318,-0.009396578121787957,-0.008468469825875125,0.0004720808749720806,0.0022525124733574486,0.0006550561093672247,-0.0007014810125459681,-0.00525598664895488,0.00910364964088628,0.0
2019-10-09,0.009319819508017302,0.003197833605057543,0.007988121110487079,0.007535646952012254,-0.001180033797073654,-0.006068307481852719,-0.0006546272917603568,-0.0019299267134167408,0.001941022697593331,0.0006939784169137653,0.0
2019-10-10,0.0068040275643779236,0.0023905889259565605,0.006438747039475112,0.010720692353974215,-0.0030705346141933765,-0.01379523176148445,-0.004152026421027077,-0.0028129745837739417,0.00161447460284192,-0.009015264476637141,0.00036151546282425784
2019-10-11,0.01043332004822739,0.018285415018316042,0.016978453837537044,0.013320076236723155,-0.003673249763705644,-0.011808863906941691,-0.0026337438593277973,-0.0029974788206688086,-0.00042993953046455147,-0.005598315179819013,-0.00027095534407794997
2019-10-14,-0.0009185565161261566,-0.0026022051551246594,-0.003629381965965073,-0.0021909061930566187,0.0016651653736452499,0.005568656958576668,0.0020903363974906775,0.0007076983854710228,0.0004301244579720809,0.0035186622519800537,0.00018049150827859073
2019-10-15,0.009673295735825205,0.010958507930723949,0.011170579078802367,0.006831005414875468,-0.0026119395482988583,-0.011075856863048572,-0.0023052506708592935,-0.0031806383372228186,0.0012892839737232986,-0.005610092736466066,0.0
2019-10-16,-0.0015666545672389232,0.0025813716733151804,0.0007201578010671561,0.002665333436167039,0.0010714105729980883,0.0011667076495049944,0.001430584451322936,0.0017730208159656424,0.00010710621433895895,0.004936508696594899,0.0001812084203289821
2019-10-17,0.0027004110284949423,0.01132690970375938,0.002639875867230135,0.003141586640699634,0.0,-0.0016320854799785067,0.0007689477628729513,0.0010612453313891823,0.006545058431767892,0.0014035408956962758,0.0003617683536867311
2019-10-18,-0.004111804733153646,-0.006236685284369603,-0.0011966518829155115,-0.0026500354586156405,0.0004751134841054494,-0.0004667236884797754,0.00153725481710687,0.0015909692055040559,0.007675427081214936,-0.001401573729648331,0.0
2019-10-21,0.006978383758568185,0.009605500091825592,0.006230448570772484,0.007246685510529316,-0.0023762283683940177,-0.007590632302901468,-0.0020831107614535105,-0.0022942412785098565,0.007616437271717347,-0.004912259285910103,-9.05550349473705e-05
2019-10-22,-0.0035197581846456716,0.0027914244783169284,-0.002381445779910951,-0.0007197785090876652,0.001786388188273147,0.00564805909984778,0.001867282238357193,0.002299516925160283,-0.0029395472537235845,0.003526039209061027,0.0
2019-10-23,0.002949606872718613,0.002529675787305896,0.004774484561267833,0.0004798629537312582,0.00047561768483284084,0.0008191628031564147,0.0,0.0008824678017380627,0.0022112650347265728,0.0028110271830028566,0.0
2019-10-24,0.0016337899926686106,-0.0017666051878193478,0.0016631067830592539,0.0011998075218075943,0.00011876402215049708,-0.0016368735015888092,0.0014253493278157947,0.0001763379477863758,-0.0025215094679716943,0.007007668156100433,9.056323590428406e-05
2019-10-25,0.004168349187517517,0.005940865757729563,0.0007114973623998377,0.00455199881021473,-0.0016636170375495807,-0.004918226428122008,-0.0015325080188557383,-0.0005288331641504218,-0.008531829719365835,0.0020876641064790924,0.00018094360843345925
2019-10-28,0.00581158648732738,0.009299264832248966,0.004503685357655884,0.007870137514877085,-0.002143412520611454,-0.008474147712842717,-0.001754650802554436,-0.0031747653165307144,-0.006055505896768065,-0.009027719736833584,0.0
2019-10-29,-0.000646072262822206,0.0039837382543006505,-0.001180151292503595,-0.005679171672302696,0.00023863109708899266,0.0009496317186923342,-0.0012078339255414683,-0.0028319177254115813,0.006092398451516656,-0.0035038674934071423,0.0
2019-10-30,0.0035193004550944096,-0.005332104993538533,0.004016105978603468,0.0038075915947708427,0.003220863456688372,0.013517835315623783,0.0026395741913263215,0.003371913903399415,0.003612117354962141,0.007032308433022605,8.987292717033135e-05
2019-10-31,-0.0032207512795373594,-0.009849335673472903,-0.0023529784727126524,-0.007823383258844574,0.004756164361496618,0.013338541670721682,0.004826281328023541,0.002476241619589592,-0.0017994004526626917,0.00977656049625164,0.0004517372914252249
2019-11-01,0.009513645551978867,0.015487506810861973,0.008962318277709658,0.015531298549902095,-0.0008898416553883015,-0.0032504865741534994,8.799605760456686e-05,0.00242306499659084,-0.00021232408337623632,0.0,-3.6262392007158084e-05
2019-11-04,0.0039824439724618355,0.008183288806278943,0.005376669800059242,0.00729442520652035,-0.002848402541243522,-0.012535373221207902,-0.0035039356484872775,-0.0010586465031681147,-0.00700026641142959,-0.0020746703244847176,9.057609389961918e-05
2019-11-05,-0.001274989415937955,0.0015990158358600848,-0.00023287749458189566,0.0049053102399208015,-0.003452699040031648,-0.010577786481113183,-0.004173307884596467,-0.0026492463519577347,-0.016983875097831613,-0.01663206650843918,-0.00018071995069246505
2019-11-06,0.0005319437393029869,-0.004543177353937611,-0.000929877428511916,-0.0016273021582305924,0.0021504718019413893,0.005464063293372012,0.0035295831575514747,0.003895964214795322,0.002173342530309652,0.004933097291652144,9.016835529918055e-05
2019-11-07,0.003544904708737917,0.00234365883171872,0.004422526134470139,0.006752220141380549,-0.0051251949571349265,-0.017130723720951924,-0.00516698289719586,-0.005292298736915169,-0.009975004493925743,-0.016129066775525502,9.057609389961918e-05
2019-11-08,0.002437347077126839,0.0014765684198458917,-0.002085953649979766,-0.00901934626528167,-0.0009580026398494645,-0.004087594038043374,-0.0008834791249420215,-0.0010643543644843767,-0.0024093202669640545,-0.005702061669898062,9.056789061401282e-05
2019-11-11,-0.0019380718545938258,-0.002949200553157838,-0.0009286904172250976,-0.005600866530310222,0.0005991287978315274,0.001207147743844228,0.0004424018541104857,-0.00017736189632533428,0.0021955512147799894,-0.0035842431124375462,-9.05596888139959e-05
2019-11-12,0.001976751363813145,-0.0003695833722681119,0.00023227967603944855,-0.0075105027562499815,0.0005992200913118584,0.0031342738137383197,0.0006632550201430831,0.001065765250801265,-0.007558531774905952,0.0035971361228102072,0.00018105261512091353
2019-11-13,0.0004231616670238303,-0.005671240938820543,-0.003253225964446216,-0.006384112101918693,0.0017971459303185444,0.006129464702613996,0.0016563872023003245,0.001064191979496254,0.00916141748024124,0.0035842431124375462,0.0
2019-11-14,0.0013383752044178188,-0.0019840351829248926,-0.000699605498414968,-0.0004763088665321602,0.0028686140423359596,0.0100334853719799,0.003970424418288987,0.001240514959176764,0.007765402262770227,0.004285744258335722,0.00027123873282453026
2019-11-15,0.007456532450032416,0.00534235803820593,0.006065964388355383,0.0066668483729641626,-0.0003572433038424583,-0.0011827358933134136,-0.0003285797217089659,-0.0008852968602113265,0.0054267070539415485,-0.0021337614331540244,0.0
2019-11-18,0.0006283470795058754,-0.0044487380938850185,0.0011598987282883666,-0.00023641478952807216,0.0014311632637866722,0.0023681604916552246,0.0013184221693605114,0.0019481524613480516,0.004857309941017851,0.0035638055371705057,0.0
2019-11-19,-0.0004882766495883928,0.0018619592555160214,-0.001853189385421894,0.0035487117521311173,0.0010719223207364958,0.007441280198750899,0.0012074476344938745,0.0019449765555397125,0.0017189613624950528,0.0,-9.036068460643865e-05
2019-11-20,-0.003525769352494712,-0.00532811081863882,-0.006034237730727088,-0.003771797424980128,0.002736014319878466,0.0104353775172219,0.0010954844306254596,0.003351682507969578,-0.0005364670607943545,0.0,0.0
2019-11-21,-0.0015412050037962866,-0.005356016375734685,-0.0014005164718519092,0.0011830735908331391,-0.001660696097960046,-0.005686034288613251,-0.0010942856577247362,-0.002285724026262592,-0.014055677948701106,-0.005681812794001595,9.036885039770404e-05
2019-11-22,0.002210330785760606,0.00237936070648459,0.0011690620333542068,-0.0018910768755635576,0.0005938293952578722,0.0012831776834041353,0.0005479037753015614,0.0007049310480329307,-0.0037001700256662495,-0.0014286041259765625,9.069319862531344e-05
2019-11-25,0.007596912030736425,0.024987702400644407,0.007706603037672677,0.008998807710870915,0.0009507003819859694,0.0026807256028205106,0.0017523965602690428,0.0010566952589652345,0.0031677006278334474,-0.005007131410322052,9.026936928391294e-05
2019-11-26,0.0020150255560640318,-0.0008529007327984228,0.0006953901616928437,-0.003989889745631747,0.001660669587680852,0.005696172935850008,0.0009842203441430275,0.002287104140159757,0.01328406766805279,0.0050323289426377205,0.0
2019-11-27,0.004715640146013778,0.004513385961331995,0.002779086009954801,0.0030631209491991385,-0.0015399306074885821,-0.0028898016386728065,-0.00043692958949448357,-0.002106081791920622,0.00472813264050842,-0.005007131410322052,9.026122146038595e-05
2019-11-29,-0.0038310137025110436,-0.006436936858351561,-0.00762149533518075,-0.011980044700256154,0.0,-0.0018544724162350423,-0.0012021352964450838,-0.0029902681218939575,-0.0045988121996827225,0.0050323289426377205,-9.025307510757141e-05
2019-12-02,-0.008141121028120701,-0.011123041057046312,-0.0044217159009972695,0.00023765131462782918,-0.0026156158447180333,-0.013169929408596626,-0.0023918950843674347,-0.0004953788491992572,-0.015150102464822734,0.0,8.128496739256974e-05
2019-12-03,-0.00702059183395809,-0.00407936833146838,-0.003740059060585832,-0.004040882242329014,0.005364656381486643,0.01980589141138056,0.00615899011532739,0.006719957563309009,0.006436692108937159,0.010014331037693225,0.00036226214132906165
2019-12-04,0.00640177014560539,0.007819535419161694,0.008681705237814752,0.008830453079652356,-0.0020155893569062666,-0.009479055926408075,-0.0014208375581905575,-0.0012295326137038431,0.004119492465755936,-0.0021246269981823884,-9.038735467614689e-05
2019-12-05,0.001852346478571576,0.0033249435985387432,-0.0009306374736108847,0.005204667147681308,-0.0010700960192762121,-0.0039680416737776225,-0.0007659816602105796,-0.0022861790879648014,0.000539628128215508,0.0014194112045968765,9.039552528866679e-05
2019-12-06,0.008896514910485598,0.013993020339588824,0.008614563709147482,0.003765693355112898,-0.0013079963812843154,-0.006445249448654211,-0.001095849877907229,0.0003522847992851741,0.0020502969682556493,-0.010630731550676509,0.00018135624564163955
2019-12-09,-0.003043235585161952,-0.0026629759602652125,-0.005309215386670507,-0.0037515661075504525,0.00023795658547354215,0.002830542516553569,0.0,0.0001764283541243472,0.0019383051268808682,0.0007163487718129247,-9.053708843520525e-05
2019-12-10,-0.0009363746425813391,-0.00024275387923899938,0.0009280436150100879,0.0021179834747129256,-0.0007143691250668383,-0.000470462652794601,-0.0006578873122116136,-0.00017639723265094887,-0.005803452211862292,0.002147439684879293,0.0
2019-12-11,0.0026038691245222623,-0.00024312240160351273,0.005564834377191685,0.013386601420691147,0.0033363290201693374,0.0075303883188331255,0.0027431988972999033,0.00264338044382173,-0.010161029168464841,0.007857118334088975,9.054528614171886e-05
2019-12-12,0.008795331753485236,0.010807643414136425,0.007839384309107134,0.013673171651271687,-0.004750574006834651,-0.015531836698444823,-0.0031738387564206327,-0.004393874397664366,-0.013541453278698823,-0.004252265584853476,9.012178069012222e-05
2019-12-13,0.000377479818211901,-0.006367136008041729,0.005719605338669442,-0.001142830272043982,0.004534391596487497,0.011150149034142798,0.004282308489115261,0.004236787393537833,0.0002211048854594555,0.004982184617362551,0.0002715867894205193
2019-12-16,0.007068300498147995,0.004143530865034828,0.010009213831772668,0.008468558417225491,-0.0027318540389703605,-0.008563571606099885,-0.0020770080798250268,-0.002461140919322924,0.007194288185883524,0.0,-9.042131850722779e-05
2019-12-17,0.00020448035079545512,0.008591524084401891,-0.0036035965792542424,0.007489883545386267,0.00011927141566236976,-0.0015386356683315672,0.00010908038365364803,0.0017622826279577453,-0.009450416180716958,-0.001416395485230093,0.00018102506856743084
2019-12-18,6.829949212305841e-05,0.003479401424028916,-0.002486730160274342,0.00540655911415211,-0.001310378834023851,-0.007703237797651141,-0.0006568799885950938,-0.0012310890274674913,0.012188390299629814,0.0,0.0
2019-12-19,0.004155521809274809,0.0031083576992754214,0.0009064908711142738,0.000672420279252961,0.000715923483206149,0.0008364319205493853,0.0014245156555463545,0.0019274257723267407,0.008862349564250138,0.0021276405786923025,-1.6604798569463952e-07
2019-12-20,0.005087747762209549,-0.0015496148946902988,0.0015850017422838203,0.0008953674606606565,0.0002389913560141288,0.001669996601691981,-0.0005471772796461494,-0.000882148822541784,0.005490230334963098,-0.0007077302760680748,0.00018099233447643748
2019-12-23,0.0009801596279495062,0.0016712585132916402,0.001369626170942162,0.0017897576144338956,-0.0006334380284229724,-0.002099895546781805,-0.0006036090540928463,-0.0021203293646030463,-0.005023715964950659,0.005665717022269368,-0.0001809595821792298
2019-12-24,0.0,0.00274133875748217,-0.0009118704411098522,-0.0009045032080559068,0.0009553377641053906,0.0038278351543514777,0.002197351386674651,0.002124834714042123,0.0026343877620380596,0.009154937759653814,0.00027165454972810643
2019-12-26,0.005116216819703645,-0.0013071629999290568,0.0045641477269844355,0.008374749252620495,0.0009548722190420023,0.0017873430119494937,0.0002190283328793452,0.0001763249604744832,0.004378786655645728,0.008374032533005504,-9.063759313698849e-05
2019-12-27,0.0,-0.004522479436366966,0.0027258782084729205,0.0013468079455170034,0.0014314435187807728,0.0014276380976772085,0.001973930194114848,0.00017672809683211277,0.003161040171833829,-0.0006920573711997058,0.00018112560014449386
2019-12-30,-0.005494172653325413,-0.0005977558272598493,-0.007249527806925449,-0.005603825859368028,-0.0003574884765058517,-0.003088881027502821,0.0010940279141777864,0.0007063533334796812,0.0009776187458045982,0.003462617187523165,9.104436350315659e-05
2019-12-31,0.0025758271645475173,0.002990667934386293,0.005476850434714908,0.0024794293345029583,-0.0010722922727374185,-0.007745059572530133,-0.0018584130626358997,-0.0005291958357780402,0.007163662758016054,0.0006901469316631381,0.00018066138165040435
2020-01-02,0.008857208333304945,0.0007151520959050028,0.008170526898277686,0.02383613474988966,0.0013120729660585084,0.008886457031312522,0.0013141186593186305,0.004591136246536731,-0.011746958452620415,0.007586183219120413,0.0001812095488471499
2020-01-03,-0.0073054183804101,-0.0005957021751192837,-0.0121567784292127,-0.01779010312537188,0.0035729734097935673,0.014879875623233785,0.0028428969999918507,0.0045699812129811335,0.0062159043532590275,0.013689306477707275,0.0
2020-01-06,0.0037471721300925687,-0.0009539941634800764,0.0034186688154558276,-0.0017889856030330886,-0.0011864551344824559,-0.004809126399493491,-0.0006538572730592218,-0.002449610970706062,0.001192221334668897,0.010128265650255486,-9.042244620260931e-05
2020-01-07,-0.002757580437243168,-0.005729228920411056,-0.0015899012134226176,-0.000448305303014207,-0.0008318493818485484,-0.005303962885291669,-0.0007643278143135701,-0.0028064300569486944,-0.011149603714474043,0.004010723226183233,0.00018086124632143985
2020-01-08,0.005159753784542476,0.002160840796739283,0.0013650630056230018,0.00448248904454962,-0.001546054039095357,-0.005687212813333398,-0.0006545721286943529,-0.0014073370914785555,0.003064838096338507,-0.0073236089879546995,9.08290150840596e-05
2020-01-09,0.00691088718588917,-0.00023930556402662617,0.004089080357273511,0.005131679477752282,0.0011909169292307897,0.0029793022114970036,0.001420414350520316,0.0005286034295659547,-0.0005453132768363789,-0.006036227599526933,0.0
2020-01-10,-0.002865098604028282,-0.004673149123255005,-0.0033941265159348477,0.004883418145853691,0.0016653449378638552,0.008435276195925656,0.0013089966864554547,0.0026405821328976398,0.007643496716981835,0.006747664205732029,-9.082076592348276e-05
2020-01-13,0.006616136989573418,0.008306259067885069,0.005903118699770449,0.01369573785974243,-0.000594371815032857,-0.003298788488278137,-0.0011983449996171291,0.0,0.01202846852068129,-0.008042887730928872,9.08290150840596e-05
2020-01-14,-0.0013276439193440348,0.0037007746483708193,0.0006766172856953467,-0.004576131776252934,0.0014264522486668874,0.005201111003246384,0.001199782753280143,0.0017559533084410273,-0.0037477850020284365,-0.0013513822639132922,0.0
2020-01-15,0.0022270334730556396,0.0042822009134422245,-0.0006761597842973588,-0.006348557739946026,0.001542641505751119,0.006702520874668494,0.0016348522557649847,0.00035064400783091365,0.009028669111801113,0.006765925796780925,0.00018064623578206707
2020-01-16,0.008357801890749528,0.01291033240314321,0.005415969631350714,0.005066932426929904,-0.0005924097801428552,-0.00338778839614029,0.00021741896996996246,-0.001927564543390936,0.007988899127078453,-0.0020161110712678676,0.00018111116676400307
2020-01-17,0.003387868705420516,-0.001753758743203826,0.0024691945882324706,0.006357211590327205,-0.00011855218750389529,-0.007266833109412119,-0.00021737170923674665,-0.001053248927266437,0.0009511739382086493,0.0026936000555892736,0.0
2020-01-21,-0.002065080538581454,-0.00937119935896602,-0.008061171481282825,-0.02483140629793501,0.0024894478813264342,0.009799460529789528,0.0028281476871245825,0.003338992065908597,0.009501765151074926,0.0006715429803199058,9.053918572443642e-05
2020-01-22,0.0002628346507433932,0.0,0.002483547828683541,0.006030802088671683,0.000827902685952786,0.0030399062978248015,0.000867965367047363,-0.0017513890423395129,-0.006693277500418593,0.0,0.0
2020-01-23,0.00098509516813583,0.002128191111561817,-0.002477395099463431,-0.009102978786617033,0.0017728305218418505,0.006644368948541812,0.0015172778907590612,0.002807414908646333,0.008422766857091979,0.0026845612669199603,0.00018081326673602405
2020-01-24,-0.009120409819480702,-0.015574955126461232,-0.0038376114781437654,-0.007618162133443684,0.0015323302499674618,0.008221147927148564,0.0017317976946382707,0.0024495249470029012,-0.0034454886949463193,0.005354811220036115,9.034884518022146e-05
2020-01-27,-0.01589261156775701,-0.011027121498046188,-0.021073616071138113,-0.03364187655034201,0.003298182224072521,0.014930698245003926,0.0019449306213759066,0.0019201628946197147,-0.004819298235660963,0.007323545494327011,9.034068300373121e-05
2020-01-28,0.01083349626316199,0.007150603656999044,0.008564549656204345,0.008411254989693306,-0.0017608477172286197,-0.007808070903088882,-0.0003232975507154734,-0.0017421871373298758,0.004000479278064573,-0.009253162079564725,0.0
2020-01-29,-0.0009986305166593823,-0.006859435713807316,0.00022983046335811608,0.004634119620016142,0.0028223919802257136,0.01026435729496189,0.0020489863536539143,0.0040135688639924005,-0.0036696660486205124,0.004669823186616018,9.091263941773953e-05
2020-01-30,0.0031318418809316295,-0.0010903983253777172,-0.002294800690735843,-0.01360740819871853,0.00023432730636496757,-0.0003382173555436241,0.0013993149647384406,0.0010435830070640861,0.0007365120785700618,0.0006639624786792808,9.007571166019801e-05
2020-01-31,-0.017934575665817798,-0.023774779009736235,-0.017019326969128334,-0.01776948045424842,0.0025792975947740437,0.008921392932238259,0.0033322541316231913,0.004167419314193177,-0.012199107020271938,0.006635725513920887,0.0001810466451559467
2020-02-03,0.007270849304087834,0.009443306479318014,0.0035095286113007162,0.007141410918427127,-0.0009027650951668464,0.00016819896986075555,-0.0010419738955804725,-0.002593976275824361,0.0033003559784965386,-0.00725113092445806,8.864294934740613e-06
2020-02-04,0.015410954655418418,0.01255525418512815,0.01608791246765695,0.02387144660366891,-0.0030494211667854154,-0.013791159510422313,-0.0024725528397988583,-0.004334281780648985,0.010292980252451178,-0.01328026277336214,-0.00018117795494243527
2020-02-05,0.011308322648234004,0.019086202016270093,0.009637163867814769,0.005540085986055043,-0.0016468918578320668,-0.010458706288490216,-0.0009702066496034556,-0.0024379246882526573,0.0006300806912791224,0.0013459258563768284,9.056396409334866e-05
2020-02-06,0.0034005480283751943,-0.002743953530863985,0.0034090288262678126,-0.0004592093307791423,0.0009430103043108762,0.004939865731980575,-0.00032361111724610314,0.0015712452002363264,0.0033588310718071224,0.0060483973048188755,-9.055576300442958e-05
2020-02-07,-0.005083535236835912,-0.015071606672889204,-0.009739557401377552,-0.01355094636571419,0.003061017654134135,0.011203850416313,0.0026979829776159203,0.0038337870886728798,-0.0002090890064090356,0.0020039901426900375,0.0002717747504352719
2020-02-10,0.007172654403608814,0.0032790505616593357,0.002287559091921798,0.006286678487734898,0.0015255645360541248,0.003053144791394846,0.002260228683689025,0.001389098237539521,0.011196018772083871,0.0019999821980793975,0.0
2020-02-11,0.0018210282392094879,0.0082311878856145,0.006846063043393746,0.012725313300475438,-0.0016408503084791581,-0.00495966926039626,-0.00150307209595546,-0.0027740869408240387,0.007553820102245146,-0.0033266927227668663,9.037368649589261e-05
2020-02-12,0.00642705265254806,0.00672386410716741,0.0040796029092720065,0.012794285038772557,-0.0011737589067893905,-0.004757851282765846,-0.0010756884143744427,-0.000869062651656427,0.005956575484790783,-0.0006675083787103242,-9.036551983077068e-05
2020-02-13,-0.0009675706209547608,0.0033391248212750746,-0.007223241089511556,-0.010602058692429694,0.000940351732542366,0.003415187383820184,-0.00010778963242163986,0.0015662380363588024,0.006023732462527187,0.006679988377532364,0.00018116155120684319
2020-02-14,0.0016787033383098837,-0.005348906950472632,-0.0006823263674751168,-0.0020523597422339446,0.0010563132346543824,0.004196244630704005,0.0012925653559525685,0.0010420133816724242,0.010350894897391383,0.003981447964946261,9.019167594592759e-05
2020-02-18,-0.0027395605205782214,-0.005377671615554358,-0.006825814837574162,-0.0034268644080430732,0.0015253669374966083,0.006099279519942824,0.0015049629918111318,0.0022560850175972202,-0.001104924186160483,0.01255780429254294,0.0
2020-02-19,0.004815461585409242,0.0038446580907574024,0.004123848298323685,0.008253029557457214,-0.00011763612339932283,0.0005616421599128341,-0.0005370828435893316,-0.0003462235708701078,-0.013474235243766564,0.005874683706312167,9.07632343312148e-05
2020-02-20,-0.003923968359331731,0.00526628483410585,-0.0073011182099341765,-0.013642318342563908,0.002460053085586056,0.007630256313525097,0.0021490669048933597,0.0020787421744852264,0.011925659415626955,0.00454248510819899,0.0
2020-02-21,-0.010364856844363168,-0.011548836697841902,-0.004596667227309448,-0.0036883881397437035,0.002453798134729901,0.009131092345343594,0.001929803476906855,0.0020744299694197554,0.002920890700593315,0.014857913611890039,0.0003617779036424462
2020-02-24,-0.033443350194255705,-0.02951118386428142,-0.039021050500604226,-0.03516892729540677,0.003146430950488499,0.014566014991258314,0.0014982295357741648,0.004140016815505465,-0.013658826576153693,0.008911543156130186,0.0
2020-02-25,-0.030043031360880268,-0.03375913969961242,-0.01705879675550226,-0.007913651464774296,0.0008131546401448642,0.0070703526198443445,0.0014953633114205278,-0.0010311381073898618,-0.027084712421361234,-0.018296527121353656,0.0002714215461359082
2020-02-26,-0.004419936006322178,-0.012717166675756397,0.0007329638549415929,0.00628485112175059,-0.0005800280020238358,-0.005832034908664685,-0.0010664475327573086,-0.0005158053199726398,-0.010779494765537856,0.00449869491879773,0.0
2020-02-27,-0.0443244856074837,-0.03721008284997762,-0.03053238642007461,-0.02402117593555375,0.0011613792852402938,0.010645985076436437,-0.002776868892416129,0.002925222921154269,-0.05321626523029421,-0.0006398099045819006,0.000452163740870537
2020-02-28,-0.006035432617359948,-0.01635147610174592,-0.005542973712798105,-0.002707616749855535,0.006613156581385615,0.02182120212266825,0.008352655763704142,0.0013728233934435785,-0.024136703359185163,-0.03521128007455021,0.0006329416517460995
2020-03-02,0.04463811227473613,0.025553031047728103,0.013174910065188561,0.019249961214745204,-0.0006581212669597436,-0.007522625433490027,-0.002022337438607247,0.000342293148477113,0.042711235958603044,0.0053085550979494744,0.0003614875929489614
2020-03-03,-0.02758307921147085,-0.02103155202994711,-0.008002199675445909,-0.004842934529480036,0.00600928452369609,0.015923402247886242,0.01023892519865477,0.011303175366559337,-0.0023059491910526475,0.031023120717042163,0.0009043427042374486
2020-03-04,0.04144331152702052,0.030924754409018096,0.027476762744734096,0.01411203041144904,-0.00022968403047995967,-0.01003092305298392,0.0010559354136792098,-0.0013548216556664716,0.037754356365673036,0.0025608170388020657,0.00036111303060759603
2020-03-05,-0.033497882366468,-0.03570446285578677,-0.02625142524424884,-0.019193915736093636,0.0037915127868635157,0.02332682438658873,-0.0006326057324521628,0.0032223689697505886,-0.021425516085872065,0.021072792268295615,0.0009030343919764761
2020-03-06,-0.016771588710745466,-0.017894126322245185,-0.014613220072242195,-0.01883539181385152,0.0068685217702615375,0.04909728317867468,-0.0011613153677414445,0.006591984379677118,-0.01723385575280556,0.0006254051923064718,0.0002705339694111242
2020-03-09,-0.07716243727662031,-0.09782771300278326,-0.0813090071142798,-0.07454491650000117,-0.002160058744454796,0.03264234578677816,-0.01679832890200239,-0.021662397519202514,-0.07709253349630296,0.0025000572204589844,0.0006314324085403555
2020-03-10,0.0513206092076397,0.029672326481390954,0.037294892592965256,0.0503771218559097,-0.013444007851670547,-0.047224786778161,-0.01332473349435559,-0.025059902611580864,0.04224858441310131,-0.022443927045108114,-0.0005406626416696314
2020-03-11,-0.0495811821066523,-0.05989747709798032,-0.052052805967930826,-0.04334474899567864,-0.018939834108083975,-0.026881377334920686,-0.025266693749612656,-0.021479094713443447,-0.060087934333393433,-0.003826557299038691,0.00018026342198007583
2020-03-12,-0.09671764089498691,-0.11346490799725295,-0.11180292208071008,-0.10053614233033359,-0.05438512600951917,-0.012733554656091273,-0.0284916320115145,-0.011694989825174917,-0.10130321777867457,-0.040332914152154564,0.0001801485228150046
2020-03-13,0.09343011631939246,0.07675585796352324,0.06309738804777787,0.07004489657106028,0.042200639974229626,-0.013938143828931548,0.021966799952346072,0.004005141617332564,0.0872780057805651,-0.029352874389702466,-0.0004507021643096465
2020-03-16,-0.11738816472396285,-0.11768644685019491,-0.10821346673413346,-0.12089132393485691,0.010511407982986443,0.06012640054526508,-0.008665783111218572,0.003989431878799188,-0.17727741098535155,-0.010309317542147367,0.0002707080978650023
2020-03-17,0.06547092761073903,0.05011431996342286,0.04537841448935742,0.06273742985442743,-0.020685967408131112,-0.0657710896128132,-0.02826697341742479,-0.027271667453486304,0.05780687987007904,0.01388894223872672,9.007426140761332e-05
2020-03-18,-0.05466371794111613,-0.09272357966884137,-0.059485474518714,-0.08139527077433129,-0.024139736382061794,-0.040259966302893746,-0.04485888133401161,-0.014295754913746461,-0.09512778110434095,-0.023287681075640054,0.00108194742295864
2020-03-19,0.0008632366072462982,0.03439973550896225,0.014700423993443179,0.005517666091898965,-0.0006181283731400145,0.009987984607336076,-0.024217878583692176,0.014503087498112022,0.0035149984270343992,-0.016129066775525502,-0.00026990642173974067
2020-03-20,-0.0435688993309844,-0.03750940194127861,-0.009096714308988618,0.004519091274993725,0.016955072668958238,0.0663665081181799,-0.011907293139325592,0.0425182260218393,-0.049832887658946445,0.0142551541747451,0.00026997929088401484
2020-03-23,-0.03070135183963707,-0.013459355864703038,-0.017042992023605374,-0.01938070918777035,0.022149463937864766,0.040082545009022086,0.05429436085628714,0.01905580258916273,-0.0464142677589886,0.04356998307646909,-0.00026990642173974067
2020-03-24,0.09536391669160715,0.08694778715309148,0.08895064381378415,0.06303362110349298,0.001071345017314762,-0.011888255641119727,0.0027671109367590763,0.005417331818877047,0.08996657760379301,0.045117849096488305,0.00036038406715444005
2020-03-25,0.012826954498422083,0.008695821640470891,0.0360562975777452,0.032736147100573376,0.013439753151367473,-0.0005016380673789067,0.03047758854269267,0.0057368865061606655,0.05384482058170681,-0.010953612840191917,0.00026996433590054103
2020-03-26,0.06010051287710594,0.06866965733500452,0.04250068714982613,0.04037114094093219,0.004576863516876806,0.0028091469422324433,0.001629662231011908,0.004147547077628877,0.07052205665102473,0.014332202468220867,-0.0001801196458529608
2020-03-27,-0.03071909492031799,-0.040335331594500756,-0.03072381281774672,-0.05403879809658174,0.005373848899795863,0.02440706978735463,-0.0019758416775725873,-0.0006884449723800756,0.001000121804337617,-0.007707121895382696,0.0
2020-03-30,0.03233698818386488,0.02347159908328944,0.020420620972219306,0.014585297881479553,0.0010455760624408228,-0.008983260763716472,0.010133744949215817,-0.007406136021586129,0.021841231977807407,0.0025889943266561577,-0.00027002239515216964
2020-03-31,-0.014850926746007742,-0.002488760136379331,-0.004181697997323042,0.004791989508435179,-0.009286258839271144,-0.0047296986897111815,0.004266360513407896,-0.0020820080501012805,-0.024168613203988998,-0.027114272595216926,0.0
2020-04-01,-0.04505534043901471,-0.06986289707059934,-0.04439098069219538,-0.03546963195373665,0.005167001641666502,0.00856833115413802,-0.006736890587875521,0.003129698747581955,-0.06571229745202622,0.006635725513920887,0.00030656354694347243
2020-04-02,0.023391555222779692,0.013987408090748055,0.019146310267310396,0.029357111573182326,0.004672921025367094,0.009439415386236938,0.0025514102245085546,0.013693930278659394,0.00337111409265356,0.01647989444579334,0.0
2020-04-03,-0.014776950592076954,-0.036470192532451096,-0.0197104605185473,-0.01921351470813004,-0.0004653454269147872,0.0008768903310980569,-0.002660661420487931,0.007523853671142611,-0.014508154523982908,0.007133570436640646,-0.0003607025329909197
2020-04-06,0.06802017416504214,0.0815847910457641,0.05372280229443205,0.04928092988470567,0.0031414905700719586,-0.003698124610107878,0.010204351294087699,-0.0016974096709045927,0.07407416098565611,0.02640050576057984,9.014642743543355e-05
2020-04-07,0.0005339244531907816,0.00598368116095549,0.005664837137135281,0.00583458799531833,0.0009274542506345629,-0.009768731224090721,0.00263980978764522,0.0011906165872741514,0.009233643595184748,-0.0037640820277198284,0.00045085614511486405
2020-04-08,0.03394044835325749,0.045601945083364015,0.009486981860893362,0.011600754463079621,0.0025490774618681655,-0.006511031418984681,0.01156297640363202,-0.005094570883457994,0.06819166923822562,-0.011964769060979763,-0.0005407506461525546
2020-04-09,0.01484571047646277,0.0518879283493221,0.021439255600455676,-0.0017204045995016237,0.010978812056214204,-9.93395507069561e-05,0.026935653320724562,0.008704766929739538,0.056076247960415326,0.025493982339215515,0.00018086913340220612
2020-04-13,-0.00970007263726358,-0.03441542854777968,-0.008050723755750222,0.003733769644525209,-0.0032006096520670324,-0.005560859689953235,0.002424197859519417,0.002368702744484308,-0.04207374884211079,0.018023555340493047,-9.070629999696767e-05
2020-04-14,0.03053055134967253,0.01748157634640335,0.01797096463405201,0.020028429624474597,0.0,-0.0010987669622501972,-0.004177657767273635,0.0016879086107737251,0.02804619405068398,0.009768117396732112,0.0001804412397465871
2020-04-15,-0.02176917245045462,-0.045871492646438305,-0.032460367972181325,-0.022159908369044246,0.004931411196681834,0.025192467526656603,0.005961565722298001,0.0013484491757442818,-0.03963447232452977,-0.003023043630078659,-8.971052389217249e-05
2020-04-16,0.005053942273426593,-0.00804211858545123,0.0011775300000447242,0.0057373808344336474,0.0005698813720436124,0.009849331027414587,-0.0028535463703147634,-0.007741817729921774,-0.011389305004852357,-0.004851420546783336,8.97185725923233e-05
2020-04-17,0.027599038008190746,0.04547046021981016,0.02821873898952365,0.016257774795569224,-0.0013679108080630886,-0.011587685937529346,0.002421531058294679,-0.0054272260336081235,0.031580452702347106,-0.020109684751648316,0.0
2020-04-20,-0.018019046394202598,-0.020060680199766034,-0.014579734651953502,-0.007297001302438266,-0.0015992133868490965,0.008010859965927652,-0.003623042962117129,-0.002046147903981166,-0.03718344346404523,0.009328334529973281,9.020434328976812e-05
2020-04-21,-0.030556769842800757,-0.02133145118337665,-0.02059792989333098,-0.02770734669024466,0.0012579835101214076,0.011436351259360045,-0.0005510002803090774,0.004442858339396727,-0.018149531190215562,-0.007393649739328989,0.0
2020-04-22,0.021996326673333177,0.007031235203318165,0.018661472122931677,0.025879744324149412,-0.0007994037682964583,-0.010444614190598278,0.0007717828986895103,0.004253253819046066,0.01528872855805985,0.018001179217359553,0.0
2020-04-23,-0.0001948941894024392,0.012567606028454303,-0.0017448005600310124,-0.003968308912245755,0.0016006176071121647,0.006100335773406851,0.002533765104429264,0.0005078657139090392,-0.008350663401704095,0.010365858551719898,-0.00017989863954326335
2020-04-24,0.014507322278570767,0.01223923096920343,0.010777693278278155,-0.0014228670568880997,-0.0003420248571283091,0.0015404522098729778,0.00010976943728979727,0.0054182025801765565,0.004279474557342455,-0.00422448377268736,0.0001799310088870243
2020-04-27,0.0144540350414053,0.04257484731211414,0.013833041820105585,0.01880884258072557,-0.0035402033145763845,-0.01710559225316577,-0.0029663266460890902,-0.0011787255804811547,0.03422681655576909,-0.004242405746922362,-0.0002705886216003428
2020-04-28,-0.004623113998993955,0.022215130208276035,0.007958858043722872,0.0025169720484981006,0.0029793122356900348,0.011145630203987622,0.0022039231135326798,0.00387796415502506,0.00824043358101334,-0.005477793725879532,0.00027066185961976963
2020-04-29,0.025772964931498166,0.05576840015070861,0.026508579058682313,0.027065216055892183,0.0006861606615582438,-0.005608078221976509,0.005278060913811666,-0.0011755578429450964,0.015027622985986921,0.0055079652232217224,-0.0002705886216003428
2020-04-30,-0.008721682311805146,-0.041168260654938504,-0.019780303303811198,-0.01738694535554597,-0.0007997951201045295,-0.00991810389281711,-0.000765704663107436,-0.006726595858393081,-0.011558307926345712,-0.019476548318956066,0.0001804412397465871
2020-05-01,-0.02725571645027214,-0.0411996691599702,-0.022141097902562468,-0.0334528849894723,-0.0004119981240394699,0.007130802642399292,-0.003862244626591127,-0.000507355658313946,-0.03376720713486303,0.006827976339879749,9.217962088081677e-06
2020-05-04,0.003156018671925498,-0.0036219955955368865,0.0008598322732347174,0.012585660217940164,0.0010305260152607687,-0.004394731603565849,0.0011013519857641096,0.0003384920690434612,-0.0048949691229832615,0.003082684742656605,-9.053272169423643e-05
2020-05-05,0.009208009107246395,0.002643716347192626,0.0025772807905033446,0.0045199674111451316,-0.0009154454451896221,-0.005395519135788618,0.00011007790939698836,0.001185195396167682,0.004919047709636359,0.002458451570579001,9.05409186100492e-05
2020-05-06,-0.006728901233607476,-0.01186563237951821,-0.00599826199560205,-0.002530872151583763,-0.004466660141242196,-0.015090422250143232,-0.003740746729348099,-0.0038894372180563463,-0.017948928628528593,-0.010423058360543136,-0.00018098314091430368
2020-05-07,0.011826637601497714,0.014176171357638045,0.015230075604802273,0.006484345919973045,0.0032213303940968885,0.01622314796272839,0.002318991960778005,0.0056026930720969315,0.014261648107211533,0.017348246420944013,0.0
2020-05-08,0.016719887656358123,0.04242733944536292,0.016133678133796625,0.02240882484990947,-0.002867225783135141,-0.01271198828245268,-0.002203403218631661,-0.0010128827766019421,0.023754236469255785,-0.0066991845213432155,9.046679218416287e-05
2020-05-11,0.00014865009850395516,-0.018299387014855117,-0.00027884696586955027,-0.004931701609527606,-0.00310509016039906,-0.00758530777197941,-0.0038650582093064934,-0.002873062786795333,-0.014535535485067808,-0.006131231437410012,-0.00018058797766407064
2020-05-12,-0.020124853742891635,-0.037120563544205676,-0.013374062427109035,-0.003028582675211444,0.0032302500599363793,0.009855973169001109,0.004766789699161222,0.000847095440058343,-0.04546649140649195,0.004318421105890424,9.014564820031268e-05
2020-05-13,-0.01772910855815324,-0.03838458536415412,-0.008472119765110753,-0.0030378461863709294,0.0011500983925696318,0.006573093122777429,0.0025377484071424927,0.0010162203115016144,-0.024241641532605884,0.007370941451077417,0.0
2020-05-14,0.012058644046223366,0.0038182659672940655,-0.007405338202589595,0.003047102816040148,0.002756958779021268,0.009300522218507634,0.002200628684128514,0.0013534462560904625,0.0034868791207667282,0.010365858551719898,9.046679218416287e-05
2020-05-15,0.004505977432957664,0.013485558703025147,0.00028685148476070843,-0.012427207118915318,0.0005727032069149374,-0.0032349976867235286,0.0025254475599398862,0.0015201433529568043,-0.003909064221340963,0.006035026150360334,9.05409186100492e-05
2020-05-18,0.030565825873370978,0.0713066550408119,0.039873818895711066,0.037751591554429975,-0.0018320469742574286,-0.02055493656692542,0.0031766209514560995,-0.0011803824794185402,0.05915695795212428,-0.007198610598931454,0.0
2020-05-19,-0.00944361811432648,-0.020382144090088983,-0.010758394463778687,-0.009970528236100451,0.0012619835817753167,0.003916184858028249,0.0026201222089898835,0.0005064879024534452,-0.01344868476708172,0.007855049795055136,0.0
2020-05-20,0.016311435978756172,0.03120932917942354,0.018125981907064492,0.012520465503318201,0.0026346046304019932,0.0020003164522788275,0.005553472998791165,0.002363188239362435,0.00890253786301587,0.0029975561238468895,0.0
2020-05-21,-0.007182221786611875,0.0009459445562907121,-0.010956156052540522,-0.010214889100633062,0.001027818120880264,0.003593325484365195,0.0019495509809099865,-0.0013470439835940873,0.0008270988871779128,-0.014943216188909814,-9.053272169423643e-05
2020-05-22,0.002251464454534391,0.00409437965329551,-0.002769444628537787,-0.019011546334886664,0.0003428537214227312,0.004774506581404658,-0.00162075011900209,0.0015177380190347645,0.013500293326647261,0.006067984481033406,9.05409186100492e-05
2020-05-26,0.012852106097132054,0.04124836331866666,0.02971450742270454,0.0221484510541492,-0.0005709450213466916,-0.012571549122730397,0.002706298717016553,-0.003535994363070727,0.037379720643550884,-0.013268957440701667,-9.053272169423643e-05
2020-05-27,0.014580107503517015,0.03901213022369321,0.010517326283274064,0.0010835008774909838,0.000456784165408175,-0.0013032692603986984,0.0038866856885293455,0.0003379405563557203,0.019915808653143907,0.0012224052364879778,-9.045860868406308e-05
2020-05-28,-0.00197138044677192,-0.029574064883188256,0.006672376241760203,-0.006493534697792014,0.00034214086050288195,-0.0036133353287521874,0.0017209476023014592,0.002702611128938104,0.004753334710984269,0.002442058460122132,9.046679218416287e-05
2020-05-29,0.0044884416100716695,-0.011950769136358619,-0.0013257401651961542,0.01742912436929056,0.0028518550432128364,0.006548038988592353,0.0046166269621235045,0.0,-0.00997309051822537,0.0066991845213431045,-0.00018058797766407064
2020-06-01,0.004361239882415768,0.011037043226271637,0.02176788003071417,0.022751709574846846,-0.0008091400459591114,-0.00636589784437136,0.00028920363637641167,0.002021412210731155,0.023117824571386558,0.006654488713469853,9.977764896684782e-05
2020-06-02,0.008221112672213149,0.011365268558033215,0.01091194081552005,0.023292205339590977,0.000798083586488918,-0.002925445493505041,0.003427059421968748,-0.0015128147885064003,0.008078996883373213,-0.007211474536436335,0.0
2020-06-03,0.013202648413833895,0.0341566329169225,0.02313054510631085,0.019437378015634277,-0.0022786915456685097,-0.013457701858888504,-0.0009606136059765458,-0.003367621562843981,0.0320562039758201,-0.018159875066358855,-9.02189711563528e-05
2020-06-04,-0.00254317171441365,0.013440004121054061,-0.005526667109896577,-0.012543791364104218,-0.0023990733389026575,-0.013538506503276704,0.00032047805261536944,-0.004561759000715426,-0.009949290468383665,0.010480892940234465,-9.072105539376096e-05
2020-06-05,0.025568382211081486,0.04373590669413541,0.019702117861199797,0.023119802315371363,-0.00011428934588153528,-0.00706994421409457,0.0010681240928882563,0.0008485796762081055,0.037867504798537954,-0.020134224282794988,0.0
2020-06-08,0.012124816051272358,0.021222196721688347,0.011889952746070076,0.007946359256032931,0.001030310689627001,0.002722239323058151,0.0037342395321331434,0.0016955536610470112,0.02479664508514068,0.009962630929808647,0.0
2020-06-09,-0.007100027171054402,-0.024354991499719536,-0.012974064287984755,-0.005420186493920398,0.0006870134250169802,0.011382023890748272,0.0008499399912615946,0.0006775561703302735,-0.01659190129620325,0.0098643559917031,0.0
2020-06-10,-0.0062364667583528766,-0.036358727752874076,-0.0017363515483468372,0.004954357445198454,0.004229232614033185,0.01414641676857542,0.004673211403980693,0.007951174465817834,-0.02542479487816085,0.014041603258189372,0.0
2020-06-11,-0.05763557138934672,-0.08165569255419503,-0.05490665956086216,-0.0510227581191095,-0.0018218041737427804,0.019242410722167813,-0.009619528355709228,0.0,-0.06419838360813468,-0.007224613776269928,0.0001809645840453733
2020-06-12,0.012051322710061374,0.025295049984346507,0.017087340887274705,0.022857219103469495,0.0010267143000772805,-0.009589194632185882,0.0041628306506718005,-0.002349454958300523,0.035843103180923874,0.002425768106886439,0.0
2020-06-15,0.009118225966678883,0.022132115667665708,0.0031012910843304375,-0.004063264679309508,0.002050795525073257,0.0003026286717835447,0.01137329477262794,0.00033637957974974597,0.014138542057737125,-0.003024872494383768,-0.00018093184178979982
2020-06-16,0.01956046359452701,0.02539669815279222,0.01339892340496962,0.0038246619827499995,-0.0012506347305187848,-0.013611429305932066,0.002206801749252474,0.00033601842148245353,0.019689437606187132,0.0012136200436421163,0.0
2020-06-17,-0.004587419822994376,-0.021761059823550033,0.002288060162054073,0.009143912320404457,0.00022746225521874663,0.0027594489495716967,-0.0003144620032838885,-0.0010084605384126366,-0.014511624484577434,0.0012121489553740261,0.0
2020-06-18,0.0009078901808938777,-0.0039516739371819876,-0.004566141678126079,0.00025167362963718354,0.0011380001834024878,0.010397501152140665,-0.0015736145449244399,0.004375234457000499,-0.010953298526874211,-0.003026703572861056,9.072928645048606e-05
2020-06-19,-0.0058956417295452646,-0.01307623810272096,-0.004586969457963219,0.0017615029768500712,0.0003408332062613262,0.0005046284720160443,-0.0006298091904279879,0.0016758765462874248,-0.014519404565389804,0.01153615919725981,0.0
2020-06-22,0.006632100011697339,0.00878374969466611,0.01152799907353863,0.010847686962797365,-0.00034071707856708766,-0.00010095040839541713,-0.0028389207007737394,0.0020072924718390617,-0.0009985995941317327,0.007202931592585671,0.0
2020-06-23,0.00453205622062125,0.0030988621515444237,0.00483299827252881,0.009982326537115949,-0.00045493503557136883,-0.0056472708875003885,0.0009486618556224791,0.0013357604367210119,-0.004124523767020216,0.007747267905064081,9.022711135342476e-05
2020-06-24,-0.02557615145009884,-0.03472128678307007,-0.02455642888053733,-0.015072585647949888,0.00011415376185563986,0.010040076454714386,-0.002001250400280541,-0.0008337468461959707,-0.028489158001793746,-0.0023654055907536,-9.02189711563528e-05
2020-06-25,0.010577000703244188,0.01554658984401125,0.013236054925984453,0.004264848195832505,0.0010232690347555806,0.0023099977005442973,-0.0003164865128055805,0.0005005670960889219,0.012772195969613431,-0.0011855635310437096,0.0
2020-06-26,-0.023435115852975974,-0.029866423709889012,-0.01511244939474643,-0.01199096664311805,0.0018174488541686795,0.01051884274230086,-0.00042255715449790454,0.0011674875183211864,-0.019193731678417536,0.004747769845396155,9.022711135342476e-05
2020-06-29,0.014593356422508919,0.04254326279816878,0.009102465345986577,0.006573978067955455,0.000680805175378163,-0.002973661457392418,0.0028520139328496175,0.0014990358719513264,0.01930685222941797,0.0,-9.02189711563528e-05
2020-06-30,0.013335542049827565,0.013355297056387716,-0.0002578799102563867,-0.005023817559854815,0.0010196743583399392,-0.004673957752440172,0.002001242543114845,-0.001663120535188245,0.011853913477892775,0.003543973116411525,0.00018004260267345806
2020-07-01,0.0068444207755038455,-0.014350863047815854,0.0033514112661916506,0.01337997370425792,0.00024934425393441373,-0.0020405176191063967,0.0018222532598277663,0.0004998164800353866,0.023048462686447557,-0.00412005272320326,-0.0001800101931698217
2020-07-02,0.005046406754650956,0.0056455905802805795,0.010020886227172232,0.023667158573341673,0.0015874066160577183,0.0005008035659239685,0.0015761165036156655,0.002997482599283119,-0.0028628537025887635,0.0023640075649142833,0.0
2020-07-06,0.015515838933366277,0.009454909108145504,0.016789568977127356,0.044050093037198534,-0.0003396194464275748,-0.003406798402957767,0.0030444528740170007,0.0016602460690369192,-0.0004994430774967196,0.005896249225701977,9.022711135342476e-05
2020-07-07,-0.010369025531090204,-0.020196073737572706,-0.013760412246510922,-0.01585084190730479,0.0015852200606460976,0.013673965634489305,-0.0007325714173976872,0.0008290730679516578,-0.019857406372869257,0.006447867162666876,0.0
2020-07-08,0.007424538063681929,0.00418241186899615,0.008117710999153926,0.0267645237682117,-0.0005649109396136387,-0.0038684697986776095,-0.0016753162639832064,-0.0024845074505097653,-0.001401563333855771,0.005824134014291271,-9.02189711563528e-05
2020-07-09,-0.005097020125199858,-0.022906614666077574,-0.011574956460865815,0.0006920721444911848,0.0027146929570285305,0.015134792659799334,0.001992959724532062,0.0026565569598266947,-0.00625241009036015,-0.0017371561001910951,9.022711135342476e-05
2020-07-10,0.010038337723115243,0.022225614640023705,0.00941934974496772,-0.006915619274665885,-0.001128337534084034,-0.004904376231706031,-0.0008377478618926126,-0.0014905881286012557,0.0030816563472779723,-0.003480247490658228,0.0
2020-07-13,-0.009047188663349415,-0.009680031554322066,-0.0052964899299466905,-0.004874867309531905,0.00045169883504248,0.0031541302766704415,-0.0008382484301512338,0.0024878862807278246,-0.01190463143980025,0.001746145446099856,8.980738825870027e-05
2020-07-14,0.013383530102475172,0.016391217610693287,0.013945561257979522,0.00046672499042266224,0.0012416891475888203,0.0013762944953830125,0.003251367033683561,0.00033108470620435426,0.008420332089856819,0.004648566839661639,0.0
2020-07-15,0.008872547623001603,0.03831932374721969,0.01125215646351685,0.000932482098675802,0.00011275977306035578,-0.0043174657641507075,0.00031280703692004863,-0.0006615437473344032,0.009764041565311299,0.0023134185113193872,0.0
2020-07-16,-0.002909078798839393,-0.0069819233636677636,-0.006181578216249983,-0.014209098853148472,0.0006771069958144693,0.00433618710351702,0.002717158285415522,0.0014890316624445177,-0.011959374200974593,-0.010386630465563651,-8.979932361596887e-05
2020-07-17,0.002645849819587376,0.00014335496476691745,0.0049761363936007275,0.004489837808332453,0.0010136207828568278,-0.0017665908589714618,0.0014589352633234132,0.0026437460236174992,0.013005294868771777,0.008163341114352018,0.0
2020-07-20,0.008324002723949064,-0.007891155381909543,0.005694454477758182,0.01411398083534321,0.0010126983265845713,0.00206433272671247,0.001248636903043776,0.000494380132627148,-0.011948550772487243,0.0046269473377651416,8.980738825870027e-05
2020-07-21,0.002080451645515513,0.0222704208198532,0.003939513931226379,0.007422954023599715,0.0005621102203245965,0.0010790720531264064,0.0011436736378871437,0.0028003460408518865,0.0024444951380782065,0.01266547511371341,0.0
2020-07-22,0.005692211373886202,0.0008487930833984692,0.00269703552214251,-0.003453986786200125,0.0013491782744734504,0.0028419849923746465,0.0024910102955026936,0.0006568464329539392,0.015271751552079493,0.014781138523389137,-8.979932361596887e-05
2020-07-23,-0.011953477436166704,0.00692579317612263,-0.008314827578121076,-0.006700289644145485,0.0008974112793405098,0.010943811978807227,-0.0003105901052415927,0.00016414416732191128,-0.004171328394912521,0.009523813594448205,0.0
2020-07-24,-0.0064698314963099746,-0.01698497838411417,-0.004932523713686465,-0.002558493549479235,-0.0002243587321153484,-9.653285993937999e-05,-0.0005182100860005034,-0.0001641172284360115,-0.007362405322961063,0.007769111325861333,0.0
2020-07-27,0.00729211218762571,0.011423922219084615,0.01387879983422935,0.013992513269423634,-0.0006723987808383569,-0.0037703023588864237,-0.0018654854055314418,-0.00016422486750244936,0.009463394014718629,0.019273148921287175,8.980738825870027e-05
2020-07-28,-0.006195789085563841,-0.006918325319509755,-0.004644427556024788,-0.010809902931140924,0.0004490165211759045,0.006694885806213691,0.00010450961488461807,0.0016419534233433897,0.01988816438356511,0.00918422875158531,0.0
2020-07-29,0.012096466991336818,0.025305964450917928,0.010560124525444525,0.017670065822203096,0.0015696613078177712,-0.0014455701300444268,0.004152348095648906,0.0022947087048728054,0.019376398418109453,0.00695926973462524,-8.979932361596887e-05
2020-07-30,-0.00364919530850516,-0.006239897777752468,-0.013365935060249745,-0.011651709394574827,0.0005602170792058381,0.006467094650116634,0.0003105067703521591,0.0011450893210671609,-0.006457810648132556,-0.007974461604949301,0.0
2020-07-31,0.008366522064941595,-0.006418005058000387,-0.019457997825934603,-0.00577888038705765,0.0013431686977507518,-0.0012465255098761396,0.0008266991160670312,0.0024492928128754254,-0.0018397095377793438,0.010718154586008222,8.980738825870027e-05
2020-08-03,0.006298195884144153,0.011374853756255465,0.017332364860668026,0.007672655725784017,-0.0003470316203404433,-0.0040869583506129015,0.0017381753297076585,0.0013038455111296088,-0.013269145535750093,-0.000530234812206043,5.4406372969939554e-05
2020-08-04,0.0042053033014841645,0.0058314783358972555,0.0079010111481852,0.011305961950957899,0.002128552423270369,0.008979995048918221,0.001756905907277062,0.002441006932360379,0.014942181010239697,0.022281170705270803,0.0
2020-08-05,0.006232238006517399,0.022915893729003267,0.0053896868573504175,0.010267082523869098,-0.0013417646131479444,-0.008038795306831159,-0.0006185421081461584,0.0008118206578668907,-0.005029819193066554,0.009340960088211059,-9.053518061319377e-05
2020-08-06,0.0067180401499717934,-0.005532963623851805,0.0021926760261086198,0.0013548670835785703,0.0015672545126406145,0.004920452918277363,0.0020635790643879215,0.0009735221589928233,0.0016027781965863852,0.013367522433655132,0.0
2020-08-07,0.0005206863748643542,0.018184144486008247,-0.004133155536816702,-0.02029767157862472,-0.0011177157639541413,-0.006239880753053262,-0.0019564867294750155,-0.0029166106673700343,0.014280091532635764,-0.01725003861147334,0.0
2020-08-10,0.0031886129777034533,0.009996028912024668,0.003906476633158684,-0.00023024781288227825,-0.0011187601892981291,-0.004443586460862625,-0.0005161143413437985,-0.0008129833805422537,0.0015781535919989764,-0.0030976443309947976,0.0
2020-08-11,-0.008075588770851905,-0.0010560032623194715,0.00413404784579674,-0.003683972144745473,-0.0034723713554142277,-0.011643818843898646,-0.0023744191831716055,-0.0021145170555956216,-0.01442085183783659,-0.05334017647765943,0.0
2020-08-12,0.013699827890297778,0.0034346413655326202,0.019859487285923683,0.012248649473642681,-0.002585379479086547,-0.00805040290555592,-0.0012422040234321141,0.0008148080300902638,0.010082498140613128,-0.004376363276862416,-8.996719284171117e-05
2020-08-13,-0.0017098524750699395,-0.0057924896408477755,-0.0042743586092526265,-0.0038814153777623206,-0.003267783759325571,-0.010490818556379455,-0.003833423875021613,-0.0030940379517280236,-0.012294709393710024,0.02307692630151914,0.0
2020-08-14,0.0,-0.00039708699204099585,-0.006200978217306585,0.001375156860208282,-0.0011305234559126909,-0.0035001708529136533,-0.003120688134926941,-0.0016339854844837909,0.00012303730462459583,-0.0037594843725975435,8.997528766574447e-05
2020-08-17,0.003231157527499917,0.0015894234006592622,0.007679390933315933,0.010757739543972855,0.001245212816625374,0.0023077436912790628,0.002399689681986228,0.001963525109622166,0.008132933558969269,0.020485233625025634,9.0543377974317e-05
2020-08-18,0.002093107730455346,-0.012035331626172097,-0.00023807016110111157,0.003623072993047982,0.0013563077584846095,0.0070101597848044594,0.001874118052529905,0.004900116438887325,-0.0047670811144008285,0.010037006391683256,-9.053518061319377e-05
2020-08-19,-0.0042421432695299854,-0.00013385272382437918,-0.00547877540069841,-0.011507112610947168,-0.0016931924112180141,-0.005966507804562204,-0.0011429577982354777,-0.003413331696979549,-0.017563061372932287,-0.030857747211874398,0.0
2020-08-20,0.0031629833898285664,-0.008033137027159798,-0.0031138017225739167,-0.002739221923783175,0.0016960641742067573,0.008702944222927611,0.0020800921970600683,-0.0004893805463695999,0.009500871950290257,0.005936249267503024,0.0
2020-08-21,0.003570893509917905,-0.006478620653738054,-0.005285647865536092,0.006408899473345331,0.002145237634887831,0.0054549492976350145,0.00031126140780535216,0.00326314508598724,0.001610145745114533,-0.008583683082144522,0.0
2020-08-24,0.010163051342336304,0.0180677343750979,0.012077021666942578,0.010006815865073682,-0.0011265516564276101,-0.002070788131267709,-0.00020754276842105401,0.0019517108471340805,0.006429332332953175,-0.00432900030777672,0.0
2020-08-25,0.0034909328742513956,-0.000800208822153925,0.002147890535431074,0.009232323849361013,-0.00191674678234377,-0.006721853215532092,-0.002698117303063796,-0.0006490636415119599,0.0025800468140046995,0.0010869814227350005,-8.996719284171117e-05
2020-08-26,0.010214832635037085,-0.008413458441682509,0.007382687896246409,0.0008922263707509259,-0.0005656710675341348,-0.0037812658794889042,0.0007285661130738141,0.0022737571329387585,-0.009190003752836295,0.011400601715681802,0.0
2020-08-27,0.002003524311826821,0.0035017144798989985,-0.010164922406298404,-0.005796032317530231,-0.003617925174729364,-0.016182449607828775,-0.0029123426637310823,-0.0040515474487782255,0.014716602882258956,-0.012345654997166666,8.997528766574447e-05
2020-08-28,0.006498720021515636,0.007650185867746906,0.006925790205609683,0.012107855857132588,0.0007943863504029647,-0.0005073585496037092,0.002294838362905116,0.0030914974620812607,0.006581292180911857,0.01793477883411021,9.0543377974317e-05
2020-08-31,-0.003507770598782489,-0.014784460596781401,-0.0068781535570714425,-0.021045523662808208,0.0029480268140011923,0.00568841468341752,0.003017574480993046,0.0045416148426402625,-0.010170434513721127,0.0021356602511997114,-9.053518061319377e-05
2020-09-01,0.009345192086520182,0.011491237977819813,0.0014326236285711058,0.020140126165431482,0.0027516916854875006,0.011168023683922002,0.0021519741236628587,0.0010675570384501842,0.00073342524618214,0.0015982300780641445,-5.3996778137332946e-05
2020-09-02,0.014567050458170305,0.01149421550275087,0.012162998579710704,-0.002662052550311378,0.002145577768543072,0.0092036480691704,0.0024895246640643798,-0.0003231451291164644,0.018579969130740448,-0.012234018700539528,9.021900086247925e-05
2020-09-03,-0.034616754422531315,-0.024841553684430306,-0.022620184322461934,-0.01757087322484896,0.00011281981514144057,0.0028744458910634485,-0.0010346846132422982,-0.0033939223366494797,-0.012000459247741513,-0.009154554608922671,-9.021086212857021e-05
2020-09-04,-0.008003797367792775,-0.005284486265484611,0.0019288627882882992,-0.001811229686092819,-0.005859125512816088,-0.018187517920713825,-0.005593282695696589,-0.002757097841513678,-0.005223181039804681,0.0032608406079508434,0.0
2020-09-08,-0.02747570808133859,-0.024247776730087267,-0.012271723804638368,-0.01859824713820335,0.0014732578564191634,0.005738719276996429,-0.00020881599134847662,0.0011384847266335818,-0.012209699181256028,-0.0027085178515855457,0.0
2020-09-09,0.019727271996438533,0.011308278798344507,0.017296189136472462,0.012941895569990702,-0.0006787886361743212,-0.0030028001531857695,0.0010421994335407803,0.00032471782714416086,0.009888506850591838,0.010320507095730624,0.0
2020-09-10,-0.017488289044596983,-0.013390059431090062,-0.01101527679195169,-0.015058533582358646,0.00022645130484089115,0.0048194191414032694,0.0,0.0009746342451677492,-0.012239824182735948,-0.0037634243757304064,0.0
2020-09-11,0.000750133696855837,-0.0068562550225937935,0.009200806499360281,0.007413062270421378,0.0010189564448213062,0.0016983703254946914,0.0004163858566172962,-0.0008113380309725526,-0.005576337074526205,0.0010792525458163116,0.0
2020-09-14,0.012997338685578175,0.017328871572964255,0.006718074862919865,0.016555315654391167,0.0,0.0005984632677342727,0.001456494462507063,-0.0006494380965965663,0.02442393166431911,0.00754724004070928,0.0
2020-09-15,0.005145129598908227,0.0002769366807047202,0.006196434879650381,0.011309712402378214,0.0005655800708483927,-0.0022925819959318527,0.0011426956657079046,0.00048727549923621716,0.012042278057905476,-0.0021402308391833547,0.0
2020-09-16,-0.0040312501429926595,0.0067839992567515495,0.0,-0.003578503888732154,-0.00022593771171908195,-0.0025981494095852486,0.0003112252281338712,0.0004871178760703643,0.005288438731593237,0.0026810265647136955,0.0
2020-09-17,-0.00873694501279454,-0.007975877081173866,0.0014210736375410704,-0.001796087850019279,0.0,0.002704779241223809,-0.00020755159463003992,0.0006493867031700518,-0.01948802077044398,-0.005882385340302609,0.0
2020-09-18,-0.011633407802405737,-0.005683524685292207,-0.007095719293631175,-0.00787007187213662,-0.0011311924122708872,-0.0030974383841397835,-0.0009337779933117352,-0.0008109677678723726,-0.022558411330705908,0.0016138077675771356,0.0
2020-09-21,-0.010852863318133399,-0.034713144593498835,-0.024401500013387145,-0.008330415057042795,0.0005663408930520752,0.004710637984211008,-0.0006230672960493289,-0.002110530279297529,-0.03006482675093658,-0.02148235810151422,0.0
2020-09-22,0.010109778938302227,0.005921083436515762,-0.0002458750952275546,-0.008770125976157561,0.0003393831679689985,-0.00079798205783288,0.0,-0.0003251933075808511,0.01196178053106367,-0.003841915338213653,0.0
2020-09-23,-0.023167072076329842,-0.026830131454733563,-0.010311478793183504,-0.015599799955580806,-0.002262376570441482,0.0015974250373080867,-0.00467636666135407,-0.0004885476429792313,-0.0301224394948979,-0.022038546938694892,0.0
2020-09-24,0.0027544029272137394,0.003999691355675683,-0.0014886102466514783,-0.0028381139988983284,0.00011379776520370477,0.0029898368432295097,-0.0018792550114802298,0.0009768537207699435,0.0053728845380316415,0.003943644778829247,0.0
2020-09-25,0.016013465975479813,0.010476507669714863,0.0037269037073117683,-0.00023741509567354324,-0.00011378481674595431,0.0006959107475683624,-0.0004182758766687611,0.001138909704106128,0.02062234527566953,-0.0028057933735582408,0.0
2020-09-28,0.016750434742935694,0.028475524932750407,0.01633631329683194,0.00996457350530866,0.0009073572497781957,-0.0028799548579681034,0.003558187711113714,0.0019497398964689605,0.020463553430285053,0.009566689471843581,0.0
2020-09-29,-0.00570276685964255,-0.005679644854516774,-0.0014611974661611349,-0.00046983204407535784,0.0006792497031538058,0.0008962644123164942,-0.00031305049504481985,0.0017834388010706803,-0.007188696923152715,0.009476035185796983,9.021900086247925e-05
2020-09-30,0.007697202853493401,0.0028564314140060443,-0.002439263833180383,0.016216293210956634,-0.001584707989669254,-0.008357829598125033,-0.0007300462609415304,-0.0024278635674452875,0.0030484345509980137,-0.0066262195024336945,-9.021086212857021e-05
2020-10-01,0.006338462280459867,0.014238682080080611,0.005868213403332767,0.008788174400727433,0.001022302380167428,0.0017579737233923698,0.002562585352764657,-3.241101305517802e-05,0.02001039072948041,0.008337944437947664,0.00011754811426234468
2020-10-02,-0.009302479331062763,0.00968720835349468,-0.0021880330730766895,-0.011004227386066434,-0.0006807346974840867,-0.004112316240830416,0.00010425867736274519,-0.00016309559257254858,0.0172587086432634,-0.0005512805522773778,-9.020839703544059e-05
2020-10-05,0.017475228291050637,0.022385770523464465,0.015591056628847744,0.012981059973813824,-0.003745600702198426,-0.01873283605656484,-0.002503744782991313,-0.0027667850391138726,0.005736494761630517,0.006067325727714623,0.0
2020-10-06,-0.013970772398276488,-0.0002720863078217173,-0.010314306900162551,0.0029749398346545775,0.0013672050186879225,0.005439177075612145,0.000627457261481501,0.0003267501941652817,-0.006553382563114218,-0.013157882353605488,9.021653532448326e-05
2020-10-07,0.017158831504907157,0.014283589275813746,0.009452353880662345,0.009354466577458531,-0.0013653383212829384,-0.007553576816439422,-0.0005229199924408068,-0.0004894462063886884,0.001465926960461772,-0.0005555682712130583,-9.020839703544059e-05
2020-10-08,0.008849590296941434,0.01502164435233544,0.007442886536986437,0.007459079244665823,0.0017090324389616995,0.005451214088288747,0.002196472151827944,0.0037539655170071295,0.016711296711521495,0.0050027878673117865,0.0
2020-10-09,0.008898771168027508,0.005285586814267829,0.006673134209859377,0.006955408624548465,0.00022777477212598818,-0.00040897494515934607,0.0010430950880448986,0.0003255811954616661,-0.0039593782236385655,0.01825220824660323,0.0
2020-10-12,0.01613414654178147,0.006703179689793837,0.004971701019026886,0.009803985791219771,0.001477482905635652,0.002763260492844255,0.0033357431352074585,0.0003250774326328809,0.004697781709072535,-0.0027158738443756603,9.021653532448326e-05
2020-10-13,-0.006394383656471381,-0.011228566679478469,-0.011072129073248171,-0.004413227386600882,0.0007952284623364836,0.0074508129997383765,-0.0011428556654735633,0.0009751539738778181,-0.017144082312034348,-0.016884605827095278,0.0
2020-10-14,-0.0062489529217126805,-0.005677984433001826,-0.0021438171838453757,-0.004432790298143696,0.0005675987612463462,0.0020260250165364813,0.0004159326702768418,-0.0004872211707610541,-0.012198059275116302,0.003324175946103125,-0.0001805814079340884
2020-10-15,-0.0011888059716957944,0.012881726494584855,-0.010980913449633478,-0.008013945211156726,-0.0005672767756512709,-0.0015163521680084946,-0.0016633375038672682,-0.00016248622364845033,0.005186202952879304,0.003865250826342148,9.03893335317818e-05
2020-10-16,-0.0008458006717647626,-0.005768665663931527,0.0031378552433916074,0.004039343684555385,-0.0007945965765228102,-0.002733880984110315,0.00020832589905572796,0.00032502525942379457,-0.007125413984406248,-0.0038503681875236007,0.0
2020-10-19,-0.015110005633753643,-0.010945845149388789,-0.004331182858512639,-0.003129409340794087,-0.0009078788741050392,-0.003757123984996835,-0.001249196766977101,-0.0019488025820620924,-0.015590009984124742,0.0011042821502507127,-9.038116403858876e-05
2020-10-20,0.003946780555922791,0.006799929786481362,0.005558289974443964,0.010089965324934669,-0.0017047593573843445,-0.008866528803893048,-0.0012512581180857962,-0.0011392800524135938,0.007164119965618276,0.004964156467400782,0.0
2020-10-21,-0.0018070712781409481,-0.005562107135666405,-0.0033646865513548008,0.001997754659503137,-0.0011383424374583617,-0.0034960276247139044,-0.0005218109066371657,0.0001628032519511713,-0.0029949739352631566,0.00823279536399113,0.0
2020-10-22,0.005494882933662071,0.016380501634089883,0.0009644273333055953,0.00022164150988768228,-0.001709511955695131,-0.010215752884463747,-0.0003132699929528915,-0.0017917399806405276,-0.00012514291855991733,-0.010887357310964574,0.0
2020-10-23,0.0034112181946144293,0.004716983197224911,0.005540883696191656,0.00465113623203961,0.0012555931156748024,0.0057338225956882205,0.0009401044853842855,0.00032653714425889824,0.006008993872817392,-0.0005503703269039706,0.0
2020-10-26,-0.018416448974816868,-0.020735678544364977,-0.018687198119658133,-0.013007042473312413,0.0014825742533604025,0.009329294120738796,0.0009399207905205209,0.0017943701467004747,-0.0143103703762546,-0.0005506734012038494,0.0
2020-10-27,-0.0033033267170490266,-0.013051025564066343,-0.00756837974838398,0.0035737532905979474,0.0023904248293755703,0.006264724529310373,0.002189259355475981,0.0013024271970769608,-0.01603340326683833,0.0027548840473876623,0.0
2020-10-28,-0.03443038978378876,-0.0306302508457994,-0.0292743105836597,-0.024927692748617836,-0.0013625952728930635,0.001326785435858957,-0.0030170001024720783,-0.0013007330869283518,-0.0238644220852271,-0.017033041774496493,0.0
2020-10-29,0.010531142101102509,0.015451207203687423,0.004815302941848509,0.01050007288849475,-0.00216093478766477,-0.009581011265630601,-0.0015656047210663715,-0.0029311783890161314,0.013406522485886585,-0.003912783522213137,9.03893335317818e-05
2020-10-30,-0.011246152269950516,-0.012748426328372808,-0.005044170734809228,-0.010390966977845362,-0.0017100208415007367,-0.009571056881495732,-0.0022994673859292325,-0.0029398753765855767,-0.006614427060708583,0.003928153536643997,9.021653532448326e-05
2020-11-02,0.01164051440303071,0.02110538775330295,0.012167106497116942,0.012782226109608663,0.0013842264060301979,0.006305644232931673,0.0020051524104345297,0.0032355105215413626,0.02389301981234815,0.010061504265893584,-0.0002077426953627226
2020-11-03,0.017638933325762274,0.02515609608485292,0.025544929660670013,0.00270463209531413,-0.00022876195579746295,-0.005376360126621904,-0.0008380029431175329,-0.0004909843056807306,0.01925551817394444,0.0055340555151404125,0.0001804542821299826
2020-11-04,0.022516284408001352,-0.009550455040794992,0.010256302243809134,0.032142043471528936,0.00685479029651348,0.02079193655311129,0.009436792141685357,0.0006554203075574971,0.0017515444233495714,0.0005503703269040816,-0.00018042172425714043
2020-11-05,0.019581221093397216,0.029329368008446766,0.024172163331897423,0.016986110851186842,0.0010213015512754442,0.0018330105318715706,0.001142315460440635,0.0009824465763716983,0.004745819444504473,0.022002178867752464,9.039178913261559e-05
2020-11-06,-0.00012433389249277838,-0.009758404311187352,0.002124083712227609,0.003640490608119329,-0.0022671279646647724,-0.011385371961922464,-0.0013483426683309485,-0.004088498771790405,-0.006836202940475267,0.0016146763599944602,0.0
2020-11-09,0.012463140401743011,0.04822007626872615,0.02731982723921833,0.007467452572093691,-0.0046580167240188874,-0.020154338673170513,-0.0044676953245949,-0.0027916951616654417,0.03541935157551568,-0.04352505893204883,-9.038361919555538e-05
2020-11-10,-0.0012891891122489563,0.02632246861646048,0.007335968088329592,-0.011223997964741605,-0.0019403193482820935,-0.00535196139930072,-0.0004173835306061635,0.0009883508956674003,0.01462554925001247,0.0028090531770965654,0.0
2020-11-11,0.0070389169863258605,-0.006595223681184814,0.008420830484154207,0.004283635387154705,0.0006862054662564177,0.0031650945943955122,0.0005221716516641273,0.0018093713522358001,0.0038123867059467464,-0.004481788347136639,9.039178913261559e-05
2020-11-12,-0.009248286233978775,-0.021391770364175056,-0.014443976178588058,-0.007464459559295533,0.0033141233932967307,0.01588126689887015,0.003339018139882022,0.0021344203183673027,-0.013054630993350469,0.006752894135820808,0.0
2020-11-13,0.013585877951778125,0.026759056933373326,0.014197218846568216,0.012677255277629973,0.00034220496573245107,-0.001449494623417591,0.00031183908666010396,0.0003276176042845691,0.026695176736189596,0.006148720743680558,0.0
2020-11-16,0.012127321676930647,0.030098880977434073,0.012869805733979334,0.011669710317212312,0.0005689978557896769,-0.001969337510499547,0.0013519407843380904,-0.0013103609807882943,0.011244151096386323,0.0,0.0
2020-11-17,-0.004985161481158462,0.0055829891674055165,-0.0004455701930223821,-0.001468270817515105,0.001706962111515109,0.006544213423353762,0.0015576958914655936,0.0018039502965547793,0.0009261305797421127,-0.0033333036634657365,0.0
2020-11-18,-0.012132206383852373,-0.013938196737163455,-0.005352584303991548,-0.0033603852643895316,0.0011364523121877301,0.0021674138426099887,0.00041471312655172454,0.00016411420079220918,-0.01943996617919297,-0.005574157106622346,0.0
2020-11-19,0.004185173672413223,0.0058694268663168625,0.006054049430233688,0.0025290726104638672,0.002042105694761931,0.005355532287859122,0.0025903876524524527,0.0013094228194268087,0.0038946596570872405,-0.0016816528244903983,0.0
2020-11-20,-0.0066933995559297355,-0.0010719114822959064,0.003342963163737389,0.0069369290734704325,0.0009061336890432425,0.008399922464307874,-0.0005166402488718802,0.0016348973841002756,-0.005407290137450338,0.0033689710887276902,0.0
2020-11-23,0.005911634980201752,0.023247645413803975,0.0006663852724597685,-0.00020868168696386302,-0.0007922140353764373,-0.004571881017063628,-0.00020664438753048575,-0.0004897005180247715,0.001890701244243731,-0.02070513832439591,0.0
2020-11-24,0.016198743963515838,0.024466853317519854,0.01598219077532237,0.01336398792529181,-0.0010188047408947742,-0.009286158890079665,0.00041357179412693235,0.0,0.0053084327621730765,-0.014857155936104927,0.0
2020-11-25,-0.0016478805308943745,-0.007846998026161622,-0.0019660980446701837,-0.004533355030359565,-0.0004533216439204235,-0.0025753457124295664,0.0012405975014631032,0.001632709788225828,0.0005868615332316196,-0.00058005968762187,0.0
2020-11-27,0.002851001120778074,-0.0017192360636072435,0.00700494146181474,0.009314723235969824,0.0021545923662662503,0.008881406144939152,0.0016523434633402,0.001956726384188645,-0.004456518520945196,-0.011027198592967857,9.005435282327667e-05
2020-11-30,-0.00448900230119853,-0.022390766146951013,-0.019782519862034498,-0.024609964537592677,0.001358071606808231,-0.0014327922489349998,0.0017521279989916039,0.0014639244578136257,-0.010484255072395587,-0.005281698811757662,-0.00018042172425714043
2020-12-01,0.011002882698313954,0.011040796986008683,0.02151266995212686,0.02081554150003373,-0.0030228368280577067,-0.013827515955266434,-0.0027937043940291506,-0.0020504310900538725,0.01285734529131588,0.02005900514950354,1.761734323713071e-05
2020-12-02,0.0021114108762823047,0.004646604486153949,0.0015196582126391078,-0.00041186875128218503,-0.0017024282626790788,-0.0077024801192612236,-0.00020661537886768055,0.0013045320870082033,-0.007875078273525737,0.007518748055695967,0.0
2020-12-03,-0.00029669848976632274,0.006590897697208886,0.0034685024737355352,0.00989060057424429,0.0019334656254614835,0.007972486798487832,0.0021710929717815297,0.0027693621468876106,0.008411354395911896,0.00803670430742165,0.0
2020-12-04,0.00860739966815749,0.024813729099101733,0.009721536777694606,0.006733480974884687,-0.0026109457071070707,-0.014569654552792133,-0.0022695931093464905,-0.0019493660188509843,0.015272490570991337,-0.0022778479154449416,9.08018096150709e-05
2020-12-07,-0.001853925558957914,-0.0024663315175050826,-0.007274409816454996,0.0,0.001365572059141229,0.008659519768493107,0.0008274080621553104,0.0024409316657267865,-0.008678355994207076,0.014269406019862041,0.0
2020-12-08,0.002889121291926644,0.007416630957135961,0.002370381181803438,0.002837377442610922,0.0003408754276159609,0.004293074732180324,-0.0008267240240326101,0.001786359163383544,-0.003501664441920349,0.003376447067910515,-9.079356539498651e-05
2020-12-09,-0.008877925794054886,0.0005577662143319007,0.0012900739270840234,-0.01172189117772593,-0.001704004389512015,-0.0029189401539745363,-0.00248271721951443,-0.0008100311222484224,-0.006208563195785777,-0.015703908460102167,9.08018096150709e-05
2020-12-10,-0.0004745935279825142,0.004682307760576654,0.002147320303401923,0.013497069385381089,0.0020483580887118435,0.00846873430723738,0.0029033830130691385,0.001783908242150689,-0.004361095148111893,-0.0028489595005202206,9.029967474005751e-05
2020-12-11,-0.001276143295244947,-0.008100397094646494,-0.0034283702749413614,-0.006658753529380279,0.0015903959425613845,0.0038358736049628472,0.0004137794673717554,0.0001619277111475359,-0.0009469745396468721,0.0022857666015625444,-9.02915214450184e-05
2020-12-14,-0.0045757375296489045,-0.002266149704185705,0.00021507773411677533,-0.0036560770221889527,-0.0003406213427457061,-0.00289152078498367,0.00041321422438245214,0.0,-0.004384690721590867,-0.005701275726912924,0.0
2020-12-15,0.013820466902081163,0.026309859207696684,0.010962976129935464,0.009378166913334374,0.00045414345408234524,-0.0031076816456144796,0.0011359190017070642,0.0017807587210334486,0.020471572103904156,0.014334861946350808,-9.079356539498651e-05
2020-12-16,0.0015308074263176152,-0.004929536268951762,0.00340232131796947,0.005453282091441025,-0.0010205025406683221,-0.002493451273826497,-0.00030918524130862934,-0.00016169242055363853,0.0011666044365674644,0.00508762859642764,9.08018096150709e-05
2020-12-17,0.005438922294976001,0.009027746506270917,0.006569107584283085,0.008035384512642851,0.00022694073293139105,-0.002812422995312258,0.0011349810731524634,0.0004211453879068294,0.009668738275560251,0.010686086578820753,0.0
2020-12-18,-0.0040057999606247785,-0.008510874617639108,-0.005894547039597908,-0.0029894409621014084,-0.00034022997676463884,-0.002716559126087037,-0.000618351930415928,0.00016196529220735556,-0.020075788705148145,-0.0022258770009515594,0.0
2020-12-21,-0.0030824765442816204,-0.0035214130755137907,-0.011216991105558627,-0.013452860878948592,0.00011337930928401185,0.00408564630009689,-0.0007222011802869854,-0.0003238781273989799,-0.005651862452848433,-0.0022309489596492593,0.0
2020-12-22,-0.0019721630564636383,0.006294852838898191,-0.003241071610089352,-0.007337791804212679,0.0015890007728869282,0.00458981848618123,0.0017548894783794289,0.0006477299775951018,0.006986627255564315,-0.007266582739059335,-9.079356539498651e-05
2020-12-23,0.000799864125707872,0.009548090916629004,0.011272575942163021,0.010266850978985387,-0.0011256412783550163,-0.006925808409132483,0.0008070336708123627,0.0004857386732231017,-0.006468008866928998,0.00563065203721691,9.08018096150709e-05
2020-12-24,0.003996514852351307,0.0008695212779155082,0.002572291893848,-0.0056910224395150255,0.0017072942740519181,0.004306697930967385,0.001551113915769342,0.00048503110205921907,0.00875525439103364,0.003359432468754031,0.0
2020-12-28,0.008697929664576387,0.0038013256777225113,0.006200487257133069,0.002044062495634602,-0.000341022037551153,0.00010422982434321604,0.00020633152545745936,0.0008082552209869309,0.005960525736345534,-0.002790135984803377,-9.079356539498651e-05
2020-12-29,-0.002104799337802943,-0.01709598850743177,0.00786245556835019,0.010811927237402541,0.00034113837325433494,-0.0010456732583628003,0.0007222563641615665,-0.0004843259161635416,-0.00853244785493057,0.0022383327532304875,9.08018096150709e-05
2020-12-30,0.0013474780199049796,0.010127922531016909,0.002108261206181794,0.013925270124436118,0.0006813182756912894,0.001779195339122408,0.0015469808900805404,0.00032288328012963774,0.00549830274203722,0.007816828076001814,0.0
2020-12-31,0.005382562573749361,0.001525794339953812,-0.0067326993495328,-0.0025875897705549544,0.001363055789754375,0.0016718926608165763,0.00020582167336447021,0.002907995873454361,0.00962933014380929,0.004432128924515277,9.029967474005751e-05
2021-01-04,-0.013558989864516646,-0.009358004353314797,0.005719005287071255,0.0045900928067044156,-0.0013612003976712916,-0.0007297132899624081,-0.0012352624615019625,0.0016107818548751762,-0.03249750191631917,0.02316602844653337,-9.02915214450184e-05
2021-01-05,0.006577832971417008,0.021309172128908704,0.011373444857832204,0.02324204172804034,-0.001702498645492434,-0.007307774943137613,-0.0018551853330539547,-0.0009648366641997752,0.0014601490823711316,0.0021563836750693177,0.0
2021-01-06,0.006065477033356137,0.048612491700412264,0.010828903086319341,-0.00951274407112912,-0.004436370369616971,-0.019770800101482577,-0.003304629472097753,-0.0027365657348226158,0.0017016358067707404,-0.015599833950887487,9.029967474005751e-05
2021-01-07,0.014942090213236003,0.01056432522175399,0.0028839396701478837,0.007840064516720258,-0.0020558938316408426,-0.008153585688400522,-0.0010361944940606715,-0.0003230677769044954,-0.0019412593131852285,-0.0032786594778033695,0.0
2021-01-08,0.005624930306032505,-0.008221039242235273,0.009449760698860166,0.02022549283277897,-0.0009160889094111946,-0.0032450236597748594,-0.00155570698540608,-0.0040368656489948584,0.009724027327410623,-0.03344301633805158,-9.02915214450184e-05
2021-01-11,-0.006534968255175522,0.004605263774809076,-0.013024131376312309,-0.011627713654524974,-0.0010315319394285094,-0.0020619695509770386,-0.002492753102822154,-0.0016212281421875696,-0.013241660474245132,-0.0028360317323108397,-9.079356539498651e-05
2021-01-12,8.603340521728953e-05,0.017214904372013562,0.004742508438053683,0.010993069102437802,-0.00022881472402858094,-0.00043512291215974663,0.0011452145044814621,0.0009743954177601211,0.0023179661276366836,0.005688303862554589,0.0
2021-01-13,0.0024986385532168587,-0.008812437315450006,-0.0018470572028919108,0.0032431151985152784,0.0026384627585813725,0.010226316099972044,0.0036405222115118985,0.0021089640633817908,0.012171765698282266,-0.0033936348929144433,0.0
2021-01-14,-0.003380768809489898,0.023742457370049097,0.007606775242506414,0.009887591385268957,-0.0012587980113184516,-0.008614826366608486,-0.0012432887699324047,0.0003236944834055233,0.0058920506790201,-0.0005675498527542011,0.0
2021-01-15,-0.007129264406174007,-0.017467673237658077,-0.016119214646189373,-0.011485406389366792,0.0008023385544586592,0.003910243329718011,0.0007263270446411507,0.0012948310059863744,0.01147643720305025,-0.011925098497602926,0.0
2021-01-19,0.007904403723804965,0.009541657713884488,0.007050990885418829,0.018095114292594472,0.0013734543154326762,0.002921560047781435,0.0003108601560581903,0.0024246882434246775,-0.0028368628028968557,0.00862066792062044,0.0
2021-01-20,0.013587914407936719,0.005372699146252602,0.007619308620051335,0.01739962194921829,-0.00011434101289031773,0.0006474441480832649,0.00031125573379431337,0.001773573866956868,0.019082788605888634,0.015954455773093512,0.0
2021-01-21,0.0009352571859098102,-0.011380529419547702,0.0022483084760582805,0.00018386637081602153,-0.0013719360460153762,-0.006253646064525165,-0.000725643772674478,0.0020921744506838813,-0.004768688920401831,-0.0005608653350883674,0.0
2021-01-22,-0.0035675434246791315,0.012612733860533742,-0.00693309065732739,-0.007170544798236755,0.00045773131808957146,0.0023870208714478203,-0.0011404642036932922,-0.0019273500529622956,0.002337254960842916,-0.00729512699174506,0.0
2021-01-25,0.004063709684298367,0.0014827489008462091,-0.0006160961314308766,0.005000076595075731,0.002289071544895105,0.011148060640497892,0.0019725810446082903,0.002735685198041349,0.007578310975762781,0.0,0.0
2021-01-26,-0.0015002309627505372,9.867068387903188e-05,0.00041079807843158456,-0.006264956479735018,-0.00011450997700734877,-0.001498436384060109,0.00041424515283972063,-0.0011231513273213256,0.007058677428826821,-0.0022612161853998725,0.0
2021-01-27,-0.024263123183016932,-0.0027634931796919338,-0.023413214685593542,-0.02540346510696756,0.0,0.003001965364700654,-0.0004140736248476884,-0.00016089839414812346,-0.017695167786633714,-0.005665744115072924,9.08018096150709e-05
2021-01-28,0.008395469382494802,-0.01979404340992086,0.007781148017802497,0.004756599055198096,-0.0007991606780850535,-0.005558081576622187,-0.001554255685096595,0.001285519446801775,0.0053807174474109765,0.0,-9.079356539498651e-05
2021-01-29,-0.020021245337081828,-0.01484275434580451,-0.02191143071285495,-0.02139764738933425,-0.0007996955566941244,-0.005911601094435892,-0.0007266980629663244,-0.0008024181301402589,-0.011518428077999965,0.0,9.08018096150709e-05
2021-02-01,0.016432524197803167,0.017731095306803724,0.01408158727364528,0.025348544002410822,0.00033232505105695864,0.001353218152873703,0.001768854782900009,-0.001284900035308234,0.022834489205735498,0.009116800818671056,-9.079356539498651e-05
2021-02-02,0.014373681372711777,0.002718957174096648,0.011150961920239233,0.015663259934215024,-0.0012600993409441763,-0.006379257526164972,-0.0009346484436144609,0.000643354745134106,0.0059840744302144255,-0.012422322118998741,0.0
2021-02-03,0.0009978215327064444,0.0036153902143349903,0.0027049252152508974,0.0037161753240846362,-0.0017195830209667529,-0.00859722377670269,-0.0005197896482733722,-0.0001610282682351638,-0.0025167885868409012,-0.0017153051479765757,0.00018110968372897496
2021-02-04,0.011193773937702822,0.017912714934072982,0.00041470204155813484,0.001480650344308776,0.00022928895934426485,-0.0021948742854029923,0.0008320959520997651,-0.0009642934784223067,0.006880805012258628,-0.021191234323363117,-9.02915214450184e-05
2021-02-05,0.003999658828581554,0.011895452295226816,0.007467641222197674,0.007393968333455625,-0.0013777201681680618,-0.0083612883288402,-0.00041570207203844856,-0.00016081856021399332,0.003531001333056283,0.010532492894596235,9.029967474005751e-05
2021-02-08,0.007378609186813989,0.027688665528932566,0.0063824343961349506,0.0051374179702554645,0.0011500682424114839,0.0037718139684026486,0.0009355215451312127,0.0011262239157825427,0.005447382870546136,0.010422715715381559,-9.02915214450184e-05
2021-02-09,-0.0008077570397637679,0.007184682882636517,0.00572840753768511,0.011135841558806092,-0.0004597290727517134,0.0007736079091629211,-0.0006231309272018981,0.0004826937452362401,0.0034995140393259128,0.0022922066722004253,9.029967474005751e-05
2021-02-10,-0.0003901844881255556,-0.003378866268157421,-0.0022378808140066653,0.0021660827974943064,0.001609215980969969,0.006184691505779494,0.001974691749967672,0.0008031641684587143,0.005398869599722245,0.004574038007602477,0.0
2021-02-11,0.0016172672340959426,0.0022601883231370135,0.006523970470925011,0.01044878288671236,-0.0010327592703994748,-0.005049410428822121,-0.0007258254740750703,-0.001284593293548908,0.0021259027397118047,-0.009106422890789334,-9.02915214450184e-05
2021-02-12,0.005094283453284776,0.001973371307228078,0.004658845057577299,0.0017827692252447846,-0.002641804593100705,-0.012244326707288478,-0.0016608110098614848,-0.0014463620739154637,0.0002232878583403597,-0.002871868897114216,0.0
2021-02-16,-0.0009414635340704303,-0.0023447103044912376,0.006048531432473192,0.002847338582137926,-0.004720988707102913,-0.013848834944933719,-0.005719169724946016,-0.00482915539278117,-0.00770144778866777,-0.014976971183215282,0.0
2021-02-17,0.0002215735857948875,-0.005264093866630626,-0.006212412060629502,0.002484696533607833,0.0020822264949695857,0.005435930890999696,0.0018821990047779291,-0.00032390437908658143,-0.0012373914971097744,-0.01052633340118736,0.0
2021-02-18,-0.0042683922477578795,-0.015119894293227687,-0.006453018225416329,-0.012922731496558537,-0.0005770950491114091,-0.003265990175072231,-0.0003133413566661636,-0.004207008213978569,-0.004279737327570365,-0.0005910300730935791,0.0
2021-02-19,-0.0018370870674414563,0.016983220200853744,0.00466811626828334,0.005380363764546869,-0.0034661485039018114,-0.012317955329268382,-0.003967628333313988,-0.004061974316529993,0.005768492424492511,0.00413954437941233,0.0
2021-02-22,-0.00786421156847572,0.006038367040194226,-0.0030303296142550895,-0.028362416740340235,-0.0027822678429745284,-0.0073225412368709275,-0.0028301065627232003,0.0006522207788355328,0.0083221475369184,0.014723204166062986,0.0
2021-02-23,0.0012649209774391323,-0.005626898490363796,0.0004051376216753777,0.005690851775633332,-0.0002323789696396794,-0.003227429798369541,0.0013663562670334084,0.0,0.006245571917538273,-0.0017410783571606414,0.0
2021-02-24,0.011060627372318832,0.0276337502423738,0.003646136309516379,-0.006389072862628686,-0.0005814002762922765,-0.005435039281317389,0.000630002780331429,-0.0011414152455188065,0.007647983138562076,-0.0011628172602623499,0.0
2021-02-25,-0.023989664012637357,-0.030928961347571282,-0.016952849018558203,-0.02167919496226145,-0.008725547478680928,-0.017323418173285976,-0.014478852503800654,-0.012079894825361093,-0.019139602249847343,-0.01862629156809814,-9.079356539498651e-05
2021-02-26,-0.005490105995163419,-0.0047352935259523665,-0.014370678611509535,-0.014272237144424604,0.008685152088809156,0.03170817649778512,0.006919645312299272,0.012227602983366337,-0.01457891910292275,-0.024911035651806412,9.08018096150709e-05
2021-03-01,0.024399856580772372,0.030925692364265345,0.019370929999860564,0.027433786127831095,-0.0012933736017782804,-0.012138096987575397,0.0025739406646747565,-0.0027749833611302455,0.00443818902535198,-0.0012165728171503742,0.0
2021-03-02,-0.007734714624261452,-0.01735263664641018,-0.0004085317700923685,-0.00945676377439253,-0.00011697897860152295,0.0,-0.0002113121364136772,0.0036012276402397347,-0.009630424653441882,0.005481129851992339,-9.079356539498651e-05
2021-03-03,-0.013198090545907593,0.0015030642275331019,-0.006132515294764218,-0.0007486824627781496,-0.003150733476060097,-0.010579180697581014,-0.004965884973111456,-0.0021201568086656186,-0.005720137477843612,-0.010296794302676937,9.08018096150709e-05
2021-03-04,-0.012319556305581791,-0.018289486246769515,-0.01007788070696447,-0.021543779995318868,-0.003161117972045213,-0.006462192299144021,-0.0054163955839686695,-0.004413485700191955,-0.011391410922905965,-0.010403921340662925,-9.079356539498651e-05
2021-03-05,0.018334394626017714,0.022738217620626333,0.00810297356207168,0.007084131158858087,-0.0005871773542702741,0.0014191331448067945,-0.0027760858775230934,0.0013134581372631349,0.010940901713968998,0.0006184433416607238,0.0
2021-03-08,-0.004905314403914396,0.01914997907899152,-0.004946587317162354,-0.026045796450627656,-0.004582695585821583,-0.007085828234563385,-0.00770834536353493,-0.005574296844319093,0.008634045174645166,-0.009888741927954525,0.0
2021-03-09,0.013990164506356928,0.009807655451976371,0.012841826437232307,0.021667150501040622,0.0033052076915534023,0.012250517804882621,0.004207801589827254,0.005605543809487079,0.0066204298734240385,0.021223479580059434,9.08018096150709e-05
2021-03-10,0.006182125068995958,0.020695246875694462,0.004294664272550319,-0.001719638312476457,0.0018825904907557867,0.0018797330774693588,0.003545505156710149,0.00524678149816471,0.009978401626059119,0.004278709792952418,-9.079356539498651e-05
2021-03-11,0.010556606851790162,0.012983519692148171,0.007330324594185811,0.030047935964002015,0.0001173072661915242,-0.006332439778084287,0.0011783012646147117,0.00032620236773439615,0.011676041115345592,0.0,0.0
2021-03-12,0.001409209754112517,0.00965670956221798,0.002425843526966176,-0.01765131070214554,-0.005988591977978741,-0.020182260328648005,-0.006202909127042355,-0.006848253678270022,0.01675799598519334,0.0006086566461405152,0.0
2021-03-15,0.005795399855281103,-0.0019128988558895221,0.0024197906180571938,-0.0005675231839258332,0.0011810762990334123,0.005300124583937471,0.0012917815527850873,0.0027909289422101136,0.01484362706915654,0.0030413160241062887,0.0
2021-03-16,-0.0011247972912187265,-0.015506542482540242,0.0016092692452587265,0.004352772751722522,-0.00011796830033983241,-0.003115038165989348,0.0,0.001964664062342747,-0.004087182386322774,0.0012128840534433305,0.0
2021-03-17,0.003268557175830411,0.005486141532957456,0.005221880878284013,0.000753535325981769,-0.00035362459303378557,-0.00769242883560628,0.001611957363869987,-0.0008168129219597864,0.000864232369649498,0.0066626655861052875,9.08018096150709e-05
2021-03-18,-0.014702583315361228,-0.022089263023373773,-0.009590475879747595,-0.01543944038440892,-0.004132019727075775,-0.009205684218855814,-0.005579572255805854,-0.0068684910299325885,-0.010142674491013581,-0.005415171362412652,0.0
2021-03-19,-0.0017782849600593842,0.0021600836865627304,0.003429755218502306,0.009944490786667481,0.0008303504521043337,0.005867839708189493,-0.0006478881205639331,0.0018110076187354274,-0.013625441792178172,0.00483968060392681,0.0
2021-03-22,0.007905753878890698,-0.014008560071908427,0.0004238778264242793,-0.0021236067688104043,0.00284239889415816,0.010088090658801452,0.0021595628772581588,0.004109510122837889,0.007072462279261504,-0.002408242869203381,9.029967474005751e-05
2021-03-23,-0.007346687927561102,-0.03460878529478084,-0.015142143893045912,-0.01634045922136773,0.0022439440639594466,0.008903613394390275,0.0020468528376114126,0.0024554873780771036,-0.001426266884825944,-0.007845453419483617,-9.02915214450184e-05
2021-03-24,-0.005536891732336735,-0.017452631977675548,-0.004305079323500216,-0.023372677502358163,0.00153170647409695,0.005128149258635695,0.0016131603445979081,0.0026124428007197054,-0.005604520491927056,0.0036496024326815313,0.0
2021-03-25,0.005623738253500488,0.027010879024125467,0.006382550530301678,0.0015821598862435504,-0.0007058108765092275,-0.006762867924594351,-0.00010756041004988948,-0.0006513693443116475,0.010182057204018546,-0.003636331269235349,0.0
2021-03-26,0.016313786340194536,0.024369605752140533,0.01370704384303112,0.024881693918235692,-0.0017665232910718531,-0.0039424911724949,-0.0016102276066676247,0.0,0.021566780137053376,0.0036496024326815313,0.0
2021-03-29,-0.0006045486802552791,-0.024704994088515675,-0.004843711126324091,-0.005587509020030024,-0.0012969774748480267,-0.00827563646206908,-0.0018279086013142098,-0.0024448411388036106,-0.005816507960595407,-0.012121258359966802,0.0
2021-03-30,-0.002556361847042554,0.014448100175074474,-0.0012167760602460609,0.004068847024871536,0.0010628247393194012,0.004958163265647686,0.0008619114149546192,-0.0014700709517713184,0.0013005830491117365,-0.017177840024694913,-9.079356539498651e-05
2021-03-31,0.0039683355663977515,0.003699128719520939,-0.002842420112471822,0.004438194361408465,-0.0004724613119978516,-0.003609889832291713,0.0012913463803450043,0.0006543532866678525,-0.00605960703713615,0.0149812586929019,0.0
2021-04-01,0.010595859660348816,0.014374114207107436,0.01303170651610075,0.009030052615497608,0.0032185936654889336,0.013742874002388161,0.0030909624793362678,0.0025221473806500416,0.018179938705269016,0.012300052446221565,0.0
2021-04-05,0.014423024127297124,0.004360090705343822,0.01507554515237941,0.0020943684929284334,-0.0015332765976394658,-0.004295879438349859,-0.0033280340172895384,-0.003103782012335632,0.0038490309036138814,-0.0006074314756575605,0.0
2021-04-06,-0.0005623920761684831,-0.0009947950232294112,-0.008712936186207831,0.004750298167994327,0.003543153968756929,0.006711199700227821,0.004632198909868546,0.0011470923439955705,0.002555915017576238,0.009726434042032217,0.00018110968372897496
2021-04-07,0.0012591814396003542,-0.014847270495785048,0.001797999185139787,-0.014561450238727014,-0.0011770594855676775,-0.00630959628256611,0.00010673429610918994,0.0004906278248735241,0.0007436661654345311,-0.0036123643038051823,-9.02915214450184e-05
2021-04-08,0.00486970682463439,0.005238135015636747,0.005782396688375435,0.01036269296118042,0.002238823927631195,0.007786950379657487,0.0030018095303958603,0.0017998068782685284,-0.003715368271933528,0.010876151871518136,0.0
2021-04-09,0.007189558615505742,0.0010968270404021485,0.0023792121803094535,-0.00854696481350814,-0.001293512939771202,-0.0035659544978862145,-0.0011753851751251654,-0.0017965733931182282,-0.0011721189412499111,-0.007172679926369274,9.029967474005751e-05
2021-04-12,0.0004496158278675111,0.0011872815198661346,-0.005340298545209676,-0.006513351497512643,-0.00023474085603159,0.0,-0.0008559693375187472,0.00016372708267486935,0.005867472081413583,-0.006622553058969083,-9.02915214450184e-05
2021-04-13,0.0027217588529473424,-0.006840750398474094,0.006761147917020427,0.0001928123670735804,0.0025898091922036404,0.006800351782884739,0.003534239832434727,0.00327130638142914,0.004984456631571543,0.006666703657670414,0.0
2021-04-14,-0.003215405673074323,0.011020543957414919,0.0009872769156125116,0.0053979652218654195,-0.0007047003009073016,-0.0029624473933071993,-0.0006403901410360069,0.0,-0.005276514223791384,-0.0036123643038051823,0.0
2021-04-15,0.010734256180937596,0.003179215509723221,0.0076953323571580245,0.008820909754254869,0.004230863510890304,0.014975369328685595,0.0040590420047603715,0.0053797471108962824,0.01750481176809604,0.016314227807277426,-9.079356539498651e-05
2021-04-16,0.0035055209526047015,0.0029879733227362593,0.005874214060486382,0.0032312528489280012,-0.002691105966479923,-0.006558141697326381,-0.004042632788462286,-0.0003244294170431372,0.0021893970976019084,0.005350782058312742,0.0
2021-04-19,-0.004926708137118152,-0.010111066912813604,-0.0029199545919232905,-0.00208413653846351,-0.0005869628427278561,-0.0030644399980759296,-0.0007472139349750107,-0.0016215712754820144,0.001976774318623642,-0.0023654055907536,0.0
2021-04-20,-0.0073347344848331275,-0.023529502697639093,-0.01659504141530288,-0.007594483060339607,0.0016439496609952364,0.004965641542131749,0.0014960500684684241,0.0006495716115835215,0.00820278847217204,0.0035565775315697934,0.0
2021-04-21,0.009394464911905542,0.022975577196733488,0.009132391112010474,0.007843900588606179,0.0010546950848102643,0.0017652767207816389,0.0019208643788914959,0.0008118905796576925,0.006590904826049737,0.01004135104722792,0.0
2021-04-22,-0.009176669185664732,-0.0058431531558527094,-0.0041314536025500725,-0.0017083853389104897,0.00046849568458928736,0.0038750774896492146,0.0006394964988647445,0.0012979553679113298,-0.005422375855297257,-0.005847975394087768,0.0
2021-04-23,0.010660085407655062,0.018550988281634595,0.011458129777982329,0.013690727444600093,0.00011675037495040286,-0.0017543939058871638,0.0005320202392884443,0.0,0.005863439993654129,-0.005294126622817141,9.08018096150709e-05
2021-04-26,0.0021669049738668456,0.004868603080179668,0.0015622157134542736,0.0013133129403311017,-0.0007016951258956849,-0.0010550909026721955,-0.0005317373442593754,0.0008100230840850653,0.002965828138539406,0.003548164783192753,-9.079356539498651e-05
2021-04-27,-0.0003125461059024781,0.0033200207944894533,-0.003119997007753006,0.0014984918350489096,-0.0025766020932340705,-0.008563984447747197,-0.0024485799221674043,0.0,-0.00010190146798449984,-0.002946331118658385,0.0
2021-04-28,-0.0004688800764255374,0.0018780325109020168,0.0027386186894915454,0.00804338158315221,0.0004701870805337016,0.0010646747101004106,0.000960531246038121,0.003561531219543168,-0.0021415856392406063,0.0029550376380080845,0.0
2021-04-29,0.006674091941377469,0.0006248620946045502,0.0009756703407721723,-0.002226757871034213,-0.0008222276500065018,-0.002954659468799359,-0.0008523821342073523,-0.0006452743966535168,0.00858482347344558,-0.004124908524252735,0.0
2021-04-30,-0.006604050009559881,-0.013916198467171625,-0.013642736230575658,-0.014691940872167297,0.001410418891212517,0.0024895353781051455,0.0010663362522382869,-0.0006456910445528097,0.003951568564582564,-0.0029585348040910286,0.0
2021-05-03,0.0022679720459977126,0.011307948472190077,0.010472102668294125,-0.00037772678141356764,0.0002459167702675291,0.0006277288830021099,0.0017723476917956837,0.0024462107645661924,-0.0019177184099260502,0.013056338775898846,0.0
2021-05-04,-0.006086651398667042,-0.004562033487516937,-0.012123602568685166,-0.012273340818377054,0.0012925017444089804,0.005563380005670249,-0.00010621100237462322,0.0019390694375032158,-0.006471794789967733,-0.007615651030504655,9.08018096150709e-05
2021-05-05,0.00018314399135022086,-0.0004491996018729516,0.011876599508263253,0.003823245248711027,0.000585892075958494,0.0015302106987420405,0.00106634310240028,0.0050002252002077086,-0.016590023692659273,0.0047225455244357395,0.0
2021-05-06,0.008137793327210652,0.006652949563200616,0.008215856068474858,0.009902988100578325,0.0004686941619744811,0.001410468798445308,0.0014901457038047905,-0.0012841284734304015,0.005588756850582133,0.016451161678386006,0.0
2021-05-07,0.007137495191519738,0.0075018431249307405,0.011641643475367447,0.008862834854048929,0.00011690628384553037,-0.004107992054118048,0.0009568691194297152,0.002249900395439708,0.013174056273366208,0.008670608814685288,0.0
2021-05-10,-0.009792936823033283,-0.02056559814177783,-0.005178384768460997,-0.018691529174482913,-0.002342948503227693,-0.008721088420625911,-0.001380255546057696,0.0006413302049765868,-0.00030484157111621,0.004011443654081903,-9.079356539498651e-05
2021-05-11,-0.008770751682659061,-0.006606815408938926,-0.011953150898178944,-0.0026664664265381166,-0.0019959916282432655,-0.005350228007458324,-0.0020217509962094926,-0.0022431783014625895,-0.012600238278416942,0.0,0.0
2021-05-12,-0.021346494280490735,-0.03079461523082483,-0.017561101773900245,-0.02559227197303937,-0.0035301480250161665,-0.010280207275259134,-0.00500920026431162,-0.0019269248360971325,-0.025316466707998142,-0.010273989753009194,0.0
2021-05-13,0.011885182508902803,0.025098986666158396,0.006951610037381206,-0.001176009132089817,0.002008138923063507,0.0014496416163782833,0.0036422808761469305,0.0001604133743637881,0.012987266706949496,0.004613605709462121,9.08018096150709e-05
2021-05-14,0.015351686008206133,0.019990736288308497,0.015976301829313755,0.01648360071910626,0.0023563241897972542,0.007838806913821328,0.002988598528310682,0.0032177187551241104,0.01188220916889926,0.00803670430742165,-9.079356539498651e-05
2021-05-17,-0.002402367193014787,0.0025174251387236612,-0.0015533386203895327,0.0005793670943241569,-0.0009404631527986096,-0.0019143855608179106,-0.001064126060263626,0.001764270819024194,0.0010300834283405447,0.012528543701257888,0.0
2021-05-18,-0.008638082192087282,-0.009864613512837295,0.0035004711650821196,0.014470159643453773,-0.00105908366600993,-0.002277982698446812,-0.0010656613502776358,-0.001120627818080644,0.00020595932830014263,0.0011247778201752823,0.0
2021-05-19,-0.002640466591206536,-0.00652114346417787,-0.008913232123613057,-0.0026629216342400897,-0.0010596727270281159,-0.0022829627055672708,-0.0019193520269166209,-0.006570608799270405,-0.0031894414385233993,0.0011236212708385374,0.0
2021-05-20,0.010669189512992894,0.002096603121164664,0.013880650105104753,0.0036233453791858494,0.0033015511081031512,0.007707674863047798,0.003846488968264339,0.00016106164843443516,0.011249897851136836,0.004489333618186819,0.0
2021-05-21,-0.0007599193758777156,0.00482166797993977,-0.0001928243470907809,-0.010640289107782364,0.0002345545009005967,0.0027493139082195306,0.00042586151413037676,0.002258246796478236,-0.0010207173606978648,0.0011173440329554918,9.08018096150709e-05
2021-05-24,0.010092572838338532,0.00507018150703642,0.006171482300243225,0.009410392934845468,0.0011759052937250214,0.0033370515220363384,0.001276639493275944,0.002413675714789898,0.012464266457580697,0.001116096968667435,0.0
2021-05-25,-0.0021021618409556853,-0.011350191594970638,0.0,0.010464215329075044,0.0025819959762813927,0.009266230818272936,0.0027623919212658166,0.0028901981113136355,-0.0003028113402894217,0.00891860884331419,0.0
2021-05-26,0.001820559681266598,0.0213211509433191,0.0,0.007343290991474571,-0.00035138615046281796,-0.0015305715923833452,-0.00042346683577365596,-0.002081276621689443,0.004441345784561124,-0.0016574964648189416,0.0
2021-05-27,0.00044132147965902924,0.009724321277466919,0.0019170448528773587,0.0018690186368097716,-0.0014056141357828844,-0.004361301945779994,-0.0018024203502102765,-0.0004811709082112037,-0.0023112333852080003,0.0005534161068470045,0.0
2021-05-28,0.001946092462633775,-0.0029156372493562843,0.0028695914781557974,0.005223991997060695,-0.00011648456388224648,-0.001539632635681576,0.0003183834929172402,0.0011235056171396973,0.0060434487647405,0.002765444539354789,-9.079356539498651e-05
2021-06-01,-0.000777112293620208,0.017102322660905278,0.005341489793716736,0.02097254194508391,-7.111063113507399e-05,-0.0002372234193067646,0.0005853188851916435,0.0023504685459190267,0.018021622750059585,-0.0016546486864595922,-9.014322894695947e-05
2021-06-02,0.0016850101821335173,-0.0030493106167667205,0.002846263091080159,0.002363274289838291,0.0010576996976892072,0.0022571573105549803,0.0015945810851134556,-0.00032106155271649506,0.01170341447733958,0.004696081916090833,9.01513554811828e-05
2021-06-03,-0.0038034571734090195,-0.008476730633767415,-0.005297859898709678,-0.011244238880836477,-0.0018779553107164393,-0.0035561870699603038,-0.0033964104790967786,-0.0038561439350398574,-0.0036940377341676545,-0.0200714754928506,-9.014322894695947e-05
2021-06-04,0.009064593939896781,0.003613527245063919,0.009511004201885331,0.008987595155335981,0.003997564969606904,0.012967075125272842,0.004473231361001639,0.00435468321984156,0.00048790076662919013,0.011223387562545373,9.01513554811828e-05
2021-06-07,-0.0008492786715311729,0.009748094447179056,0.002261050501489059,-0.003999217737763572,-0.0007025502787048055,-0.002935688757249144,-0.0003184499230513005,-0.0019266792372374386,0.011800084983767611,0.004161978561910029,-9.014322894695947e-05
2021-06-08,0.00015445317985562923,0.011480115571497418,-0.000563839287603729,-0.004197940955279478,0.0018749966199798074,0.006360117063792359,0.002333648225483209,0.0006432593959797561,0.008289272198008346,-0.0033158037147922315,9.01513554811828e-05
2021-06-09,-0.0015711321464626504,-0.007394650063342723,-0.003950287410278808,-0.0007331651609856493,0.001988230648303002,0.008309775356636795,0.002221780598593348,0.00016109891310533975,0.0013383289473565263,-0.0016634703021531916,-0.00018069807081144695
2021-06-10,0.0046179529641758865,-0.015687406097323775,0.0032106192775926967,0.006970138144374305,0.002101008103616797,0.00557193202660744,0.003377885351578902,0.005305180971169943,0.00716007530390006,0.0041655521485877145,9.05712079071197e-05
2021-06-11,0.0017459082280610883,0.010054460472630256,0.001694085474397422,-0.004371583269329626,-0.00023221803323236756,-0.0010387628122913162,-0.00010465281256166747,-0.0027188578870191993,-0.00398111556345726,-0.011061989147312823,-9.056300550625007e-05
2021-06-14,0.002512510097690379,-0.004889913951588221,0.0015035420689277768,0.0040247428533830565,-0.002563742735438468,-0.007164836330839863,-0.002209722422186866,-0.0006414026161498665,0.003901656552684374,-0.005872457895116923,0.0
2021-06-15,-0.002097140178578427,0.0017550626836162486,0.00018765004188114887,-0.006742049399424466,0.0,-0.0010476676489997727,0.0010544137013246413,0.0020859737289178337,-0.01071196156725085,-0.0039380982462157155,9.05712079071197e-05
2021-06-16,-0.005483513410620033,-0.00035048471615017895,-0.006566519258227821,-0.013575461601525562,-0.0028041527421829304,-0.00128124313963629,-0.005057143551083665,-0.008966772759703479,-0.00651579602187069,-0.016661964279308217,0.0
2021-06-17,-0.0003607006213637298,-0.017612837381715374,-0.007365513333448925,0.005765365337848438,0.003397596729267205,0.013416215363876605,0.0022237274247027816,0.002746505549968692,-0.0012535835113274274,-0.030729457329181642,0.0
2021-06-18,-0.013274234691824316,-0.02613516502183333,-0.019025800414897542,-0.007766353495199496,0.0031521969824142015,0.017957306209574364,0.0026413166020786694,0.0006444254596433829,-0.016996682786517336,-0.005629588939525476,-0.00018054970097747258
2021-06-21,0.01400155255117852,0.022439874142245797,0.013764509403687342,0.004870647406429729,-0.0034914002955258594,-0.015266154624304917,-0.0017910424674284497,-0.0017713197216577825,0.020630625302132888,0.01221691986396678,9.000294547600873e-05
2021-06-22,0.005306481752131331,0.00555415184789565,0.0009643171639583947,-0.004287717395024315,0.0014014320160160576,0.0019517457257780535,0.0014779790655226055,0.005645926326596884,-0.005197939375726546,-0.004121265369961602,-8.999484567484561e-05
2021-06-23,-0.0010760272417248418,0.00169279772511155,-0.005395059707691052,0.005804379522976522,-0.0006994715443936483,-0.002291457189122048,-0.0017925999632613099,0.0003209588444492706,-0.0017417905872604278,-0.0008868635048845386,9.000294547600873e-05
2021-06-24,0.005720597176920306,0.013340319497562536,0.008330079384807787,0.007445683922860269,0.00046678157378687857,0.001608115407939703,0.0011616733063850582,-0.002244986433948326,-0.0021571397319466445,-0.0008875378690536007,9.05712079071197e-05
2021-06-25,0.003698445056757649,0.0010531933208595134,0.0032660804888953177,0.008130216168624749,-0.0018666773913004198,-0.009749469368273922,-0.0012654305610114713,0.001285923946385381,0.00675017184030513,0.003257347019854029,-0.00018054970097747258
2021-06-28,0.002083772220792035,-0.010257722366951993,-0.006510724812058832,0.0023826124956334294,0.0026882877478906497,0.009613715702448511,0.0022176571459917582,0.0012838083586699245,-0.0029151557195024047,0.0,9.000294547600873e-05
2021-06-29,0.00044021158164087026,-0.0023032654931729457,-0.00019283798019775755,-0.000731199344150224,0.00046607763762862575,0.0013765777632128717,0.001264726051710685,0.0008018825544888752,-0.002728815258461692,-0.010330645743330535,0.0
2021-06-30,0.0009156971233861277,0.0031077019156040553,-0.006747617410394202,-0.006221499505447925,0.0006992651653989768,0.004697052179241323,0.0005261467607808878,0.0012813665604547442,-0.005277258628871517,0.005368336168473764,0.0
2021-07-01,0.005641244425205638,0.006284354146449678,0.0029112215271229758,-0.005339664017148471,-9.365480776268864e-05,0.00013737031749916362,-0.0007375840026224711,0.0009325816043594948,0.004322906244892177,0.002966546767556144,0.0
2021-07-02,0.007606198463611991,-0.010555236875523843,0.0036774309431473196,-0.001110691628578353,0.0017495808844538718,0.005480134395043246,0.002425463093380209,0.004176417417151024,0.003032248900753931,0.006802707272825614,0.0
2021-07-06,-0.0018809721543662228,-0.014579005771785392,-0.005977785796654866,-0.01797640940819234,0.003608531827124617,0.010561003531162738,0.003260775801802618,0.002719622060124882,0.007314278126469453,0.005287905415233718,-8.999484567484561e-05
2021-07-07,0.0034421899179171156,-0.006675635325946838,0.0034918319307986057,0.000943553437079192,0.0020883783963920877,0.009439395634704528,0.002097152539014102,-0.0007974268774851856,0.0034851728018197026,0.0035066898773856714,9.000294547600873e-05
2021-07-08,-0.007962446172918969,-0.011715601707340317,-0.014498399379333171,-0.01904208193833412,0.0009262454691674193,0.0034511738461588948,0.0006281337890570171,-0.0009580586936688285,-0.0027977996581096676,-0.000291156711962004,0.0
2021-07-09,0.010550523838498638,0.025455046633580114,0.01726179504305758,0.01825872079672175,-0.003122937479502097,-0.012646789367359412,-0.002823305233536133,0.0001596890936104156,0.016447538192741362,0.002912859562699932,0.0
2021-07-12,0.0036217008149808105,0.004749203184868156,0.0036636125079554382,0.0005661208020013575,-0.00034785882360832687,-0.0015731923328842212,-0.0004201047040793826,0.0022370524812864723,0.008566495083479397,-0.0008712976773446179,-8.999484567484561e-05
2021-07-13,-0.003384681708500814,-0.01872954986389186,-0.0055715490692919145,0.000565884749768264,-0.00313339151520442,-0.007427766089133758,-0.0025173517530507894,0.0,-0.013967519900917047,0.0014534661291492057,9.000294547600873e-05
2021-07-14,0.001373456814108609,-0.011725183315492549,0.002511670665683363,0.004902122189766267,0.003376096521442662,0.011110885880149857,0.00336520318263811,0.003029741984989398,0.006986999660450799,0.010159607151521977,0.0
2021-07-15,-0.0032169473163201623,-0.00450697545323675,-0.008094192158910607,0.0009380654716737435,0.002436656470430787,0.009867951303631273,0.0015726899190704469,0.00317903533162478,0.0016155842092908657,0.000287417714073257,-8.999484567484561e-05
2021-07-16,-0.0077802570537596205,-0.01450466713027887,-0.007771407686126053,-0.006748009483716122,-0.000925824458496205,-0.0009993259436559265,-0.0006280685187463053,-0.00015885449725738798,-0.0006641831556072342,-0.00948008670025191,0.0
2021-07-19,-0.01495196539155852,-0.019218040479747955,-0.019580994818536812,-0.014719821357029428,0.005675537238210238,0.020784373071715878,0.0050266238628347,0.00031737955875055235,-0.018231701857822746,0.000580059687621981,0.0
2021-07-20,0.014129455288699688,0.03010874148603504,0.008987211957283359,0.0007662738882057152,-0.0010360358344553289,-0.008710203441073427,-0.00020827687199853617,-0.00015844953408927775,0.023599849001665563,-0.0008695298346920177,9.000294547600873e-05
2021-07-21,0.00840450290658934,0.01670243416989492,0.014449858815749783,0.008612505961494765,-0.003228845814460257,-0.011973098370413049,-0.0032313135111253777,-0.0022185690499323396,-9.446725053063876e-05,-0.0037714262695515144,-8.999484567484561e-05
2021-07-22,0.002127705455379436,-0.018709544392633837,0.0013657624648701905,0.0015179589545932792,0.0021976855059469003,0.008004690425878147,0.0024049224747160203,0.0028587339553118873,-0.00793793761329209,0.002038430242084388,0.0
2021-07-23,0.00999043788153453,0.008184530464786732,0.006040860771096002,-0.015536300988232887,-0.0011539480353160991,-0.006176564749623692,-0.00041669442669978185,0.004433644220645183,0.008287237847377282,-0.003487327300694232,9.000294547600873e-05
2021-07-26,0.0025469261420583145,0.00885607484469686,0.0011617653088746849,-0.01905293886106163,-0.0005777971977775076,-0.002884695707897178,-0.001043493568635312,0.004099176937033322,0.00047224698728887127,-0.001749821279936059,-8.999484567484561e-05
2021-07-27,-0.0044397373828068964,-0.009418488773587419,-0.0036756624487274125,-0.021581281272956776,0.0025440281832189715,0.010461827386532008,0.0026110664829470664,0.000313912417682749,0.005665609866994048,0.0017528885215725154,0.0
2021-07-28,-0.0005450138858824616,0.008492757327814848,0.0044660929725770515,0.028273437404837676,0.0009222042076895143,0.0003298241964322379,0.0014588629422389587,0.002825228230006749,-0.003473912772397947,0.004374386327698154,9.000294547600873e-05
2021-07-29,0.004313357920921801,0.012448396971787679,0.007539209119505896,0.003510027723627074,-0.0017285027426694466,-0.0056155608731341955,-0.0015606159556710297,-0.0015647991335822065,0.00018822467488410766,0.011324135304791927,0.0
2021-07-30,-0.004887287626523351,-0.003164230812329971,-0.006523473088948961,-0.006801509471432432,0.0015010188949213799,0.005093764536970191,0.0012504442277503358,0.001567251567476946,0.0013189940502500441,-0.00775195071976531,0.0
2021-08-02,-0.0020339252986878442,-0.006348625094931282,0.004828018134523937,0.008022191852698368,0.0023778499966626843,0.007977629224229954,0.0022833944855031874,1.5834098272771158e-05,-0.002163870124974876,-0.0008681305787600069,0.0
2021-08-03,0.00807786274782174,0.009218543423221481,0.007111347038182059,0.002523287853175793,0.00023062423956332623,0.000656977155513383,0.0,0.0011019907648897043,0.0012257628263241394,-0.001158329054273266,0.0
2021-08-04,-0.00478340711888714,-0.01763582604087177,-0.0028627573483503976,0.0025168504190584695,0.0,0.002188052107866545,-0.0006242865714309875,-0.001886801221657075,-0.0031078167470984797,0.0005797808667227233,-8.999484567484561e-05
2021-08-05,0.006243456159177985,0.01399373756276967,0.005167705974830961,-0.0030900312548440834,-0.0023026986785161796,-0.004693706474271253,-0.0024979254707495624,-0.0036232490852506904,0.011713880893798212,-0.0046363330974801276,0.0
2021-08-06,0.0017234160771459894,0.01225710172473815,-0.003998379490417037,-0.0067803409223946565,-0.004731578288247551,-0.015463927358455254,-0.004174319389878445,-0.002055226321368786,-0.0017740291124334062,-0.024162970981868703,9.000294547600873e-05
2021-08-09,-0.0009585346987548427,-0.008431111431039473,-0.0011473461196085388,0.0035109740480987472,-0.0018555233459667253,-0.0035649011573309908,-0.003038814615705099,-0.0017429154407307967,-0.005331807351145912,-0.018198108652181633,-8.999484567484561e-05
2021-08-10,0.0012546648985733988,0.00967888370842851,0.0021055136557501797,0.0036927194844083022,-0.001510336737083784,-0.004247972979334547,-0.0015767105659021396,0.0007936862823696433,-0.009497801935762884,0.000607731931218547,0.0
2021-08-11,0.002407824681643689,0.006987895392589705,0.0063024163556089086,0.003679479454855805,0.0006979068671097988,-0.000898255134262893,0.0016845134419078978,0.0015856600807164778,0.005886100819232132,0.013665373785882506,-9.082639419955019e-05
2021-08-12,0.0029173146733114663,-0.005071026007771318,-0.002277465249328481,-0.006559916883532302,0.00011662123123068469,-0.001573565498622309,0.0002102716623166856,-0.0009501615795507456,0.002170990500332204,0.0002995302939865496,0.0
2021-08-13,0.0019794382776427977,-0.0073327823441475815,0.005136163775445235,-0.0019423418287403127,0.003952390529866401,0.014519462209628742,0.003677798345173011,0.002535796220596076,0.005462445380596481,0.014375548098546354,0.0
2021-08-16,0.0023904022731795482,-0.004954457054600736,-0.005677668325343999,-0.007978047960939594,0.0009264728385216525,0.002440066445526856,0.0012554667178630297,0.001264728792468084,-0.0012177257896414106,0.0047239401375205325,0.0
2021-08-17,-0.0065943404085202495,-0.014485009707111418,-0.011039260384940519,-0.01804610354877556,-0.0010413432796104738,0.0,-0.0010447960471458018,-0.002368277054921597,-0.0010316059756705354,-0.0014692694344428103,9.083464438286448e-05
2021-08-18,-0.01075388494555607,-0.008083480607925186,-0.0025016593778961482,0.0011984635896642448,-0.0002313838866560003,0.0028779573067878594,-0.0017796203005659983,-0.00031641928648729056,-0.009106330909729565,0.0011771899960628662,-9.082639419955019e-05
2021-08-19,0.0014113619054285653,-0.008890827517639033,-0.010997629079204763,-0.01536326826701273,0.0022004841692091492,0.006951705060298297,0.0017827929951719224,0.0003165194393424109,0.004831936318495211,-0.003233410019736205,0.0
2021-08-20,0.007912705885555038,0.015137467344659372,0.0033163288199882235,0.0,-0.0002305122532745285,0.0006577973869683618,-0.00020931514205169144,-0.002848528035435338,0.004996961972335123,0.00029484876373331304,9.083464438286448e-05
2021-08-23,0.00885670308799602,0.012702823423702991,0.010499764181481241,0.01438727483594926,0.0002305654014247427,-0.0007666417502250056,0.0004185216234044997,0.0022220946069508862,-0.0018762241522649603,0.012087372766568905,-9.082639419955019e-05
2021-08-24,0.0015804867245885479,0.006998486453247965,0.00481045310815853,0.022373134572061026,-0.0019647233889450444,-0.006904868804884057,-0.0015695844015608529,0.0,-0.004417905706346814,-0.0002913526273518041,0.0
2021-08-25,0.0018453129678950297,0.003700808484545348,0.0007660732770429224,0.0009767477824631499,-0.001621149678110001,-0.008277158159197384,-0.001677097715925946,-0.00015830981585784887,-0.0006605329784428182,-0.00670161842312067,9.083464438286448e-05
2021-08-26,-0.005840521251914033,-0.011061414443861217,-0.0063144760512945375,-0.008198174901256627,0.00011572285401850735,0.0032271915772530413,-0.0005250288352450783,0.00015833488182370736,0.00037797380139359404,0.0011733914739893159,-9.082639419955019e-05
2021-08-27,0.008873259861715166,0.02937179619694308,0.010398408416704141,0.012595911458177733,0.0028999553587447657,0.0053241515953466045,0.003361693612082828,0.007284214359794872,0.01048265222911926,0.014356807747870182,0.0
2021-08-30,0.004590822439440423,-0.005918904092733768,-0.00019049940807291943,0.0029153002869548583,0.0011561481146429298,0.002979681802305567,0.0019887629299772946,0.0,0.009999733293960755,-0.004621601743169057,0.0
2021-08-31,-0.0017076537445821494,-0.0014217305887948006,0.0,0.01220943101051275,-0.0012706798058813584,-0.005720810893498629,-0.001358377157086199,-0.0023583742559395438,0.004719350198773897,0.0020313318828775184,0.0
2021-09-01,0.0010599833780715606,0.004627701072438484,0.008768643850626034,0.01206190236089899,0.00017412569392072363,0.0007974209463936788,0.0008911547423262611,-0.00020644271038239292,0.01602485810021781,0.0005792197645735353,0.0
2021-09-02,0.0029845215493589095,0.004251736151911878,0.004723928322006632,-0.003972518449780749,0.0013894250773911487,0.004097580880870533,0.001780232568053819,0.0004762387448395966,0.005257624354177537,-0.002894311905333624,9.083464438286448e-05
2021-09-03,-0.00038392320781199807,-0.006174249296833412,0.004890129173128255,0.004558285885652991,-0.0020814542137885805,-0.007829911786998656,-0.0020906118321781797,-0.001427285103804521,0.00018004470591614918,0.010740171950382127,-9.082639419955019e-05
2021-09-07,-0.003696876712845798,-0.00914186648280313,-0.0024333332720333223,0.008319120338044605,-0.002897901125016533,-0.007891703126327032,-0.0035616818675286988,-0.0017462677081495626,-0.011269307811104246,-0.019816158321550703,0.0
2021-09-08,-0.0009635026886437581,-0.008419931485897814,-0.00731688473445069,-0.014813415819464049,0.0016275703955339615,0.0054895151295217826,0.0016821807784528353,0.0034993230774422734,0.005015051958829453,-0.002636980655472909,9.083464438286448e-05
2021-09-09,-0.004486145110226714,-0.0025293266937134185,-0.0011339976879413127,0.0013323226995756166,0.0035972659190357525,0.011364928990070355,0.0032536168077015315,0.005230643233897547,-0.020322925591530705,0.004112790419596557,0.0
2021-09-10,-0.00772831995149359,-0.010143111806690253,-0.0028383817632344766,-0.0015206406744170398,-0.00242859999333489,-0.00760153547129816,-0.0013601371630728165,-0.002680548245274972,-0.014632350312038356,-0.004095944657649286,-9.082639419955019e-05
2021-09-13,0.002343831855158296,0.0075937693331598055,0.0075902804544303315,0.0032362932848168935,0.0015072680427439256,0.005883749552293649,0.0006283014254766517,0.0,0.006766870304734773,0.002937675423959174,0.0
2021-09-14,-0.005188259011588814,-0.0128030290996618,-0.004331436978630698,-0.009298113069380776,0.002430327316045089,0.010594547245807995,0.0019894332544947435,0.0006323023128500527,-0.0017735241599244889,0.0067369521484546,0.0
2021-09-15,0.008349673393964308,0.010761475079863247,0.0039719947296879,-0.00038317971924450855,-0.0009230843140866085,-0.0037127160099137413,-0.0007317717314154759,0.00015791955727428864,0.0031794557012554403,-0.0061099531858828104,0.0
2021-09-16,-0.0017243090911347458,-0.00373089229520307,-0.0028257462905085795,-0.010346480520050716,-0.0018492274398832498,-0.003945955032923498,-0.0016725459695732248,-0.0012639801283256258,0.0008389659974470387,-0.02254099710782065,9.083464438286448e-05
2021-09-17,-0.00980267710832139,-0.0005481249212894168,-0.0124693434725065,-0.0038722172627193574,-0.0012737187760328839,-0.004732138986567103,-0.00209465064783132,-0.003163462469276457,-0.008941787561814296,-0.001497431505675495,-9.082639419955019e-05
2021-09-20,-0.016335855158491563,-0.017089842603086103,-0.019013029669434856,-0.027208282887176027,0.0027826808914852563,0.01183111492980582,0.002623539170153899,0.001586863607524469,-0.006109054395546987,0.007198610598931454,0.0
2021-09-21,-0.0009739266620543141,-0.001859741495546685,0.008614052622754054,0.008066058434124113,-0.00023176717997652752,-0.0010928612449748742,-0.0001047218278690254,-0.001425854478942834,0.00047286998835649463,0.006253694848773028,0.0
2021-09-22,0.009649021668208357,0.016208622912320392,0.005434955794512586,0.014402802726698916,0.0010410070983437603,0.005141627475126143,0.0007332275424327683,-0.00047593843026594307,0.009735354107154315,-0.004143219468931814,0.0
2021-09-23,0.012082185692364078,0.017050034811576964,0.012161967861834322,0.004732972735029595,-0.005313852052737822,-0.021005734660561437,-0.004498546220628841,-0.0038093956320333078,-0.001965766265170643,-0.011292750397737472,0.0
2021-09-24,0.001663406554368363,-0.0013488689519749464,-0.009155307321165429,-0.010991435432374241,-0.00209022798284475,-0.008893808160205352,-0.0011559271358763112,-0.0025493335708293152,-0.010692358673567104,-0.0006011559209042616,-9.066993967854486e-05
2021-09-27,-0.0028329436869037883,0.01840414502189125,0.0,0.00535813402844143,-0.001163588586015618,-0.0038138055043260843,-0.0015781689872514937,0.0006387920670529734,-0.013450375745469922,0.0021052539796757586,0.0
2021-09-28,-0.019985147572728956,-0.014243624097461938,-0.022136350381091963,-0.011646029539499003,-0.0043110906518954994,-0.014525199918450804,-0.00484750625155439,-0.002234874293047251,-0.006768482481205762,-0.010204086305580118,0.0
2021-09-29,0.0015745572893086646,0.003070427912287066,-0.0031498941481421516,-0.007988998344872766,0.0001170831108825432,0.002170807809519504,0.0006356821731827722,0.0001601430176432217,0.007496031640046086,-0.003941815340195665,0.0
2021-09-30,-0.01266722221790828,-0.01692616754962728,-0.0029619889650909226,0.006845073130624435,-0.00023392806206301575,0.0,-0.00095247187147951,0.0011194576408459778,-0.016523401046415143,0.017047226767215262,9.067816146202112e-05
2021-10-01,0.01196750790599621,0.0196901989299898,0.0029707884075718116,0.0006001571806524275,0.0033990744188610034,0.006908154391946697,0.004594621224271567,0.0034521095585899886,0.014148305966063646,0.002394547483390186,-9.066993967854486e-05
2021-10-04,-0.012302269038456548,-0.003502670849531153,-0.009281156476887542,-0.013789233454392424,-0.0007012511492756612,-0.00204082076181189,-0.0009504996215959904,0.00016006699580728423,0.0001937753050524904,0.004777540740315445,-9.05958016422792e-05
2021-10-05,0.009715984054402327,0.002704004493036427,0.005780471898350514,0.009523875286313599,-0.0024542093084832795,-0.008409053600107574,-0.002220535095328491,0.0014396936255940407,-0.006877151943554205,-0.004457697446567654,9.06040099852845e-05
2021-10-06,0.0044466209839462145,-0.007101071080817922,-0.007332588923577799,-0.0038134776811177273,0.0004681719471326673,0.004698090456255244,-0.0006355818538559266,-0.0007986046259421675,0.009558074752998191,0.0026865717190414085,0.0
2021-10-07,0.008604215401592175,0.015209146498599058,0.008384686730509516,0.019544499086942002,-0.002810666249865923,-0.010265753974776248,-0.0028623830529965755,-0.0011192717030928945,0.0027050748493584464,-0.005656404461026665,9.067816146202112e-05
2021-10-08,-0.0018849134777022547,-0.006509871672707557,0.0001980152843488181,0.003754867303153997,-0.00246655527225792,-0.0059928876659068875,-0.0026591216614215707,0.00032016102975496175,-0.00944222006074602,0.0005987018608639705,0.0
2021-10-11,-0.007279532793754151,-0.0056547416207117784,-0.002969024757314198,-0.0027562109940858504,-0.0015306251559769057,-0.003014297838104363,-0.002025603597602621,-0.0007997315219361312,0.0025288547364932246,-0.0017952591825544095,-9.066993967854486e-05
2021-10-12,-0.002002180898895145,0.0027081538451909637,-0.0003972195865560302,-0.0027642655613682177,0.003655547568088391,0.016048414484017393,0.0027777095816958752,0.0019213599039795692,0.013097881879323925,0.004796158407816664,9.067816146202112e-05
2021-10-13,0.0032099490241883633,-0.0003601367078051032,0.01112250332407072,0.013066796479493048,0.0027027246909325786,0.009042595582357649,0.002557036707653726,0.0047944521156817466,0.007278575561078027,0.01760143629267885,0.0
2021-10-14,0.016798514706791057,0.013418457401037642,0.01080308290963039,0.0015637632441172222,0.0017575151713316028,0.003289031369185791,0.0026566333639479467,0.0019088249804337654,0.0121695486963036,0.0026385268536341933,0.0
2021-10-15,0.0077929500460358625,-0.004709903478406385,0.0079676249258398,0.010731334278536897,-0.002456456874681656,-0.005540131623135713,-0.003285013861808017,-0.0014289473660574759,-0.0007515118168094359,-0.01578950010178104,-0.00018125752700492992
2021-10-18,0.0030493633008441545,0.0016965795385419646,-0.003663043880100525,-0.001351320410141188,-0.000586180378426393,0.003297134709013827,-0.0024461535313473615,-0.0019076148091650147,0.002538085660804823,-0.0026738013367759716,0.0
2021-10-19,0.007782317147350337,0.0016044706835764977,0.006965957599207595,0.011405137004085297,-0.002816561104973969,-0.012578212476521244,-0.0024519527198512137,-0.002708026176259648,0.00046877122408650607,0.0032767533914670466,0.0
2021-10-20,0.0038855762715723774,0.00756440763688615,0.0034587988625018884,0.000191332583228343,-0.00117625586236636,-0.00631146377848979,-0.0006412467817876744,0.0017568906679679142,0.015745209398863258,0.008907340687121179,9.06040099852845e-05
2021-10-21,0.0024521302435074332,0.001059843120766013,-0.004979039792273987,-0.008025805168340505,-0.0014135506370829276,-0.0012701627266890059,-0.0026732097695064683,0.002391606129222623,0.0013837799710314513,-0.0008828363655387639,-9.05958016422792e-05
2021-10-22,-0.0010072354331394084,0.000617508387154686,0.004618975810636972,-0.002504495850109145,0.0021237517124206295,0.010291251112225508,0.0018228713112544703,0.0015907999660154104,0.004699255665094215,0.0058910385403518895,9.06040099852845e-05
2021-10-25,0.0051849996331923,0.008376775432686001,-0.0007663324442365171,0.0036694694653458537,0.0004701095637920094,-0.0011444512185632139,0.0016051187853880489,0.002699480700352641,0.0032099002595935566,0.007027755579678718,-9.05958016422792e-05
2021-10-26,0.0009550965069309303,-0.009269068350881038,0.001917257750768453,-0.006734840222857974,0.002000809423166938,0.007333528249941601,0.0012819573584492705,0.003642357675626151,0.0027425155920839384,-0.007560288634708812,9.06040099852845e-05
2021-10-27,-0.0043420917025774886,-0.019593948291195984,-0.005357827589189568,-0.005230460382363966,0.0036398828521602145,0.016607470314885076,0.0033084467166630827,0.0045768025544805635,-0.008478562690927394,0.002636980655472909,0.0
2021-10-28,0.009776322467562437,0.01935547194552134,0.010196045402150133,-0.0009738722150378631,-0.001286541032168298,-0.004363445655741205,-0.0014889089891713114,-0.00895378871019692,0.01397574467396101,0.0,0.0
2021-10-29,0.0017798995935798256,-0.001501463743102005,-0.0074268482602366515,-0.012475645635969701,0.00023376775789540893,0.002809717627275665,0.00010586957226910165,-0.0017439719457997827,-0.011244102741847839,-0.008474602723038238,-0.00018135632292393122
2021-11-01,0.002108077162306543,0.023173692647758815,0.009401318550889881,0.009672454927817098,-0.000773707347355046,-0.006667422116250155,-0.0009280515315337468,-0.003900587165363678,0.004952424829190116,0.005010261344423839,0.0
2021-11-02,0.003876642081463766,-0.0010373049506037235,-0.002280911441082556,-0.010557042360026525,0.001878109452736254,0.004745667222196603,0.002349669452942793,0.00351651215621418,0.004745321392904955,-0.002052777066173239,9.07769842617423e-05
2021-11-03,0.006027999811175633,0.02180666624290528,0.0068584624377250325,0.007310627517389534,-0.0017574927264735196,-0.009333989975347179,-0.0011720310492355779,-0.001433787418436805,0.0033605788277135673,-0.008227998511337598,-9.076874454883033e-05
2021-11-04,0.0046810875823362075,-0.0025407288977262743,-0.0007569072522169984,-0.0021577216764741003,0.004577947628835677,0.010103174979162466,0.003520318420121793,0.006380538368049082,-0.009505046889685231,0.0103703251591436,0.00018138921900567873
2021-11-05,0.0034011437299470426,0.021480924935854073,0.002083219070953657,0.0003932246351405766,0.003037532457313752,0.013711162594845838,0.004784008925339478,0.003646070630099141,0.005118022161973768,0.013489821693658532,-9.05958016422792e-05
2021-11-08,0.0012074741192462657,8.286963269066305e-05,0.0005665720950589481,0.010414530652595344,-0.0022130171808495414,-0.0018844915287282715,-0.0030684717243082416,0.0033161557214396176,-0.0008181387461509981,0.004050908104321849,-9.076874454883033e-05
2021-11-09,-0.0035017525799189153,-0.0014127141253097442,-0.0024551559493313224,-0.0023337674792651697,0.0028022300853971505,0.011773514617126724,0.002016388375122302,0.005666778337166223,0.0017290458618872684,0.004899082570824387,0.0
2021-11-10,-0.008051529790660261,-0.011069517313349597,-0.012684619374658923,-0.002728896514926582,-0.006753097364836869,-0.017345584069295095,-0.006884367316620454,-0.002504425461222204,-0.004633085650535662,0.011184382035980711,0.0
2021-11-11,0.00032830614862411345,0.007742950599583409,0.003451589026033597,0.017201038871884178,-0.0016411843175019314,-0.0015642092314608336,-0.0033057067266880624,-0.0004708786316413027,0.0016428229926532811,0.00538861175413663,0.0
2021-11-12,0.007434313992600083,-0.002254954852309199,0.006879433076355745,0.000768512502678842,0.000117962307089714,-0.0035803978088376764,0.0012842683561185009,0.00015720570041155568,-0.0007288991056185745,0.001410415683624322,9.07769842617423e-05
2021-11-15,0.0004657098597928844,0.0006694835960974199,-0.0017079807971854821,-0.0019200183002938687,-0.004109537060460355,-0.012015948820685907,-0.004488327031820671,-0.00015718099066386326,0.007020824146077409,-0.001408429212973128,-9.076874454883033e-05
2021-11-16,0.0038158732150939123,0.0025094188640448767,-0.002281429542465574,-0.0003848275112847688,-0.0007070120780524602,-0.002727749418237946,-0.0010732195344971274,-0.001569695228334611,-0.006609829074318396,-0.006770145932343707,0.0
2021-11-17,-0.002410802465795392,-0.010846905968139642,-0.002477143709772589,-0.0036565874019951483,0.00212370195853806,0.0075226074412302335,0.00247116712850759,0.0020440041546854193,0.0030991410874603442,0.009088318748788016,9.07769842617423e-05
2021-11-18,0.0034622434518192247,-0.0016870112387585845,0.0007641365906692066,-0.011976163589378364,0.001177181450503495,0.0036196831104886584,0.0008577391367619036,0.0006276414535490993,0.00018174908990697958,-0.003377397579723218,9.06040099852845e-05
2021-11-19,-0.0018756433631386127,-0.011744722598181045,-0.007635021772856354,-0.0017594782198814274,0.002116392956152735,0.009805998791183379,0.0016065580482436115,-0.0020385552422593767,-0.005905603641731427,-0.0073425112299797535,-9.05958016422792e-05
2021-11-22,-0.0026446062886227306,0.006497818782959852,-0.0053856517945440885,-0.010380029323164619,-0.004927961483103593,-0.011161609206578271,-0.0066296824450303715,-0.007856834850887284,-0.004934887756482431,-0.023044134797395643,-9.076874454883033e-05
2021-11-23,0.0013023790214596875,0.0009344261800863229,-0.001740522053366944,0.0009895886931674536,-0.004009003186431825,-0.013319578340205696,-0.0037675337909280904,-0.00411771722650478,0.008082297873601041,-0.00786256425637566,9.07769842617423e-05
2021-11-24,0.0024625635874027108,-0.0031401674919433464,-0.005230584066085675,-0.0011862624543120814,0.0023679544903763006,0.014299757219564668,0.001296795116748406,0.0033395109113742993,0.012117319526916637,-0.0011740803018973622,-0.00018096091812502824
2021-11-26,-0.021759816372040275,-0.037544734339924446,-0.027263795048460104,-0.029295309162466587,0.0070859151437723256,0.023348010648898798,0.006258853486624805,0.005230719337364187,-0.02781526915490007,-0.002056999627834455,0.0
2021-11-29,0.012081412027067806,-0.0023883247902696247,0.004804932769776782,0.0014272832742181496,-0.0001170868825732807,-0.007384666803717299,0.00010708835949535533,-0.002364863938223105,0.007407357822678096,-0.000588941646138541,9.020849778873519e-05
2021-11-30,-0.019146342796174,-0.021901091077167645,-0.009763100647652512,0.0016290877685227745,0.001876347459785821,0.015211976458178178,0.00150097608935984,0.00047400478686121517,-0.018933785037899553,-0.007660528345708295,-0.0004522374261314299
2021-12-01,-0.011501847421763411,-0.01486703058924932,-0.005231408683773142,-0.0006097118816714708,0.0006450543503224715,0.004644212150234139,0.00018258648075386574,-0.0028658540978274694,-0.016488675399901842,0.004750589250663406,0.0002716300464695731
2021-12-02,0.015256778841932217,0.02788253008044861,0.013956323730555775,0.011798105364191791,0.00011701602006031209,0.0006541140390390332,0.0003217886016568805,0.0028582254481652747,0.030005476537807496,-0.005910188003476091,9.054622442428162e-05
2021-12-03,-0.008845204305205967,-0.011727737271257643,-0.00498684151202089,-0.013872223753546242,0.003866538363215044,0.010786520418283985,0.004824078966903844,0.0017418512822051646,-0.0033291457932537183,0.00862071702702183,-9.053802654779286e-05
2021-12-06,0.011947000810879516,0.02391527408686067,0.00962281546158339,0.006523960813288099,-0.0026845596857583143,-0.012611250863433288,-0.002880968429598618,-0.0037935721399291467,0.017537364168119574,-0.0029471993286672715,0.0
2021-12-07,0.02055375595329134,0.013889985189535992,0.021445813064219887,0.014583767899611244,-0.002223380152581722,-0.007205174288357541,0.000535574207152445,0.0012691905246773327,0.014408144812213308,0.003842661731653818,-9.054622442428162e-05
2021-12-08,0.0028108900524830283,0.004013821552348418,0.0013605277429165064,0.005989158234712688,-0.00304958217937934,-0.01495504741479492,-0.0026738497514217086,-0.0015842355738154845,0.007191526809667392,0.00029452698763599017,-9.080161511521023e-05
2021-12-09,-0.0068105001128465625,-0.016165335007435666,-0.008736056910779721,-0.004961163650160194,0.00047088556225838296,0.005915936138035205,0.0,-0.003967878469278596,-0.014459125227266778,-0.006182010351001521,0.00018137250781724568
2021-12-10,0.009539082923890163,8.836625450214797e-05,0.001371089008902704,0.001794920294364788,0.0003526026555986661,-0.0021085726609918476,0.0012869167719635755,0.0,0.0030794660378636873,0.004443173380824117,-9.054622442428162e-05
2021-12-13,-0.008871203593228572,-0.01659010028173369,-0.01017027998747655,-0.015329574125731327,0.00340887153812508,0.013345478126875365,0.002570027134542796,-0.0001593593693555162,0.0093895322857116,0.0026540888526356277,9.055442378547163e-05
2021-12-14,-0.006806473193389784,-0.005695703354609227,-0.005137520541510843,-0.0022241221106298337,-0.0016399409638055973,-0.002634084170472173,-0.0025634390266865426,-0.002549857267650113,-0.01279065506624677,-0.008823506972369,0.0
2021-12-15,0.01563034615640735,0.013002163659761257,0.012314017066993976,-0.0036470390103771066,-0.001291092429973939,-0.00880253523907426,0.0017130524088186938,0.0009588282463770526,0.014043540509657504,0.0035607990851065363,-9.054622442428162e-05
2021-12-16,-0.009035020541511174,-0.017053914847524276,0.0001961408865933656,0.002643608981682144,0.0012927615045663643,0.0007771276014432171,0.002031510956796101,0.0017556562576750423,-0.0003571763376183368,0.011827366336142342,0.00018110884757094325
2021-12-17,-0.010376808782583513,0.002465642072543961,-0.011573010232409753,-0.00689635609380701,0.0017601311414985332,0.010205327758992189,0.0006400828076100762,0.0010605022197069935,-0.001251516553578358,-0.00175340067652352,-9.053802654779286e-05
2021-12-20,-0.010815445756779174,-0.0138461321276232,-0.004857010490574076,-0.013860832698491143,-0.0016397486152808227,-0.006368930401534634,-0.0014926042605064582,-0.0008028221228567611,-0.007785930944052999,-0.004391145390777007,-9.054622442428162e-05
2021-12-21,0.017746930864335875,0.029188958196271653,0.012555850657484546,0.016941875595567035,-0.0010560808263114785,-0.003757230315563964,-0.0006409277222557686,0.0017675231428360139,0.011274469398131481,0.0,9.055442378547163e-05
2021-12-22,0.01010117298052382,0.011667586959179133,0.010199703036970487,0.005553240115645508,0.0010571973121225042,0.00432588742156037,0.0005344324037483972,0.0032073029473529413,0.010256887600545772,0.009409101008948761,0.0
2021-12-23,0.006162941863933957,0.005411806590002399,0.006137607736449446,0.005931760906364714,-0.0015188589993789803,-0.007776513151587561,-0.00044141171437706017,-0.002397786781902056,-0.0010593307886810344,0.0023302654264660827,0.0
2021-12-27,0.014261311525728404,0.014912012549014975,0.00767422047814037,0.003253406515599133,0.0004716984113306566,0.0017843302021636198,0.0014004926782891225,0.0038452923864478183,0.01697644089598138,0.0020342834970830115,0.0
2021-12-28,-0.0007517511576152769,-0.0029559201956440573,0.0,-0.0034455402489514952,-0.00011781636061791723,-0.003338674363087546,0.00010734275056623055,-0.0006383281253073969,0.0036840250579430744,-0.004060307178280098,-9.054622442428162e-05
2021-12-29,0.0012086034761187303,0.0043598287700936655,-0.00019532235889174743,-0.0042709032505834355,-0.003299457401734651,-0.010830945250649537,-0.0033345161943066914,0.0007986984261851848,0.006729576197280984,-0.000291156711962004,9.055442378547163e-05
2021-12-30,-0.0028248219146898013,-0.004601464153359047,-0.0023437272031262557,0.012867666309619441,0.002246397106761444,0.008466242091515364,0.002482256997928589,0.005266311847501592,0.0043407557860535295,0.006990907397867785,0.0
2021-12-31,-0.0027408985492254345,-0.0012208570445060296,-0.0003916389291497291,-0.002621344440488338,-0.00023569983983795506,0.0008953529200554922,-0.0013990914600765514,-0.0015877603908578397,0.0027660323920251084,0.006942484251821757,0.0
2022-01-03,0.006138534282518426,0.011003220858335494,0.006071323029462894,0.00707646430366915,-0.006725671591874094,-0.023149135886154082,-0.006360708855116193,-0.005246758295705201,-0.007844311168704654,-0.015800144500419888,-0.00018133961779609464
2022-01-04,-0.00040964210566851733,0.007946838808746248,0.0036987133693728858,-0.00401543072664956,-0.00011931277961940712,-0.004350154408796825,0.0007596423501661231,-0.003996385660064661,-0.0012162726850492023,0.007589087827451824,0.0
2022-01-05,-0.01915415249539898,-0.025623423837701553,-0.0087277170659541,-0.014916373489434642,-0.003445514530346805,-0.004714080946940147,-0.005203878450609212,-0.007382507947424233,-0.028618732034417227,-0.0031865761556449934,-0.00018079567567064192
2022-01-06,-0.0013468061793392438,0.0065084504130099585,-0.005478355276157254,0.005729465015587021,-0.001072755857598584,0.0017327684780972241,-0.001853217936598428,-0.004526919262594298,0.0008955330407371953,-0.011915136565830098,9.05790233158843e-05
2022-01-07,-0.0034647094935944533,-0.011184925253507783,0.0041313997326410945,0.005086422460968132,-0.0027448104760515735,-0.006919818138290568,-0.002838605641432679,-0.0012995786889947736,-0.006620653689016653,0.004411809584673687,9.024117138478616e-05
2022-01-10,-0.001306402015066821,-0.004065064509955696,-0.009208495971696151,0.0020242904205172163,-0.0008377507557829622,0.0020902946521035304,-0.0008756857719255384,0.0006507483719753182,-0.0057642493152783025,0.0029282128741725533,0.0
2022-01-11,0.008761021866376506,0.007275737341509103,0.011864800174454126,0.019393893679477525,0.0020360905178373745,0.005214783445726123,0.0013152868664731976,0.00698846296529676,0.0015399173220860263,0.012554753435789268,-0.00018079567567064192
2022-01-12,0.002987701330225523,-0.003964122667348913,0.010748216493538854,0.01525975179237471,-0.00035888157121766184,-0.0031125126506703626,0.0006564764972725179,-0.006294376578633631,0.0011759393458143919,0.0020184456230749603,9.05790233158843e-05
2022-01-13,-0.013785464539122994,-0.0008841642570072139,-0.007153802475287296,-0.012492706485896177,0.0016740997493338572,0.008210905534084878,0.0018594022532114618,0.0008121894603043689,-0.0019875989091765467,-0.002877653931542268,0.0
2022-01-14,0.0003045271100727831,0.004602782544745887,-0.0023368811880766227,0.00197667405078894,-0.005490932643592461,-0.014338371222052393,-0.005567954653396989,-0.005031110676281814,-0.00905211014475693,-0.0031746206495664175,-0.00018155369914218955
2022-01-18,-0.01753147713125025,-0.025993254296769575,-0.01463978285003431,-0.014795852116001429,-0.0062419207375280505,-0.013382843740907924,-0.007574817127874778,-0.004729917822799301,-0.010505052809615112,-0.0011581040667940634,-0.00045277147577615917
2022-01-19,-0.010506329987086782,-0.01755027945766241,-0.00019797338095572936,0.00400489126929493,0.0024156354353783716,0.006723090146157906,0.0012169652595117597,-0.0016389439739440403,-0.013478750986933408,0.015942006871320302,0.00036276059244033654
2022-01-20,-0.011003339061489426,-0.021178688302159965,-0.006340569488005987,0.006182605812163455,0.001084798627996264,0.005624323303644818,0.00011024839953699406,0.0016416345209495642,-0.012820556886199763,-0.0025677647516958446,9.018326327225878e-05
2022-01-21,-0.01964671474204127,-0.014110974292848688,-0.013758438220475733,-0.01565896399226141,0.003731320407941441,0.011184358431236774,0.004198053234011345,0.0057356559240708815,-0.0024646520671175454,-0.0034324638165698085,0.0
2022-01-24,0.004171924894849521,0.0237595807253399,-0.011120259687685596,-0.013290418581206387,-0.0015594385249788623,-0.0076041917994769115,-0.000660175667048013,0.002933032341580155,0.0019006778461869711,0.00487939633182477,-0.00018117453190535926
2022-01-25,-0.012142292833547619,-0.011091525452745166,-0.005315849307321763,-0.00020391157857346798,-0.001320611673413019,-0.0017414199206836622,-0.0016509705739671254,-0.0027618885380265024,-0.003983659852930366,0.0034276707322269395,0.0
2022-01-26,-0.0022530459283391924,-0.015739749930405722,-0.0047277276630020015,-0.010410377924323866,-0.00553219562902918,-0.01081669468259483,-0.005733854024644769,-0.005539151171255807,-0.015617649414611412,-0.016225439154386012,0.0
2022-01-27,-0.005068210082417646,-0.020204988890604958,-0.006608925845732805,-0.008869929010737798,0.003265445325133287,0.016460997659980325,0.0013305286140943284,0.003276280335466897,-0.016542486390032418,-0.012152834691932846,-0.00018128980399434447
2022-01-28,0.024511993263531595,0.016614530800444394,0.00457383638793174,0.001665369453913934,0.001204857430230577,0.00011569995900595487,0.0011077265331431718,0.0032661890526342052,0.03236277845570501,-0.003222044883366748,0.0
2022-01-31,0.018288820180915044,0.02143829841911482,0.01593572214569483,0.03199632079050185,-0.0007221951116653802,-0.004048084425771092,0.0007747037672090062,0.003092319942567645,0.01229147507762507,0.005583380788183989,0.0
2022-02-01,0.006526638507112104,0.006588116462859173,0.009981440484376991,0.005838875481584349,-0.0003980165276443737,-0.002686798258977552,0.0007310415934502767,-0.00622648547490523,-0.0035766279266344903,0.0014611114926055269,9.086748016984281e-05
2022-02-02,0.009534240119531079,-0.004581482747101684,0.008067631808610809,-0.001801694013411126,0.0014488099015363964,0.0033821705702710148,0.0006640236242312358,0.0006544013006606342,0.01275257109757244,0.0032098222609344695,0.0
2022-02-03,-0.02324203292931537,-0.013995874509355688,-0.01600630735854991,-0.008421733799116038,-0.004219582173714542,-0.007322769155282183,-0.005641168721273959,-0.006212139509151116,-0.01063323099876623,-0.0005817468627777878,9.044697708815441e-05
2022-02-04,0.004700637149588571,0.0,0.0026433772940019917,0.0006065222947457816,-0.00617426420057543,-0.014283930015837498,-0.006451402654612859,-0.005428700286908894,-0.009899144742150146,0.000873072723049928,-0.0003623322821987296
2022-02-07,-0.0032967461074910887,0.001047613899401556,0.001825103205716827,0.0,0.0008528663230931155,0.0009505314227027384,0.0008952994714845897,-0.0004960095383732543,-0.0014284024319476396,0.007851132961780305,0.0
2022-02-08,0.008098854159067637,0.01760601325817812,0.004858518842203674,0.009094533909233427,-0.0032861880533464616,-0.006645248529969949,-0.0027962356859608795,-0.0014896890376896454,-0.0046723923019834634,0.002019610361580604,0.0
2022-02-09,0.014668702519186949,0.011409300040750026,0.015914258993887653,0.014820775961240429,0.000732502249034539,0.001553171947068499,0.0022433439093336727,0.0019889075774315312,0.022609703249239388,0.004031079513208136,0.0
2022-02-10,-0.01757139578501543,-0.013499822014612639,-0.011699049298035336,-0.005525758765874911,-0.009151970919915042,-0.014670959135173245,-0.010408385605197745,-0.00860057040712947,-0.023608701225077522,-0.004014895151614795,-0.0006345381228013425
2022-02-11,-0.019942965209155505,-0.0028118013728446467,-0.013844450752249715,-0.015479406319239941,0.006526702603979251,0.015373207357722851,0.00667233487437735,0.009342575107488926,-0.009115579215002723,0.01957962321159301,0.00027208221124519483
2022-02-14,-0.0032597221262626874,-0.0020680331418651,-0.0059002403864367725,-0.007457965906668695,-0.005628085107404868,-0.012756312864640518,-0.005841580130968249,-0.0018184199998418915,-0.009102164143578229,0.004800959739484467,-0.00027200820265194103
2022-02-15,0.016054898904270587,0.02166342351972128,0.016577838032058256,0.02274555594764549,-0.0020916595856131925,-0.010264329234962788,-0.0022605960298340833,-0.004470952532081518,0.008990428018923025,-0.009837050893934274,9.061154623823953e-05
2022-02-16,0.001194669678989957,0.003134414232385918,0.004228061829747887,0.0075458228126563665,0.0013564059850383892,0.005368283102337168,0.0006794127603129141,0.0018298369063445286,0.004648944029381763,0.010786292167266787,9.068585322968836e-05
2022-02-17,-0.02126193095585116,-0.018932126339472943,-0.015236711104255951,-0.01300753042094871,0.0022166767161724277,0.007160553491134536,0.0020377929144828055,0.002656334157108642,-0.010604364223241292,0.01376011949932665,0.0002724454362419415
2022-02-18,-0.006395278379062952,-0.005526884067784232,-0.0052930341326759,-0.007787525188654554,0.001720073752834228,0.009760363062421007,0.00011301517514916704,0.002484152963116104,-0.0060410832310620055,-0.0011079529784121522,9.024049835182346e-05
2022-02-22,-0.010944369867687875,-0.014035505088403566,-0.010438040828023909,-0.015496389820059853,-0.0006134057048481356,0.0022666910294457665,-0.001468302877659311,0.003138239206991855,-0.0036271829167390246,0.0024958444026725868,-0.0001813719837937544
2022-02-23,-0.018003720124092015,-0.014617211924308315,-0.009307067532036362,-0.009198373922562397,-0.005031897295383891,-0.0133344839161057,-0.005202836425357127,0.0009882203310851434,-0.016528908447548618,0.004425998358466687,9.115616122845616e-05
2022-02-24,0.015368314242653947,0.016870250151530763,-0.012943703870241685,-0.020218838813646278,0.002220174493214655,0.0013272237620449712,0.001477943043517227,0.00411242491696906,0.016806704934719585,-0.00633433030948638,0.0
2022-02-25,0.02184008316569641,0.022406638679738355,0.025169091119191522,0.018530002076268204,0.0008619033240921947,0.00012068559914713006,0.002043829366397132,-0.0009829731823952637,0.024104556518873332,-0.003326018306316847,9.024049835182346e-05
2022-02-28,-0.0025101909045176507,0.0044762262421287335,-0.01402922178291921,-0.01137072476649037,0.007378121023300821,0.018676903301402037,0.00804392472879778,0.016891065169698738,-0.01489065469392159,0.009733100604262468,-9.023235573912824e-05
2022-03-01,-0.014998863206681201,-0.018568361774694675,-0.019669364283733337,-0.0135924047268845,0.005245209115769756,0.012971752775193135,0.004267643469261895,0.007998339594296855,-0.005266330257919449,0.01872763094071317,0.00027179382273279096
2022-03-02,0.018363947730341224,0.02705520351208479,0.012166393939490261,0.0031802175621478135,-0.01228466360496161,-0.030289266418836558,-0.010539270855641769,-0.0067328767794858635,0.01872535808394371,-0.010273075179027313,-0.00018150399271676942
2022-03-03,-0.005017432493178209,-0.007276309119350732,-0.015816028421582917,-0.013948097603621479,0.004433283152120104,0.008079932222466946,0.002379616022615938,-0.0011298273984490237,0.0081802755248217,0.005736112564097562,0.00018153694239653184
2022-03-04,-0.008088125418244885,-0.013453425178417633,-0.02571248111412705,-0.018859530198549912,0.0035556723199487994,0.016748757263405967,0.0022608564931554387,0.0074326678618590325,0.004581583316519033,0.015752358388428256,-0.00018150399271676942
2022-03-07,-0.029521438429156333,-0.022383100049601534,-0.029470000189820045,-0.03538653210224052,-0.004886728905580284,-0.0071775140935500525,-0.00823355808954318,0.006254996331409801,-0.019763970799241193,0.014705861353507599,9.080971084896028e-05
2022-03-08,-0.00754631660648597,0.00288591717382225,0.006118500830288642,0.004302523063194785,-0.0046648182193719245,-0.010073052954401862,-0.0068237646987211464,0.003984626327454777,-0.004847040728315655,0.027140942255335476,-9.08014651942457e-05
2022-03-09,0.02665246598194182,0.02206248332502736,0.0382882229478303,0.02525366508323823,-0.002713601656415321,-0.009577417321133819,-0.0006870227158732867,-0.009525428556380167,0.015390642504383933,-0.029245751745409998,0.0
2022-03-10,-0.004453898372026477,-0.0007507219205182825,-0.011280032662855266,-0.015394754355010698,-0.0053181593220514856,-0.012449961313524938,-0.006416866263983967,-0.0022437841971553185,0.0024942949916959556,0.003435546183694793,-9.023235573912824e-05
2022-03-11,-0.012757273384924495,-0.012303991773515377,-0.009433975866439237,-0.02032610570361959,-0.000745510904758051,0.002937260649122031,-0.0017302619786755402,0.006907642025135052,-0.007942623874160781,-0.00763763250471583,-9.11478525400522e-05
2022-03-14,-0.007302630043688696,-0.011030949475088758,0.006423158771145854,-0.023939740344655736,-0.009207700449845646,-0.021235150135472836,-0.011205849867344075,-0.010689091766882264,-0.007813215496938475,-0.015127380313368022,-0.00018123989703067167
2022-03-15,0.0219386147863303,0.010480655633888558,0.008802860018346514,-0.0004674053841906556,0.0016328433498320472,-0.00249346084866664,0.0028042806782062613,-0.008224395185831401,0.006708166931008952,-0.017784959217381657,0.0
2022-03-16,0.022361354519738308,0.025026326253282605,0.03381306928421912,0.07782190471040495,0.0015044393355942987,0.008374845821272459,0.0030295913121500817,-0.005040729522488352,0.011878077126142195,0.005486989266206166,9.076013926900828e-05
2022-03-17,0.012234297034978692,0.012346801103826799,0.009073934985849297,-0.00737201149852873,0.0008763084833329771,-0.00756154301063372,0.006039706162136893,0.013237311728244938,0.01546133142314865,0.00545694242607242,0.00027192570092227086
2022-03-18,0.011050625072772213,0.005043596373332848,0.008573909646360622,0.015727496507218497,0.002876730611591105,0.010866390026095907,0.0021938347096697175,-0.0027418826991670864,0.0,-0.009497923707293743,-0.0001813719837937544
2022-03-21,4.8731937832613426e-05,-0.005565789974754876,-0.005338109164936489,-0.012638675362551255,-0.010227189917244917,-0.02236463918724585,-0.010253520267222815,-0.00889530114099335,-0.006109146165917512,0.007671199432791154,-0.00027190109267771767
2022-03-22,0.011612477117343145,0.004220746684177268,0.00918777413497418,0.015509028766211186,-0.0025203371658036877,-0.01061713362806671,-0.002793406725157488,-0.0047321776054670694,0.0025530631287253858,-0.006525227616500762,0.0
2022-03-23,-0.012877993779141894,-0.01781646073423948,-0.012621398848855159,-0.006883493338797342,0.004548429624967154,0.019545069971433904,0.002100896941617414,0.012624617125910342,-0.011219230779557221,0.012315291506963977,0.0
2022-03-24,0.01486442409208344,0.00846894595230796,0.007962824327514939,0.006064839198617111,-0.0012579684308280381,-0.007517392439254089,-0.0020964924270893137,-0.006152696531343094,0.006330158370894123,0.00811027908752937,-9.060333652977093e-05
2022-03-25,0.005072144219053332,0.005820645604181607,0.0014553367119938265,-0.007750469282128636,-0.008813842319362775,-0.01401316537264119,-0.0072371503760649825,-0.007005474990076865,0.01248615292325539,-0.0034862178847816505,-9.077659459200138e-05
2022-03-28,0.00689723900842143,-0.003122951524203277,-0.003113826172701395,0.003254555173185958,0.0029212273363878882,0.007554175602573432,0.0024689323578710454,-0.0006566072539858636,0.010637069638359087,-0.01829925478923644,-9.08673673990501e-05
2022-03-29,0.012649426692268317,0.023771942873471286,0.019575075192414415,0.01535465014856352,0.0044337222824666345,0.008768191911922907,0.006450896131576345,-0.003940025917919976,0.029340324783624583,0.0005482581692610733,9.087562502796409e-05
2022-03-30,-0.006222401547290035,-0.018810088714668827,-0.0036764062159976296,-0.0012777713300279325,0.0022699744271263977,0.006424590535618835,0.00244738749208806,0.004285697265340893,-0.007239071151144527,0.0071232416858411085,9.078483573010665e-05
2022-03-31,-0.01536800834284402,-0.010456795223484083,-0.01537524220092834,-0.016208264838650788,0.0007550938577856048,0.006384599049605866,0.00023221000850792706,-0.0036107378232467235,-0.01221386118833967,0.0019043393013562504,9.061154623823953e-05
2022-04-01,0.0027700502201435384,0.010567295266148191,0.008744563901436964,0.019076554493189457,-0.0021678290981589354,-0.00039925898253845293,-0.0017349713663454835,-0.004765158671601877,0.01947024733981806,-0.007874040214758238,-0.00019944286374540265
2022-04-04,0.008479012782575346,-0.0040358756854466105,0.004334379690541512,0.017443311491742053,0.0007573978149819638,-0.0068555939997069215,0.0025665070085878483,-0.0003329817673694002,-0.004887864379700679,0.005199743348343722,-9.0786476644511e-05
2022-04-05,-0.012361569259485061,-0.022563945731801427,-0.011919471793294889,-0.017562315684074736,-0.010096975370512129,-0.02108732442123995,-0.012451844991494654,-0.007483691921950086,-0.004911789882282691,-0.00653411017589467,-9.062963826889092e-05
2022-04-06,-0.01012878708443199,-0.011024260918385265,-0.01289516135121238,-0.011066294265804744,-0.0030602158123913537,-0.008206464734146324,-0.004949540490189253,-0.004021144767549667,0.011883095840595104,0.0024664332268584666,-9.105059342207067e-05
2022-04-07,0.00504322624294451,-0.0011434114377180116,0.0010537153372442987,-0.0073165603505975785,-0.0020461411824916897,-0.007627529423618218,-0.002250153268868238,-0.0015140658737390345,-0.009936802326583782,0.0032804517735942618,0.00027251620794488396
2022-04-08,-0.002424194790700551,-0.005723054990618315,-0.0002106317091676857,0.0019510586176745282,-0.005382318236312078,-0.009770676780287868,-0.004035424418876388,0.001685019099862517,0.0016424812031641256,0.007356960549066871,-9.0786476644511e-05
2022-04-11,-0.0173255095348801,-0.006427351823606764,-0.010526253757501935,-0.012548700393195666,-0.004638593477807151,-0.014208637906948152,-0.00667388498807886,-0.0015140437195739764,-0.010748796259100746,0.004598273284614152,-9.062963826889092e-05
2022-04-12,-0.003659767278022974,0.0058898280432648775,-0.006595876625588248,-0.003943819528704373,0.0032361197754211535,-0.0017344190510629742,0.002759409485048936,-0.00016839582577288237,-0.0014734454801206276,0.007539008721010321,0.00027216120264039745
2022-04-13,0.011292424143421798,0.01631770635971308,0.011779961868190636,0.010778675071526411,0.0011613231471649943,0.0021386573742523396,0.003589153483305907,-0.0015165949121594968,0.007100862002101582,0.005344756085675861,9.069571702480239e-05
2022-04-14,-0.012148239861514032,-0.006894419211833758,-0.004869163283670153,-0.010881409892178673,-0.006831148139246124,-0.01894330420695234,-0.00834528794345113,-0.0005062735418364106,-0.004303746300481581,-0.003987180102084209,-0.00018137498411530117
2022-04-18,0.00017406834369415591,-0.0036139357961134655,-0.0042540926242981,-0.004180568887330094,-0.003243985005447203,-0.0038078211488301594,-0.005049178323871417,-0.00033753089684929183,-0.004046380739560207,0.0032025334394294447,0.0
2022-04-19,0.015971554725141113,0.01937572432842538,0.004486235663882399,-0.005081613901420368,-0.006249286449380165,-0.008326345245477818,-0.005920546776777225,-0.005404421262371062,0.021791460884190705,-0.015429684189952275,-9.0786476644511e-05
2022-04-20,-0.0007581365915767524,0.007022684438987792,0.0074437274150627175,-0.006440306881088653,0.006288585622295395,0.019821093766916986,0.00510491490283993,0.007641031469535209,0.016627538451229107,0.005674220715858214,9.079471957718077e-05
2022-04-21,-0.014826929382129816,-0.015806934522545335,-0.01182192745115851,-0.01810429437007377,-0.0053376767335476805,-0.008233127987650302,-0.008586023041226132,0.0038759650753477093,-0.0069334862472827385,-0.0034927744183662623,-0.0002724419630941721
2022-04-22,-0.027294135646516282,-0.024657451392260943,-0.018371945133638712,-0.00796738127309804,-0.0013093379906179425,-0.0046275499048835655,-0.00036639041299690867,-0.003860999974291457,-0.017543714806672606,-0.009975705860409634,-9.048099482200644e-05
2022-04-25,0.005463786489055433,0.0026150813837719777,-0.005876133459637112,-0.010325603435664577,0.006291408580811009,0.009297632908399134,0.0071999203567463255,-0.0005055910802042041,-0.0025509038822845165,-0.017973851456192014,9.048918237319903e-05
2022-04-26,-0.028592955262673247,-0.029079056309068818,-0.027145329339264834,-0.020171956499339894,0.0026046741339622592,0.009347133018829057,0.0012114588261324943,0.0020233873274013714,-0.016441476122639798,0.001386556715374354,9.105888438742937e-05
2022-04-27,0.0025878851580085627,-0.0038806947452095786,0.004500305295609186,0.013961268858083908,-0.003117627417670299,-0.011139819372743776,-0.006655405529210401,-0.0018508711381227672,-0.006593694200564881,-0.007477165693712928,9.063785274476821e-05
2022-04-28,0.025056619468981634,0.01987815013723826,0.015681187336927804,0.013068764820971523,-0.00039121162024713385,0.0006790576069453103,0.0012180999184021601,0.005563142928083575,0.01841622481392413,0.005580378406471853,-9.062963826889092e-05
2022-04-29,-0.03672978394710458,-0.02624875221201972,-0.012571748505607272,0.0006910358904814728,-0.0067780571677424906,-0.011529156088116332,-0.007543232311389869,-0.008885300368298488,-0.045896570591385744,0.0,9.063785274476821e-05
2022-05-02,0.0062845879649677805,0.007342643550958261,-0.0033505944748064564,-0.0020716760689275526,-0.005115231776032014,-0.01587697869103155,-0.004472786945888485,-0.012700777960589549,-0.024148758269832316,-0.018590509617715245,-0.00015443356393540775
2022-05-03,0.00432997890143505,0.010683987409021878,0.008068088396583573,0.007612519808467777,0.0023784786363576504,0.005727299972299482,0.00382622819133549,0.002586362228221395,0.01242247041612976,0.0028273195317574107,-0.00018145238018385523
2022-05-04,0.030334544248205253,0.02539013370073495,0.01711894062546615,0.009844388120548775,0.006461215866234493,0.004582883295309204,0.00836125427933232,0.00842823346279209,0.011491012522253818,0.009867450298163716,0.00045404355135536534
2022-05-05,-0.03512224913947737,-0.03574499536383169,-0.03191270801906554,-0.03627300967511404,-0.009956720367986671,-0.025576798767619535,-0.010365099631698294,-0.010745520459057967,-0.026668128491212473,-0.004187647324312538,-0.00018148547720031605
2022-05-06,-0.006281014581252298,-0.010691703714344247,-0.009031292330788143,-0.013643870244617884,-0.004234538810914179,-0.013337289770273819,-0.00566756355800746,-0.0029310532828270563,-0.011869282883039789,0.001962531906783971,0.000272318903183022
2022-05-09,-0.032266697834763436,-0.028179028661265648,-0.030986578531529974,-0.026949565246389917,0.004518183218469529,0.008053058098072441,0.0029740019898538694,-0.0034583416047450077,-0.04404410818969917,-0.014829394770662918,0.00018155152613852366
2022-05-10,0.0025691127482772025,-0.0061316180957609046,0.004937810226424588,0.004166405164106157,0.002910387585912888,0.008986800054094024,0.0028414268220602334,-0.004511605252432882,-0.018220040840034035,-0.008520285284325468,0.0
2022-05-11,-0.01611062263991514,-0.017044740474700837,-0.005147687347503704,-0.007078309140986838,0.0034299929788146333,0.016824774178073154,0.0019713384356963015,0.011678817189844981,-0.002133078376896802,0.008307101598249877,-0.0001815185711649958
2022-05-12,-0.0007759658632512378,0.012765801416724898,-0.0037626297901036665,-0.004916429295258817,0.0019713828883731743,-0.00041727177661787795,0.0018440714846768014,-0.004997003061527949,0.007802574380045835,-0.015340934767702818,0.00018155152613852366
2022-05-13,0.02359642533979356,0.023739483061316458,0.028092491553243892,0.024703707925618712,-0.0036735665056555344,-0.013910158171914322,-0.002822483994930125,0.005887564352456742,0.0264077415263253,-0.0077899728491727105,9.051176025809404e-05
2022-05-16,-0.0035755173236053928,-0.002975475949307138,0.0013776020605078543,-0.002169881792112971,0.001580507556166788,0.0004230800174349625,0.0017232787553267404,0.000344522980045614,-0.006302779907725764,0.009305021823307724,0.0
2022-05-17,0.02000845302204346,0.029844569329254167,0.019261902216395566,0.02295239115780734,-0.005916209745440049,-0.011561926380343923,-0.005160492532742977,-0.005334994129274517,0.013621534340567454,-0.005762050366314275,-9.050356862083664e-05
2022-05-18,-0.039605508167436465,-0.03097835535377025,-0.023847153557654432,-0.0217287965148224,0.004232297837228227,0.019115536103258224,0.001729237893695057,0.007093677503328788,-0.029031410981078976,0.0,0.0
2022-05-19,-0.006688120600320202,-0.005053078387766474,0.010370971440667454,0.014485674627920275,0.0021067633082141324,0.0029392642169703276,0.0029587421970371786,-0.003951365818894548,-0.004437343151642459,0.015068110201535534,0.0001813535542820599
2022-05-20,0.0002514628279333131,-0.00393861079176816,0.005702621080682535,0.0038077173454129642,0.0030226153023309443,0.010886235012117274,0.0038108191336481134,0.0008624277209927644,0.006367218694516064,0.000285530590323102,0.0
2022-05-23,0.01896545619022194,0.010509876431618936,0.017237529314910294,0.007112491655336672,-0.0035374482289577402,-0.014910780887298358,-0.0029391509528104987,-0.0034465013994970928,0.011599651348866091,0.005422335095453423,0.0
2022-05-24,-0.00720919627349037,-0.011224489451812647,-0.0035676441280833027,-0.01789069870880433,0.008152431852778363,0.018219651442117568,0.007246566683336342,0.005187591654175261,0.008443643515570143,0.00709622490060724,0.0003628888227107385
2022-05-25,0.00833840174903755,0.02072494991654472,-0.0004475522230710238,0.005512899724506859,0.004043311411435546,0.0028906842741509564,0.005486899991380856,0.0012042516429460193,0.008476502681068254,-0.006200710922818042,0.0
2022-05-26,0.019879381691337628,0.021018260459533256,0.010969596393070269,0.01501805891976482,-0.001038898799529231,-0.004254508803953505,0.003758966450227774,0.003951887558416578,0.0012299962959700927,-0.0017015757643161766,9.021513009987991e-05
2022-05-27,0.025076639532349176,0.02328359014866499,0.012400360901183793,0.010803004263260751,0.00286046184165345,0.002894356725828162,0.0030209785939623313,0.0023964507994234108,0.026822302224390304,0.0008522380297348864,-9.020699206430116e-05
2022-05-31,-0.005552577177935447,-0.010937411179805623,-0.004593190227661137,0.013940543091314206,-0.005705525825220437,-0.020477925123530194,-0.006865705057683802,-0.006317642498475329,-0.012263141750158635,-0.010218581181642317,-0.00027171741652565196
2022-06-01,-0.008375584147464976,-0.00276463067271282,-0.009009170049802617,-0.006645340271420941,-0.0044682742122115204,-0.0018699987173317334,-0.0050819320225794495,-0.00442733931041861,-0.008277144074186005,0.006309183465502244,-0.00011861482302555348
2022-06-02,0.018990715585092355,0.01950479503854763,0.02106425575064219,0.017993210310916607,0.0009182284139648278,0.0012673747076001884,0.0012221119554560733,0.004533951485358623,0.01374055933746976,0.01225421212043143,0.0
2022-06-03,-0.016186624304858954,-0.009322881198600474,-0.015417881079698992,-0.015635893569102666,-0.0014425849115994316,-0.0029544569679206267,-0.0018305401431210067,0.006944711273483062,-0.013353423173416035,-0.010416636461610618,0.0001819031374454827
2022-06-06,0.002728770549963233,0.0063717097116084975,0.0037495111619076926,0.005525073064428954,-0.005908857649138066,-0.0165086685281991,-0.0047680209435077,-0.007068605800605865,-0.003154811882678743,-0.004836471586421309,-0.00018187005471193007
2022-06-07,0.009776314484156723,0.010812498454878972,0.00241694438606066,0.005036638098340207,0.003434426746085073,0.00975568851412878,0.0029481807656426273,0.0026041857389469403,0.013781238821761299,0.006575172820074471,0.0
2022-06-08,-0.010937705734712977,-0.01667164626451656,-0.012494492080676212,0.0036448518035985256,-0.00408068523817362,-0.008525235531456343,-0.0036749806147122754,-0.002944278556320956,-0.02305908685250979,-0.0002839625615784769,-9.049784207604272e-05
2022-06-09,-0.023519010514662764,-0.018557352653164494,-0.020865693415208164,-0.021561884088025507,-0.0013218871184685899,0.003009240602640517,-0.0055315685172161455,0.0005209553153000535,-0.023706240698384895,-0.0031250172718001457,-9.067103911730712e-05
2022-06-10,-0.02934157794937664,-0.025237881715388877,-0.02312399741641058,-0.007886815195993102,-0.00847172082393055,-0.006715189634399876,-0.010879278372181611,-0.00468710139678441,-0.022170606642360147,0.01339416411112393,-0.00045380885900903056
2022-06-13,-0.03854644009190311,-0.04417965394032941,-0.03411475292692312,-0.03249921816708945,-0.01615233982448616,-0.02977526863619584,-0.017123325989061966,-0.017094358539715526,-0.049989336446979116,-0.0264342633606387,-0.0008175570036337287
2022-06-14,-0.0024966213157092687,-0.0031172407887101183,-0.009130311144963321,0.01449967570585975,-0.005427690649975947,-0.012157095141401064,-0.006866598325545703,-0.013486782272486564,-0.007614506649174957,-0.008087775503626604,-0.00045463422887659366
2022-06-15,0.014319032324239922,0.009596783357278316,0.017701659443739803,0.014768962186014978,0.011459641176412072,0.01770955877582625,0.016645336388736665,0.013671162261316816,0.023705811038748026,0.013395430472588066,0.0004548410151707927
2022-06-16,-0.032853299772940825,-0.04912957161902365,-0.024065143573638426,-0.031220657228838156,0.0021587176820609955,0.008405762475355072,-0.0008813878182332147,-0.0019520353352681097,-0.02628916002125392,0.01120687925858066,0.0
2022-06-17,0.0026108035632437243,0.006177737297818453,-0.003417837828891379,0.004361740605025588,0.0005380999674662323,0.0032176969115733645,-0.00012620457139211894,-0.0005331945887684375,0.007582831777218857,-0.008525127842228697,0.0
2022-06-21,0.024500691967658694,0.015628716073191384,0.015388551798638295,0.01594369447698707,-0.004573890195678776,-0.015743608368191442,-0.005799463493771917,-0.003914035323541509,0.013910877912912234,-0.003726026666363458,9.079466064609854e-05
2022-06-22,-0.0021085259702862125,-0.0020886791437133567,-0.009288776415333877,-0.016507008674224055,0.008243513135204106,0.024733730091485606,0.006340193903317637,0.006608182686580699,0.012708093137976828,0.004602987777274858,0.00036339349551250955
2022-06-23,0.010506535545963924,0.007600166149397847,-0.0037009888191729123,0.0048650666982907875,0.004825033229047149,0.007804808461743029,0.00667837455092557,0.0024841506745092445,0.018998533862482958,-0.006872791419071822,9.091859490895082e-05
2022-06-24,0.03113449564227011,0.03049829424381234,0.029717682338508578,0.021301982656610763,-0.0018676408292566116,-0.012046811797099766,0.001752993386854973,0.0012390376154995941,0.02127679902547186,-0.0005767144633123111,-9.091032946939581e-05
2022-06-27,-0.0037499837885274223,0.00827433106104336,-0.0019240434730832812,0.0007112182496258335,-0.004810612445256712,-0.008418955526353078,-0.008247171565891942,-0.0074245447866563286,-0.0015036453899381907,-0.0008655158519602635,-0.0005446857874830124
2022-06-28,-0.02160878736379357,-0.014834588413597305,-0.005301423543109696,-0.006632189186440374,0.0005372283178750603,0.003952478500846457,-0.0006298993288976762,-0.0032055874533010176,-0.012152974664605742,-0.0020213598805998156,0.00045459285021776097
2022-06-29,0.000492119117959211,-0.008970360718249526,-0.00605586332079211,-0.002622311176996406,0.0057707967676696725,0.014580798114723237,0.004159633463035606,-0.0019653689910392735,-0.0062057297262584354,-0.00028941365257584284,0.00018127551896829353
2022-06-30,-0.00789376785490159,-0.004202392116011255,-0.0056058276197485934,-0.004303203958283985,0.004270163868749011,0.008336442859718574,0.004645881291878151,-0.0010738869454496314,-0.0018625182200707746,-0.006946392737169571,0.0002728961297879806
2022-07-01,0.01026294222278823,0.009414285167892222,0.0022059831035809996,-0.00600230544681335,0.007974659665371808,0.01048305687324702,0.010873251752742119,0.0163097933371652,0.01799999143445663,-0.0002915224666314442,-2.7571086350319796e-05
2022-07-05,0.0017693317368006056,0.0007505535299467958,-0.021521196659953556,-0.007971217956508458,0.0017171463191381076,0.00706734271331011,0.0006190787606634718,-0.0030175019431186723,-0.002803065976933028,-0.020991178484573103,9.105313391999381e-05
2022-07-06,0.0036174952885363876,-0.011247935602064385,0.0,-0.006817579838365284,-0.00606569437268123,-0.015158288253504404,-0.005943858045330042,-0.009259664042893356,-0.0018379559237898802,-0.015783280675821687,9.087975815580407e-05
2022-07-07,0.014673799877117366,0.017659767711901253,0.016245912329970746,0.02083834439115617,-0.002785337742123306,-0.00798035451350343,-0.0007477370622244184,-0.0016177357140764181,0.0027078995294473884,0.0006051575862442427,0.0
2022-07-08,-0.0005874635601429423,-0.002022907748697844,0.0024594728457316695,-0.0024013116434395965,-0.0033259345333115364,-0.010487200324782564,-0.002493147905150206,-0.0001797062791693005,-0.005293243867313779,0.0006047915920242009,-0.00018190807039608625
2022-07-11,-0.011307458114324653,-0.01354798709848204,-0.016682959377664286,-0.024795666587345666,0.003737095260026191,0.016260015153450436,0.002749510785499565,0.0014404230280484764,-0.002172044875787371,-0.006346300498769608,-0.00018144586433033183
2022-07-12,-0.009228310157512465,-0.0015141676588689146,-0.000997810074004235,-0.0037026028609650208,0.001728909402116674,0.004856987177363825,0.001994429727476099,-0.0003598510250772957,-0.003918191263673987,-0.003345517237778761,-9.098709271304628e-05
2022-07-13,-0.004657547719289834,-0.002599374442089797,-0.0012488318144945332,-0.002973219424044826,0.003186242692696961,0.010947444409130869,0.004353550025694153,0.004496556688269537,-0.00480753976438042,0.005187615702490378,-0.00018174302543594312
2022-07-14,-0.0026409241371344594,-0.009229925665105498,-0.014753950592028775,-0.006709639199521278,-0.0031761227946514037,-0.008156822302223254,-0.00520165969108799,-0.0014325892972730792,-0.00900305890590758,-0.014875467036972623,0.00027278797486518513
2022-07-15,0.01890968382433167,0.02082414274698685,0.015228537631760242,0.0035026013138579337,0.003584244521816826,0.0062385199522672075,0.005976129973054745,0.005379291070244374,0.016950887236480527,-0.0015408085018491224,9.073939645332096e-05
2022-07-18,-0.008276383938254805,-0.00010744568822029787,0.0062498650952966806,0.004736776539379317,-0.0030418907606818424,-0.010144850822116358,-0.003960381075439723,-0.0010701660990983797,-0.00708134975989505,0.0006171803124896957,-9.073116356239641e-05
2022-07-19,0.027144891895207968,0.03532704775711504,0.025838426978102014,0.014143766310406036,-0.0007965184782090518,-0.005267055082821326,0.00024799135495334745,-0.0014280950598495323,0.02589417488845802,0.0027760690213147754,0.0
2022-07-20,0.006405561641095403,0.014519850294309133,-0.004843475224316274,-0.004159235985143894,-0.0009296995367337191,0.0032914150814908893,-0.0022355576039015945,-0.0008941177986708793,-0.0023529635558516837,-0.009227906876323688,9.073939645332096e-05
2022-07-21,0.010112486914073848,0.00224887775158944,0.011195073402859856,0.012284816687417655,0.008240651587824388,0.015118847945427394,0.012449684548385243,0.006442425802465568,0.00793327754515416,0.013970840600128431,0.00027268883825892765
2022-07-22,-0.0091109441434426,-0.008771674934985096,-0.0033698180501892105,-0.010194102851887377,0.008172716049353879,0.01615903640169747,0.006640614493585106,0.008357147045225277,0.005211705886366991,0.00275566910619629,0.00018166046412959602
2022-07-25,0.0009910755200612797,0.0057621988633513865,0.008210755619698862,0.004658953896107709,-0.0036605218288009445,-0.008435408234986563,-0.005008474930071394,-0.0024687144970370056,0.0016926702643951241,-0.003053388522781475,-0.0001816274695992659
2022-07-26,-0.011990983739329164,-0.005320215080200752,-0.013652627047850086,-0.009518935549396645,0.00026164809316853166,0.0009766702025477692,0.0008594234534098355,0.000707217745981259,0.0010565026675206646,-0.001225142837914972,0.00018166046412959602
2022-07-27,0.026193564542921655,0.022628915871441224,0.02282637159610368,0.019714217490652386,0.002755336566783839,-0.0043189229423765685,0.003066494296074751,0.005828970756551088,0.006014522256595267,0.010426254100711851,0.00018204007175648407
2022-07-28,0.012640256545188633,0.013578998739220305,0.0064105494314476985,0.003141643994252652,0.00693483135522488,0.007275556589478649,0.010395432799204851,0.010537595123210508,0.03241024563291095,0.012139535718358463,0.00027202034385442886
2022-07-29,0.014652482616713813,0.008137201701752916,0.013446601244694989,-0.004577333807025963,-0.000779603407757623,-0.0019444319778695318,0.004115259474345878,0.005909190835908129,0.0053846805575390455,0.0029985695170557936,9.106120451218835e-05
2022-08-01,-0.0030096371471316496,0.0030515182544716968,0.0,-0.006050348117031534,0.004338721220217945,0.02177120861947479,-0.0006408820575982688,-0.00022679757312582538,-0.008084149985924216,0.005381174919888432,-0.00017253867233302245
2022-08-02,-0.0064610321456956,-0.008734028827934504,-0.01559608624694786,-0.005843428640467607,-0.01011963719962028,-0.019655792266857652,-0.011364319637428677,-0.01202253107457929,-0.012836214411770963,-0.006244510630391442,-9.115111568136491e-05
2022-08-03,0.015617936344927585,0.009603012763126584,0.0070939266967713355,0.005387942710762372,0.004980575121527497,0.01420171313889318,0.0067259211588883705,0.005114287857517885,0.0031992046658455564,0.002992288877839755,0.00027298329159108903
2022-08-04,-0.0007872889483476753,-0.008629125152370576,0.0049305877164467216,0.00828273446782557,0.0024782333961237413,0.00027511850749717404,0.004251767078221835,-0.00017552499533945998,-0.001543065674760813,0.015811419214170064,9.096959735033217e-05
2022-08-05,-0.002074632671546617,0.005143319892972231,-0.0070092960697086815,-0.00024165488957128556,-0.01131767371239123,-0.021822732090550856,-0.009918892316490457,-0.009476798994243252,0.002781717237549941,-0.010866341855363504,-0.00018184017806976982
2022-08-08,-0.0008948372479701261,0.00649491219695153,0.0030588389210588485,0.002175105249056841,0.0044727739980077175,0.013750713014148763,0.0015884195991429095,0.006378338362787783,0.008938747288745885,0.008610478411509304,0.0
2022-08-09,-0.003951102039615129,-0.01388332452789831,-0.006099224447611573,-0.002170384434481032,-0.0022260822326971574,-0.0038758479910900867,-0.003416007547555666,-0.0026408167512762537,0.005499033501522588,0.002943728893955777,0.0
2022-08-10,0.020944757363464683,0.02151473999245712,0.023837887206213937,0.012566261519116662,0.0027569817785726425,-0.006530322688695356,0.007956237577420477,-0.0014124698134854174,0.015191370388471848,-0.0017611204528461544,0.0002726036694020717
2022-08-11,0.0,0.006794395825707733,0.0,0.004773546644847748,-0.005629925217888965,-0.020559187988022587,-0.005343216393915773,-0.0042422974493695476,-0.002394366860202779,-0.0032342487822074606,0.00018190614385105164
2022-08-12,0.01712157302141537,0.01783458777493685,0.00829853633682176,0.0104510239098079,0.004607816177664592,0.009852684211648643,0.008667974358814945,0.004437952772504916,0.017200073140442917,0.009144470343374511,9.068919584165336e-05
2022-08-15,0.0042784439055776335,0.004262349049052538,-0.007087044704233603,-0.0037610375394104834,0.0010491502633909189,0.0004243827918832821,0.00036325229318823204,-0.0008836688737726694,0.004030799759987991,-0.012569433402029873,0.0
2022-08-16,0.0017495973805250475,0.004432486796307256,0.000920843354943246,0.00047201968236110226,-0.0013094862554730025,0.00381611364603196,-0.002782749614466451,-0.00017671621596526688,-0.002643891784538943,-0.002072223130662798,9.109315829380904e-05
2022-08-17,-0.006834620318261764,-0.013615031174686432,-0.008511553628656965,-0.002358473435998598,-0.0058992011195098115,-0.010560711986999372,-0.007765500997644614,-0.002831121052320751,-0.005988490730178042,-0.006229578468585184,0.0
2022-08-18,0.0030839626125396258,0.008662893866709709,-0.0032480296525435604,-0.0063830860626623576,0.0018459965893591335,0.0017080833431339926,0.0018345839417761578,0.005678159569205032,-0.006617256598502652,-0.0026865717190415195,0.0002726775750885313
2022-08-19,-0.013797462829064022,-0.01812036600643374,-0.014897697033935953,-0.011182356895490964,-0.006318414091640467,-0.015059039793985707,-0.008299767729014307,-0.0017646131956366995,-0.01053888319289431,-0.007782050964401321,9.056558745013099e-05
2022-08-22,-0.021075847192100094,-0.02220292342061525,-0.01606839877154609,-0.006977968900807818,-0.004503461330808922,-0.00418286909686838,-0.005784597026362359,-0.0019441346922667302,-0.021804775982057434,-0.006636537272294851,0.0
2022-08-23,-0.0023688910627118753,-0.0006881300219109265,0.0019214789603030358,0.006300140611529281,-0.0003999209308572782,-0.00506933854906888,-0.0003717514377371556,0.00123959373794702,-0.012840389162133592,0.007591861454088855,9.113418470452217e-05
2022-08-24,0.0030339760335147403,0.0027541746007466728,0.0011985436189476673,0.0007223118323367306,-0.002529112371924769,-0.006842343435060849,-0.0022289737083109884,0.0,0.005723354546190995,0.002712481969864511,-9.112588002180289e-05
2022-08-25,0.014571506078729701,0.018932639232649873,0.011730798407410203,0.018527242685244305,0.005472027688168346,0.013192387716744802,0.008564333325171036,0.003183727156692351,0.014899167934889768,0.00330630023558931,0.00018160917096654572
2022-08-26,-0.03427253498388649,-0.031674133114801606,-0.026502461816284018,-0.01322919146151691,-0.0019905838398434073,0.006076295518856911,-0.00566092306074284,-0.0015866934518333764,-0.025180916341826398,-0.011983268816039394,9.095286721905183e-05
2022-08-29,-0.006603927162629253,-0.009345574435708826,-0.002430776643893351,-0.0047881942367632435,-0.00452224793793865,-0.008627876162916825,-0.0066834556651279575,-0.004061713045069859,-0.008994018823741512,0.00030327884685554807,-9.094459554737089e-05
2022-08-30,-0.010863367848221728,-0.015154767210192377,-0.008284568658918912,-0.012028026197322128,0.0008012811075039927,0.0030459496817620835,-0.0001247200312830543,-0.0015956170949898985,-0.013824338017130677,-0.008487498628316326,0.00018174096475132018
2022-08-31,-0.007868121778259574,-0.009477171754813996,-0.005896826797590848,0.0014610155758580934,-0.004137951975042409,-0.009399640075595572,-0.007725675965491452,-0.007813905204718585,-0.004708347458116768,-0.007642922867542201,0.0
2022-09-01,0.0030839478836548473,-0.011934196398024177,-0.01334648264038596,-0.004619623963495245,-0.0054269796356495315,-0.017235264267025818,-0.003562833227093387,-0.007882240273905605,0.0018276800103340651,-0.009242120934133125,9.225425833703227e-06
2022-09-02,-0.010486764361471335,-0.007392682858834987,-0.0062626057487892295,-0.008060466263450916,0.0025665780444694697,0.005805854573074587,0.00227436425165517,0.005260358910845309,-0.013951526142640946,0.009639346230157386,0.0
2022-09-06,-0.0033568100709856497,-0.012902368994926472,-0.004285283507866722,-0.008618451316889986,-0.009026693412424902,-0.023830626070741046,-0.010212272080774465,-0.009382680691230383,0.00903350887104093,-0.006159555140759609,9.093550144223528e-05
2022-09-07,0.017926762730770873,0.01732187430197274,0.008607452389503,0.00844515267219581,0.007205029114747186,0.0160727560970082,0.009170926315534178,0.0038250098077692307,0.01952342988750111,0.010536106221408215,0.0
2022-09-08,0.0065357434036146245,0.004491668963221507,0.0015059483768957715,-0.0029558569031085113,-0.003103939462018701,-0.009252446349111598,-0.0018933994262461118,-0.005080606686249656,0.0027505741883622203,-0.006439714214724557,0.0
2022-09-09,0.015431720770083146,0.019238838377917844,0.025814719050867962,0.013340039480405075,-0.00040641226116733264,0.0016573172998397556,0.0015178910934641188,0.00018202081682772153,0.010867278839314709,0.0055555647129217345,0.0
2022-09-12,0.010996871156712995,0.012141553739767552,0.0127045752502577,0.015358302589658868,-0.0012191962730236927,-0.007368282241238866,-0.0011363780785398347,-0.0030995437019213368,0.009706613707954004,0.0052178686123729445,0.0
2022-09-13,-0.04361404766033128,-0.038306354396603126,-0.03425804949860367,-0.03169265596783,-0.005017315848169335,0.0012114401212186543,-0.007837148342198619,-0.002927033616589303,-0.03824655654075748,-0.013435072571266748,-0.0005457281208198772
2022-09-14,0.003735786960871401,0.0004192590853444589,0.004496508586988801,0.004958943979065156,0.001226839970677629,0.002723440749102357,0.0015283759298756472,0.002568713765757513,-0.0113929572990622,-0.0037141052764309013,0.0
2022-09-15,-0.01116547035673332,-0.008591893524768301,-0.009699128611527552,-0.008635570635999179,-0.002995167635734375,-0.0018104707946472454,-0.0034344920220994446,-0.004574696269699197,-0.018482351499619853,-0.018949944983744027,9.114169476243106e-05
2022-09-16,-0.007862354864137777,-0.006975147618223598,-0.006529415380552406,-0.012692845572951694,-0.0010918396353704063,-0.0075586407960445134,-0.0002553521805467307,-0.0044117705918500505,0.00011086805465154725,0.005383156323769622,0.00018185478199383986
2022-09-19,0.007671951286571055,0.011387842728161734,0.0038030854851249796,0.004062329433333733,-0.0006839949393032674,0.0022846650539138924,-0.0003827787537645788,-0.0042469659430480755,-0.001440019393226022,0.0009449035163939801,-0.00018182171684522075
2022-09-20,-0.011266552442696698,-0.012311848627498678,-0.016670678091727065,-0.0035623988227118097,-0.0049236098016368635,-0.010182183188725658,-0.007153035887840664,-0.00148293992882087,-0.024290078705350382,-0.005349278559499293,0.00018185478199383986
2022-09-21,-0.01759968859651395,-0.011612956752556913,-0.012843577442930187,-0.016598465819725905,0.0027489201858403867,0.015200428994617265,0.0009012129451277939,0.002042380109292141,-0.015800783210337177,0.004112595958762233,0.0
2022-09-22,-0.008440932431471593,-0.02112777119475262,-0.004683733216025332,-0.002856463064401238,-0.010281261583107049,-0.025106075911267567,-0.01092603700026551,-0.01167526045923506,-0.01270513121910255,-0.00031506707479356244,0.00018198648505252102
2022-09-23,-0.016619898532799215,-0.02158342898902199,-0.03267982239985234,-0.022916720765126963,-0.0027698010893868474,0.005895228150389453,-0.002339093489026167,-0.004125340150380685,-0.013291567438695973,-0.017333729750876103,9.093550144223528e-05
2022-09-26,-0.009686903636387134,-0.015328913430633695,-0.015946018944876017,-0.013859142630225918,-0.012777744073783959,-0.019740879266635813,-0.0151102355480216,-0.016569297983311193,-0.028044124100835677,-0.011545882194613166,0.0
2022-09-27,-0.0028243977117569097,0.0008042543750224063,-0.0060421839381408216,-0.0005406153785296741,-0.004361326567585699,-0.023757060786753437,-0.010051037449650635,-0.004594896754135824,-0.013317107123975935,0.0019467704911255712,-9.092723292858373e-05
2022-09-28,0.01964231437658137,0.027207167363593188,0.022381833946802265,0.007841890126742967,0.01554352519593194,0.0317485039585943,0.01790187879742766,0.017118887177035358,0.020744952846413645,0.020725431165496966,0.00036357726754143727
2022-09-29,-0.020852878923848128,-0.019892883426663066,-0.012432560322030772,-0.01958653043803671,-0.00514804319457407,-0.005779406774952478,-0.00629984331027722,-0.013616168382755811,-0.02938292042326296,0.0,0.00027278969330879477
2022-09-30,-0.015238222531068435,-0.005815390923500918,-0.004925995811572603,-0.0013684357481703602,-0.0023777048946341806,-0.011154826723025257,-0.0003963337511067033,-0.0069017230922888695,0.011225869527037524,0.00031726614012073107,-0.0003635929602739951
2022-10-03,0.02643960954044955,0.025232310949071524,0.02227707126622147,0.015346684912459052,0.008373622521704593,0.015656324751996742,0.013396455546349273,0.013472778308772915,0.01783738078710706,0.023786808636798717,0.0002826137456508615
2022-10-04,0.03035798292213787,0.03803548856049099,0.03981733214148431,0.02807002021164351,0.0025081543147262853,-0.002509240009846314,0.006145301730365871,0.003634458413726005,0.0202203805408816,0.014560137499279202,0.00027298438366329947
2022-10-05,-0.0017281542286907703,-0.006358453390143848,-0.011901914408395275,0.0018378951325666026,-0.005281568778070067,-0.011004479312072823,-0.008837425312815395,-0.007623538944692032,-0.01957968766057283,-0.005190783784589703,9.102482846223836e-05
2022-10-06,-0.01053073572402874,-0.005314444654758388,-0.0167583316363209,-0.007075778783699027,-0.0037728061621866704,-0.0038149235301909723,-0.0014416151211305017,-0.003649031155798177,-0.027811892520193338,-0.0009208898805384003,9.076966337961956e-05
2022-10-07,-0.028079082746776396,-0.024751838739898613,-0.01571211405552464,-0.019794177868055485,-0.005189117393885279,-0.008935600518989228,-0.00892867850191359,0.0007710665137838912,-0.024070472193473358,-0.01105992684453505,9.10905688757957e-05
2022-10-10,-0.007469940362002325,0.0001117715509351136,-0.00676424944708387,-0.013731658080803455,-0.004511361850960349,-0.015134662558876077,-0.005829267218825596,-0.0032743373617506455,-0.009426465397168737,-0.015532715563290056,9.091771518932035e-05
2022-10-11,-0.006589301560660399,0.002571275452308619,-0.01171338263638455,-0.015560953747784212,0.0002833311462919763,0.005068127012622936,-0.0010663660741098147,0.002898763134539406,0.010168134788699268,-0.002208889038956885,0.0
2022-10-12,-0.0031034055390790627,-0.006579137413453839,-0.00248064866275588,-0.00027735402597706127,0.001132382133170129,0.004228821878537792,-0.001600774094518198,0.0021192743207745224,-0.01045284097807464,0.0060088115643957,9.123853389136904e-05
2022-10-13,0.026187203771239842,0.025592148351455624,0.02072391591652445,0.003883558766278661,-0.0035355140170092447,-0.008260383385195635,0.001870735301980453,-0.0011533684851505743,0.01825749283886169,-0.007544790164964343,0.0
2022-10-14,-0.022514856163877273,-0.02298352032389106,-0.017054640911727703,-0.014645008041808683,-0.004825700557266388,-0.0071858397429225285,-0.008669153508835459,0.000384758126663165,-0.024846459405691523,-0.012670244611876047,0.0
2022-10-17,0.025406709451381237,0.02766897731200979,0.026438902494256844,0.025518786993690368,0.0021392079478508297,-0.0042772616509234584,0.00417074297255815,0.0030789246923630387,0.03769386167480637,0.0035290539006196386,-9.123021018075939e-05
2022-10-18,0.011780437606810246,0.011663350374806702,0.006707756733623782,0.00027372015057758325,0.0022770550429569436,0.003303943399903586,0.004421531223312236,-0.002685789761402768,0.010884849812501374,0.0019181414522153606,0.00018239479678738846
2022-10-19,-0.00692154765311459,-0.014868952318552009,-0.011460623556754146,-0.017495981018215367,-0.00823517438960042,-0.017453963111693893,-0.009604263849510852,-0.004808373223660456,-0.02491555796037981,-0.013401406325751486,-9.113963949991533e-05
2022-10-20,-0.008210050913101341,-0.014656197379030456,-0.002695799370887264,0.007790650528726184,-0.00672840423912846,-0.015083035797834543,-0.007946133145745549,-0.00135344476709498,-0.0043655180784804015,-0.0012936906671617843,0.0001821313664023272
2022-10-21,0.024030096159442627,0.023865077205957208,0.01865341341443827,0.014632818968076888,0.001729302616886974,-0.017185768918691946,0.004887383685092894,0.0023226871060162413,0.007866615215921247,0.017810918372950013,0.00018168695805953483
2022-10-24,0.012183974537912645,0.008673023297541382,-0.001592244103585383,-0.038911425438890146,-0.0014388398339426622,-0.006578597096048688,0.0008106429459586728,0.002703422503839148,-0.00012796751968391362,-0.0034998603017336594,0.0
2022-10-25,0.016260050719780095,0.02353844002627592,0.022328569080033,0.008210509900987484,0.009510291938109372,0.026663896477911342,0.010664097854601318,0.004043433657514139,0.03928875878596827,0.002234983892282383,0.00018198288818105368
2022-10-26,-0.007462974809483658,0.004200311942768931,0.010140358741935751,0.013479064293975718,0.003996460565971249,0.013240685909352345,0.0025378420733199736,-0.0015341039385122768,-0.000615838830854698,0.00669006039836173,9.109821612751645e-05
2022-10-27,-0.005354322835560588,0.0032417426808364347,-0.006692302212890966,-0.007203966957672114,0.005260187330759836,0.009884568495002632,0.0037300823433612518,0.0076834951479416436,0.0014787691163455907,-0.001265851741913293,0.0001818509915276767
2022-10-28,0.023336907920458394,0.0208462224157413,0.0077740412266757986,-0.006977404863328984,-0.001979830742007249,-0.007631391365236939,0.0011951703236237066,-0.0007625415306772299,0.02202243075874999,-0.010773135562147207,-9.123774855812616e-05
2022-10-31,-0.006799386522328477,-0.00020414229762899527,-0.008228232495403942,-0.003653823566539538,-0.0031172899629482442,-0.005014849362019125,-0.0035800319514479595,-0.002480151192988167,-0.0010834951569624884,-0.007687372722506858,-0.00018167011058944915
2022-11-01,-0.0040289064664573715,0.003982665758703208,0.00855559968144548,0.016643053505299044,0.0010398711051471388,0.00614837937925139,0.0026553431381306503,0.0008251054103896038,-0.0003616649831159613,0.010006500254087447,0.0002914649604441877
2022-11-02,-0.0255148332187638,-0.033668889435001015,-0.015166944259861759,-0.007491587779151154,-0.001565385021703558,-0.004017924519512994,-0.0031942926078825096,-0.0026828063466701746,-0.027486418316501116,-0.007350637355552969,0.0
2022-11-03,-0.010653189573693211,-0.005684128660278676,-0.008091945004567336,0.008107460264447752,-0.0038493713192903067,-0.004874858429307016,-0.0024020122322233606,-0.010953399893206206,-0.001363336454098918,-0.0032195873531607466,0.0004557693328803847
2022-11-04,0.014640935987597192,0.015668054512786744,0.03815798594043551,0.04076534520191766,0.00028663037853382534,-0.014358129447930246,0.0028098693864153645,0.003302901152475002,0.013654539797668619,0.030684780072099738,9.09480259554396e-05
2022-11-07,0.009600599587755498,0.00979774823621482,0.004309092099234135,-0.001865205093308675,-0.0038628257090033147,-0.009597035441328838,-0.001868278204024576,0.0017427327608126042,0.0,-0.004387320285737628,9.126835409878353e-05
2022-11-08,0.0054417152125760815,0.0014450502439753432,0.01211499660319082,0.004271243802829394,0.004452432049108612,0.011074376179988521,0.0033424557157770707,0.0013529869983432974,0.003061566072012578,0.022662927615009654,9.109574047316826e-05
2022-11-09,-0.02042504999499961,-0.02319115005966388,-0.013964887614069665,-0.018341234788395555,0.001429792797127627,0.002738440843338852,-0.0006665645742466308,-0.001930190492706707,-0.010255503676278033,-0.004616851896881324,0.00036377482789884397
2022-11-10,0.05473001342829775,0.05887943005338969,0.055640015669779164,0.03357694008062029,0.02070195776879391,0.03754904057693409,0.02639997681850037,0.016054012965589948,0.0731467374098358,0.030612296654165982,0.00045510738785514704
2022-11-11,0.00956737445003819,0.005480788995369412,0.018686917951034943,0.020172793374034104,0.0,-0.0026322016003967885,0.0025985922876292644,-0.0007612290737598615,-0.00011484693266849977,0.00690067595562005,-9.101289888313602e-05
2022-11-14,-0.00802939645893519,-0.009811580249866725,-0.01152384737992651,-0.0033382734284974624,-0.0032168088491767444,-0.002638928099286675,-0.005442046995768557,-0.006668077143855977,-0.02437067642705959,0.002383731021569302,-9.085703297040393e-05
2022-11-15,0.008259729265904792,0.012911532334102915,0.006185959929192686,0.022159221228320813,0.007016293266506768,0.01372610685647202,0.010161473874229943,0.006329335117714496,0.01084018923842378,0.0029727196977635817,0.000273334608347664
2022-11-16,-0.007591166109968239,-0.016501990747933126,-0.0037834036038608687,-0.01588106232052877,0.005713193918456705,0.02104392618939621,0.006319482588365455,0.002286718357343398,-0.009092149576366615,-0.002371127062087419,9.084045887974845e-05
2022-11-17,-0.0028890398179746146,-0.004018927536425854,-0.001186854862197495,0.0053790769363661894,-0.004156417606230867,-0.009586175650772466,-0.005639209401240186,-0.006845426489458961,-0.00682286096143736,-0.007427213343235373,9.075015505888295e-05
2022-11-18,0.004415046875773543,0.00685964732627431,0.0016634484911395298,-0.007133547977621446,-0.0016697864854592348,-0.006130031849077788,-0.001288674471391249,-0.004595044734844955,0.01267320929913085,-0.006584891401014703,9.082396535142756e-05
2022-11-21,-0.0035165472653400087,-0.0032060576296263354,-0.008066335135302971,-0.00923794655584187,0.0,0.004706753164756883,-0.0006454013928847147,0.005001206362499344,0.00526319160434463,-0.005423329696402246,0.0
2022-11-22,0.013316330568980739,0.012162029796556784,0.014828898316905148,0.002589807232550756,0.005156585589647156,0.011631930173323202,0.004907449802947328,0.0038275542699182097,0.005468344287081761,0.0006058909051995798,0.0002731034528020704
2022-11-23,0.006258045718267491,0.0011916860522973582,0.011548393123933076,0.005425044155664915,0.006101207435891709,0.015330532982136491,0.006424789555232513,0.00514779457443737,0.0008099474048388622,0.006357944502908941,0.0003634097330329489
2022-11-25,-0.00010831140519962368,0.0021819022453342107,0.004193953503110359,-0.0035971812367314726,0.0,-0.0020447105655935216,0.0014044673760695847,0.0,0.006359018794006577,0.0012032821543443983,9.075793947510569e-05
2022-11-28,-0.015819351085287425,-0.019299075715103364,-0.013921126200236555,-0.002320664419167895,-0.0012403856982134975,0.0018911789464319817,-0.00675758257609993,-0.002655578254236235,-0.026769117125446273,-0.008112994821731667,9.107761542570536e-05
2022-11-29,-0.0017584668451663399,0.0036329811319208982,0.0025882882866461454,0.019643386500896032,-0.003725838922544855,-0.009910455687964004,-0.0024387143795129296,-0.003803532728112291,0.016527219488621903,0.005452902584922592,0.0002725521984592305
2022-11-30,0.030772382364002482,0.024032198190550247,0.018774951580361465,0.027123009424411926,0.007756237660069276,0.006673221841605237,0.011195240940500062,0.013745654390354467,0.022877553867161726,0.012353114322884329,9.11264549194879e-05
2022-12-01,0.0001337511152723625,-0.0011783463057484234,0.00852324017566386,-0.0024681531773735887,0.00833383738030391,0.029883655334928205,0.009915221249174877,0.010808614951619555,-0.00215737427156637,0.018750032640640235,0.0005464630875204879
2022-12-02,-0.0014417094368363026,0.004030679694090766,-0.0009137584097477225,0.006185173624889906,0.004098726118071161,0.009677840787958969,0.0024010335011783734,0.008052433625663324,-0.0029579286511941527,-0.0032135732346660895,-9.155976231811636e-05
2022-12-05,-0.01780738559766082,-0.02790564310299337,-0.015088785983793374,-0.010081064796487738,-0.007891322273961943,-0.0127796084103875,-0.007437391366350465,-0.010031904164209404,-0.01825876739438792,-0.017878095822023155,9.156814627586662e-05
2022-12-06,-0.014455582195332495,-0.00956882575528295,-0.006731716683662015,0.0007450470950762789,0.003290971792945685,0.012020590731022684,0.0024132304876096633,-0.0007503322705891824,-0.009415212684653063,0.003282620586730234,0.00018156350005282818
2022-12-07,-0.0019336761941771696,-0.004169557604536855,0.0,-0.0059565766222796634,0.008748073808338086,0.019947956501065178,0.0076016619748735526,0.004131286474166718,0.0019946526244245533,0.008625845471170068,0.0003641255365980367
2022-12-08,0.00788760084273199,0.004697807294609557,0.005608489588220911,0.011485202048642895,-0.0028454861474956905,-0.003583080312572373,-0.003646757008453849,0.00018701314395364044,0.007026733906543292,0.0008846587859587807,0.0003638292947327759
2022-12-09,-0.007303883743096318,-0.010673002488443939,0.0006973387704152234,-0.008392675456347254,-0.005843349709824364,-0.022924991876505096,-0.004543155379840624,-0.008975280795584739,-0.0018605956390737033,0.0032410316677207174,0.0
2022-12-12,0.01427300776731344,0.010788144380260212,0.0025546272846868057,-0.002738634682050045,0.0,0.003527369532549951,-0.0010138557242148627,-0.0005660146703316826,0.007689394363314284,-0.00851691400955168,0.0
2022-12-13,0.007390685237821826,0.0033886950057278042,0.012971882573432403,0.005242223276983982,0.006834288961684809,0.010238153668404859,0.009136929202978372,0.0030206202704918805,0.018499435561181832,0.017772580528703896,0.0003636151495294282
2022-12-14,-0.00603714507425146,-0.0076298285954037315,-0.00045745077876857554,0.0017382952272919638,0.0024442342336570277,0.0037815211859237863,0.001383411166467896,-0.0026350211855934447,-0.0068114617789535314,-0.00232834195673981,-9.054357800242219e-05
2022-12-15,-0.024594102781121174,-0.024090199993268557,-0.02608081836879217,-0.01933535756004756,0.0005416415490309134,0.004370012409453894,0.0015067418283367662,0.00018862430586130685,-0.013372919860369814,-0.016335985371503492,0.0004828610107934228
2022-12-16,-0.011922932773769324,-0.00913846137902341,-0.007751894095831879,-0.0012644023465006038,-0.0025714341472876656,-0.009152249630675513,-0.0031347927033753553,-0.005116991273402149,-0.0258339451116546,0.0083036408410615,0.00018224254479592972
2022-12-19,-0.008619210946534173,-0.007102812679872117,-0.0021557995674951203,0.0019294415581110336,-0.005971250815538953,-0.015445082883197792,-0.006792332029849302,-0.00344177667370682,-0.01272455545298512,-0.002647063311408515,9.114554169142863e-05
2022-12-20,0.0015236523521302558,0.003309881646734736,0.0048007320924983166,-0.003337615126802973,-0.006553184778493093,-0.017071586044810072,-0.008105701324649162,-0.0003837682247094243,-0.0025293539577344593,0.0171041531602647,0.00018227446987761908
2022-12-21,0.014956951343287228,0.015536810316198357,0.010033420684890881,0.009273636546555997,0.0023363957124491463,0.001564538498668444,0.004341504929504358,0.005758231976087824,0.008573650932171883,-0.0017396744091339178,0.00018175091674299537
2022-12-22,-0.014060105542524126,-0.012365096387415675,-0.008751142589655259,-0.008933177425456518,-0.0001374705643775176,0.0009375065046799413,0.00012701493300038003,-0.0053435470333924595,-0.004200994205199038,-0.01277951271591593,0.00045576546168812904
2022-12-23,0.005601373876001237,0.006578324169601135,0.005010725160517149,-0.0020602894099888136,-0.0031335017314686464,-0.013017901026270762,-0.0011476759447808238,-0.0023025258114204306,0.008901359047746915,0.0035304185336590965,-9.089922363247904e-05
2022-12-27,-0.003978786111966892,-0.0005271364454841887,0.001899523028636274,0.015741882034281618,-0.0077204869769818,-0.018072379274291284,-0.00957224669875767,-0.004615344425164314,-0.00036290130175864466,0.00791558056090258,0.0
2022-12-28,-0.012269244140356794,-0.01898333868366764,-0.011374522050421998,-0.01448169573825242,-0.0013897658074731867,-0.004843327319734914,-0.0018041625151323792,-0.0011588076192610153,-0.01704714142513164,-0.004653863945353276,0.0001820600077626633
2022-12-29,0.01773702544445155,0.02203817208404879,0.01581968233588449,0.01727243319054894,0.0037568681335342635,0.009571868107352222,0.004389605660126916,0.0038683523904470274,0.02189396118691378,0.006428912862596947,0.0005459989408307386
2022-12-30,-0.0027533185675949756,-0.004522697572319601,-0.009674427829894583,-0.012164056132374146,-0.004158869026410383,-0.009802689670554754,-0.003727437661480648,-0.002119672087139146,-0.007221824851435188,0.004355445175963979,-9.09229586265603e-05
2023-01-03,-0.00384235734524363,-0.0014793809517461565,0.00548034288073862,0.010774706623847052,0.005289965489963189,0.017527030793827114,0.00477338150635398,0.002703494997424505,0.0009700003928083678,0.008383952421163743,0.00018194407860172568
2023-01-04,0.007200211874187845,0.012063355142310384,0.01492887118367392,0.0258883136975272,0.005676704165529678,0.012918437832093455,0.006548265364781258,0.0007703445195663683,0.022649830162460693,0.00946095201410646,9.0996296001844e-05
2023-01-05,-0.01092179618522715,-0.00867829104786677,-0.01120731036171907,-0.0029688138079323467,-0.0011014938943426644,0.0033068326326237685,-0.0021681354435526545,0.0,-0.02688606026229301,-0.011928377729794604,0.00018173122205222825
2023-01-06,0.022744337477165644,0.023520866115404715,0.02762693988247711,0.017121666700450566,0.011027025130447177,0.01742002207486326,0.012656501115367869,0.00865869955385734,0.02689872002746152,0.018396072802711494,0.0001817797905909746
2023-01-09,-0.0007293059220304654,-0.00010316972736856833,0.004365849700993296,0.00536720630475962,0.0027266444457783034,0.0049356866215530815,0.0037873033589579386,0.0032428624301392706,0.00035557549510922826,0.0019757181547073177,9.111809819151162e-05
2023-01-10,0.007128313869933844,0.01288254456466964,0.00251673810887465,0.007036974745609825,-0.003942895457325957,-0.014888426224721418,-0.002012304105116214,-0.00380272239224122,0.0022512126331373228,0.0033802516023877516,-9.110979644011419e-05
2023-01-11,0.012762456400847277,0.011294270637908,0.007530871807915007,0.004096552996300629,0.005323619494838061,0.014646185637633202,0.00567110185620745,0.00439017307966072,0.035819721907378366,-0.00028069404359953865,0.0002729464248423241
2023-01-12,0.003741797651006129,0.014086223737788561,0.014495924851818165,0.004559428543538413,0.007738844392069177,0.017659574381235332,0.008772004732696015,0.00722123312114431,0.012668503369814843,0.01151361528741246,0.0005454176840919978
2023-01-13,0.0038924726467428616,0.006151231473893404,0.005134917180394272,0.006689100810504112,-0.0033681787216048864,-0.00814829977795839,-0.0034784462531657345,-0.007358076747971398,-0.006198493250654802,0.011937820647170527,0.0
2023-01-17,-0.0015290756326308275,-0.0035499137441773465,0.002887607712444895,-0.005220935221792566,-0.001351777534423726,-0.00532501712659772,-0.0014955351903453984,-0.0030415499457806527,0.0028352343648514466,-0.006584408050570478,0.00027239716843885375
2023-01-18,-0.016244293169373147,-0.015734935765311486,-0.004429645981637864,-0.00596342969530439,0.009205709838990384,0.022637064768196602,0.010486553046203717,0.006863784610396273,-0.014587959150230811,-0.0027616259776149787,9.077432947601771e-05
2023-01-19,-0.007199782192957915,-0.008545973779261917,-0.0011122677846442386,0.007919379764120382,-0.002012591707341027,-0.005982784502805649,-0.0016060833091741111,0.005869944430181295,-0.00550835904456215,0.016061977473109,0.00027262418129225807
2023-01-20,0.01839620241189066,0.015008383369068845,0.01024486432759919,0.011666728659029069,-0.004435318554249945,-0.014444638130780896,-0.004207410852854254,-0.005271037676989443,0.011885421897491755,-0.003815737118794127,0.00018131979305113788
2023-01-23,0.012179861113004842,0.010990325927699773,0.004188939388156232,0.007295518702093995,-0.0024300319798657988,-0.005038128719396684,-0.0017393703412508232,-0.0007571603315223996,0.004561643411081118,0.0019151763689571055,0.0
2023-01-24,-0.0010593765383513087,-0.0034590127132823056,-0.00021956063964145844,0.000934739243070748,0.004465694637851181,0.01380990252389358,0.004729932306436702,0.005492726693101524,0.002497269945626046,0.0035500019636003355,9.113210506694891e-05
2023-01-25,0.0003536740117464632,0.0024792420119528202,0.0050503498375631395,0.00023334371617855787,0.001212619511851365,0.002421929664866651,0.00024807591189568434,0.0020719960608701626,0.00045288157176970323,0.005170030658747882,0.0003628665381596452
2023-01-26,0.010682745244701142,0.007122302457543084,0.0030587957781906816,0.007701297742862323,-0.0018837126254850345,-0.004529803603266824,-0.0012389612495571356,0.00037589551397787524,0.011205398132944744,-0.009474783084264415,0.0002722953964657826
2023-01-27,0.002850903405671623,0.004027250044561059,-0.001089102360611327,-0.006715927921746578,-0.001078740917296539,-0.00273012870289957,-0.001736475039074814,-0.002442689088334893,0.011193292268406374,-0.0010932198786699487,9.049627931712045e-05
2023-01-30,-0.012497623063526198,-0.011054664152462923,-0.008285979841604618,-0.0179529984562683,-0.0028341351440170914,-0.0034982612796488066,-0.0036024213690047935,-0.00489758688933728,-0.012729680177466118,-0.0030095926852995447,9.097633557408891e-05
2023-01-31,0.01420384214025483,0.02522500786371573,0.00615641215299334,0.0026114573015434406,0.004601641430678871,0.007631260417674479,0.007356221243186578,-0.0003783634146395931,0.02096654180639046,0.004116397681995565,9.047985895560551e-05
2023-02-01,0.01095217560837014,0.015534447543402718,0.008959746816803671,0.010182305932635582,0.006428974136108545,0.011099562348187542,0.008268074878257314,0.007952679004119556,0.00614993343882797,0.013118325778481266,0.0002729608482208157
2023-02-02,0.014330003841753758,0.02308791287990597,-0.00021633588375646884,-0.0070325149806279574,0.0006708264598322966,0.0015017154545549083,0.0016007139919707036,-0.0018780919482277447,0.02270222890904483,-0.021850590233592815,0.00036390270604846897
2023-02-03,-0.010680557264920454,-0.002693057665484999,-0.011265354946413453,-0.01581665786433717,-0.008850419329522907,-0.01469510198168833,-0.009219673119881033,-0.008658215835863126,-0.0187833549519556,-0.024544937419920032,-0.00018180385689237077
2023-02-06,-0.005780641682813115,-0.01657518598795482,-0.01073623277235336,-0.010314094201595791,-0.006224114971329353,-0.007456529026294345,-0.007568317400130864,-0.004746513025321586,-0.007287177932846944,0.0022618556254059285,0.0
2023-02-07,0.012902956717692371,0.007006918169692344,0.009302397888015568,0.0019390511324721693,-0.0013613163551438046,-0.007513291934119204,-0.0025002472864157355,0.002861622808328912,-0.0021915518759416663,0.0008462278886107732,9.07558129463748e-05
2023-02-08,-0.010956219987532712,-0.015138753019283469,-0.005924789553237497,-0.0019352984897439418,0.0017722303935081563,0.004325654697697523,0.0016291782006097044,0.005325934591533521,-0.004721466156475396,0.0028185538362059948,0.00018182041428538298
2023-02-09,-0.008559815984603536,-0.012888945062990098,0.0008828076381781624,0.0038780002096217014,-0.004082754878948269,-0.008767753744495677,-0.0050047626851588145,-0.0052977192851365595,-0.010922294540307909,-0.00815067174263684,0.0003638186240175756
2023-02-10,0.0024324322475122173,0.002321339096190478,-0.002867227477346468,-0.00845017071945342,-0.004236042801098128,-0.010707805635736256,-0.005408033192475514,-0.0038045821125753942,0.0034579133339487367,0.001700129131120276,0.0
2023-02-13,0.01154625862127956,0.01293054608280908,0.008626416329971631,0.009008984993569058,0.002744899546033519,0.008313655447533375,0.002276507939235284,0.0013365271643575038,0.008892582200370702,-0.004809000743515313,0.00027258187208634155
2023-02-14,-0.0003694274338668091,-0.0032391545332870475,0.000877186435934485,-0.002895739752883597,-0.0034220594319416264,-0.0028001178432485174,-0.0031540899126529798,-0.002669652541657963,-0.007932985892947553,0.0005685178394023715,0.0
2023-02-15,0.0033490257391173284,0.009462062479508315,-0.005039471416602437,-0.004840181084895145,-0.0021971058252833187,-0.008112165883964018,-0.0032901074907986105,0.0,0.003998407322384434,-0.010227289845135212,9.083586381897213e-05
2023-02-16,-0.013903463962527174,-0.006627405629259786,-0.004624521128429593,-0.0019454479916767298,-0.003852937712396365,-0.012582752870271108,-0.0039359616742628,-0.0026766321653730607,-0.009734514140901762,0.0,0.00045430054938511155
2023-02-17,-0.0025852444158208643,0.0017153461160726025,0.001548731637163403,-0.00804115422759799,0.0022101601038344576,0.006690301442295654,0.0015292546447733812,0.002683815752943408,-0.0039097940048111735,0.0025832420262261735,9.078636911685756e-05
2023-02-21,-0.019854650996263712,-0.02987624259280308,-0.01259104908181552,-0.011053590249886502,-0.008684707634744937,-0.018354411215872113,-0.010308840795049568,-0.004780176005714232,-0.02007391839988404,-0.00400799852348388,0.0
2023-02-22,-0.0012540528167687137,0.0038251013322301297,-0.005816653552763729,-0.00422262068769319,0.0022250898900999516,0.007414213320480423,0.001157204474524054,-0.00038420067772559907,-0.00904117693540507,-0.005173909181917957,0.0002726591706776471
2023-02-23,0.005022597101505877,0.006155373400623443,0.005850684960223784,0.0034919514227396142,0.003607170318968844,0.008960200911017902,0.005138296345209792,0.0023064247930373316,0.007506685365311627,-0.0008667662169269397,0.00036277000754925126
2023-02-24,-0.010701447609800852,-0.007671489677020804,-0.015660074694050174,-0.019139947395838575,-0.005530064737059748,-0.012210645442958135,-0.005112029224130787,-0.005944316831861696,-0.017537771519180234,-0.007229612109953321,9.080161761576555e-05
2023-02-27,0.003459443751733904,0.0022508654115749316,0.011136498263574879,0.005068543465497344,0.0016680514701969962,0.0028897155174438804,0.0015413855473571658,0.0015435318306196155,0.0015165655141016199,0.0034954536989337814,0.00018134333299157923
2023-02-28,-0.003775714669776442,-0.00029293522357354274,-0.007192859900678528,-0.00605162193405584,0.0002781089173016227,0.004321906820393684,-0.00012773512550834365,0.003851540792420005,-0.0013977391975817932,0.004934634693192663,0.0
2023-03-01,-0.003652764841927447,0.002343852552434633,0.0063392902803232065,0.020040625386551048,-0.005924522627958506,-0.011966861475821156,-0.00613585368354197,-0.0036452133768871686,-0.012599222556558431,0.006354743717236433,0.00018204056275838987
2023-03-02,0.007470075994604031,0.0030205938405227784,0.001574863132565163,0.004476478616586288,-0.002098453670351663,-0.007923557302863538,-0.0005172760150431444,0.0011551814095107638,0.011696664832580694,-0.00028697822874323986,0.00045477524961734517
2023-03-03,0.015841631136751078,0.011657277243154684,0.014600188923387103,0.007427756939798025,0.007710226428103706,0.0215157988749477,0.007898458451617296,0.00980938720829383,0.015181477142343525,0.010335824769705404,9.088127597633999e-05
2023-03-06,0.0012120860099336106,-0.02266174670381227,-0.002435202682734894,-0.003440667577265244,-0.002364788499036208,-0.006382494805890926,-0.0017990978051969364,-0.004761801294107304,-0.003911214643496419,-0.004830866029539527,9.062982458907243e-05
2023-03-07,-0.015468202991781643,-0.009923425454530954,-0.018197961588133582,-0.014796480122052036,-0.0011151663347546137,0.005299301837674797,-0.0027021909904781927,-0.006315171611076198,-0.023328392872733028,-0.01827525360601634,-0.00018148639382964404
2023-03-08,0.0015574843746679612,0.0016871198753924954,0.005198851477581812,0.005256493726536915,-0.000838156457971917,0.0011182648541074869,-0.0016778981021216,-0.004623039742762125,0.011469997760011452,0.0002908179529546029,9.088127597633999e-05
2023-03-09,-0.018305829576684363,-0.022785866643422303,-0.009894427553295171,-0.020418408673079202,0.003353558994110495,0.0031912122279946775,0.0012930108493509618,0.0025156471822518345,-0.022913010182962212,0.009014288420846173,0.0005454002324112306
2023-03-10,-0.014339854698624976,-0.0250405554649632,-0.009766068633483727,-0.005592211876819353,0.011975813470261665,0.032289008229509975,0.010327506164631739,0.014282870245132306,-0.03314224309444813,0.021901968438712505,0.0004540363908061007
2023-03-13,-0.0016915428989388026,-0.024228096374547703,-0.005733829260910928,-0.0010224543856608426,0.007981076726839786,0.00523862527440544,0.005239250723803268,0.005708756323465458,0.013117293332741697,0.02340670762786723,0.001180412378230411
2023-03-14,0.016606491996716155,0.020354036676683673,0.011764690874256578,0.0005116965601685841,-0.00627929426172158,-0.015174778578659454,-0.0047035335661413935,-0.003027409390884195,0.009649448982122832,-0.006062309593632298,-0.000544051377345367
2023-03-15,-0.00616737401900358,-0.015979221842740476,-0.02986770628333324,-0.01662384068303313,0.010303258965477902,0.018677104212370343,0.010089412789252572,0.011387507010388598,-0.0007259697221685402,0.007485457722430144,0.0009982132678518774
2023-03-16,0.01710729613350037,0.015920360005596157,0.015511195832009106,0.012743562592614444,-0.004759451647737611,-0.007639230749954984,-0.0027812965472895357,-0.010883785935215773,-0.002179169904949818,0.0024766139848648727,-9.063411621756945e-05
2023-03-17,-0.010938125711282831,-0.028416369582112577,-0.011571356732667404,-0.005136011969321452,0.007241310670236478,0.012471179704647284,0.005832120263020268,0.002466158263823237,-0.0226885247169345,0.029096935613816433,0.0007254620858732075
2023-03-20,0.0090307600623738,0.01462373834452646,0.015276097022648205,0.0017564938643364059,-0.004340575512030709,-0.007603619020150054,-0.0032777370801705397,0.0011353697037812527,0.011421512952092483,0.0002666930137520396,-0.0001815572424048728
2023-03-21,0.013080695066561177,0.01674459470890355,0.01296296150960452,0.010572348617765126,-0.002724789842204811,-0.009653551583195807,0.0016445962637388067,-0.0018903837508643662,-0.004418898399237259,-0.018666687011718697,-0.00027145595023114755
2023-03-22,-0.016581403237169168,-0.026787769638330516,-0.0038848916125505673,0.0030624633874412055,0.008879732838688481,0.013461217319552521,0.007070228231988107,0.012310848914475203,-0.037356664304931786,0.01684779741137543,0.00036214732670614147
2023-03-23,0.0023770121513546627,-0.008286806406091585,0.0006881513520744509,0.012210312550476221,0.0023022347562720036,0.0012213464023120846,0.005015298751552155,0.003180452905812592,-0.00627551877644561,0.012827455382719455,0.0006344980774353193
2023-03-24,0.006664943816041102,0.01062108820455987,-0.003438584941461875,-0.002010397469887626,0.0020262694076693677,0.004117125051261494,0.0031187803744627818,-0.0031703696943058413,0.025644278630520878,-0.011609562630381598,9.01236438248798e-05
2023-03-27,0.0016502959077235868,0.010723781122971898,0.008741262490964852,-0.0047847229639575994,-0.010381574544850447,-0.02080478223635185,-0.00994862471828084,-0.007483969642493982,-0.0011422834188813402,-0.009076352399827514,0.0
2023-03-28,-0.001757654551885146,0.0007426565198205282,0.0013686257928118284,0.011892774973374154,-0.0017711311300234733,0.0012404614992667096,-0.0025123725922582274,0.0024509280911173548,-0.00241424496963627,0.008351330339741336,9.06000143410246e-05
2023-03-29,0.01422212474856921,0.0067854029595531,0.011386988714255919,0.0035008889008605326,0.0010918971167639402,-0.002633414881191065,0.0018889411723492788,0.001880184476676261,0.02216268472438987,-0.005076105401011999,9.075328944341265e-05
2023-03-30,0.005967178487285674,-0.00031585315526860835,0.012384463161000614,0.009718318188338237,0.0013633827222914174,0.0049700159851753245,0.0013824325501006207,0.001313945225342561,0.013084406308455865,0.008861385646720787,0.00018092496982569095
2023-03-31,0.01396631797766612,0.01864529867188547,0.004670841944899751,-0.0029613194585282887,0.005173446064178577,0.012363047652685477,0.0069037394453306256,0.004873637414858356,0.021401900481863523,-0.005323416677243342,9.072863895509542e-05
2023-04-03,0.003961849384988891,0.0009308425641887386,0.008191327247210722,0.004207654120603532,0.0042503099233288655,0.005463352586762449,0.006252231888072002,0.001980428960019376,-0.007947811929506998,0.0074927107839770635,-8.151922784338517e-05
2023-04-04,-0.0056413202932746875,-0.019836815279528852,-0.00021971677474763585,0.0009863394577995788,0.004055955022516766,0.005783934194395046,0.0018641036723074933,0.002983373933545419,-0.001335495858558522,0.018592215667269985,0.00036323409105309956
2023-04-05,-0.002423786360508662,-0.007694862475250086,-0.007687029979919546,-0.008865303156978754,0.0026932025483901167,0.009685077266595066,0.0019847731528754853,0.0022306930858697616,-0.005348061862892273,-0.0007822367794125817,0.0005448953680666779
2023-04-06,0.0038182071570305176,0.00031877557309401006,0.00332013627238803,0.005962892262530772,-0.00026841087625517623,0.0016487665262232554,-0.00037211611387100163,0.002040190346808135,0.006843601895734519,-0.007045941020718205,0.0
2023-04-10,0.0010905809388286336,0.012742766425658747,0.000882097048064745,-0.0022225573095449036,-0.006716608291878701,-0.01376623737255922,-0.00544876441069575,-0.006478751333981236,0.004611810229657509,-0.007358706567966444,-9.120998635636646e-05
2023-04-11,0.0001328403986533555,0.006920586556551145,0.00440827956598544,0.007425651827583479,0.00040503792255353055,0.001213523730500654,-0.0006224216096283319,0.0014903729569029078,0.004228927972371066,0.005824760869387324,0.00018163008484584076
2023-04-12,-0.003985190559171903,-0.008226747267016554,0.0057054348058585,-0.007616766853365764,0.0010823941857294184,-0.0006060930780371621,0.0007476147424179125,0.0,-0.00481234643116113,0.005264462737719411,9.079855067439802e-05
2023-04-13,0.012963064797305357,0.008504994160526858,0.014619275483376715,0.012131555441468711,-0.0005404950485791149,-0.007126562769744105,0.0016182714174470814,-0.002046587235315922,-0.0030224725874863356,0.013354337642572878,0.0005441774265140253
2023-04-14,-0.0020539213292501968,-0.008016715186336398,-0.004946148771077574,-0.005381465107297867,-0.004459273473725989,-0.009010559117795691,-0.002610306640046911,-0.003914691714988483,-0.015520567342120484,-0.017829520098279206,-0.00018099833394502607
2023-04-17,0.0034039872709070718,0.006087366458530363,-0.0008644517175139255,0.0054105819653547105,-0.005428572334815973,-0.011249468683788733,-0.005358559117392914,-0.0048665066681375935,0.020815272298071896,-0.003946269871226593,9.05155501362831e-05
2023-04-18,0.0006835824985116368,-0.005320267260878642,0.003893490055658644,-0.0019569993321931767,0.0015013895915230169,0.00389662293821047,0.0017535645938981936,0.0007527257181778602,-0.0022923783864609026,0.003433731273625229,0.00018149828120650469
2023-04-19,-5.250226023489901e-05,0.003041406381062872,-0.0038783895843798044,-0.010293748042437767,-0.0013629177857232833,-0.0013976561488677763,-0.004252282058037848,-0.0007521595483415133,0.0059257800526473225,-0.0050013801792998525,9.049093386392926e-05
2023-04-20,-0.005650192987339486,-0.004496078727761588,0.00043269149234093085,-0.0012383605415232646,0.004366320740277541,0.007773929962499482,0.0032656314893959593,0.003573791606245713,-0.00985819402715371,0.004761912931450674,0.0005437021994478819
2023-04-21,0.0005815107539908215,-0.00199551738593573,0.003243232841741328,-0.009422437380505855,-0.0017658161187721344,-0.005399495356005257,0.0,0.0,0.0001216316777838955,-0.010268546454686778,9.091674844352582e-05
2023-04-24,0.0013207477930583522,0.0005260611883028954,0.0019396124373765034,-0.0012514792986659806,0.003946395365630018,0.009151308417258308,0.0040071576656128816,0.004122845463151004,-0.003763845757868922,0.0031923099600335014,9.05058771247802e-05
2023-04-25,-0.015801002619182936,-0.026296264996791274,-0.015702452593776672,-0.017042478962786323,0.0065069235722479135,0.014294328508850151,0.005112623014905893,0.005785798956649657,-0.009870989957056486,0.004773277898325379,0.0002719761433926937
2023-04-26,-0.0044491956431618185,-0.009290373935766372,0.00021856785818874513,0.006884116162030773,-0.0035018899597527575,-0.009546682361778469,-0.0035982464641135525,-0.0037114880282489437,-0.009599625481496843,-0.005542335388108444,9.023160384069584e-05
2023-04-27,0.01984152890472246,0.01559286761426315,0.0126721285579654,0.012914698419602244,-0.004324660732073493,-0.009332900661515597,-0.0042333301902369724,-0.003724909668491372,0.02261703219577993,0.00026534823387014406,0.00018141274328753454
2023-04-28,0.008553126160040891,0.009233344312638003,0.00021560276425058866,0.005999843471367505,0.005565244077315956,0.014362967287982142,0.007252408327938165,0.0009348107075362044,0.012273842088962317,0.0005306568981804372,9.020709811569105e-05
2023-05-01,-0.0006804155989821314,-0.00031907883090265265,-0.000862682233280121,-0.0032304802408880118,-0.010284411533496685,-0.025458611678236598,-0.011665977760657475,-0.007476372668322351,-0.007443228339315433,-0.005038415044332778,-0.00010870543891694506
2023-05-02,-0.011210381141107284,-0.018623103278273656,-0.01057869744103701,-0.010471245930978479,0.00984444483271707,0.022239579873091664,0.009196096038463164,0.00736262272810273,-0.016932425696972175,0.019456277540776945,0.00027263809546029805
2023-05-03,-0.006966845906498986,0.0003253249907526623,0.001963828819819158,-0.00025178705197537177,0.004197124323353618,0.006281637454538913,0.00287145429712532,0.004497754655067965,-0.003937244756792024,0.00836600509344354,0.00018173600604587392
2023-05-04,-0.007308973093020477,-0.012032585862058798,-0.0015244594620037466,0.008568217913535126,-0.0013481020748431494,-0.00791724125217974,-0.000995998137067633,0.0,0.008275521776275774,0.0075188207887453284,0.0005450285170727209
2023-05-05,0.018353281423004075,0.024138722832586224,0.016139778189776743,0.010744717773600865,-0.0036451388705933674,-0.004757420754367581,-0.004361408349085827,-0.0018658078345659135,0.016660638061552824,-0.015954681475728316,-9.076180669209677e-05
2023-05-08,0.0005541881861979014,-0.00439232712010762,0.0004291661614397313,0.0002472643841919808,-0.004742947968323419,-0.012027993163311712,-0.0051303401857276665,-0.003925115759854436,-0.00578386236080386,0.0013075113720171228,9.07700451453497e-05
2023-05-09,-0.004325080466564435,-0.005918635455101184,-0.0038618386818339845,-0.006179041510700034,-0.0010887011023494875,-0.002965279411975108,-0.0005028709685043209,-0.0013134192532154865,-0.004241934402815617,0.0067902406716258135,0.0
2023-05-10,0.004370369970246868,0.003572202436260996,-0.0015077143714625763,0.0002488448804822685,0.0061328394298079125,0.009236193230902856,0.006795910006947459,0.002630456020343397,0.009615333330061926,-0.0010376372585991778,0.0003630472267686091
2023-05-11,-0.0013975657263874952,-0.006795195061655823,-0.004529607360287402,-0.003978121326580264,0.003251253491799,0.009306192647285272,0.002499636365167035,0.0026235548746287307,-0.010970210913578526,-0.008309522429796878,0.00036299583346366404
2023-05-12,-0.0013470111869166024,-0.00293255106300494,-0.0021670241335117746,-0.01123312025294454,-0.005266223580565721,-0.00737649753153824,-0.004738174371844872,-0.0035511756516637405,-0.00012199926672240569,-0.0020947373457477214,0.0
2023-05-15,0.0034641295744564093,0.011110095873268833,0.008686277090260486,0.017419654749180058,-0.0025786617236749354,-0.009908577946250552,-0.00313203685431096,-0.001500603386915933,-0.0017068091803362773,0.0020991344811391865,9.061561258794093e-05
2023-05-16,-0.006614547368847146,-0.013250154800857894,-0.010333588038730412,-0.006947919732649632,-0.0024500748771084657,-0.0028146491264654516,-0.004273149194900183,-0.002442328351400236,-0.02503340523642128,-0.01230681913869347,0.0
2023-05-17,0.011938108215944876,0.024017502592152296,0.005220743027062991,0.003498475817314217,-0.0017738053083167227,-0.0025089110643583545,-0.0008828835358831721,-0.0005649313652864585,0.013526910292147143,-0.0034464757133645385,0.00018177708426336814
2023-05-18,0.009778459504812709,0.009061762752932578,-0.0019476794440809186,-0.006225408682253741,-0.004099581356510673,-0.008017854817816139,-0.003537677626985092,-0.0030148608759075213,-0.004819710862837612,-0.013301409895460692,0.0002719334265852691
2023-05-19,-0.0015838899546416485,-0.007501178324817115,0.006071302681330382,-0.0005006928940196609,-0.0027446602181034896,-0.006497384743548329,-0.0017746130231316437,-0.0028352094689116925,-0.001614205882426556,0.009706136664074494,0.0
2023-05-22,0.0005461182394459474,0.007664413187762564,0.0008618470031589442,0.006517753438858964,-0.00027494812641393196,-0.0038285499841891335,0.000381103008451511,-0.0015161646758022895,0.0060945625740509435,-0.0016021728189227202,0.0
2023-05-23,-0.011175276425488323,-0.001267757069414177,-0.013996513054599813,-0.014943885366178744,0.0006881536196583493,0.002241909919559193,0.00139613279429196,0.0030370983488019476,-0.009395420941728516,0.000802320935719969,0.00018129319211945827
2023-05-24,-0.0074904149421378685,-0.012269944402573563,-0.014195011199354068,-0.0070796738864573605,-0.0027514341818011268,-0.004153913178532753,-0.0032956456984818416,-0.0035956954978608735,-0.02146524126521243,-0.007749789284349662,0.0
2023-05-25,0.008712160749694053,-0.0034269399715513016,-0.0022154167733441366,-0.0017824311117430325,-0.0037238983221823396,-0.0033694088223544805,-0.0036882274876259835,-0.0036086711805781713,-0.0001275354944917373,-0.009965061565801125,0.00045307055241283756
2023-05-26,0.012995022949542134,0.011068239509297584,0.009324996104508987,0.016581359372202398,0.0012461185064198688,0.005956281293586274,0.0022974538608449002,0.00019080052383424473,0.011479658568191775,0.004352553175128504,0.00018141895944467912
2023-05-30,0.00031082738798882126,-0.004676174949015066,-0.008579186195291744,-0.013048595241821004,0.006636480170762793,0.010401682813046875,0.007005361682740796,0.004383445802962127,0.0037830133648273367,0.005958863261487757,9.041224292483108e-05
2023-05-31,-0.005440430783186123,-0.013027349465817184,-0.009762337574900748,-0.00711927437835802,0.0032972830387760776,0.008710677812817869,0.002656250613030542,0.000189602685352952,0.0050251549523705474,0.0016155458879123508,0.00018136965453852127
2023-06-01,0.009586073499040504,0.008546904224332685,0.01546036588608346,0.017157417356609805,0.0027041072544882194,0.0036052014137586408,0.002923570924433072,0.002797876885360928,0.00012521983311253315,0.007795723375797925,0.0006548494872764543
2023-06-02,0.01468112421601142,0.041192824986510335,0.014783882907196233,0.015861088879366436,-0.005612685333802991,-0.009411719975886523,-0.0032811296253544286,-0.005314373368257463,0.02437176104080474,-0.014670659566113575,9.113001945459942e-05
2023-06-05,-0.0019325803257310703,-0.020605910355833812,-0.0063057538195153695,-0.0009915084620784054,0.00013789011758236214,-0.0014251817018335888,-0.001265817546682757,0.0017172708143573523,-0.006954545230956621,0.005955636948618004,0.0
2023-06-06,0.0020637003072006,0.028508612610749218,0.00875280036752768,0.00769035569291221,0.0013762215611206052,0.004281647230788055,0.0006338229186111377,0.0007619321863077122,0.009583541609549995,0.0010764509066629735,0.0001816022932217276
2023-06-07,-0.0032799701857717523,0.024543416395889306,-0.009544584925376798,-0.002215755085618887,-0.0056358310335095085,-0.014211585958250672,-0.007727405851583047,-0.005138982723119856,0.018376533671006223,-0.011828022375865221,0.00018180970285297526
2023-06-08,0.005994741768315048,-0.00631216594102868,0.010293330209754759,0.005428248820311454,0.004976773390727773,0.011533229516607513,0.006255420654031063,0.00516552828372574,-0.006214079549351159,0.01332975247117374,0.0006359378934304161
2023-06-09,0.001673593040154131,-0.008267502441107188,-0.0004334458105919037,0.002699574267720939,-0.002063208872651101,-0.0007916752373172686,-0.0032986946669215644,-0.002855173091888541,-0.00577214340344312,-0.00295303651950507,0.0
2023-06-12,0.009189180773954808,0.0025414990558665362,0.004554349393560697,0.0024471110743129465,0.002067474504392486,0.0019014011557756394,0.0015275651630128895,0.0007638618878345049,0.00024189785296035993,-0.0008077215883109945,0.00018206143989152324
2023-06-13,0.006597075628978599,0.008011406246564823,0.009714995863107312,0.008300668238618192,-0.004401733398726737,-0.009490555154362146,-0.0041943969835732675,-0.004768495012654417,0.0064087428423182935,-0.007545103063640757,0.00018162806143151577
2023-06-14,0.0007724598988656517,-0.012072415916211665,0.002565630679484343,0.009443109609901912,0.0008292416621291654,0.005908833955491799,0.0012764958008464333,0.0019165535577509996,0.003724534404241364,0.0008145201684888193,9.059745661255114e-05
2023-06-15,0.012823584878264072,0.009164893761852477,0.009383961619627623,0.009594681407787853,0.006211484368210174,0.009842763741928273,0.00803084909098195,0.006503304941996246,0.005267073295985636,0.006782419855136723,0.0007260744349135706
2023-06-16,-0.003687539272790752,-0.004641867636686503,-0.0029582675465478214,-0.003563849377203554,-0.0021946579091458585,-0.003458401004354572,-0.0027824551717727797,-0.002090227496932884,-0.0007146685724495061,-0.001347325147890155,9.076342596991971e-05
2023-06-20,-0.004614630978132195,-0.003852263685186319,-0.01343073205756451,-0.017811846519302788,0.001374589328412279,0.005994489401370373,0.002790218830588387,0.0024756225702153856,-0.011796600724202966,-0.010253671182783641,0.0
2023-06-21,-0.005478736992976296,-0.0012212560493849445,0.0015174639436184023,-0.0017086215468137267,0.001647763232955457,0.0023520032712069927,-0.0008851082958989398,-0.0005697857018251984,-0.006029425736618355,-0.0013631198649006748,9.051530716197576e-05
2023-06-22,0.0036393845604438813,-0.010597051852753614,-0.006060658943053077,-0.004401088873508652,-0.004797617448182745,-0.010638098357953818,-0.003290649189290451,-0.003231502154252719,-0.014315365028039206,-0.01010108478823124,0.00036298789891087146
2023-06-23,-0.007500642035964344,-0.016065828193555065,-0.01611487583837623,-0.01399801274899215,0.0028923049693052594,0.008380769475568872,0.0016501957461969585,0.0024790922855240094,-0.013784373560633223,0.002482078233700502,9.047427381614348e-05
2023-06-26,-0.00412907938163487,0.006384757398128604,0.0030986501692831236,0.003237708262910477,0.001236575865360523,0.0010976518387504353,0.0021552718594786135,0.0001904553443841106,0.0230875047756256,0.001925713831158804,0.0001813317631234046
2023-06-27,0.01108156695621143,0.017368566403896946,0.008164065178354774,0.009434190642277906,-0.0019207404526511151,-0.0026627541117839604,-0.0025300490118068675,-0.0028529181025453987,0.012320040967022772,-0.004667714922903743,0.00018097927767302124
2023-06-28,0.00044720119523966595,0.0012266672401619605,0.00021910453703544164,-0.003935181944912158,0.0031606785172579865,0.00455437972267192,0.004438900222947684,0.0020978840658105735,0.0014459655902010482,-0.0022069470635776023,9.091264956051504e-05
2023-06-29,0.0038308177274049005,0.016540538847688024,-0.0013130528386612328,-0.004197591205539086,-0.007534612846801014,-0.016729023514742813,-0.006313421441628497,-0.006280887538735569,0.011170227518315645,-0.0005528516471857703,0.00018108984292863894
2023-06-30,0.011850757341342444,0.000904244521525932,0.011832000842783685,0.00867847351925688,0.0034505868660841266,0.0101763390933165,0.004193556932828191,0.004213862171174476,0.005535461347195181,0.006638944775637867,0.0005434906314754073
2023-07-03,0.001915092972877508,0.006322139946995042,0.0017320545760868278,0.009832861922463465,-0.002840620962704543,-0.0054442588945334824,-0.0018025246747462864,-0.0014366778018327642,0.009813312866892021,0.0005496141274836663,-7.23994469863376e-05
2023-07-05,-0.0022300303967066615,-0.014858466356003297,-0.010808529689212198,-0.004868660965932747,-0.004149971940621722,-0.009203665540163941,-0.005722389685341889,-0.004220285122113032,0.002251854840250367,-0.00329576853577751,0.00018129112328879593
2023-07-06,-0.008154411986538102,-0.013766430713053723,-0.01770086427664197,-0.019080378225179384,-0.006388797629252596,-0.013773174590317683,-0.008057611131171871,-0.005201234019241996,-0.007685936024179552,-0.003031154796816149,0.0005456105170975611
2023-07-07,-0.002327428436016299,0.009853195553366279,0.008453977320976191,0.011970311023742353,-0.0005588038535431217,-0.00487189718696146,-0.0006442586381639748,-0.001161900716662334,-0.002263991322829617,0.007739048560948092,0.0
2023-07-10,0.0026802814650050966,0.013111094281578861,0.0026470774597393554,0.00024647888413342756,0.0034961739252361568,0.0019581286049989988,0.005418715405867358,0.0025202827059127575,0.004299472396287918,0.0005485589211708941,0.00018179758645553434
2023-07-11,0.006411488855007752,0.009229393640372896,0.009680880462039188,0.008869197432590958,0.002090683321731346,0.004397641078517589,0.0032076925858623984,-0.00038699777307860117,0.014270392005241384,0.0038377026152740523,0.0
2023-07-12,0.00787114315195625,0.010934464250680787,0.019176302217732255,0.019047452611823612,0.00792763930002871,0.011512926878886276,0.008314573201125386,0.009866647496495462,0.005393427900967973,0.013653741523314222,0.00027260693501518496
2023-07-13,0.008150960864187207,0.005604610581137148,0.015394720917261795,0.011023368723349858,0.0060714572754001495,0.009939013982433131,0.006976801083470319,0.005364227301459135,0.006413966707365937,0.0005388054509476436,0.0005443476706392669
2023-07-14,-0.0007990708035894301,-0.008409092104623705,-0.00610673968734432,-0.006162610303453553,-0.004663085695864488,-0.004920704966953626,-0.006172501200396585,-0.004954122410552819,-0.0019700814343173167,-0.0032309890645343398,9.100729939115482e-05
2023-07-17,0.003488887916592187,0.007987598125815065,-0.00042374521195931436,0.0011924161653185106,0.0011023369258720273,0.00047890460039368143,0.0011404266396786156,0.0019145256459218718,-0.006501584871365873,0.0005402608729432323,9.044123049162245e-05
2023-07-18,0.007580637955802549,0.013793553084952448,0.007206633413679997,-0.007146175394523002,0.001238763506850038,0.004144994662908852,0.00164613743101083,-0.0007645606217823175,-0.005492655208046537,0.011339043157778228,9.09111117999295e-05
2023-07-19,0.002156511015234175,0.005500463537443379,-0.0002105783685557583,-0.0014394418307258627,0.0023369916440856286,0.01016215125590203,0.0036659122812681133,0.0034430319016611755,0.011280922914796765,0.0005339150627998723,0.00018148701762332742
2023-07-20,-0.006527173511746254,-0.007485527474199838,-0.005893458843144739,-0.006247310227770919,-0.004663085695864488,-0.011945890183576058,-0.005038176185544696,-0.0005716647281879261,-0.0032534862341622173,-0.0050693337521222626,0.0004532369401648584
2023-07-21,0.00012030833766574212,-0.003674446822112376,0.0012703391631303518,-0.00048345888626366573,0.00068907895677639,0.0007952751106241607,0.001645497922811101,0.0,0.00466297964540785,-0.0032180944927803212,9.100441646103796e-05
2023-07-24,0.004235184206568876,0.005725837892192276,-0.0010573024730418101,0.0133045871240145,-0.0016527216674045997,-0.0036560798871628775,-0.0015160320781792969,0.0009537570168036691,0.008238639991866581,-0.004035451131847556,9.035924207467794e-05
2023-07-25,0.002947205391261587,-0.0002894736128452591,0.002963615881603321,0.007638868977442259,-0.0011032829748424122,-0.0020739599602501713,-0.0011394749431432594,-0.0019055325595542794,-0.007135716453639751,0.005402505685207615,9.074910038986417e-05
2023-07-26,0.00023909659252097093,0.007336126653164854,0.0012662287909779302,0.0061596903210658915,0.0033143350209079436,0.0019183710714831825,0.004688748576821222,0.0003816370505203004,0.004520970415390124,0.005373372963001,0.0001814817314758077
2023-07-27,-0.006783625411780125,-0.010636370274206497,-0.004215749502673116,-0.011066608357395147,-0.008533176984074298,-0.018669105960407828,-0.009711254692773452,-0.007442694820211093,-0.021694076026170905,-0.015499680511442682,0.0003623405240114064
2023-07-28,0.009739852806092797,0.00958832979064006,0.008255723605395948,0.024285663041008876,0.0034703252105474647,0.004552834844807396,0.004839594636001809,0.0038455880425489752,-0.0008257540397854646,0.007600401143787794,0.00027151774121425554
2023-07-31,0.001929029436181784,0.0088259608034289,0.0,0.001162106570600674,0.0017982356328019033,0.002751670447679544,0.0025349401162113594,0.0003828796769311804,0.006492815588650336,0.0021552218037907966,0.00018133384403729025
2023-08-01,-0.003090177314928111,-0.004944896193982973,-0.011127297810405112,-0.013930646431044358,-0.006188636907955569,-0.015424604546220744,-0.006608514882769145,-0.005896379449931488,-0.001641905435679769,-0.009677435563663073,0.00015450341267264633
2023-08-02,-0.013853806580274353,-0.008314319841337903,-0.01932075910407527,-0.021662393653407608,-0.0032046306722234297,-0.009206397424214807,-0.003447336744917928,-0.0019314772056615581,-0.005756680008067727,-0.004614603228513703,0.00018190900622117034
2023-08-03,-0.0028289495142911347,-0.003758311717875995,-0.003031076328013027,0.004332038187203624,-0.00614948206678978,-0.020905661685277077,-0.005637228357288637,-0.00600125799765916,-0.010870671623281924,-0.0005453134460022824,0.00036391082515474515
2023-08-04,-0.00489830574220218,-9.677631568216771e-05,0.002823355961884211,0.0011982314953564721,0.008296952386322554,0.016945932551388765,0.008632658859381026,0.009542626548426636,-0.008123521926603816,0.0032741862725444992,0.0002723173266845347
2023-08-07,0.009016027014359551,0.0057077919076760075,0.008011934518007191,-0.001675396236318405,-0.0015341990522595994,-0.008498284446538218,-0.0006384851821313875,0.0007716299537319227,0.012525774621646057,-0.00217573647154512,0.0
2023-08-08,-0.004322706927920805,-0.006829616647071823,-0.007518862105241664,-0.010309249387754127,0.003631893305848788,0.010924263045979155,0.00230098014101654,0.00019255214898938888,-0.006423384000041277,-0.006268725833881494,0.00018152194032250435
2023-08-09,-0.006645933153589523,-0.007167197779025636,0.0008660161729066029,0.0016959933234899083,0.0002784984195169926,0.004821179008527965,0.0006373144533917685,-0.0007706386906727314,-0.00011973017342514769,-0.00493692566362236,9.086363742860648e-05
2023-08-10,0.0005860529927685931,-0.0038044290070596842,0.003027525801806652,0.0019344035487849354,-0.005565496887688481,-0.014725218846304289,-0.005735756904774347,-0.004628886584092551,-0.003831409275633857,-0.001102455958540527,0.00045411807181050534
2023-08-11,-0.0009272833849902629,-0.0008812617013084223,-0.00560590024237273,-0.01448208719515931,-0.0032187107318969455,-0.0033585852680320105,-0.003460699746377416,-0.001743780197465572,0.0015626658483556266,0.0,0.0001816282832705074
2023-08-14,0.005642281565967799,-0.0044104311343401426,-0.004119710612340621,-0.004653808663316328,-0.001262681460849957,-0.0018532745375374748,-0.0009003593307668201,-0.0023291849225866024,-0.0066004434824091796,-0.0027594449278897093,0.00018143656327729296
2023-08-15,-0.01146408715197822,-0.011419602655246552,-0.013934330157254537,-0.010580578166444976,-0.0022490634571984414,-0.005232949332470538,-0.003475847291458778,-0.0031130248824284834,-0.011234429371307919,-0.0030437358109937085,0.0001816417125553027
2023-08-16,-0.007395579060668789,-0.011651145292693954,-0.007948712124127066,-0.00671460578452121,-0.0028175759143634904,-0.007296814698082743,-0.0031011368680434748,-0.0021462865251929975,-0.01233968296220156,-0.005550845268335269,9.052667323605768e-05
2023-08-17,-0.008094139438586945,-0.010478455258506436,-0.006676844555413619,0.0032548364125903895,-0.000987857773171008,-0.003931507789924682,-0.0023326612735795615,-0.0007826801453567622,-0.008040676045865225,-0.0016746126213984525,0.0004536237180945424
2023-08-18,0.000923242040146377,0.005091007200861641,0.0,-0.006239250976557309,0.0021206879778574717,0.003088953788029425,0.003377011600153468,0.0013700498180861942,0.003117602354450577,0.0002795169529004049,9.079462264294236e-05
2023-08-21,0.006606851091472965,-0.0047613996533436564,0.003136647935097381,0.0022603334031181532,-0.004797643231583826,-0.012660488871674591,-0.004531280186374276,-0.002931864180396704,-0.00919940989836987,0.0025153760664733404,9.062780089852396e-05
2023-08-22,-0.002798693733284452,-0.0019340559105052169,-0.002233537637355565,-0.001754002396063492,0.0012761812739849887,0.006411529214684464,0.0005206842711453774,0.0019603795558400527,0.002885801885171624,0.0019514830473550404,0.0001813977409479417
2023-08-23,0.01077982627780738,0.010606861035568294,0.01074541239880733,0.014809320582855667,0.009062374563792108,0.021521971480774615,0.01039879564427415,0.009195941286903375,0.015763948665843408,0.010295012819145244,0.00018112703822414922
2023-08-24,-0.013294145596745688,-0.009990786636490223,-0.012624562223262248,-0.00420485866025222,-0.002385603394803315,-0.004550906267923094,-0.0033451059108502434,-0.004265357343683607,-0.0038186089243411603,-0.00027546504687891993,0.0004532507406238562
2023-08-25,0.006624504215467786,0.0024464136455024654,0.0062806156109143085,-0.0007452100064999634,0.0,0.002031855491407386,-0.0001290548752886922,-0.0003893373001662148,0.0007422401508525578,-0.0011019536189550427,0.0
2023-08-28,0.006580908956344889,0.008135137639810663,0.010477494462460157,0.009942953964750423,0.0018288990515817893,0.0011828579215189539,0.0036149094731479092,0.000389488942739602,0.009389488886219155,0.0030336628638572005,9.07041406004172e-05
2023-08-29,0.014206241110031437,0.01341524365556368,0.012794809856929046,0.013290698612218765,0.006177611797823168,0.010295121982391464,0.006303305698527106,0.0046728823732211655,0.01211772896218477,0.009073462764536577,0.0002718501111005356
2023-08-30,0.004168184542526543,0.004379332669844027,-0.00021778017336981925,-0.0036433860781625027,-0.00041900469973943366,-0.0006680640588297981,-0.0006395663336321578,-0.0011627454818771144,0.0036279734190369783,0.002997291772883104,9.027532072281019e-05
2023-08-31,-0.0012790684937424857,-0.0012882502506080806,-0.0032679630931776726,-0.01194546665836882,0.001675585038856342,0.0041791919962053115,0.001407048197688221,0.00194047006841358,-0.007350331259370346,-0.001630029096781116,0.0005432658472730445
2023-09-01,0.002126457697297468,0.010220182158836133,0.0015301597319343774,0.010856281049217875,-0.004807464965731145,-0.014843882727755164,-0.0042545672381840705,-0.005031366231670997,0.0016994114233606084,0.0002720631709716148,0.000281892178694898
2023-09-05,-0.0043644342805361225,-0.02887711837672091,-0.008948173743714483,-0.005858160202652507,-0.005476827916589766,-0.012034017265434516,-0.005405028659499322,-0.0017568365926682317,-0.011633622137331656,-0.007616942113211622,0.0
2023-09-06,-0.006902396567250779,-0.0033378346727443997,-0.003963853063069456,-0.004664721893738011,-0.0011294608364296188,0.0018868729277541352,-0.00245868669360072,-0.0015647431168104298,-0.0020843638179688373,-0.005208295753650005,0.00018157221601722284
2023-09-07,-0.0029753023893525077,-0.007103656111924539,-0.0039798134045262445,-0.01036005522444794,0.0033925762399602544,0.0020550164913959446,0.0037615816596876517,0.0033298820262475104,0.006266045914941953,0.0013777689666343296,0.0005449341688832376
2023-09-08,0.0013698911967119365,-0.0038837615860821684,-0.001331811990427867,0.001993917378489529,0.0002817437512594445,0.0034174844295484785,0.00012957061474128118,0.0023429494561100217,-0.0039070899243364154,0.00027513267724876833,9.099689669755939e-05
2023-09-11,0.006570591468751941,-0.0002053919294895401,0.011335778680380715,0.011442808703226337,-0.0015491240814994311,-0.006130639238233981,-0.001033943555228345,-0.0007792131246130429,0.00012248584003127228,0.0016506568310790115,0.00018134481966458615
2023-09-12,-0.00536294482183175,0.0,-0.004395313732649009,-0.0027055212147610863,0.0007053439081885493,0.004626732180813775,-0.0005175068504870151,0.0001949551927982185,-0.0004900957949270923,-0.004943705188962699,9.081404476751764e-05
2023-09-13,0.0011711908728269105,-0.005849804664532998,-0.0019868779291826177,-0.0009865417907111151,0.0015505544465206356,0.0005112204299906331,0.0019412309181643383,0.0015590876475977122,-0.01091332591984251,-0.0022080600984871745,0.0001815325663654388
2023-09-14,0.00865113567910103,0.017239641493969726,0.013492694131573835,0.005924786176800589,-0.0016887366944715598,-0.005966491785672323,-0.001291420551305933,-0.0015566606771644231,0.01810043623314872,0.0005531574611992163,0.00045378855365596493
2023-09-15,-0.012466793381329055,-0.009437779736303109,-0.0021827205732755095,-0.005153435373681625,-0.001974077694638643,-0.005145172577880608,-0.0016816512634109104,-0.002533840206885407,-0.0037749417110796157,0.006911805713461172,9.035323613471036e-05
2023-09-18,0.0011010462929434972,-0.0062493578511290115,-0.0037435495433189026,-0.0015418579966953727,0.0009890817182827139,0.003965112870674359,0.0010365096204414392,0.002149368680362862,-0.008923213267805652,0.005491509417757001,0.0001817167948885423
2023-09-19,-0.0020041995263703205,-0.0020618387731148324,0.00022107421787853632,-0.004981349405991153,-0.002117349350403752,-0.0061812404975626345,-0.00310619591769723,-0.0027294884836085442,-0.004563237209131321,-0.0010922201528316133,0.0
2023-09-20,-0.009354200172049132,-0.008057851428190377,-0.003314919469531774,-0.003003668575872309,-0.001272295609045515,0.001900463736540292,-0.0006487524519878107,-0.0017593244194229474,0.0008671798518771201,0.0008200868724781429,0.00018128898680469518
2023-09-21,-0.016388612979709283,-0.014684286706891037,-0.01663000097378553,-0.016068384014117365,-0.006230865618878756,-0.022762605185056684,-0.0063654699649807744,-0.005679771670734635,-0.03404315170126715,-0.00737504652450971,0.00045321926196861817
2023-09-22,-0.002412487023260579,-0.00338246471899617,0.0011277416644026594,0.011737651887045786,0.004132371266313717,0.007411592320542004,0.00444476470541133,0.0035453216343499516,-0.00756099766029672,0.0033021169890177227,0.00018117401551132062
2023-09-25,0.0041564420734314655,0.004666450310325976,-0.003828893969949898,-0.003782915331292269,-0.007378957506732453,-0.022245919140612025,-0.0058568186450733695,-0.007458182362071519,-0.0009039095065384029,-0.005211152810749797,9.049170446684407e-05
2023-09-26,-0.014675768217028762,-0.014543255670922961,-0.014243736275176166,-0.011645742023930428,-0.001000897986520366,-0.0032244547097536325,-0.0024874296945452956,-0.0025709183069346775,-0.018224368785530465,-0.00799561378183744,9.103572623714307e-05
2023-09-27,0.00022918494044832372,0.009902983719606295,-0.002293802867641026,0.0012806390010080548,-0.0035776930714721544,-0.005212093479245117,-0.004725109636116387,-0.0013877002492894697,-0.006713974552682189,-0.012228978107475474,0.0001807928000923109
2023-09-28,0.005833504751750818,0.012364360519045325,0.008276157640002113,0.002046677804298014,0.002585347545699168,0.0021678634140223085,0.0025055864297522934,0.0047648046955310885,0.009595674526298392,-0.005346157470784929,0.0004528466879729631
2023-09-29,-0.0023880011476928864,-0.006843561448402702,-0.0031921350751733524,0.0010213017236015975,-0.00042972912867067503,0.0007207972494720494,-0.0005261735067496609,-0.0023712733980518763,0.002915964032726981,-0.010183785323720551,0.0
2023-10-02,-7.625047354609116e-05,-0.014523570423260024,-0.015553312683220466,-0.003570856122521837,-0.006869315977759527,-0.015776864652597755,-0.007475205758438186,-0.0059766001497642,-0.018371499332514696,-0.010002922893077582,0.0002273456449986
2023-10-03,-0.013446471789843817,-0.015490340048249451,-0.012546573004968864,-0.012797196741786032,-0.008102801106495527,-0.019280206063838512,-0.008250211319289047,-0.006791746486201733,-0.019523350130147943,-0.00317553730628628,9.087030104781846e-05
2023-10-04,0.00735688001814605,0.001966561813637302,0.0004705558623900874,-0.004148433523733952,0.0065648153937392095,0.012170083001506349,0.00603775332968981,0.00462561483516688,0.012222003779221113,-0.00028955464484980986,0.00036360578733685145
2023-10-05,-0.0008455820243327139,-0.0013084680258375059,0.009172259266448712,0.004165714714305047,0.0007245225569854075,-0.003514745016177656,0.00040010892823127975,-0.0016013717020729734,0.00556207435436229,-0.0014484135688735966,0.0005451316630824543
2023-10-06,0.011925855049715217,0.006223889712939634,0.010487072747403126,0.013741006659987454,-0.003910230911185475,-0.011509295960550503,-0.003599540145932001,-0.0036095707094172536,0.0026983180383870486,0.004931771480275238,9.054333163716066e-05
2023-10-09,0.006665586936039469,0.008464723353438064,-0.0006919785507810694,-0.006137826061061058,0.010177186325965648,0.02159647246597385,0.01204169548901568,0.009659962789475118,0.010898883619130606,0.018764478560387765,9.085003909947709e-05
2023-10-10,0.005161286419234745,0.010868318436450641,0.012693325550804158,0.015954373955809675,-0.0010072263246013735,-0.0014705094326151746,-0.0007928897876279262,0.0003986935563320415,0.004791838075743238,-0.0019835560501053617,9.099922422373119e-05
2023-10-11,0.0042329459528192,0.001277352456732217,0.004329835488302569,0.0030397425040538106,0.0046101315477562466,0.01877740265543304,0.0033075402181110825,0.0047819063224399105,0.017352991704386422,0.0073821213095350835,9.051867278220271e-05
2023-10-12,-0.006010941114733104,-0.018817783664001553,-0.0086225269502469,-0.010606018040199672,-0.008604780167305481,-0.024394519484197796,-0.006725722444894,-0.006940150186479865,-0.014583040204416697,-0.0031003554614090767,0.0005444795651341483
2023-10-13,-0.00526958042346426,-0.011593912788854355,-0.008926534342657,-0.0038286121800003015,0.004629237026993804,0.016113952584270175,0.003850492322455157,0.006788692135888841,-0.0025105732821563143,0.03194800967597944,0.00018170907056291874
2023-10-16,0.010468728214909184,0.017868952778858693,0.007852231901150253,0.007174224184774092,-0.005183694807606387,-0.014582425058990212,-0.004761531383396966,-0.0027765099714400776,0.011922066732602765,-0.004383557463345511,9.052343861037926e-05
2023-10-17,2.4943771923080504e-05,0.011631646539908003,0.00022927515981874258,-0.004324835198487809,-0.00651307356763875,-0.011098664233685218,-0.008637691072983955,-0.004773262202566686,-0.0014400751441254744,0.0013758733310569315,9.067252590999608e-05
2023-10-18,-0.013380736894841538,-0.019056841390321266,-0.016953108928320804,-0.016351549565850054,-0.004370866254434724,-0.008979164145217378,-0.006300185833744476,-0.0019985614174476973,-0.021237676250670523,0.014564407479700003,9.058567175301846e-05
2023-10-19,-0.008476160767838747,-0.015519880573209077,-0.00815677413190663,-0.0036364930220672553,-0.004389431176874847,-0.017553512645445246,-0.004316999434883062,-0.0004004444412575303,-0.023707316007686274,0.012188536978800846,0.0004532804650272393
2023-10-20,-0.012453135130184756,-0.011685306356874259,-0.009398536581206929,-0.01199140600212012,0.00367391296997166,0.0061478549688880335,0.004606566131492018,0.002203540233375545,-0.006722447239269069,0.00267600459396955,0.0002721594195609356
2023-10-23,-0.0017571684112659414,-0.009035366831597225,0.00047454858528728217,-0.0021108301952550423,0.00380732503458292,0.01145682433241002,0.005664225502348241,0.0005997991069222053,-0.009806584265056872,-0.0032026352461319574,0.00018086645086823339
2023-10-24,0.007481070395481071,0.0059657702151312275,0.004978567440208526,0.012427139922630115,0.0033553418033438476,0.010572193077063252,0.0025478386163104716,0.0005989286050362974,0.012832842729434635,-0.0002676926892013487,9.088820240488182e-05
2023-10-25,-0.014105887421486663,-0.012084575127389252,-0.00872831658467721,-0.01070771202880827,-0.007560338910419961,-0.019988449354994775,-0.0066882225428470665,-0.003992623451147703,-0.021484561312718364,0.004552709380038156,0.0
2023-10-26,-0.012274793937508632,0.002605060391352776,-0.007377576293135402,-0.0036957940165506242,0.006738943189903646,0.014105720767012109,0.0061947223698581855,0.00521167834311842,0.019141493659718956,0.0015996101299895482,0.0006340388036145672
2023-10-27,-0.004432721076874535,-0.010280240706666,-0.003116794291576741,0.0010595596134548302,0.0,-0.0024438032961101586,-0.0008027688992859883,0.001594984999252258,-0.016019997823746746,0.011711435461353004,0.00018085973369963426
2023-10-30,0.012032160734958941,0.006392097600154356,0.013708825626987942,0.00899974574630491,-0.00247393484222036,-0.004333830272902239,-0.002545000225960159,-0.001791553752129249,0.006315768551316658,-0.005787882549871837,9.080593445420782e-05
2023-10-31,0.006049549519337338,0.008166030722350115,0.002135034474023856,-0.004722176304310044,-0.0002917364258968602,-0.004352612258999744,-0.0002690342618293373,-0.002393592396007893,0.017015561012423852,-0.005292425458959804,0.0
2023-11-01,0.011010610357712114,0.004387401226839893,0.010179667975185325,0.007116652752992669,0.009703346659892809,0.02002674430725726,0.011527086615925164,0.009069695870257188,0.006171065964574396,-0.0034583949876968445,0.00034506261077504874
2023-11-02,0.019000858298660495,0.0266578121140304,0.022498654557389974,0.015441076298348122,0.005798013601414409,0.020568371665606433,0.007463475359868799,0.003976716910764289,0.03284720545488917,0.003737303605713782,0.0004546163445990903
2023-11-03,0.009247741591796421,0.027929096404048837,0.012834893443408157,0.018298755786031018,0.005908755692155765,0.0067790174712785145,0.006085655611348217,0.005545839320742818,0.02388506355872222,0.003457475356141604,0.00027217537284141
2023-11-06,0.001927449560491734,-0.010082868113818977,-0.0031680144366170726,0.0030373293439383,-0.004297970641447657,-0.008553238088880755,-0.0046023940444255285,-0.0031515968271861317,-0.01443510832857764,-0.00795121231646756,-9.085722340007596e-05
2023-11-07,0.0028236314702294596,-0.0072903858780504205,-0.007491587066265959,0.00025233559691661966,0.005036024911686532,0.013399372896310213,0.005284149696652696,0.003951909026276956,-0.008238576385853014,-0.0042746418944052955,0.0002724396377642435
2023-11-08,0.0008224319151799442,-0.009396327855802689,-0.0022872210016798844,-0.004540999635677001,0.0031493495416758943,0.01467125612652298,0.0026280159005005466,0.0013776023048819308,0.0032965725898403964,-0.009927526894024763,9.084073056953024e-05
2023-11-09,-0.007543561770606888,-0.013519425849325528,-0.0004584737518756876,-0.008869269637579169,-0.007421054226910417,-0.021063962141989134,-0.006946261193355285,-0.008647862469692735,-0.015770744193412622,0.003794021242797374,0.00036278131716183104
2023-11-10,0.015602911134721564,0.01049964334718645,0.005275296999115886,0.006903431772237845,0.0018691039673277565,0.004923597546123704,0.0034317361363478405,0.0005947800492767108,0.009346780870335358,-0.010799176997623228,0.00027263364571816773
2023-11-13,-0.001012560909853688,0.0,0.0013688311485640092,0.0017773515385459682,-0.00028670380180950694,-0.0014516034547849,0.00026288355035597455,-0.0009908230412603025,-0.008334375116029635,0.006004400228382112,9.061814734523388e-05
2023-11-14,0.019211250106811795,0.05435864413818714,0.027113321602596052,0.02332069371032497,0.012202034930696382,0.021442668266378195,0.013806611045791284,0.008726930175460224,0.05549635901180938,0.008681489135253795,0.00036251806031462053
2023-11-15,0.00218325806259112,0.0014519804525980895,-0.0008872503694717926,0.006935884813227711,-0.005531147586611218,-0.01316479803108117,-0.003631209451532058,-0.004522268050759615,0.0029069344875010117,-0.002689577011842359,9.104681763583145e-05
2023-11-16,0.001404090084950349,-0.01470873912169357,-0.0022203735057528817,-0.010332164516881126,0.005989480395764968,0.011537849172722492,0.006638831959972391,0.0035552878383786624,-0.0021422161082320645,0.011326810900898154,0.0005438045228223221
2023-11-17,0.0014743484014441144,0.011143880614467916,0.012460944699755228,0.0039771552959242396,0.0014178486337437235,0.004098981492207443,0.001680747216427303,0.0009840255313287027,-0.000757916224675359,0.0,9.059786611520515e-05
2023-11-20,0.007530621147648464,0.0038469082709606806,0.0043957609300038225,0.010646263016458768,0.0014154803847816755,0.004969617238717028,0.002324180708358048,0.0029490910156868555,0.007330742689922731,-0.0018666585286458703,9.043320006174582e-05
2023-11-21,-0.0026111768854186757,-0.011911048786545475,-0.0039386423461410525,-0.005879505526019235,0.001413599728917525,-0.00017623074336559075,0.0009017397872095323,-0.002156352007977924,-0.007026367670739608,0.010686655693764369,0.000362404091591495
2023-11-22,0.004323306072237854,0.005345897357765583,0.0019770624835306894,-0.002710608711592344,0.0008473463386495794,0.002649713656414532,0.002187263904769088,0.001178893082233401,0.004927861243365861,-0.004229544128068974,0.00036211641444539033
2023-11-24,0.0005501292936174185,0.004796262765782933,0.006577418101181953,0.0032119670544126233,-0.004795846551363558,-0.010747248412957044,-0.0034669115945350493,-0.0043172680218600545,0.0028919484860412403,0.005309285178153544,9.075037191230706e-05
2023-11-27,-0.0017447837684170242,-0.0025941805185475397,-0.0026138116854607096,-0.004679729420232981,0.006093907032112877,0.01496014552995728,0.0059272592030663596,0.0033506881107581155,0.003636014199276172,0.007129666368602461,0.0001810153224468536
2023-11-28,0.0009815758255400375,-0.0052018555895257945,0.0017470773730026146,0.00816634496559221,0.004226104962763655,0.0022808896119916877,0.004098453678216485,0.003928119935602936,0.006621021873110644,0.013109596434228266,0.0002714738427451735
2023-11-29,-0.0006456996193571207,0.003137483971004329,0.0023981441137768122,-0.005645489238203405,0.005190342963762751,0.011904898450007417,0.005485884385551643,0.003913498144599625,0.006949420290488062,0.0018115863335901317,0.00018101156638139493
2023-11-30,0.0038774577433773327,0.0033359324366426524,-0.0004350325272078903,0.0029623516249588366,-0.003209993897976604,-0.010207638234213667,-0.002918408432593611,-0.0015593797349178207,0.00727158062602884,-0.004391582871762556,0.0003615670686993866
2023-12-01,0.00586564563831482,0.029197990565571708,0.010226352574900899,0.004183920447172973,0.008157038361023217,0.016797465304570824,0.00843866280297112,0.005267405612452647,0.024592865073034043,0.017384487624009903,0.0003180234169237739
2023-12-04,-0.005025478167700603,0.013023712530910503,-0.008830384362414456,-0.008823480634849501,-0.00403861821756224,-0.003965981694762366,-0.0034181310110750207,-0.003895832041183378,0.00728482801194974,-0.02142311074219161,9.077919144240276e-05
2023-12-05,-0.0003096099773057803,-0.015148490227709144,-0.003259635736816646,-0.0034620421521878164,0.006431750278748982,0.0200828670077291,0.004446372708971635,0.004888691235537701,-0.006639326130122192,-0.003909244601437711,0.00018169800059619767
2023-12-06,-0.004170630298909073,-0.0021251603148911835,0.0019620683158745322,-0.0012405993236035417,0.0029177968897469153,0.012219974713521653,0.0022764113701223554,0.0017515218596635407,-0.0029835885726928746,0.003662987576583454,0.00018143088805855356
2023-12-07,0.00782562102785489,0.011256496243958525,0.004787077504247561,0.003975075924331772,-0.0002774234357085792,-0.005365333065130318,0.0007571531913936891,-0.0013601413441513,0.0028729272912990655,0.0015640656318853807,0.0004536119731091137
2023-12-08,0.004250556378248449,0.006317620320810624,0.002381774027879535,-0.004949197253950044,-0.004849448978542559,-0.008092173284941273,-0.004665123960302386,-0.0009724879878336701,-0.0016709965464432042,-0.013534530657180466,0.0
2023-12-11,0.00387780825592543,0.005381198341431581,0.002808323897620868,0.004476525187396829,0.000139190435399561,-0.0015293002075019713,-0.0003802277198838855,-0.00253099602389828,0.00274973755583674,-0.010554129545503499,0.0
2023-12-12,0.004969760648641186,-0.0013876787653152034,0.00021545450298110502,0.0,0.0029241255870247063,0.0025532251636686265,0.003928576012975915,-0.00019556114228203025,-0.0005961075863158971,-0.0007999674479166607,0.00027232452848546806
2023-12-13,0.013617153660725911,0.03354845105721482,0.016153451047837386,0.009408325456405242,0.012770170447295781,0.02207150039178396,0.014895043047087553,0.01308118482638121,0.0382964152513936,0.022684773056571128,0.00036268866125466204
2023-12-14,0.0029363887236766306,0.028330061414566288,0.008690187500486113,0.01324500951235752,0.0075385277954111984,0.02358775092583243,0.007587064690009804,0.01098464027241186,0.028840619729977535,0.006002075784655947,0.0004917746596544426
2023-12-15,-0.0015216672469325898,-0.008498308121501874,-0.010296228321152623,-0.0058097657443284545,-0.001496586064301364,0.001298389954617729,-0.0013573332276050065,-0.0012041332815239114,-0.01407191348518999,-0.009597897255703813,9.121791890720488e-05
2023-12-18,0.005657088930737464,-0.0014130458261110146,0.0034415112223462607,-0.0001243214876854859,-0.002043606165028633,-0.006645027966933004,-0.0018544364253305634,-0.003061723558187346,-0.002265511050564384,0.004714518170168214,0.00018195185581926232
2023-12-19,0.0060845220854046644,0.020279352185832433,0.009646422845163594,0.006965193944406645,0.0019115492130241662,0.003915651099944517,0.0017339443433135315,0.0,0.00760672430452769,0.006777849775712497,0.0
2023-12-20,-0.014434557848851282,-0.01739784349712037,-0.010403646266936906,-0.020998000577631015,0.0032700297982735105,0.007964096377263141,0.0029668874342294593,0.004414815271165606,-0.012168894939004637,-0.005437573544293417,0.0002728002568668231
2023-12-21,0.009742329753953616,0.01660226751859928,0.016949252840736673,0.01942975375422673,-0.0001355386788038926,-0.005643782427483202,0.0008628579764156097,-0.0015285717006660038,0.008868009572304603,0.007029431367776118,0.0006367755597769253
2023-12-22,0.0023258149434117747,0.005288883022130042,0.0023206424358130917,-0.0034653058518917534,-0.0006681190526932612,-0.003090268403184826,-6.205174411777481e-05,-0.0024882570819624306,0.003891393054861414,0.004653575588304593,0.000181986821477631
2023-12-26,0.004158102969239463,0.01144553559304029,0.004420154525177855,0.0064580044492714705,0.0009547155532616536,0.001957769160760625,0.0016068347307036657,0.001151210022455329,0.007410814979887714,0.00720532102159277,0.00018187591706153583
2023-12-27,0.0018302193309487347,0.004836495540787578,0.005658058702779689,0.005429425343195238,0.006400306101095987,0.01677258318037489,0.007279302626201689,0.004599625985470812,0.004866521835875659,0.005109881605985578,0.0
2023-12-28,0.00015978421221252148,-0.003269440599299678,-0.001667099582993492,0.006136438605340633,-0.0024354757808131566,-0.006406025882051414,-0.0024500807798492064,-0.0034340254290134986,0.007095416725749759,-0.006100703546921826,0.0006357499609559447
2023-12-29,-0.002671464316330252,-0.013667390073338392,-0.00020871394915489283,0.0026834861407576405,-0.0023062074174945435,-0.008220622362031582,-0.0019646244700418647,-0.0007655217848711038,-0.01185425931288242,-0.0017902735947815662,0.0002725909666447812
2024-01-02,-0.0063873512839909274,-0.004803595975215846,-0.011064750154032743,-0.011678823312006648,-0.004214658134441773,-0.005200725779160309,-0.005167184867749919,-0.0013409523982125249,0.008601283250319947,-0.0023059225058349453,-9.060577419872651e-05
2024-01-03,-0.007419145132455673,-0.02664066086209016,-0.00802188973182294,-0.002954232505801402,0.000818794794960942,0.0031041793435644394,-0.0014843572688210127,0.0013427529660225979,-0.023900395168776734,-0.00770414092554117,9.061398434906387e-05
2024-01-04,-0.0031569835643001642,-0.002098062076188456,0.0023410658358842262,-0.001728324800241765,-0.004501819086177861,-0.013518185893735657,-0.004334662488771457,-0.004789289080016412,-0.0018392375219659085,0.0007763659360955355,0.00045434988142378785
2024-01-05,0.0012808277313465233,-0.0023891498521489973,0.0006367349664340161,0.0014840578614712108,-0.0030147847396000405,-0.008254717898505959,-0.0028609272319252144,-0.0034650938318273594,-0.0025337457655766338,-0.0002585550040504758,9.056462617151873e-05
2024-01-08,0.014303016490534892,0.016189298148186815,0.010396851420967579,0.0017288518741473968,0.004398602238211646,0.008323425427358089,0.004241382394662541,0.004056679795993778,0.014316997555653632,-0.007501317037556965,0.00018165649913215454
2024-01-09,-0.002430533443715688,-0.011217944383590028,-0.009029872848864251,-0.01158784273901059,-0.00013687964129205366,-0.004292139305171472,0.000994104185119582,-0.001346709045277894,-0.006715909722608271,0.00026067595801149146,9.061762785411709e-05
2024-01-10,0.006596516613646353,0.003622709393651391,0.005509620003976368,-0.0009978302968808306,-0.0017793320677170765,-0.005140438361332711,-0.0008686962371736717,-0.001155948407341012,0.001145930131102757,-0.0020844666187659344,0.0001814517631799628
2024-01-11,-0.00034226080373911394,-0.006554482560633956,-0.001053686566897416,0.004244811634771528,0.0052103687995475045,0.006000084243772852,0.005340809351881859,0.005207299048187508,-0.009271953159346924,0.001827668308580055,0.0006351600278005076
2024-01-12,0.00045659988593627077,-0.002103527094370894,0.0035864868782522485,0.00472396981994061,0.002046127458634084,-0.00016585038989036516,0.002965140412446221,0.004412796185181644,0.006008130808428769,0.00990359861072232,0.0002717615821596908
2024-01-16,-0.0034018709031798933,-0.00986976124511374,-0.017868349789205817,-0.020786892717135963,-0.0070782288432219564,-0.016569903374880623,-0.007514330699422311,-0.0055394805776923794,-0.007350385105026835,-0.00929033833165327,0.0
2024-01-17,-0.005566956196290329,-0.009484241213654654,-0.010916150000092495,-0.013394070702134053,-0.0023312161411094268,-0.0020216917397534173,-0.002978543542110912,-0.002689441686118954,-0.01828082297938627,-0.01146128246169309,0.000181331988157174
2024-01-18,0.008892515473397644,0.009379529660846986,0.00908900829907422,0.005891421678254183,-0.0013738591803046374,-0.008104161524332798,-0.0007468067379517995,0.000192783707255062,-0.00542125949082628,0.008432139351541634,0.0002718711247120531
2024-01-19,0.012239482179238648,0.009969998204875763,0.0032166473573655985,0.009167373958697489,0.0,0.0025535248989823067,0.00037362869347989935,0.0003852491147484649,0.011968272278671588,0.003135587417021357,0.00027171970743888885
2024-01-22,0.0022783289242640503,0.02003081087410452,0.0025651549714760247,-0.007822433647846738,0.0016512478516632623,0.005432583032906946,0.002117154820706846,0.0007700389173701527,0.005971887957680444,-0.003907207959531367,0.00018127810285295531
2024-01-23,0.00297111959208185,-0.005073767200072354,-0.001705581564165115,0.005595125715151417,-0.0023356725648414622,-0.006585590616338122,-0.0019886272864066967,-0.003077541953391494,-0.006867665129060008,0.003922534116051146,0.0
2024-01-24,0.0008301642160639666,-0.007744031213355984,0.006193790927485177,0.012898276064073677,-0.002065685014559171,-0.005609358201842385,-0.0017431266287759595,-0.0021224282658847127,-0.014299047087931172,-0.008074956069870076,9.019643761276619e-05
2024-01-25,0.005627908733676357,0.00742384855027356,0.0025472737747809227,0.002496864460582282,0.004691740415386336,0.005982735190396493,0.005488410056133652,0.003286974254988362,0.012841852848817004,0.003939015335322704,0.0005433767771318987
2024-01-26,-0.0006019852453935659,0.0014169224465543362,0.004234727537591798,0.00024928723385198026,-0.001510704760419701,-0.001699093540183605,-0.0023573336313180704,-0.0009637430441779005,-0.0028178277822491493,-0.001307853456950947,9.044908045896527e-05
2024-01-29,0.007272995510843483,0.011792483861976955,0.005903479464760331,0.0002488203547394985,0.003988782420912607,0.010553286330840184,0.003978978052696425,0.0034723656413566673,0.006592945246144177,0.007333650525375157,9.06731969951835e-05
2024-01-30,-0.0007086150996671314,-0.005034826539060733,-0.0012576193830252658,-0.009459700472155497,0.001781154551555808,0.007411020816241232,0.0013629239795327486,0.0005765896952167893,-0.009356549321745344,0.0013000321958076544,9.020042456908683e-05
2024-01-31,-0.016290999524974925,-0.025396073090346638,-0.0056663702175988595,-0.003769871280235537,0.004239905645347708,0.010366181406563202,0.004823609562528475,0.005955687896963102,-0.009563237959542281,-0.000519258476706419,0.00027135105029896245
2024-02-01,0.013158553833356512,0.011057690465589687,0.010552953529764597,0.0068113030602374725,0.006037006619344254,0.016898420497564626,0.003964516573036647,0.0017190211806930034,0.018119087869506112,0.010392249772371853,0.0006632172250415902
2024-02-02,0.010274365438971644,-0.004374717243377124,-0.007101150227962316,-0.007015703927560124,-0.008960518145735397,-0.01991496294441575,-0.007381278426506377,-0.0095327627321381,-0.01241071706872654,-0.009771177014119004,-0.00027218048590438304
2024-02-05,-0.003654265376414334,-0.015760752396763444,-0.006520835534280178,0.0025233259996095825,-0.007945266174897658,-0.018987199975305957,-0.006693573251028484,-0.005197112321541297,-0.020983932816355688,-0.005453105521306512,9.067416239738613e-05
2024-02-06,0.003115270649312496,0.005628735493673487,0.006140372362109625,0.02466641491463073,0.004694799641443703,0.008998201273246131,0.003993446289107583,0.003289190617540738,0.013441362518023414,0.005744157312939091,0.00027261670416312
2024-02-07,0.00821535460477163,-0.0028949095309045436,0.0006311939042227266,-0.0007366758252042027,-0.0019240172925395482,-0.0038698867868780518,-0.0014919197387575078,-0.0021215284062113815,-0.0014337953869738573,-0.0007787845000097882,0.00018151447885395022
2024-02-08,0.0006772400963008796,0.013646788539687371,-0.0016825260227055772,-0.005162430404985874,-0.002616465055727768,-0.005912353764549572,-0.0031116953618668397,-0.0009663738785361531,0.008136878603521636,-0.001039254709872428,0.00045351053107123285
2024-02-09,0.00567603004017303,0.012126335545938893,0.003581198460921531,0.003953542734972393,-0.0008283523266315873,-0.0018691887169499655,-0.0011234922497822541,-0.0013541831013407224,0.0015430124921316235,-0.00338104201653322,9.073828034722453e-05
2024-02-12,-0.0004560009651827235,0.017830187480531556,0.002518935002921996,0.004430258017146693,0.00027654033607338313,0.0008512884188425218,0.0012499676222919032,0.00038739905023010834,0.00023692806188835291,-0.0023486470069060683,9.04981991554088e-05
2024-02-13,-0.014094471302258826,-0.03596243638998731,-0.0177972660606589,-0.01837774023100036,-0.008703259888499848,-0.016329164769058324,-0.00886401282284821,-0.006196802328957363,-0.020615995626608652,-0.014125056813844683,-0.0001812118474683322
2024-02-14,0.009515984541415223,0.01874822902572615,0.012364166610940641,0.01447825649440504,0.0037628002642893232,0.005014428258963033,0.003401061051336418,0.003897213052804105,0.007863567423172402,-0.000795934741043336,0.00036272125184821924
2024-02-15,0.006764294042513885,0.024915075916459584,0.011160102067317323,0.006151338034513509,0.0027769364708689626,0.004645775676872521,0.0032638948403931334,0.0017469663766149779,0.02328645349136016,0.007169422699353056,0.0005440004920032049
2024-02-16,-0.005114924913420915,-0.011234007453036932,0.000833029138102459,0.004891143339539106,-0.0031843943569271893,-0.005651668975241497,-0.0035035202497876172,-0.0009687261357695931,-0.01032242460021393,0.003690993633589157,0.0
2024-02-20,-0.005489846729916703,-0.009871468439934805,0.0035371486696289534,0.0019469939380813983,0.0012498903245807824,0.0010332161183186361,0.0036413998487645483,0.00019363821468187936,-0.0017779747387504097,0.00630422065644054,0.00018131212527161544
2024-02-21,0.0010076395883991118,-0.0030098405061131928,0.0006219875279849241,0.0009717533173851933,-0.0027742744928688223,-0.006710368938407485,-0.0030027646002086517,-0.0013572524682864406,0.005580400174479916,-0.0002610842044354911,9.071683438865996e-05
2024-02-22,0.021007927656388592,0.0024528546878328505,0.010567897721359687,0.008735711615511565,0.0004173457420071358,0.004157377955245289,0.0010036483946265218,-0.0009709593759289481,0.001889287662867556,0.0,0.00036237122948445943
2024-02-23,0.0004500321562419529,0.0030114651229333766,0.0016402682132277135,0.0002405762255164312,0.003615058092497403,0.01190286595465806,0.0016299670772950137,0.0025269479412113327,-0.0004713313246378359,0.005744157312939091,0.0001810428112229978
2024-02-26,-0.003663332813209297,0.0002813837259707519,-0.0022516754415349283,-0.0033672570752322217,-0.001801309999079237,-0.002897963708953899,-0.0025031718752858145,-0.00038769943901895143,-0.010965695151655463,-0.0020768907088255517,0.0
2024-02-27,0.0018491329590921701,0.00844220211468083,0.0018466064099025292,0.003137302817826093,-0.0015266750784409533,-0.005984196045317081,-0.0007526957934155254,-0.0013576791067478888,0.0011923083376477184,-0.0010405073428458866,0.0001809328837762969
2024-02-28,-0.0015453765289029642,-0.006511023699153684,-0.00532465803627713,-0.015395705367342583,0.002224024286181292,0.005504031108961804,0.0002511235782800547,0.0031071808424034675,0.010121340183600447,0.0020832815931923765,9.095150549032205e-05
2024-02-29,0.003697356514977379,0.005055641454469129,0.002264655782746372,0.002198743977679385,0.0016646380022755647,0.006499903214378433,0.0016318934518966266,0.0027107091696314534,0.008487762286686573,0.004417931020398891,0.0005429596476616005
2024-03-01,0.009637479413313166,0.005123456047722685,0.010682132231936148,0.013408214173203481,0.0041932254327816665,0.005898091259517901,0.005068203392373016,0.003861844839250228,0.011922534594309031,0.019404915145936563,0.0002542561696439183
2024-03-04,-0.0011880256684614343,-0.005097340050016164,-0.002642223906093477,-0.00408960032282768,-0.0023506330588508595,-0.0033889588568908335,-0.0018772685180171722,-0.0005771660440503368,0.009356663520617703,0.016497403198187932,9.079370344888815e-05
2024-03-05,-0.01002396064379496,-0.00437823417606209,-0.002445611548863802,-0.006763206593473736,0.0054053758290955045,0.013263056299522846,0.0037611688905980767,0.004233992823239552,-0.01213081913860059,0.005992551386735379,0.00018164798885544897
2024-03-06,0.005298789870961995,0.0035554074166868066,0.01205316785986743,0.012402868344278506,0.0017924523167736073,0.005537511809169393,0.001998104951931312,0.0007665638619083204,0.0049815316574479684,0.007942409718360022,0.00018176910577083483
2024-03-07,0.009901409908196657,0.007831469743220687,0.01150575965236822,0.004804101217722234,0.0016511219249226716,-0.0001666898180302523,0.003116086948395491,-0.0003828670319134808,-0.00023074839101622224,0.0054174148583254755,0.00036293286735755714
2024-03-08,-0.00606414019775281,-0.0008325763619531079,-0.0027937919932436994,-0.0016735662699504106,0.0009614610145560754,-0.0008347250747759993,0.0014913437223074144,0.00038301367522253216,0.011530209061716423,0.00857209058107089,9.087357460368928e-05
2024-03-11,-0.0008292926404227519,-0.0045367584796099925,-0.005002908964967023,0.0026341039044952552,-0.0004114448296175244,-0.0006683521630548306,-0.0007446146204719284,-0.001531791631694479,-0.004787334385309205,0.0016998468748292694,9.063430382871829e-05
2024-03-12,0.01070211777796648,-0.002697028709872873,0.007642736630613545,0.008598205510029766,-0.0030208490831405976,-0.008023952931115352,-0.002359348727828392,-0.001917920021487718,-0.0021764473112432237,-0.010666633374763257,0.00018125217999243048
2024-03-13,-0.001515705935150491,0.0008393313978096728,0.00019950834504456338,-0.005683206922234563,-0.0016528336704244584,-0.004044536392540765,-0.0012441042087109055,-0.0015374142549076097,-0.0050502347219548716,0.007106030165925814,9.099458466743648e-05
2024-03-14,-0.00219259532687599,-0.015281541357710648,-0.006585501807580996,-0.005477617255849276,-0.005931571007130709,-0.014551441085771888,-0.005358468791702875,-0.005773693079533793,-0.014997846174191087,-0.004379569631593028,0.00045339199563754207
2024-03-15,-0.006888258143706638,0.0036904985630759057,-0.0008689083791646457,-0.0029002487262026477,-0.0005553050103688228,-0.0008585872763287039,-0.0006267191029522001,-0.0005807712714427371,-0.002225348014738393,-0.0029325253483475366,0.00018135155148302218
2024-03-18,0.006255074212301981,-0.0032053755276892915,0.00020237256798050218,0.002163556223183649,-0.0012497805944621243,-0.002921632113311201,-0.0010026489525573057,-0.0011622175254353273,0.00046954968314349976,0.0012254715194977006,9.077472613139292e-05
2024-03-19,0.005603247815730628,0.0069043603217235905,0.0016174944278120051,-0.004077818813922884,0.002641882976868626,0.0032748569080005563,0.003011826013875618,0.0017453547700549965,-0.0003521461967762596,-0.0007343642697044128,9.0458803822413e-05
2024-03-20,0.00872573622426942,0.016531941083718138,0.010900249411996521,0.007947901069449426,0.0018020750242278005,0.0003436850882068132,0.0023771400049057423,0.0034842188650925365,0.0065730244779060865,0.011758930568958048,0.00027204408944792036
2024-03-21,0.003335024365500372,0.011641156767553174,0.0005990715127111024,0.0007171036695006183,0.0008305348509582977,0.001888997074598997,0.0007488617878352866,0.0017361828206783336,0.007229250839037915,-0.0009685451880456775,0.00036231923061613713
2024-03-22,-0.0013068751892653108,-0.012643251259440547,-0.0033927333250509673,-0.006446981612666325,0.0033191502213425483,0.009084623111764056,0.0031177088169185296,0.003851515215591572,-0.012586421595556674,-0.007998013324813869,0.0002716410022030047
2024-03-25,-0.0025876281204425533,-0.0021340564967219366,-0.001401561165879861,0.0,-0.001929630708486063,-0.004416586433580005,-0.0023624693904402694,-0.003452966946111191,-0.006148579623932227,0.002931808721965412,0.0
2024-03-26,-0.002803777415590014,-0.0014880571957761601,0.0014035282966355922,-0.0021631334348910514,0.0008283514506939316,0.0027301352406312596,-0.0004982812181298923,0.0007700389173701527,-0.004045131359749821,0.003654117628910436,0.00018112166642381133
2024-03-27,0.008728582343321412,0.024027018519513277,0.006608097402641011,0.002649691483722627,0.0034500951450635586,0.008167381257590645,0.0044885829663987575,0.003269497387887066,0.025803123356807234,0.007038857042648505,0.0006337726204541649
2024-03-28,-0.00012476787201831652,0.005092783478336749,-0.0019893304213264296,0.003362606933192236,-0.0012377499885939391,-0.00016864658136417354,-0.000620430599896693,0.0,0.007103887352811311,0.012533059099303134,9.044869462870864e-05
2024-04-01,-0.0013105852663339856,-0.010224542655210556,-0.003986346744045632,0.004069911936992465,-0.0068221908610559545,-0.0172764337197695,-0.00693114788016902,-0.006412587384842738,-0.016766963930993084,0.010711753889997011,0.00010901997491630233
2024-04-02,-0.006540799312901524,-0.017460416037910265,-0.006203759507748763,0.003338140550005253,-0.001112141238094666,-0.0048257488331819864,-0.000878830777811368,0.00019321665307514557,-0.01258358200441001,0.01483751958783297,9.104478574384345e-05
2024-04-03,0.0009015807971122225,0.006419887286588599,0.0054369963008282785,0.0014257892058746613,0.0006961681724082514,-0.0006929036277535383,0.0013820506546666778,-0.0001931793276120919,0.0010718411948871243,0.008586654225447798,9.04991824370871e-05
2024-04-04,-0.01231762869866504,-0.008412693259164938,-0.00801134326855757,-0.0035593980633483735,0.002086585614604397,0.006758895303637269,0.0007529514701407614,0.004057957172726168,-0.006424661578813495,-0.005522270336523749,0.0006360465306374241
2024-04-05,0.01062606943414579,0.00335642460219443,0.0036342607685189154,0.0030959276368973665,-0.004997401267642032,-0.012566510852284773,-0.002883553629023816,-0.004426509384996891,0.005148804247894434,0.01689031748306946,9.074028733757622e-05
2024-04-08,0.00039873768857034975,0.007247593948685349,0.004827997097125225,0.0061728412911523645,-0.0008369860929924311,-0.0005230650919036961,-0.0017606418135738267,-0.00019320983990811502,0.010721970374873324,0.006370848110041072,9.065535770469424e-05
2024-04-09,0.0012378132387542706,0.004612590213345591,0.00020018290965650998,0.008730509987852964,0.003630094907483672,0.008895649967068264,0.003652884755185326,0.0023201076704777446,0.013319342281859159,0.005426219329656812,9.064714005591057e-05
2024-04-10,-0.009680138915113323,-0.029752098195276244,-0.015012106061452646,-0.010994115281227623,-0.011686251327162278,-0.02109266651579078,-0.011797272450637108,-0.009451992834678569,-0.04140981164193014,-0.009669446669041126,-9.063892389671313e-05
2024-04-11,0.007214670567299963,0.00425881900323799,0.0036579766847653072,0.0033112961154686538,0.0,-0.004238687229232041,-0.0008889908582161432,-0.0005843294103463625,0.003397698994349163,0.019300600736849916,0.0004540792861851273
2024-04-12,-0.01363282088854223,-0.015078568186741581,-0.01741258405140622,-0.019330656274904823,0.00225230694655032,0.0047889625600257,0.0017795637323219093,0.003702286651355857,-0.011851576382569506,-0.013143242606591388,9.052934292874681e-05
2024-04-15,-0.012692495732937958,-0.009281396721757651,-0.003502938625958074,-0.006249807252309947,-0.006600710141797861,-0.01394518278770629,-0.007739993084184937,-0.00368863028469113,-0.017011398134700983,0.0187359333035908,9.09043875163551e-05
2024-04-16,-0.0017902428716790597,-0.005408408222665195,-0.010545841653006538,-0.01233683184619283,-0.002545038418299228,-0.0059078400948463505,-0.0026851703049750597,-0.003117451251664405,-0.014068571753923398,0.0011078935492396802,9.08194837452303e-05
2024-04-17,-0.006028776784210654,-0.008254292706725175,0.0006269906203741904,0.0017144453204602783,0.004819362918207393,0.010444863160318896,0.004487479054398946,0.003127200145672804,-0.007324361708564764,-0.0070827731886393686,0.00018108603494848552
2024-04-18,-0.0022826751899641673,0.002056319231365622,-0.001044187109097705,0.0026895598720644287,-0.0026804647398980253,-0.004989868264755448,-0.0024253577225548106,-0.0015586845386185155,0.00012736504919108604,0.0031208066817576263,0.0004533610125925236
2024-04-19,-0.008367049594758535,0.008598848755976274,0.0006270815719484624,-0.0029262761361631418,0.0012733557128068451,0.00322386451667378,0.0011517733081152226,0.0015611178288412741,0.004833267662967211,0.0031110975477430802,0.0001814307155998396
2024-04-22,0.00867938952252123,0.00862237719765302,0.010865025235162085,0.00855974800616588,0.0004233994754532233,-0.0014283842023964377,0.0021728991797913544,-0.0009742600110639321,0.008860791955960012,-0.02436859745224873,9.050747356664779e-05
2024-04-23,0.012613105913056755,0.01776971297004648,0.010128123293448477,0.008244235070171024,0.0018359648316832455,0.000536438725095012,0.002678304956780453,0.002145445811515323,0.00915930999449821,-0.002951886135619919,0.00018130482355815936
2024-04-24,-0.0007315696971055274,-0.0023594781357775263,-0.0028647470865090785,0.0031265530975050915,-0.002537146863563544,-0.006611923800575181,-0.0029259080886524513,-0.0019462446760826202,0.0018650497884886708,-0.0011386754095716878,0.00018119540741978746
2024-04-25,-0.00413341480150109,-0.008040822870464592,-0.00430934017102802,0.0031169055674560298,-0.0028260648331128735,-0.006116441605358847,-0.0021681973543156152,-0.0013649950562309998,-0.005708671829300682,0.005699954321044753,0.00027170560399314425
2024-04-26,0.010008990822575337,0.007533756379699108,0.007419569729910203,0.011472225055074059,0.002267425426066394,0.004887063409023673,0.002428968709919044,0.002343131145592814,0.0004993338892214094,0.0034005374995718096,0.00018096034007375472
2024-04-29,0.0034888716676895193,0.0071935904620135105,0.005523672931842194,0.00992430665599131,0.002968915484477863,0.0075646858131839245,0.003443208295319522,0.002532779979897537,0.010229400670508149,-0.002259342022442934,9.073155722361115e-05
2024-04-30,-0.015804978426941507,-0.01898327602264871,-0.01403869397226043,-0.013336497155220006,-0.003806552298923793,-0.006792994607216163,-0.004066932948775914,-0.004469600081426384,-0.016917682324858796,-0.01947465156981787,9.041734489234621e-05
2024-05-01,-0.003250749016435517,0.0033528743876247713,-0.0012378587476139513,0.0011858144360705758,0.003605068331224981,0.00601473693792931,0.003611993929165669,0.0015287423482621687,0.00037697874241149343,0.009006914469287919,0.00030916570769456975
2024-05-02,0.009327553514598907,0.015180437673071756,0.014669165973792753,0.024395940830852503,0.003960162458878536,0.004667678337317405,0.005743605086792947,0.00352263373132633,0.014063080560716035,-0.0032043807289765525,0.0004542000775811239
2024-05-03,0.012407857764485497,0.00752368455269492,0.009163145494615277,0.008786093569577824,0.005071015623860697,0.009113737310831205,0.005837742430164328,0.004485097167140184,0.006686598323609072,-0.000688835357575579,0.00018175040930157316
2024-05-06,0.010085483842421805,0.010548013572528436,0.007869230297853802,-0.0018336084754120296,0.0009811891357027758,0.003895909796397312,0.0017663878077602835,0.0009707207624083392,0.0008610220280806935,0.00988052161426567,9.085869104641375e-05
2024-05-07,0.001432489983645313,0.0033254948242353866,0.0014014442504526325,-0.00711811019511388,0.001960454694558411,0.0056446371322815825,0.00012619294107962808,-0.00019395587548631799,0.009462784439353111,-0.0043231499000671025,9.069761826685507e-05
2024-05-08,4.205819745295436e-05,-0.00331447256288242,-0.0009995956121876537,-0.0009250262123622344,-0.0023758276252644484,-0.005262283482437513,-0.002015297624594403,-0.0009698045570466496,-0.008400175785739483,-0.0025136380227001043,0.00018176079683196456
2024-05-09,0.005742188018381,0.012008184930099253,0.007404376181429528,0.003935001381963454,0.002661350826175468,0.004232246404096696,0.001261634973745096,0.0031067460118103796,0.020503342585149964,0.015578471509849257,0.0003629208135964568
2024-05-10,0.001234007886674604,-0.00529391850631955,0.00039726406531070957,0.0020750706199881286,-0.002794022979013544,-0.005092232631985993,-0.002898264878556489,-0.0015485620170347936,-0.0027670114466021856,0.007895295728950424,0.0001816618369867573
2024-05-13,6.267994257580511e-05,0.0030280724450948426,-0.00019830933167319653,0.007823389643516254,0.0008406489992744959,0.0019413480645138481,0.0006319076602085971,0.0003875984457302195,0.0032573362579517706,-0.010743051453845354,0.00018170518867566265
2024-05-14,0.00474134867768039,0.009971587216806244,0.006951145260320368,0.005022690023267495,0.002939624852773326,0.005108304562623678,0.0023995822889661955,0.0021319422529515464,0.007695968651242779,0.008371016413986077,9.045442470978493e-05
2024-05-15,0.012181896625750532,0.004347732523873438,0.010059109975878,0.008632684932777801,0.006420299411992181,0.013669799656380155,0.0073088426245726534,0.005221454741070275,0.013842569152906714,0.012564536170639684,0.00027194933789154163
2024-05-16,-0.0019099982619970035,-0.004238763239372223,-0.005662867257746229,0.003828741714466455,-0.0016642768882491055,-0.0012101732629784534,-0.0008757875544321836,-0.0011542512807866112,-0.0007062821911014705,-0.0035453100736828613,0.0002724095379049718
2024-05-17,0.0014815505681666785,-0.0001810641578102734,0.0035348924842721896,0.007179747464543418,-0.002500345031145601,-0.006404547813028683,-0.0013772917989637312,-0.0013483579082914643,-0.0001180279353903968,0.01601061566514672,0.00018117547871132622
2024-05-20,0.0009863037093094107,-0.0015399718608740676,0.00039151583268237644,-0.0022277447557286223,-0.0009750197974596198,-0.0026134114260377705,-0.0008774442442195385,-0.0005786131833567243,-0.005889813858273696,0.004377342283887531,0.00018129520129073207
2024-05-21,0.002689061076594834,-0.0005444892326227357,-0.001565050102100174,-0.005804778518331166,0.0020909017377435113,0.004541452786291922,0.0015054958871838497,0.002701596026290387,-0.00035542677311939386,-0.0015253801646379905,9.074555480226287e-05
2024-05-22,-0.0029070718228139114,-0.00698981972442192,-0.009404298216484808,-0.0029193353543180978,-0.0012516214345135168,0.0006955376553867687,-0.0017540024838244017,-0.0007696085690469534,-0.009009106864049099,-0.018114317369826938,0.00018109339234051447
2024-05-23,-0.00743229074094387,-0.014443547388350075,-0.005538062553206213,-0.007657757746499461,-0.0029252339687154683,-0.005560213333153041,-0.0033887238056112823,-0.0036596899310717967,-0.021531050681365627,-0.02044903199198833,0.0005437154626899421
2024-05-24,0.006805296982318909,0.009368159430948708,0.008154282665138401,0.00317761382349091,0.0011174998233132172,0.002620805138054738,0.0020148020677646095,0.0009665924381050406,0.0007336693063964006,0.0011345413525478687,9.059539767752867e-05
2024-05-28,0.0008013341381498673,-0.003675801090546549,0.00019734128641335502,-0.0027150810032692263,-0.004743665017101439,-0.013419213390709839,-0.004147547713636901,-0.0028968960044022385,-0.0065968478532003605,0.010199473568306194,-9.058719089505285e-05
2024-05-29,-0.007041467572855176,-0.012174852123563618,-0.017159653445364076,-0.01247728624757527,-0.003645521200089874,-0.010775505667627416,-0.004038787215141282,-0.002130622077217814,-0.009714845066022493,-0.009199009428302096,9.059539767752867e-05
2024-05-30,-0.0067191056282470685,0.01223150180932664,0.009030580420323675,-0.0018377274705375646,0.004362201847580183,0.008750005096694435,0.004942060753856836,0.0038820481503103466,0.014653111702352506,0.0018116356732591488,0.0002714568218324942
2024-05-31,0.00870036806535679,0.011438137596410103,0.00875097124701818,-0.0085155118080954,0.0036425004155287155,0.007965935321302853,0.004413850121305574,0.0038671985455351887,0.018724904411967502,-0.005650994360646311,0.00036194576008186097
2024-06-03,0.0010936940049364186,-0.0035567448006076363,0.00256311226160566,0.009981246994302806,0.005586745182791564,0.013095394129814864,0.0047757954034810535,0.0038931529094332618,-0.0022827072829603168,0.009092923298919642,0.0001999422710472487
2024-06-04,0.001216073311182786,-0.015009932080784605,-0.0029498392109035265,-0.015628611373077805,0.0037593187632736225,0.010960503660244925,0.0032612302272307936,0.003086746803682816,0.007706365148074212,-0.009236311174803058,0.00018201310144161376
2024-06-05,0.011961020480577123,0.011057259794477359,0.006903402577524309,0.0128416281348942,0.0027740887685312465,0.006539125158904868,0.0023753905177816836,0.002692772853122083,-0.001195234450877658,0.011596228775325068,9.079971333769699e-05
2024-06-06,-0.00022381580208530316,-0.006984605228760099,0.002546543449305272,0.004610391846807227,0.00013828618169853257,-0.00017079367626871012,-0.00037412279301896056,-0.0007671258338738385,0.0019142210918321467,0.007866901796286019,0.0002724505119899856
2024-06-07,-0.0013021906157200114,-0.010365470414588684,-0.012309551352308823,-0.0082606578901524,-0.00802190721278584,-0.017783876455380487,-0.007361347785939443,-0.0076792323333397805,-0.009432869487430051,-0.035682392254156814,0.0002725284684592655
2024-06-10,0.0032803144169728515,-0.004489117903527795,0.0013847288904549337,0.005321644227624267,-0.0015335853331027716,-0.0059192235802467685,-0.0012570074276549992,-0.001740826663598427,0.00337537641121588,0.009019411991435078,0.00018156008258207734
2024-06-11,0.00227453559174573,-0.003903266060283128,-0.011260369286229532,-0.0023015755402095994,0.004049192881343089,0.009106913705905217,0.0032724179720009516,0.0029068960390081777,-0.003603976998616143,0.003208787215702058,9.064948990644695e-05
2024-06-12,0.008327842536671737,0.0157122368920255,0.012187822791954739,0.007842959495961699,0.004590165908160637,0.00780972993020268,0.005393793480976017,0.0011593397711326947,0.008921815828317303,0.0025131507699596156,0.00036302134130528074
2024-06-13,0.001888834525518579,-0.009784702317171656,-0.014015003425219996,-0.0011441877252157395,0.004430561064579175,0.012743346394520794,0.00411720811782379,0.003860367054095315,0.004063118427570567,-0.007976350963962986,9.08364217717672e-05
2024-06-14,0.000802245405755242,-0.014869244523915914,-0.009008968407400286,0.002749828752037553,0.0015159252461729444,0.007481694811530604,0.0001243480283361631,0.0009613804819847971,-0.00023802801146455277,0.012635034853697213,0.0004535328016248563
2024-06-17,0.007936259310771687,0.009457417984976235,0.003636297487285889,0.005484297530168769,-0.0037159730939628766,-0.008945053813539272,-0.0034793116292114457,-0.0013448164597896772,-0.003928547374198121,-0.005217861782654376,9.093894114853285e-05
2024-06-18,0.00266447033377859,0.00028394883676496896,0.004025911626024836,0.007954360074790667,0.0034534128466865432,0.008514698560455614,0.0033666928349174174,0.004424116544365919,0.003944041728976222,0.0041049101810577415,0.0002717284993969393
2024-06-20,-0.002776400625802755,-0.0038788833867052785,0.0,-0.0018037495911491508,-0.0019273655891677288,-0.006247870496899122,-0.002360927891094322,0.00019147087623205827,-0.002857016187456596,0.012491552736913158,0.00018128032667208416
2024-06-21,-0.002187294802623585,0.0014245672968944412,-0.006657482912982959,-0.0034011643395984725,0.00027600085326051627,0.0003397841246786104,0.0007472205611458449,-0.0015316337055691909,0.002507001669561415,-0.015477846861046807,0.0004530047785702429
2024-06-24,-0.0026905220323358847,0.006828661321238938,0.008759578724070405,-0.0006827015805475067,0.0005515050636313301,0.003227568445821616,0.0007466626394692089,0.0005751035502734592,0.007740867306311072,0.004329060014775621,9.084833905781409e-05
2024-06-25,0.004156530101474543,-0.00857214022731867,0.0014134049917107205,-0.002960026247499803,0.0005513157875114416,0.0018626670095704956,-0.0002487018501099447,0.001150106278176466,-0.012290091540876014,-0.005217861782654376,0.00018099716460540094
2024-06-26,0.001114284668469967,0.0004751616523710478,-0.006654479693807391,-0.002740138217710464,-0.00468337274838615,-0.013013359423426074,-0.004104812165473426,-0.002871522914500213,-0.0031109555018701274,-0.008893943060878429,0.0
2024-06-27,0.0015504879107801628,0.004748457604614398,0.0024359688654349565,-0.00045795996939035355,0.0017992730107665444,0.0032534707367275484,0.0018731003859875361,0.0019195675460708106,0.00972157888030023,0.011504832271812981,0.00027178805812444473
2024-06-28,-0.0038560775646095946,0.008128466709338866,0.000810043820709927,0.0025200728401950645,-0.004696498892019507,-0.015531728566388625,-0.0034901917656322556,-0.003448697789480315,0.007978750776776344,-0.0006824108262429851,0.000452629449405606
2024-07-01,0.0022994134206870687,-0.0077817626776152116,0.0008094702355783134,0.00228518279013179,-0.0052771128292909975,-0.016752882870287422,-0.004407571502842433,-0.003477415669216999,-0.009431818767598465,0.00295927765108428,0.00014557656508462635
2024-07-02,0.006483398913566418,0.005291416928853598,0.002223935233102825,0.0036478086822089306,0.0029395915162861996,0.00690010998721835,0.004413986625786626,0.0019385763724311111,0.004700466714142593,0.0,0.00018156516908374165
2024-07-03,0.004519106938125184,-0.0004699213151546644,0.011902431394441138,0.014765866866487398,0.00572114032333948,0.013003102142725043,0.0060275585212798966,0.00386997283748447,-0.0009596209168672987,0.011121149534656372,0.0002726393972189989
2024-07-05,0.005978558405563161,-0.007617197751208726,0.00637957913792242,-0.0002236276662732628,0.004579223467509941,0.007112062231473093,0.004493135683276472,0.004433336001218313,0.0027618842230019425,0.013468065075054492,0.0003633443379813528
2024-07-08,0.0009610067448992954,0.006538662649599125,-0.004358237778731011,0.0,0.0,0.0017221578573587415,0.000124213163636977,0.0,0.003233126335825842,-0.012181684012625427,0.0002722388417866206
2024-07-09,0.0010974315896412623,-0.006401977081376686,-0.0033824084584578307,0.0042543133796837385,-0.00041456214581125916,-0.0034388274314640643,-0.0012423969533791324,-0.0021110089523657116,-0.0002387520670289467,0.0013453223171258077,0.0
2024-07-10,0.009630232546037565,0.010707030366841286,0.013974913790695709,0.004013380399424449,0.0008291241703741736,0.0025879478840340475,0.001617104145309023,0.002307790623793382,0.0074020902585323345,0.00380658271884049,9.087303771981858e-05
2024-07-11,-0.008569087796631125,0.03337390593144174,0.003937779255376528,0.007772565889787364,0.004970280055569765,0.009636886888405805,0.004843584881958574,0.002878016488484958,0.02867974287127084,0.017845175203770935,0.0002724429003826412
2024-07-12,0.0061793241293515155,0.009616285833488503,0.010001951623593408,0.0046276961994000665,0.0026102772899492255,0.0032384597041141827,0.0029658987386946833,0.0013390981349004072,0.007603737441617353,-0.00043831815243255967,0.0005439803906650553
2024-07-15,0.003031632397946904,0.013657903638344404,-0.007572887119217886,-0.010309308530362271,-0.003151421266431087,-0.009344167638873135,-0.003450190982496548,-0.0005731997889532048,0.006745932512952857,0.0032887022401748567,0.00018165694588900827
2024-07-16,0.005677083986699749,0.035635312181630185,0.005869767038141127,0.006427423146234679,0.0038485026769563557,0.012004718672688153,0.003585958977013526,0.003441091754236014,0.012265779522827591,0.01966786623450112,9.077415375413622e-05
2024-07-17,-0.013968027849763365,-0.004622172781711176,-0.0056409994290770316,-0.014534309477577834,0.0009584371214117482,0.001017030077207659,0.0004932100138381745,0.0003808827881126575,0.006843863965999786,-0.004714985456977572,9.053899976874114e-05
2024-07-18,-0.007522661396389241,-0.015392691592893915,-0.009780978459572598,-0.008715012992853377,-0.0025987541917724677,-0.007110271440958216,-0.0030793533181266985,-0.0024754287594115354,-0.008803311623297061,-0.006244554466099617,0.0001813641320587145
2024-07-19,-0.006673946693895094,-0.006899347478433793,-0.005926346293514073,-0.009693578829115923,-0.0026058667511615896,-0.004944755239698728,-0.0024704662157538637,-0.0024820478247503663,-0.0017987218237353053,-0.017984871150854898,0.0005437668821242081
2024-07-22,0.01038553060406966,0.014598518293455154,0.00973758885137821,0.007739518810875312,-0.00041262373006378805,-0.003255661991919734,0.00037149813602677106,-0.0013397699353622228,0.01036149797191488,0.00022070027135523418,9.061634836826649e-05
2024-07-23,-0.0016674626247376034,0.007800881538041704,-0.005117178250144794,-0.010390689334293879,0.0001373316517150336,-0.00034373704534695904,0.0,-0.0001916524752761939,-0.0007801641167637374,0.0035296677906264673,0.00018098956631051877
2024-07-24,-0.022890591708201624,-0.0184055416742247,-0.012462898014061086,-0.010499881698624924,-0.0028884767856341975,-0.009286257755246274,-0.0033422415877200073,-0.002875099180843277,-0.014725481645113003,-0.0039569201700202505,9.081840987401613e-05
2024-07-25,-0.005047433966863801,0.01270490919133982,-0.0062097683871092935,-0.0025374196630711943,0.0022069177410017904,0.0069431694633486085,0.002360009706829924,0.0023067433290613337,-0.0032836200879667876,-0.01522847981666553,9.03568673182864e-05
2024-07-26,0.011217125610377021,0.018688306703172675,0.01310210254541544,0.011100807038071592,0.00399200821656942,0.007412466670609019,0.004336968869617763,0.0026849537839743753,0.01749399560018494,0.010309343571974106,0.0005434519852540731
2024-07-29,0.0007394714863695473,-0.0063698593154913885,-0.003979223385398578,-0.0034309104784810973,0.001233682770602984,0.004449157474438081,0.0016040400391228449,0.0015301282052810894,0.005135865149286545,-0.001330997578835147,0.00018082576444755638
2024-07-30,-0.005232693933162169,0.005641408486426913,0.0021971990167850564,-0.0027541591553305045,0.0012327308038169171,0.0034070492514255424,0.0011083828250479932,0.0005732984993502832,0.00777501575025874,0.010439831539852173,9.028330463167755e-05
2024-07-31,0.015760562479913087,0.00586493115433373,0.014750000242484296,0.019332451559037178,0.005470494408812865,0.010356536877750289,0.005168007782607287,0.005726130011196817,-0.003526866203940493,0.017806056907163637,9.087900147819461e-05
2024-08-01,-0.013638255093179508,-0.028054785099673185,-0.025535233891367914,-0.016482138741477192,0.0037381040445543245,0.009290437385277128,0.0032067186264090886,0.0009141987874736746,0.010065075419874114,-0.00345572030342578,0.0002541965641349453
2024-08-02,-0.018275404143003215,-0.03408107966541074,-0.01753676973652918,-0.01078983897873198,0.011417685768897234,0.028065528854865462,0.008450973832868192,0.004756364208402752,-0.000547370457779861,-0.0019505885084186714,0.0009085519556126798
2024-08-05,-0.03002589729491889,-0.03087308992561577,-0.0233896394597487,-0.027616471013353516,-0.0009410200350324915,0.005199825892736598,-0.002429006274285883,0.0028401521012522135,-0.02859648312011187,-0.012377843740885242,0.0
2024-08-06,0.009974656923298797,0.011516679177603129,0.0016808413646114406,0.006921174382514161,-0.006187381281012705,-0.020691913224863856,-0.004747870084444883,-0.0050979986344744654,0.019738364587148727,-0.008355344589709879,0.0
2024-08-07,-0.006938444343794092,-0.00964110000276952,0.004823906039675974,0.007821746691243803,-0.0024365005451584265,-0.007923547660444896,-0.0029357203802997667,-0.0034162905817175515,-0.0068578216371247835,-0.0008868537069469662,0.00018153037037782482
2024-08-08,0.023331589030765043,0.02252934304132692,0.01711532272985883,0.02163667660084334,-0.0014924783402060493,-0.005490481149078796,0.00012250123791268663,-0.0009521788486919203,0.009800650503820396,0.01575674795459503,9.082408422567134e-05
2024-08-09,0.004285188524375094,-0.0019040213864850442,0.0034886907353013363,0.0025323491308781865,0.0035332964002869893,0.009536290638771705,0.0035575698194747485,0.002668878690347265,0.004632155632809942,0.002621781312750926,0.0003630372463252485
2024-08-12,0.0005103912478086059,-0.012172951579184743,0.0004089975480050523,0.004362932946639697,0.0017600920194749126,0.0034803793130757654,0.001833556615533416,0.002661538477289005,-0.007355472065759927,0.016997140764242857,0.0002717459272767453
2024-08-13,0.01660979257272932,0.01710495842924531,0.01635321349597696,0.007544477233699665,0.003784728194005327,0.0066059855547973,0.0051242954953267805,0.0020857362892587883,0.008737292054726398,-0.0014998863846280575,0.0002722746456569336
2024-08-14,0.003191393389286201,-0.004791986484371957,0.003821396099034313,-0.006353705416576316,0.001885061912046071,0.005578485131981115,0.0020636936951656804,-0.0007569208050934861,0.002631183663957204,-0.007939891502147578,0.0
2024-08-15,0.017166935321466514,0.023530464417212293,0.012221906433780516,0.010961476440297435,-0.004166553619345259,-0.008484217270684935,-0.0032710608937027708,-0.0020828932527797717,-0.0007652292469020328,0.0030283234054659935,9.050761822648745e-05
2024-08-16,0.0021047211029205926,0.002929221329852627,0.005938317305257179,0.010390963400955355,0.002159714589842432,0.0032908284914998642,0.002552644197099996,0.0,-0.0005473743703582334,0.022212693934005934,0.00045325004374396904
2024-08-19,0.00961816093852308,0.008407670160643033,0.01160959140213258,0.010283740012643872,0.0012117896571146591,0.004428585312605593,0.0013334423800130946,0.0003796555258861467,0.008321483273254993,-0.001054916669791961,9.060894024259802e-05
2024-08-20,-0.0016525581601535277,-0.011497085689200492,-0.0027232819029417987,-0.009736504989116379,0.0029595936181390226,0.007674632010647331,0.0021789798308917696,0.004362652962558222,-0.0011945066758659584,0.0033790887553999394,0.000271877442795887
2024-08-21,0.0035053778465359287,0.011542099086817137,0.008777134067319947,0.004692664543983982,0.0021461003707465842,0.0008103618357142572,0.002415994032926694,0.001699757447968242,0.005327364249209765,-0.001052393997620582,0.00018115221081305144
2024-08-22,-0.00809235419022103,-0.007548423230920864,-0.006960550295574075,-0.011788318150829147,-0.004015403951829755,-0.009229289608955527,-0.0031332730832803746,-0.0030168369774804527,0.002919758628737057,-0.012220775970203879,0.00018089375353946835
2024-08-23,0.010819088013125588,0.029892960408318237,0.019275682671545447,0.014404771830992091,0.0044347850156425395,0.005883093553593177,0.005198129625179737,0.005484073453855487,0.021997030545024776,0.011732065369653322,0.00045294221425939973
2024-08-26,-0.0024581288726653883,-0.0003436641285829989,-0.004011535051413939,-0.006434463873643104,-0.0010704331037413306,-0.001787158687603041,-0.0008416076922477256,0.00018822769754978097,-0.0004220858663522842,0.0031625874955463207,9.035199317475318e-05
2024-08-27,0.0013388107590597276,-0.006184884542882463,0.0038359788874167133,0.0011166558559496664,0.0,-0.0017902221206312907,-0.00036086264397294787,-0.00018819227455135756,0.0014777490571582508,0.002732182606456357,0.00018083798337231727
2024-08-28,-0.00571608033348614,-0.0031117219164051857,-0.004967670011839287,-0.006468910778901771,-0.0006696268071419986,-0.0013044077820134614,-0.000963660654507259,0.0,-0.003899523067824373,-0.006916747488784236,0.00018103072990993674
2024-08-29,0.0001559814021891981,0.0052024144716731335,0.0026883254681813185,0.0013469531110676947,-0.0014741882901090353,-0.003265381192978478,-0.001084733073946409,-0.0011283533707014959,-0.003068556994534344,0.005065383249453825,9.068681702184556e-05
2024-08-30,0.009411238575260494,0.0049167388605113604,0.00325545439261532,0.002690735935729105,-0.0020129722907091807,-0.009008839805817903,-0.0016891046659257558,-0.0033891179612254296,0.009658071843723803,-0.0071398605672844395,0.00036166259314174276
2024-09-03,-0.020230053111844004,-0.028583643143896942,-0.017369709569037606,-0.015205772800045092,0.004262469221619103,0.014826848675075777,0.0028022812315884327,0.0024042888236375237,-0.0005254480513863236,-0.004018583578986545,0.0003178235873315671
2024-09-04,-0.0024824809008882065,-0.0024741824365366316,-0.0031080786966124485,-0.0004542042962436543,0.004432263385609314,0.010949643160228506,0.004475601811044783,0.0018884623600439188,0.002839871803616001,0.00042472834357321076,0.00027222641189306174
2024-09-05,-0.0024689523039261863,-0.004251845529860687,0.00019493463881858908,0.00272600477728413,0.0024070303285379513,0.005172810990778931,0.003251536720765502,0.0009423734688476237,-0.003251305276805061,0.00849071759709874,0.0001816350320236193
2024-09-06,-0.016651775786257983,-0.017169377242879147,-0.018702493942364118,-0.0144992284291382,0.0012009553068581535,0.000804006362294718,0.0006001103840926891,0.0005650630207203466,-0.0009469640711050609,-0.007577284958377617,0.00045362990598496467
2024-09-09,0.011255727290023332,-0.002443848068952259,0.010720575336389038,0.00689652479413061,0.0013323789965462574,0.0035352685426845998,0.0015593512157840994,0.0024468086016924406,0.011163674869895335,0.004241716686528951,0.0
2024-09-10,0.004121612414733633,-0.003357317111628344,-0.003928497521748953,-0.002283096168708698,0.0033267348117578255,0.006725403392306761,0.002275603856198849,0.0024407587224037908,0.014477717992554151,0.00422388108520777,0.00036288939164341727
2024-09-11,0.010231903886813498,0.0018207896671520452,0.005718787649644952,0.0061785397245648355,-0.000530302673970251,-0.001113467698623749,0.0,0.0003747657520472014,-0.0019505934898718102,-0.0014721282007857939,-9.072692814215966e-05
2024-09-12,0.00859737296285279,0.01281358947562139,0.00901951972439008,0.006595435181816933,-0.0010616058638291959,-0.0038214226395018036,-0.000716748230665476,-0.00018723527571418153,0.004217590676662164,0.01769166303046532,0.00018132034505757844
2024-09-13,0.005312900713649871,0.02602062402273586,0.002720557299748405,0.004518643527902766,0.0021253585768830074,0.00255729906552582,0.0023915426392207007,0.003932522293028207,0.010448701395247006,0.009933765423590035,0.0005438624218507826
2024-09-16,0.0015100099692506586,0.004110255484835124,0.007945808153374978,0.003823810708089015,0.002650872436261942,0.008131429596222706,0.0023862367814042607,0.003357739140305238,0.0033454787886644244,-0.0006147290935630823,0.00036252773097356084
2024-09-17,0.0004639458345354619,0.0077511651018093985,-0.004806841400509243,0.0011202275470134637,-0.0013220955033814707,-0.004269946413280601,-0.0003572230887617378,-0.0003718250669888512,-0.006971935904601545,-0.004921092397254467,9.041182248070712e-05
2024-09-18,-0.0032458731050583056,0.0012964180328272068,-0.0034775075295594426,-0.003581042794737699,-0.003044790642392159,-0.010800596974982257,-0.0021432063392684553,-0.003533728920505852,-0.0012209096169506495,-0.007830151720096046,0.00036236359029362397
2024-09-19,0.01744489315466735,0.019506369970789805,0.01919338912107582,0.02088960650461691,0.0,-0.0027297145937172917,0.0008351425922721312,-0.005039158779679642,0.00020369138184128666,0.015368594814515468,0.00018104129291329762
2024-09-20,-0.001962409262257103,-0.009905448177461862,-0.009079301218865798,-0.0005738559453397629,-0.00013273413145387103,-0.0024150735615049435,0.000715738789215381,0.006377941129942277,-0.003972357063226406,0.01288609277930619,0.00045237158968669533
2024-09-23,0.0024624021567691834,-8.536257295932437e-05,0.004042325470566155,0.008169566426329045,-0.0006639778230093096,-0.0019367496718908361,-0.0009531698639361208,0.00018624355910912271,0.009919383516211466,0.001615468812962817,0.00018107632666475304
2024-09-24,0.0028755131845870086,0.0002565834819407975,0.006134905112025413,0.03482264918769418,0.0011957788021847993,0.00048511012701268896,0.0015500539805373137,0.0026090044204001295,0.001417597529928205,0.014314575020407894,9.067139474594477e-05
2024-09-25,-0.0020319467446568984,-0.012923549411224311,-0.006288140664724939,-0.010158796643825907,-0.0037161710585964514,-0.008242940867101645,-0.0035718109839100176,-0.0037174832594534246,-0.006673451472462899,-0.0011926331077953822,0.00018095232538328787
2024-09-26,0.003976600030181743,0.006437661119807148,0.022243530216877527,0.03185792136303456,0.0,0.0017927646693227661,-0.0005975859809753681,-0.001492572653974178,-0.009059505093251152,0.004975124378109541,9.019802505205732e-05
2024-09-27,-0.0012944804279182431,0.007520019752340845,-0.006190162965421964,-0.00020705044360436187,0.002931195042153334,0.004880300007164662,0.003706506939880061,0.0028028342875787704,0.0012742815022601661,-0.008118808859645776,0.00036165697225065685
2024-09-30,0.004358747649971351,0.00343180622351813,-0.003208820003349433,-0.008290084425211619,-0.0022581455553448704,-0.0037235045991507176,-0.0023822419591471578,-0.000745235863106708,0.0078624648336163,-0.007785973017775838,0.0
2024-10-01,-0.009343011071521912,-0.012910474853191412,-0.0070061953966725765,0.007523328005134555,0.002950875116259466,0.0064719025890456194,0.0037985119392527356,0.003171098403489392,-0.006466808542252456,0.010261535487007478,0.00021776796729633396
2024-10-02,0.00017214307511226323,-0.004590674160924069,-0.0017163256687855455,0.020742660048567618,-0.0018642027847972642,-0.0072888071053462955,-0.0011938837261933344,-0.0011158043726990918,-0.003512893810717399,0.00019920606279311137,0.0
2024-10-03,-0.0018934864661936945,-0.007483506758509839,-0.009360076261222483,-0.015037580430577902,-0.004401952650078367,-0.008321101440152856,-0.00442210092216111,-0.004095340026611938,-0.009123685821552208,-0.00039825681556193704,0.0
2024-10-04,0.009217471525896359,0.0150798637795313,0.005977628808402802,0.0121725318876309,-0.006564641345980671,-0.012339500347567034,-0.006002398432807365,-0.007102640069975852,-0.004813292880088138,-0.0023904169334865166,0.00036316655525281405
2024-10-07,-0.00900043018198482,-0.00950080715912327,-0.005558634685402963,0.008764809319759648,-0.002967310016356972,-0.006330213644970217,-0.0037439436280183314,-0.0009412473102218266,-0.008832002360325775,-0.003194961187284906,-9.07026428912383e-05
2024-10-08,0.009465242533024387,-0.0011335008612599617,-0.0015421598391301972,-0.02929888061978647,0.0014881818075640485,0.000838212510253733,0.001697474351340711,0.0016959036595278754,0.002015472188230616,-0.007612124746718463,0.00027205789116946377
2024-10-09,0.0068330723590275255,0.002793412179433963,0.00038629158284853027,-0.006869241741876642,-0.0027011585660047244,-0.005527764270355062,-0.002420810704246601,-0.0015051422974370343,0.0010586641132042107,-0.005450150439521795,9.068619871088757e-05
2024-10-10,-0.0016777178241089707,-0.006790236589576115,-0.0017369385258615422,0.002095978559303102,-0.0004064939241965604,-0.0035369982962020208,0.0003639369302974593,0.002072398400004838,-0.008883025735470174,0.007712625625830638,9.075266902480728e-05
2024-10-11,0.005948355420389184,0.018494123564052112,0.005026318694325127,0.007111455450949045,0.00013559021406317484,-0.0027044682261876396,0.00048514022578172167,0.00018809497856331348,0.011310091532907407,0.010271869201602613,0.00045334873474245363
2024-10-14,0.008184546803957637,0.006798662746741346,0.0021156719259380896,-0.004776723476551559,-0.0006771907689507861,-0.0005083131823632181,-0.00036352688499474706,-0.0018798192701361405,0.006013968189543251,-0.0011961996306527611,9.077796642564806e-05
2024-10-15,-0.007615570001983207,0.0012821128681079763,-0.014203500662337443,-0.02003351962922917,0.003931126091217818,0.011700603405442322,0.0029100828354835517,0.0015066877167129178,0.012060868239854639,0.003592820572015709,9.062043422125576e-05
2024-10-16,0.004202758282429109,0.013488212701129987,0.0038940405235328157,0.009369717206569428,0.0013501033813432262,0.003017045397136542,0.002418166989435644,0.0003761052560087297,0.010984439017143854,0.004972156047524434,0.00018107516701859616
2024-10-17,0.00014948696725314292,-0.0016846172614513044,-0.0003878543622164443,-0.003164487504961788,-0.004854218210947336,-0.013703052613530553,-0.004583413625252386,-0.0030074777967710187,-0.007892562904186273,0.006134996651098845,0.0
2024-10-18,0.0038483354615246324,-0.0031218741273493222,0.005626658828628672,0.012275180608225522,0.0005419885094870569,0.001016634043230269,0.0,0.0011310601649678897,0.0074388040269908196,0.010424838271167802,0.00045297909124641933
2024-10-21,-0.0015445041519646097,-0.01760483655015277,-0.011383231292166673,-0.0071086503318645855,-0.006771631936122735,-0.015910527987552436,-0.007269817612471252,-0.006779472126977715,-0.01958779722799997,0.00019470773678098574,9.070398300137228e-05
2024-10-22,-0.0006898198169716929,-0.005858428011911498,-0.005074304857959899,-0.0012633791975898978,0.00040926531829632573,0.00051583201723715,-0.00012201863470218122,0.00151681527402725,0.0014643695764946507,0.010509869396736704,0.0
2024-10-23,-0.009120165122059154,-0.0063263621716657115,-0.00961161205469363,-0.006325056753520131,-0.002453018189724987,-0.00292244632742078,-0.002319248673127494,-0.0026506021457054496,0.007311485682297336,-0.012133999915947324,0.0
2024-10-24,0.0022588583069971246,0.0027908012035682273,0.0035649854337718168,-0.0010608435121920445,0.0016394043089447141,0.005344875226633405,0.0013455914864770602,0.001139103425743082,0.002177678445875575,0.007603809371942827,0.00018109317176562278
2024-10-25,-0.0003946786542793346,-0.004435525195070511,-0.0031576545468142703,-0.0008495589470915998,-0.0020462658900533004,-0.004630379556231912,-0.0015884971822697214,-0.003033708904045751,-0.009415590196574675,0.0023219607425728483,0.00036212076593322706
2024-10-28,0.0031188409627775915,0.015113092217838853,0.0073253066916232346,0.0031886192088139698,-0.0012300297205664057,-0.003101399185939102,-0.0012237785288962133,-0.0011411910308987139,0.0031336167257178804,-0.0003861092289237922,0.00027149226146416794
2024-10-29,0.0015920639507245316,-0.004561111858009004,-0.0033410213518566545,-0.0038144032495615043,0.0008208796489597159,0.0010369440786663908,0.0011026785622914037,0.0011424948357581233,-0.007184563989987902,0.011201271624722287,0.0
2024-10-30,-0.0030106794109199253,0.001210339936393412,-0.004930121719083802,-0.007232390776239939,-0.0009568324516545657,0.0020719552066639224,-0.002080872502602915,0.001901670673803313,0.004404799787911973,0.005538596488671832,0.0002714185734218333
2024-10-31,-0.019675238357571123,-0.016319836591329517,-0.007134450094913869,-0.0021427720367903635,-0.00013698206120293932,0.0015505921517173782,-0.0019621844895948426,-0.0011390249804965613,-0.016915506637676603,-0.015384641022144652,0.00018082211254011327
2024-11-01,0.004342989571539446,0.0032480024653378514,0.0021956467253576584,0.00021482392447547127,-0.0038722715502752525,-0.01308746781573833,-0.003862084934666443,-0.0046042538320024695,-0.011046270463656138,-0.004243850695516249,0.0004270563474517708
2024-11-04,-0.002171341124485804,0.006212080094426753,0.0013941905986611935,0.0032201085333352086,0.003997509255534215,0.013820813061553805,0.0049546144702850015,0.001911539916295668,0.010954850747918465,0.0015498224081766931,0.0001814568385511972
2024-11-05,0.01202717618218374,0.02060881778885859,0.01054104216513374,0.014551711753660213,0.002471484837068605,0.004314001560059566,0.002834503970007507,0.0007630626642178839,0.013279474818245873,0.0021276713487095034,0.0
2024-11-06,0.024901112676493753,0.059896051937230466,-0.012792802773982648,-0.009491715193939876,-0.00821808447927208,-0.02319589866688454,-0.007004785182089246,-0.0007624808435540142,-0.021283112584210673,-0.030496077768282115,0.0
2024-11-07,0.0077859264498365555,-0.006993624200110404,0.015151438193411249,0.021720618298121552,0.007457574234687847,0.011081882857784775,0.00940559776799299,0.0034338607364177154,0.0119976713827048,0.016524026251618196,0.0002723219909015473
2024-11-08,0.004419885853119254,0.005828581090673524,-0.013157897871820645,-0.024801866361265357,0.0019190290434487611,0.011134305328621696,0.0011034422543108047,0.0019012069281594268,0.014925452488490532,-0.007050540553645068,0.0005444957036491171
2024-11-11,0.0008182428235363748,0.016177091613790662,-0.000397885124673536,-0.00577064678126149,-0.001915353424598587,-0.0037851886889337383,-0.0019594110212819427,-0.002656450889496731,-0.005006242022495999,-0.023471448195245714,-9.060071846811457e-05
2024-11-12,-0.0029979218487320436,-0.015365210282802355,-0.016324936177379956,-0.016981878183782495,-0.006031507047433826,-0.014162400746121517,-0.005890283991970557,-0.005327445521562391,-0.01383658514186914,-0.008685043527692837,9.060892770218487e-05
2024-11-13,0.0005103609755565675,-0.00844588415151215,-0.005666891881108027,-0.0052480984604185155,-0.0004135624048484665,-0.007007752212499829,-0.0009875992977848025,-0.0011476590715876478,0.005527201246646296,-0.009983733907620862,0.00018149897624164524
2024-11-14,-0.006356892122971636,-0.012898480565703196,0.0008142403492310546,-0.006155128345821104,-0.00027597314464611333,0.004940118239830094,-0.00135956130556536,-0.00038291351972463694,-0.00898510994160684,-0.002675469596768676,9.065864884250097e-05
2024-11-15,-0.012904515660289495,-0.009451075463634107,-0.002847440408420665,-0.0019909514370001213,0.00027604932684699435,-0.002458062159550356,0.000866811763194475,0.0,0.0005333847190767127,-0.001857204999756723,0.00018130086119394484
2024-11-18,0.004141032023602609,0.0004978481619999364,0.006730606965446695,0.008422165150365979,0.0009657929025135292,0.0019358228260302202,0.0016070621051444967,0.0019156963898394608,0.007249392570180202,0.019020095182101127,0.00018141669936255767
2024-11-19,0.0036433897363710166,0.002238973179643944,-0.0012155056441213175,0.0015384217258931354,0.001791868658671314,0.004391586407567427,0.0018511218704175825,0.0022943612888550735,0.004868823606565487,0.009129656209799109,0.00018116078045293804
2024-11-20,0.0003683940432774868,0.0013238179826251528,-0.002839686110425732,-0.00021944958681097138,-0.0011008548882638358,-0.002623256966249321,-0.0017246102715930967,-0.0007627476744700434,-0.0012639738317348215,0.00583025916856017,0.000181202291324567
2024-11-21,0.005046954666313885,0.016195737677883848,0.0024409011854560347,-0.0035117870737241264,-0.0005509211358483146,-0.001753728215849959,-0.0008640515145541539,-0.001146019351981331,0.007382425149326188,0.008195080100257268,0.0
2024-11-22,0.0033539121317536225,0.016832015747071605,0.004464362647853992,0.00022018248233846016,0.0004133903681737827,0.0007028400851092353,0.0007413881828375324,0.00038265513430890685,0.007537621300430564,0.012688406458576162,0.0003624875473859923
2024-11-25,0.0032147839739891104,0.01863245827947102,0.004848516042169182,0.000440623223454617,0.009229962719894846,0.023521044509861033,0.008145634456413697,0.005731637528699984,0.013923463217211607,-0.029169961336237282,0.0001811038151249278
2024-11-26,0.005607929103768061,-0.009656157337966764,-0.006031422030674638,-0.005283019671792455,-0.0017747267497087993,-0.003258342697040284,-0.0011014139021574554,-0.002279463762972167,0.003996903532585305,0.002016504815757214,9.060978154873389e-05
2024-11-27,-0.0031867248701610285,0.0005548950604155056,0.00525896774118606,0.003761924494885438,0.002734978886810513,0.006537988400839634,0.0026961067960917795,0.003046202586265867,0.006430503338672677,0.0018112327445207743,0.00018098035356883813
2024-11-29,0.005267475243296849,0.002456083097301276,0.012072308379312169,0.0046295987624771495,0.0036820055616886282,0.00888908808731359,0.004400586256727568,0.0026577732580430613,-0.004462536878477197,0.009441567541753182,0.000452703139674826
2024-12-02,0.0028185845623818206,0.0023710150849931555,0.000994045615309247,0.005047075033441706,0.000585983989193295,0.00200662314772293,0.0007205489171415724,-7.604099774227713e-05,-0.014568046528228962,-0.009154210636271753,0.00014553865034527824
2024-12-03,0.0002343810480787134,-0.007411487417083085,0.004171022274340075,0.004148515791195573,-0.0023152904905334726,-0.007467743090026291,-0.0019528932169158297,0.0,-0.005065675016730942,0.002008404745578396,0.00027240930109684314
2024-12-04,0.006304788194905875,0.0034950255897205906,0.00019764274829481288,0.00152211845921979,0.0034128782709959005,0.00940491233160956,0.0033019746769540337,0.003416868598353995,-0.00270144617846535,0.0030066451736623367,0.0
2024-12-05,-0.0016650575352392671,-0.014406714889536265,0.004548083711993778,0.006513187942727594,0.0001362153764141727,0.0016942041843921452,-0.00024399903814875668,-0.001513575523072297,-0.0023964087669063883,-0.0073941394846621655,0.00027218674340012683
2024-12-06,0.0019904212445180924,8.026962999174714e-05,-0.0013779185938208593,0.0004315940782022576,0.002720601053818772,0.00169085016744841,0.0028043999266307296,0.0003790454856142933,-0.00146216142423794,0.00020137178576984383,0.00045396612200865327
2024-12-09,-0.005207488248697101,-0.0012045807998681823,-0.002365439661439095,0.02436376465891299,-0.0029848740509552663,-0.007428450553846888,-0.001702221575010987,-0.001136315696760315,0.0028239688478972624,0.00986308093316346,0.00018132613603483172
2024-12-10,-0.002842008873439328,-0.0035378040822240386,-0.00731091183996313,-0.01852241174221414,-0.0010884257206997816,-0.0045926882146132275,-0.0007304646142589633,-0.00037925483840717256,-0.014497362394470192,0.013155345549083819,0.0
2024-12-11,0.007576666073433103,0.0059709954236975005,0.007165611760683088,0.0017156018330193312,-0.0021794460292633433,-0.00888573713805696,-0.0014627043229938907,-0.0011383523770720494,-0.0023283214744542757,0.009246456601910147,0.0001814414993470681
2024-12-12,-0.005156376095798332,-0.00802108761446585,-0.009683714607867322,-0.005994452037002662,-0.00395937617119646,-0.010000089651167277,-0.003539549400974784,-0.003797607408035808,-0.0015910657153114238,-0.014230010781539293,9.06301873369042e-05
2024-12-13,-7.205143799293712e-05,-0.006792207129207584,-0.00259428577608134,0.0004308565551642829,-0.0039745550511328664,-0.008707677659392843,-0.003797113771169869,-0.002668874914412367,-0.002868762178810491,-0.01166699933059867,0.00027216231514470834
2024-12-16,0.00392360695285876,0.003582159622002923,-0.0042017381273933285,-0.005166749802981707,0.001100932165303714,0.001581118223533018,0.0008605855487668901,-0.0007645200376256156,-0.0035162549805131116,0.0016006769065108895,0.00027208826297320243
2024-12-17,-0.004195037082079689,-0.014099546665324758,-0.0024109848343268903,-0.0023805125379623426,0.00013717028156978728,0.0015786946224487508,-0.000491325783310792,-0.0007648687106638352,-0.004811740678952847,-0.002996434713622209,0.0
2024-12-18,-0.029363673494407938,-0.0406941986246776,-0.02477346055315599,-0.023210449355636098,-0.007833808814222798,-0.011733626704717115,-0.01020177895405272,-0.006125682658711162,-0.041259138015249275,-0.019635334506761026,0.0001545586011491018
2024-12-19,-0.0003708266531136095,-0.0036362852127803658,-0.0024784560158621627,0.004219453868220757,-0.0027702348908758,-0.012050429002819607,-0.0027319493666091432,-0.005007783400223786,-0.015465773072261935,0.0014306089186109094,0.0002729348178933666
2024-12-20,0.011318458431932132,0.006429843822804537,-0.00035709785360327206,0.00557132722037168,0.003055734804542354,0.003946034637875684,0.003735731687870558,0.0027216819036168793,0.01684694672991016,0.010204081632652962,0.0002730083970809982
2024-12-23,0.00715822054078874,-0.0017266203735540886,0.00588605304860268,0.004279361606543519,-0.003184961368478567,-0.00768261699150441,-0.0024811157977431275,-0.0015509686301035108,0.003910783477557356,-0.004646455398713667,9.080528076732541e-05
2024-12-24,0.010288859415692242,0.008388829104182483,0.003970851445707746,0.004036842935754459,0.0014354275602999067,0.0032168085734007867,0.001772819536599135,0.001941702436231152,0.006642577335063793,0.0024355374623474813,0.0002726871046083712
2024-12-26,-1.821597057105606e-05,0.006775345813012645,0.003954897333983576,-0.002457114171776853,0.0006959361997258551,-0.0003601778536466149,0.0011217179767832874,0.0,0.0026843000461884703,0.006681551632573113,0.00018184048313640844
2024-12-27,-0.01036507606486936,-0.013544582835430252,-0.0024880031934206848,-0.003582474992543716,-0.0020862433253356905,-0.0070282585501748596,-0.0024899707370621416,-0.0023255910036256155,-0.010039040561686363,-0.007039466617563606,0.00027271113478000153
2024-12-30,-0.011131860121998072,-0.007167633581691146,-0.006235646208114454,-0.00876422591872894,0.0039023563897082614,0.008167025955419405,0.0037440216470088217,0.003496517976187885,-0.004957721899496503,-0.0030382360629294114,0.0002724888928424818
2024-12-31,-0.004029882164554133,0.0021746575505297017,0.0002090924462792021,-0.00158689240087595,-0.0016658242731260042,-0.0036005164529643308,-0.001989294887456694,0.0,0.008719287068536419,0.005891854807758445,9.092809642696764e-05
2025-01-02,-0.00250544767874894,-0.0021699386770016593,-0.002091153914027255,-0.0027248385150085985,0.0004173492206989149,0.0010841026723595881,0.00024923465519943733,-0.000774243745358838,-0.008868575914923738,0.013734605700441493,0.00018154398427849827
2025-01-03,0.01291261647464581,0.010959483418303995,0.005867550903039254,0.005009156619247834,-0.0012512988595402286,-0.0028875871815080556,-0.0018682285456312897,-0.0015497667487072153,0.013138608327615042,-0.007969669697675208,0.0002723404532070095
2025-01-06,0.005822896970029134,-8.600031161676291e-05,0.009791599897834846,-0.00022657031065465016,-0.0009741746217080127,-0.003619918256789756,-0.0008733756727011821,0.0003882618136670235,-0.012856268547735583,-0.001004202372789198,0.00018160938274758287
2025-01-07,-0.01124972697868365,-0.0073998210098957795,-0.003300993890403392,-0.006344871052277545,-0.0034829606288917514,-0.010354241096884431,-0.003371988837170159,-0.0015518878970316452,-0.00951306013932307,0.005428159106461994,0.00018150253516280301
2025-01-08,0.0013484904656728691,0.0002602174616477271,-0.0012419827616850787,-0.006385385499893426,0.0011185021159973996,0.0014684776507496444,0.000751693690563604,0.0019425365328589184,0.0026298325994622562,0.005598932281378977,0.0
2025-01-10,-0.015217364384318088,-0.020019147131070558,-0.014922243835378435,-0.017443167646856828,-0.005167164676938785,-0.007147982867688585,-0.005885378013847253,-0.003877540801054291,-0.024404062145064742,0.009743445115313998,0.0002724629006567447
2025-01-13,0.0012922694598969109,0.004067940862270802,-0.00273505325293788,-0.007241335671142934,-0.0009821732524343263,-0.0018461203580307783,-0.0027708263868536642,0.0011677744365676812,0.012273283797381795,-0.010437156203969011,0.0001813463296234108
2025-01-14,0.0012719967115761843,0.013651297553841424,0.0037974798458784154,0.011999957013641316,0.0007023565114034902,-0.0014795366126002518,0.0010104770903598403,0.0003890166438711429,0.00912254995206796,0.005572115010883172,9.050907515883999e-05
2025-01-15,0.01829027812037065,0.016856516726543758,0.012400107823383744,0.010462802226105516,0.00800337205631374,0.016484519405599585,0.009463412469112864,0.006606966816662618,0.005721415737546698,0.007520306299135138,0.00018144467609348958
2025-01-16,-0.0014861493074254106,0.002905357221143934,0.00332155208137741,-0.0004602306788502597,0.0019500910590963816,0.003826592054152256,0.0023749463441298246,0.0011584641568640475,0.020707659061375283,0.006678455187722365,9.070587994775003e-05
2025-01-17,0.00959136940084182,0.005282292354265916,0.004965875066477832,0.008287241489357777,0.00027804222934824097,0.001270568849159437,0.000499069611510361,0.0007710995615706207,-0.0006687854113329728,-0.0050731379811356225,0.0004532668719037236
2025-01-21,0.009099762174177295,0.01669636191313284,0.01935337852309993,0.009360683081489629,0.002919028189268369,0.007976724243629274,0.004113032124688942,0.0007705844189647149,0.018739615154192757,0.014904849902253492,0.00018123935854985618
2025-01-22,0.005681147422714972,-0.008669510261692603,-0.0022217670886667262,-0.0009047572651768032,-0.002079290300220249,-0.004316542506759502,-0.002854907073312818,-0.001155183946171534,-0.01740956265587068,0.005410604430857502,0.0
2025-01-23,0.005541700653631132,0.0033635775788900535,0.006882747537068301,0.0038488119421653533,-0.0015272509076396101,-0.0066835348654826765,-0.00037362409202146285,0.0007711186586296659,0.007354725920072358,-0.0009609694067577168,0.0001813540190491736
2025-01-24,-0.003014059105136968,-0.002095115028438399,0.005629262649499811,0.005412716166772302,0.0019471075623687106,0.0038187883008720114,0.0014947464858754422,0.0015408120955446858,0.0034291822844074726,0.006348630895745666,0.0003621998449443442
2025-01-27,-0.013917573634683045,-0.0025196526082582604,-0.0017993256093523646,-0.016150729187339175,0.005274848845376212,0.012137778929086851,0.00534654656726552,0.004615640305673185,0.01333919137928663,-0.010514300082558159,0.00018125548502401223
2025-01-28,0.008381188572119447,-0.0005893251342863337,-0.0010014715647110872,0.005699879366587446,-0.0005525469071490097,-0.001610908405606848,-0.0003709147675241553,0.0003826667651325444,-0.012075726673301035,0.00811441262098822,9.057446986493467e-05
2025-01-29,-0.004389603354403082,-0.0032012586349740024,0.0,0.0006801732531598326,-0.0005521770757372924,-0.001434179856679263,-0.0006185909305681525,-0.0007653545730994527,-0.013214403581363054,-0.0034496033752979827,9.049257585047599e-05
2025-01-30,0.005222185504627497,0.009465854415132702,0.010826016659944981,0.015405621512690537,0.0013822188813532588,0.003949548408983317,0.0019809206813925506,0.0007659407893854109,0.012721739723161374,0.014615352337177034,9.063175639489884e-05
2025-01-31,-0.005338866442633705,-0.008372497175495819,-0.00952006157473917,-0.009370963129938459,-0.001380310989441469,-0.004470720851536769,-0.0016064563507262042,0.0007652761234713257,-0.0022038868026226233,0.002084924447517844,0.0003619784283548366
2025-02-03,-0.006560243392713994,-0.013255715742386376,-0.012414883978609348,-0.0058558004916694495,0.0009012463506166135,0.005535583488385898,-8.706357848475843e-05,0.0019121584524255386,-0.00209815930808388,0.00567428112580548,0.00011813623154988129
2025-02-04,0.006639863857743178,0.011209158056933122,0.012165488450541329,0.01608515404283506,0.0013855872819852344,0.00304806282647907,0.002112395376643983,0.001526697728480686,0.0007746218607982414,0.009779960046479408,9.072733497506036e-05
2025-02-05,0.00410241950522483,0.008969382368978929,0.009615414545828704,-0.004459144973831486,0.005119860210558214,0.014658673325408822,0.004835622291773145,0.004573189547379286,0.014044045051469833,0.006146430238322287,9.094001118237216e-05
2025-02-06,0.0035995502072587726,-0.0036063007998698993,0.004166639985814458,0.004703012183493671,-0.0011012975793921465,0.00017629788583972683,-0.0017272583987292256,-0.0015175865063191685,0.00250796829755906,-0.0024065358573418516,0.00018149533899358694
2025-02-07,-0.009719956929999385,-0.01397182760875415,-0.007903653430221369,0.0004459555578648633,-0.0030319073755822323,-0.005813125001307706,-0.003214056530957965,-0.0026594039947447357,-0.003263264430071744,0.0014845394685614188,0.0002723040299892343
2025-02-10,0.007153181468189773,0.0011096908064247568,0.0063732791888291285,0.010026851559661765,0.00027624166757034274,-0.0023034155416357116,0.0007439400099178428,0.0003809278975646091,-0.00043645522529200953,0.016861215987207245,9.074330022995625e-05
2025-02-11,0.0008990859814119734,-0.00179063655291678,0.003958083441385485,-0.004191477635709928,-0.001658563309370198,-0.005860323477286267,-0.0014866720316091264,-0.00038078284675535645,0.004367259364667975,-0.0034621435442471205,0.0
2025-02-12,-0.0033054499275704252,-0.012556607259270436,0.0019713572008925873,0.004873511388811647,-0.00512165000645759,-0.012861825738285426,-0.004467575172285354,-0.005333302929904082,-0.00924014992748301,0.0010971178423417882,0.0
2025-02-13,0.01056210048997741,0.013667912540924254,0.01298441811820461,0.005291088877897865,0.005983290893597948,0.01483898178195564,0.0057341520077272,0.0053618995645614564,0.009984708152997124,0.009680343000856073,0.0002724995553393672
2025-02-14,3.57001181208183e-05,-0.0007681943161751414,0.00038829713598742543,0.006140332244869429,0.0031810636639511003,0.00606279370571472,0.0037184669142993343,0.0019047175788229342,-0.004562843887713441,-0.014833569336678787,0.00045340460287701667
2025-02-18,0.002889278151642527,0.00623451400649766,0.006794805521084912,0.004795164535349006,-0.0037226844168510853,-0.010634431568538938,-0.00321077972088879,-0.003041863562516567,0.004474556057662893,0.016709509047192928,0.0
2025-02-19,0.0024186484995900592,-0.003819180010697809,-0.008677119734971428,-0.002819929678126387,0.0013838614893428858,0.0008955997763091528,0.0011150077000028347,0.0015256114544228705,0.0007605714244702799,0.0009030023121736619,0.0002720077147535527
2025-02-20,-0.004204639693686674,-0.011331868096187692,0.003890331359789334,0.010659049760133099,0.0012436980485621696,0.003221787420828015,0.001732479408868448,0.0022846970805321387,0.004777050749302569,0.00036088882036233727,9.057106674936755e-05
2025-02-21,-0.017014051277155717,-0.02654243948332813,-0.007169187624597506,-0.0012913690647701204,0.004416855983977452,0.01124000640461209,0.003211969786980573,0.002659715528042339,-0.009832589215890919,-0.0009018621626816214,0.0003626190015886266
2025-02-24,-0.004730466069428618,-0.003718095598375437,-0.0009758679139839632,-0.015301864918764618,0.0013742745752842733,0.0026464665794074804,0.0016005898402449148,0.0011367988908383975,0.003928379686653383,0.005235618680680787,0.00018128051944255041
2025-02-25,-0.004971534712165715,0.0009773682183586985,0.007227931761375039,-0.0004375958425809623,0.006312586115541974,0.015308933765892707,0.005532341644771677,0.004542032186202416,0.012282487188808311,-0.01275142026905951,0.00018117419391816547
2025-02-26,0.0006223995110905545,-0.002041699840591882,0.0015516210146933052,0.009634426816177655,0.0015000910773537157,0.005545862421608705,0.0014671607884535476,0.0007534538385749467,-0.004187686242711153,0.0012734162865155607,0.0
2025-02-27,-0.016058515322071365,-0.014054463032681208,-0.01181252087554574,-0.017566834022301636,-0.0012252977887144967,-0.005860002240759332,-0.0019534154496143596,-0.0007528865732964185,0.003989681049749283,-0.015261630425426054,9.071759897905096e-05
2025-02-28,0.015539841005731247,0.008570920490270861,0.0007838290270494319,-0.012582762116540747,0.0042261644480114935,0.011095499982779256,0.003547457506217766,0.006405245861526465,0.008484638174276693,-0.006088594583200324,0.00036217644022795703
2025-03-03,-0.01722379440948618,-0.02325801361344859,0.007440738685997594,-0.00961340068250538,0.0023010715184139663,0.005143741290960513,0.0020426530007249255,0.002809829306630096,0.004685812836195069,0.012994259825855226,0.0001635848639065518
2025-03-04,-0.012050347843302056,-0.015202721065860514,-0.002720967901314153,0.008577955065213416,-0.0028527435302398985,-0.010439919680348075,-0.0010985330082156075,-0.0029886156176230916,-0.011553830148548383,0.008612813328414015,9.066169825877601e-05
2025-03-05,0.011216949817921984,0.010415697593561424,0.023582154131149835,0.029767278156921373,-0.0035422146170647206,-0.008301706239018047,-0.0034216171041994148,-0.005620096635326366,0.011152878008176437,0.00236186866380117,0.000181600573429197
2025-03-06,-0.018139458560431976,-0.012793411294355073,-0.009329971577816232,-0.005216168393394671,-0.0008204336233003096,-0.0026160004670920944,-0.0017167828843520638,-0.0003767083685918271,-0.025665628451994604,-0.005437724252624898,9.0930580923132e-05
2025-03-07,0.005392313306775698,0.005127766048640847,0.010570871150943129,0.00415118410169435,-0.001094625081770051,-0.002972315028984318,-0.000982892852094741,-0.0015077102187754932,0.005986557430775141,0.0007290125078551757,0.0004538043466295605
2025-03-10,-0.0264395971826783,-0.023467243675254212,-0.023012561812979726,-0.02241081493864716,0.004657448624003191,0.01017179980044336,0.003074222014537442,0.0041524638137577785,-0.009629795584463419,-0.008741568813880662,9.095442141915377e-05
2025-03-11,-0.008205392868092187,-0.005509261594424331,-0.002725205427793864,0.007121980578535636,-0.0038179921514083226,-0.006597309446028765,-0.005026087370614274,-0.0030075622294424287,-0.011690158890363733,0.011758210289548376,0.0001813788932469862
2025-03-12,0.004850617951815295,-0.004393457936466505,0.007417577311020551,0.0035361128757789295,-0.0020526656562906975,-0.005767199010142665,-0.00271031688453105,-0.00037699245922373503,-0.00309533273226692,0.004176494343760551,0.0
2025-03-13,-0.013060665600233112,-0.0167882014665085,-0.007556813519057126,-0.0030830119857434557,0.0030171536488716733,0.008085762418328146,0.0025943633345910655,0.0011315584717885852,-0.019738253302625464,0.01754070947713604,9.056300490239977e-05
2025-03-14,0.020530623721226382,0.024490390239899407,0.019133081494782767,0.017892533644933373,-0.0024614162431552122,-0.005056600120027399,-0.0008627183190857979,-0.003014516086450869,0.020022688394905286,0.0003554373129726063,0.00045365390467178024
2025-03-17,0.00763329388529832,0.010666665873347858,0.011877458155259202,0.013671792057789789,0.001370913962247755,0.0038554608940435386,0.0011099793225668453,0.0011340841811477986,0.017078855492388634,0.005862462444309324,0.0
2025-03-18,-0.010548406881190298,-0.006210148968514795,-0.0013252723223788898,-0.0025688309724393177,0.0010950745473023993,0.0017458033860302535,0.001970850673305824,0.0011324127909899673,-0.005233871137698021,0.011480069553884586,9.066032303373106e-05
2025-03-19,0.010505973450381179,0.013505786448762658,0.004549928474471887,0.0015024214693644122,0.0030084099310849766,0.004008428265641628,0.0044260694949136425,0.004901983505652963,0.0012056035401317722,0.004190638411929681,9.057882064911205e-05
2025-03-20,-0.002301915494643869,-0.0047859848804493454,-0.007737469949209652,-0.009001258662375,0.00040893200205815994,0.002082991979290183,-0.0003671636517614818,0.0011257678922449443,-0.0006567613789310034,-0.001217174349977479,0.00018128778813508717
2025-03-21,0.00024995800669636026,-0.00641197644231295,-0.005502679389682075,-0.004611118609026521,-0.0008177503458504098,-0.0051965846347602485,-0.00036749921999246205,-0.0007495399939213554,-0.011064892984125274,-0.008182406289043986,0.000362656385492377
2025-03-24,0.017548963814671303,0.025054528527729714,0.0013449359553399098,0.003044777641325158,-0.004364278877033834,-0.010099325448578278,-0.003674736986352234,-0.003751125902595187,0.015398209573963317,-0.004739344426511138,9.059460970117783e-05
2025-03-25,0.00238000378799752,-0.00601796559764145,0.005372213753841226,-0.0010840526734806621,0.0012325670065522765,0.001055419279241132,0.0015983868414564117,0.002259165324496548,-0.011220451161534806,0.005114654526017226,9.051317233943479e-05
2025-03-26,-0.011664891183207682,-0.005309285034073019,-0.01202289140358348,-0.006077744103127447,-0.002188618871723169,-0.005974236352340401,-0.0023321359113518403,-0.001502766642182407,0.003901456790414537,-0.0012283472093305159,9.065142863495801e-05
2025-03-27,-0.0027511943433395913,-0.004494776033985071,0.001158927688519995,0.006551706573018068,-0.0004117309919098311,-0.003005179440008443,-0.0004921820595655824,0.0018811698184701964,-0.0025536663410087312,0.013352111044956372,0.00018113998848279245
2025-03-28,-0.0199729588745986,-0.021634885609505217,-0.011383261861623195,-0.0169233711495288,0.005761388623592323,0.013652349272547992,0.005293083328482329,0.005632912989504524,-0.0013360400395060479,0.0078016775408906724,0.0002717339782916106
2025-03-31,0.00608843179162144,0.005384103044467015,-0.008001587639323793,-0.0011036923953562372,0.0017729848432266326,0.00769644370753908,0.0011020962408403445,0.004107343430339139,0.009252136650236054,0.014278307261423429,9.060217587197883e-05
2025-04-01,0.003677733820210305,0.00219954028766689,0.003541157164490105,0.003314301108909623,0.003141899905384715,0.0076655834050058935,0.0023205554256278127,0.00033584365289396345,0.00044185437973887076,-0.0016960392753369025,0.00021799630877139542
2025-04-02,0.006029412541812107,0.014790001267366293,0.0027445577868197013,0.0008808190118316794,-0.0008169395127436418,-0.0008644991780857314,0.001225149713294904,-0.001119153775338888,0.006071834145017219,0.0015290545642987485,9.086686993931004e-05
2025-04-03,-0.04769611494713921,-0.07005167029109793,-0.020918783632031923,-0.018041634581283827,0.005178363786598972,0.006921555122024747,0.0034259218933361257,0.005976803885726856,-0.034127068135707206,-0.00593727369446273,9.09317689850031e-05
2025-04-04,-0.05795692539584463,-0.04317499507799749,-0.0632989172291043,-0.05601635304499586,0.0008133953913356251,0.00893630928350353,-0.0026827404787799214,-0.002970760662987293,-0.043399140824815885,-0.02286689739726977,0.0004539591698617951
2025-04-07,-0.004210330212845226,-0.013737726562489727,-0.02174369034773249,-0.04035127881187217,-0.012056451749543173,-0.028104266854280247,-0.014549563721705017,-0.011173052274354833,-0.026247089549970903,-0.02025846806523357,9.073601384046448e-05
2025-04-08,-0.014712135567490403,-0.029679607291658194,-0.005229782719393672,-0.013356381347608415,-0.005758789409457177,-0.017174867901946334,-0.008560651572182554,-0.0030132799122079,-0.026832487214690337,0.0037433672884463753,0.00018145556312632038
2025-04-09,0.09274416678104624,0.0883393863531734,0.07469863377517116,0.06517932575158181,0.0023443681635115787,0.0032096373845285076,0.009635683013766716,0.0003777791229802041,0.059656599953280987,0.036760782176184836,0.0
2025-04-10,-0.03414141826610251,-0.04403414891891799,-0.0197717292864259,-0.012944428095443605,-0.00798003209999143,-0.022396013833176576,-0.010535282277241653,-0.010573975043464023,-0.022826715201942682,0.02449469474156607,0.0
2025-04-11,0.017611804486963978,0.012630016270806399,0.027448551233683505,0.02765867653030707,-0.0011095714697099135,0.002363524331630895,-0.003382388223390209,-0.000763344505368635,0.012224758998641061,0.01922751521111299,0.000453702798133504
2025-04-14,0.01005006120162788,0.011005156144990869,0.011536164352576206,0.009280733354523951,0.005692954461854471,0.00798129163871053,0.006284719571351127,0.0053475714850867995,0.020686203679707305,-0.006069536375354234,9.074324636815234e-05
2025-04-15,-0.0028054036432489937,-0.002384469302429526,0.00680282958987255,0.00022976050473899612,0.002485216764890996,0.003239313854894732,0.004371705618841482,-0.0003800872145439671,0.0030459634081541065,0.005776505582433922,9.066195721274539e-05
2025-04-16,-0.0219797923873003,-0.009872157573945328,-0.0021861090765732394,-0.012640705022824772,0.00275455580814965,0.0057397156920975245,0.003855384842498699,0.003420766719722801,-0.0007008671085629858,0.03265509884003537,0.00018152662356385463
2025-04-17,0.0013864707605040216,0.010705337732021647,0.010754731675937546,0.007914354563194337,-0.0021978350809102043,-0.008025742622241205,0.0002475899925904468,0.0011364971856251405,0.014960242662173995,-0.004767189505890945,0.0004531864264347707
2025-04-21,-0.023827260045596543,-0.019937816552199616,-0.004729038754923476,0.001154744690781584,-0.005505857457049124,-0.01636112429412373,-0.006564060894488688,-0.004540441953031826,-0.020842913415945352,0.03129483053407167,9.07422335088004e-05
2025-04-22,0.025234514674518538,0.024157620403489677,0.01960011130877004,0.015686305110348187,0.001799282498409216,0.005483525222141461,0.0014959014620585798,0.0038008432905274336,0.019405020178437482,-0.014398460182803108,9.058800814787382e-05
2025-04-23,0.016064768677538366,0.012725116761814315,0.00291266337814422,0.009766137268172326,0.002072537935861485,0.00908944087914576,0.0021161554064204058,0.003407891440885047,0.0018457509128411154,-0.02419102920544458,9.065279206943444e-05
2025-04-24,0.021013300904078713,0.0203289729758791,0.012778361181609244,0.012595578449726474,0.005652812571586452,0.009547877524758386,0.007950416434930885,0.0045283715301227545,0.003685165556376324,0.014810077261130816,9.07175576352337e-05
2025-04-25,0.0073644669172021615,-0.0004005756004015204,0.0022939280280080965,-0.0033319692211559726,0.003290490468164986,0.006602280506693203,0.0043135168398305,0.0007513007440469455,-0.001721116517847121,-0.011104072854907554,0.00036218052966230374
2025-04-28,0.0006124778406704223,0.0035055638300360847,0.006866336471516021,0.0026745217484376305,0.0024596361533655298,0.0054956684175491155,0.0023317837198717495,0.0030031001028258952,0.00620629372251269,0.01427653813715124,9.067648744820467e-05
2025-04-29,0.006062192178672321,0.006487756680761514,0.0030308104852430073,0.0035563421624655867,0.002589997917749942,0.007757339145821218,0.0018363994297196928,0.001871222319545618,0.005368175935805075,-0.009331016240064716,0.0
2025-04-30,0.0004907197013563902,-0.007040887190697953,-0.0015108262146886764,0.0022146846783668295,-0.0006797830267745164,-0.005598486991579166,-0.0006109778269123289,0.002241196614316099,0.0035220441630681165,-0.007503212408727977,0.00027156713934028964
2025-05-01,0.007081928771048185,0.006192059511945569,-0.004161114987680459,-0.00044192336801929244,-0.0027846587305430104,-0.005967805469022425,-0.0036213882327643665,-0.003632003074801715,0.0032830453940313475,-0.021071217583662594,0.00010902031934567624
2025-05-02,0.014337395274542919,0.022630232815842977,0.018233594326197977,0.026752184700586712,-0.00492738557805017,-0.009946634924522746,-0.0027103830655361705,-0.00601258868575949,0.01229966655763537,0.0018074368920208972,0.0001817779458070934
2025-05-05,-0.005223846594111015,-0.007182378180332738,0.001865301195763669,0.007967272422055638,-0.0013755818673681919,-0.004664515301425309,-0.0004939809570693177,0.0007560430051887224,-0.002229352462909895,0.029850740665660513,9.076310116151731e-05
2025-05-06,-0.008513647398305735,-0.006256683555845743,-0.00018607945504123258,-0.004913422708879511,0.002203984877337861,0.002523320273614793,0.0016067089976106175,0.0022666457879489954,-0.007708613177391688,0.028348443276685842,9.060907302260723e-05
2025-05-07,0.004517483098638975,0.0013771804847069191,-0.003538235588233518,-0.012451704237191885,0.0019240937551576742,0.004315147829760058,0.001974230932534793,0.0003769582471639943,0.0011259363793687527,-0.014867571457486073,0.0001817119496052566
2025-05-08,0.006667942262919446,0.018272930536522347,-0.003363727743208811,-0.0017392141573742137,-0.005349863437086766,-0.010562030431598979,-0.0039409825124097075,-0.0033909630410062785,-0.00393620908387371,-0.019965421247881587,9.080303037256598e-05
2025-05-09,-0.001328715145157866,-0.0002894855164852217,0.006562830236807482,0.0071864579137077556,0.0008274231022875611,0.0016283447420628594,-0.0001233758901389992,0.0011339108717325352,0.006661493039527233,0.006897662882952904,0.000272238619773546
2025-05-12,0.03329802538028104,0.03763755295121807,0.0048433550874880105,0.02248654930018268,-0.0034449491997179393,-0.008851166412179312,-0.0009894418638796143,-0.007930457756543108,0.004934811365484348,-0.028198190932859135,9.0770074810953e-05
2025-05-13,0.0065681367172978344,0.0046503514681810465,0.0016686771180729476,0.0016916046239743299,-0.000414631647939423,-0.0041918831095197895,0.001113935151579648,0.002284134692171147,-0.012723251729698126,0.004590143922899692,9.0761836352371e-05
2025-05-14,0.0012420569961306693,-0.010183445592611529,-0.004071850784344355,0.008233082088693333,-0.0034582918168076793,-0.0056731904325947324,-0.003709119670289751,-0.0015191318708480672,-0.009834846090594596,-0.021377245180956628,0.0
2025-05-15,0.004906324166748854,0.006921213175055119,0.010592861032839629,-0.0016751225767239752,0.0054136170456027255,0.008650703227288448,0.006453257658279199,0.003803530573502689,0.018266947196133865,0.016007988409732388,0.00018136152686887286
2025-05-16,0.006448384787979711,0.007709531522120061,0.002206681540270594,0.001048832066840255,0.0006905213780665775,0.0018247154748654015,0.0011096771346945644,0.001515678215186167,0.012445422138933626,-0.01198095418644396,0.00036287574990123694
2025-05-19,0.00102537607328812,-0.0064522670950954986,0.008073398848301938,0.004190191012288791,-0.0002762177106045982,-0.002914271424391379,0.0006157260458827807,0.0003785382932919301,0.0002214249612528807,0.012790705116364487,0.0
2025-05-20,-0.0035478692732860972,-0.0016699127160024752,0.004732493696733897,-0.002086312255367262,-0.0017939685757447643,-0.006576590465772858,-0.0008615060459085111,-0.002269448172595445,-0.00586802651256213,0.01886169736193377,0.00018140845759417878
2025-05-21,-0.016719168090048697,-0.027599793516310922,-0.005434860313729528,-0.0025089239948741238,-0.0062216161767580935,-0.01544684189153167,-0.00800781334145284,-0.006065088267464325,-0.02661772383090033,0.007566021068649453,9.061499413953733e-05
2025-05-22,0.0004666494236080787,-0.0009555495719519858,-0.0010928540937925613,-0.0023056660008620167,0.002782548833083043,0.005042956739819804,0.0036014718584636007,0.0030510102693788177,-0.004576641497124112,-0.008947138071988991,0.00018128634414571465
2025-05-23,-0.006753437305087595,-0.00526118238641482,0.0034646113458483008,0.004201717822355233,0.001525787005579593,0.002415795369552276,0.0013613294674943432,0.0019012743405220078,0.0010343465593549706,0.02176370007069761,0.00045338838510788904
2025-05-27,0.020548514222484382,0.02538709263233474,0.013992212999206055,-0.00355653312695714,0.004709998384392122,0.012421244708034296,0.005561028958696701,0.004174326216634716,0.017453292794388897,-0.0168822921551276,0.0
2025-05-28,-0.005705673659408994,-0.01200412761675107,-0.009139576305760344,-0.006088603973922968,-0.002205890018012191,-0.004577920359654319,-0.0019664243658719105,-0.004534929213960703,-0.0010156441446734776,-0.0022468817406529062,9.033111590572851e-05
2025-05-29,0.003850224898403809,0.0046511026387803245,0.003978913979566734,0.00443600098540875,0.003592509823190815,0.00846204970211728,0.0034478977387377707,0.0034167106486620025,0.009037562142529598,0.005951467870025651,0.00027184155637072216
2025-05-30,-0.0010327110452563737,-0.004440523924005846,0.0012610331469529168,-0.011566791477048755,0.0019277593582212038,0.0027364077992946267,0.002822192116444411,0.003026922575158242,0.0,-0.006076128278739601,0.0001812511564485142
2025-06-02,0.005814361667703105,-0.0034165299759129075,0.011514894631196704,0.0070214058310640315,-0.0022062413418014737,-0.009130903892161424,-0.0017444387741697431,-0.002499290083277761,0.0013433975332455272,0.02590091078352197,0.00015432269274850974
2025-06-03,0.0056708194091334985,0.01609353823706483,-0.0072926625911318155,0.0023240944084612636,-0.0011055598026431523,-0.0012900483356962367,0.0002461375888185291,-0.0015187446560411821,-0.0020125282341943995,-0.008467945925216047,0.00018177178577727382
2025-06-04,-0.0006387967695942187,-0.002624073250775294,0.005196095765068298,0.009907105854884746,0.006225046774907428,0.015316524872382109,0.005537181450357531,0.0034221038512711743,0.0028008298942809873,0.0061679486394417005,9.07603757493991e-05
2025-06-05,-0.004674533643837742,-0.0002819505004950651,0.0,0.0025048171138695174,-0.0019246680325126775,0.0,-0.0039158485562643675,-0.001515637222571642,-0.0007820528255401138,-0.005187017005623296,0.0002726923761882105
2025-06-06,0.010218604982054291,0.012031280597768923,0.003208574144884624,0.004372354852657967,-0.005372032699521467,-0.012177579772805758,-0.004545402982478519,-0.004554197632391732,0.004807721379233909,-0.0129562282029142,9.080003841210882e-05
2025-06-09,0.001071292894042175,0.010680769149004954,0.000355375843603678,0.007255289707284396,0.001523457718330734,0.0012882094253037213,0.002221252592136125,0.0003813942269892401,0.0013352659030338998,0.0043220818390858895,0.0002723753835407461
2025-06-10,0.005696172802075683,0.006065105553398453,0.002309157599160727,0.007408883682590295,0.0019359564671410645,0.004226203739422729,0.0014776527832136566,0.00038094030474922214,0.008556516017028448,0.00047814438148430227,9.07670717975595e-05
2025-06-11,-0.002759827927259595,-0.00602854181098178,-0.00017725072044127987,0.0032686382206161824,0.003174038384090583,0.003659728519090688,0.003566032401038477,0.0015239519746188535,-0.005399062348163897,0.0055758877101903526,9.0758833884097e-05
2025-06-12,0.0037803766863735433,-0.003859677665259853,0.007798586677506991,0.00020367437217361228,0.0037142318928300444,0.011121282694308787,0.003553063282793145,0.003042881246030138,0.004874489779676416,0.012198993517008816,0.00018135599397539615
2025-06-13,-0.011136114026092048,-0.01937258791594143,-0.012135020147029496,-0.015065150916159897,-0.0035633550104371414,-0.0093762045254554,-0.004273341995914004,-0.001137570860257453,-0.009701154846417204,0.013304092694338188,0.00036300915645415266
2025-06-16,0.009657911027608046,0.010083894764280288,0.004984863595844713,0.009301364721025385,-0.0019256166340106962,-0.00819050112366837,-0.0004904041474406151,-0.0018982387295101155,0.0007792668296069394,-0.014519596195955997,0.0
2025-06-17,-0.008518716658253545,-0.010562864291237983,-0.012577532893408017,-0.01126374710719702,0.0031695533721762814,0.011010901968247166,0.0023309103815185583,0.005325099917313336,-0.003559550298682379,0.0003134868025524984,9.07012169129029e-05
2025-06-18,-0.00020026812925544313,0.004156926389557336,0.0026911043780928345,-0.0026924712884667246,0.0005495904009575892,0.001089200859339945,0.0007341565283971452,0.00037843157494621416,0.003460528457108758,-0.005327485963862566,0.0002721515272372521
2025-06-20,-0.0027675471319321687,-0.001411287365124747,-0.008097556994878352,-0.009393664918848521,0.000686665685506016,-0.0012692297272858255,0.0014674339904823253,0.0022692712383074465,-0.0006673945865426356,-0.00047257056574034895,0.00036274579636308424
2025-06-23,0.010297454239223125,0.013378527951928731,0.007636340171189859,0.008200267924402205,0.0024698821886106614,0.0038127480883292098,0.0028087078648073582,0.0007547874742090954,0.015028383662031075,0.0034672561601347685,0.0001811258589066167
2025-06-24,0.010987317030576538,0.010040960315889746,0.013172116757061314,0.021689275867585733,0.003011136629734734,0.006510979719428711,0.0040184909171412375,0.0015082837701141383,0.0026319864167192453,-0.01554889103565893,9.083651001340343e-05
2025-06-25,0.0005004986716299342,-0.00994114170651994,-0.0049866044699978795,0.002449410459501422,0.00027284828114892967,0.0005391926911852973,-0.00048491402600070455,0.0,-0.02406470916960768,0.0027121596700323547,9.053830495187043e-05
2025-06-26,0.007914547851350484,0.014875555527349205,0.010918236577075024,0.006719579867534575,0.0028651098286631704,0.00431012914070239,0.0031546497863024214,0.0026353690838782917,-0.000928087344798878,-0.0007955328285510488,0.000181350145308512
2025-06-27,0.0049635309005959805,0.003023016023598002,0.00619688787375372,-0.00101143067384446,-0.0023128262448794956,-0.005543529050886731,-0.0009674431948003548,-0.0015020538100669611,0.0024923521050015385,-0.01831206568714394,0.0003623446510718775
2025-06-30,0.004998017968957935,-0.0018266498456844804,0.0031672918028029518,0.001417436582219711,0.003954266320394195,0.009171053708340038,0.003995720062257124,0.003384781195626241,0.006441313147673489,0.011516610979719344,0.0
2025-07-01,-0.0004577096405283809,0.015280363696035693,-0.0007016357236524495,0.004043610795205321,-0.0007494337055495848,0.0011446159841435044,-0.00010901469471191749,-0.00018820134585584292,0.007298538272852095,0.00898007622053787,9.989845709412748e-05
2025-07-02,0.004438335954132455,0.013608525759354784,0.0031596466953069946,0.0028191438951192804,-0.0010905067184170392,-0.005716464811496902,-0.00012104295061099446,-0.0007525677324237146,0.0023408753221698664,0.00619839821511925,9.097891867781982e-05
2025-07-03,0.008644802581951438,0.005423724558466736,0.001224820101535462,0.004417651832269387,-0.0024570823257296093,-0.005389721912207768,-0.0016952949824017294,-0.0015067246051529981,0.001112099248679721,-0.0069499673331531175,0.00036337556708176955
2025-07-07,-0.008014367435701941,-0.016979065856407183,-0.012408292127309095,-0.011795238905454752,-0.0032841428160893527,-0.009031886531865485,-0.0031540171584953924,-0.001131748687458911,-0.008553651705198173,0.000795279750437361,0.00018158558534819846
2025-07-08,-0.0006659272525614268,0.0077365284504054,0.007255363939349113,0.0038438174721082685,-0.0005492155137694077,-0.0014582375976833761,-0.002677016304016955,-0.00037744861031074883,-0.0014564925470518242,-0.01048950836965945,0.0001816250074109238
2025-07-09,0.005927377148337243,0.00830201870138958,0.006851730252333654,-0.00020155233235175096,0.003983616348656183,0.009675042601386519,0.004270545032986073,0.002644432606113689,0.0007854574574372997,0.004176070402182264,9.083220100691847e-05
2025-07-10,0.0029288377690446232,0.009915901126272164,0.0006978255429277436,0.0010078857633546434,0.0001367795661169069,0.0009040925079615292,0.0,0.0,0.0062786383613646635,0.0023991956187359165,9.075158158511343e-05
2025-07-11,-0.0035981849663948573,-0.010958059388082142,-0.008369576455796168,-0.0014095719475596402,-0.004104028334313892,-0.012644553934776925,-0.0035234607552306896,-0.0015072165311794672,0.00011150963832484706,0.010052674110774484,0.000272230039448651
2025-07-14,0.001971340046892811,0.002659067027341866,0.0012309890137414126,0.001209966473038282,-0.00013743421516998477,-0.0014637204024634531,-0.0002436699428157718,0.0007549360103487057,0.006461583646815372,-0.003949447125010885,0.00018158198712470153
2025-07-15,-0.004335339825805806,-0.020332481809311465,-0.010010634217136327,0.0072507093712042,-0.0030224313148915494,-0.006779059065274873,-0.003048830586269924,-0.0030167059040125954,-0.014722067031938457,-0.004282322934668126,0.0
2025-07-16,0.0032874769073700794,0.006677554902516425,0.004789846956777977,0.004599081767805879,0.0019292963541255315,0.0018446532552842676,0.0026909981989606813,0.003403853527556233,0.00943704785096866,0.005256480367494154,0.00027210654077713947
2025-07-17,0.0059957390566702795,0.011742578188421282,0.0022951078870210306,0.0061703130043713195,0.0002750987492403656,-0.00036817727506144315,0.001097921852651007,0.0007540063282429621,-0.0011129656584704106,-0.002376826563590617,9.067750631652771e-05
2025-07-18,-0.00045045363141593686,-0.00885967658888498,-0.002289852428651984,-0.0011869103756201316,0.0016498089122425341,0.0022104701347165356,0.0023154568865741965,0.001129815668447609,0.0021170799544592,0.002700158610461356,0.0003628940507718337
2025-07-21,0.0017854994324508766,-0.002324270389197358,0.0065324225149263615,0.0051495196225959106,0.002882821531956292,0.007902814225893673,0.0029177264512016965,0.003009896724881056,0.004113762975048951,0.015206641114096975,9.056411541852327e-05
2025-07-22,0.0,0.010931102618046307,0.004736006625716049,0.00019706457249624165,0.0016424662851965977,0.005470459036997832,0.0018188240019039181,0.0007500270702380796,0.017163187297333016,0.00951787556884165,9.077272814317361e-05
2025-07-23,0.008495390979252893,0.01169888478826664,0.021298948591871536,0.0092593601330071,-0.0020497162666334168,-0.00507791477006736,-0.0013312525372882744,-0.004497545292609817,0.001959415720454105,-0.01221015669385661,9.061995976145099e-05
2025-07-24,0.0006863663049452295,-0.01603149842803464,-0.007008557218267097,-0.004880070982850704,-0.001232465165597163,-0.0012759945665908878,-0.0012117006444382072,0.001505929564453945,-0.0034766611824278426,-0.005945878094547052,9.053949035586761e-05
2025-07-25,0.003977622314242035,0.005252787325408681,-0.0012050681001316565,-0.0027461492864789827,0.002467752898656528,0.005292901673997541,0.002426243404473505,0.00112769202367069,0.00010902742741381033,-0.009759152271333171,0.00036248643294989336
2025-07-28,-0.0002389752370610676,-0.0009741821129721773,-0.014822500676468842,-0.007867779887307358,-0.0016410094322796276,-0.00526503436479453,-0.0015730897944261635,-0.0018775210121565467,-0.016025371776982933,-0.006199322692646336,9.071516557512815e-05
2025-07-29,-0.0025964441773995706,-0.003989445467561414,-0.00034989724736944616,0.0005946715932347857,0.005205126175704677,0.01514872811381851,0.0037575005755567936,0.005643234027320032,0.01606469628119478,0.0027191005710269778,0.00018105277966573574
2025-07-30,-0.0012159351489973158,-0.007031535721730098,-0.0075253206522858385,-0.008123617557501572,-0.0025889776614778093,-0.005393742633569398,-0.0016906839533709084,-0.00374106956805631,-0.014175112275204405,-0.017068108442553798,-9.054610565817356e-05
2025-07-31,-0.0037551712625150113,-0.011473626498555656,-0.008640470982787751,-0.005193752517336114,0.0001365926904239867,0.0016269851313150951,0.00012092582923006745,-0.0011264217668288667,-0.014047025298632776,0.00632910412867016,9.055430499782524e-05
2025-08-01,-0.01647096387301694,-0.016503556297028155,-0.0035574752717675295,-0.005220789661368519,0.008662352848572974,0.013206394874132998,0.008513749478027632,0.0059595643592329495,-0.002468026714806393,0.020641874353182432,0.0008634372659177547
2025-08-04,0.015207033128542546,0.016872683247691755,0.013923686731131202,0.009285428603186263,0.0006797115728363057,0.002502897688485106,0.001565543376311762,0.0026246580746074333,0.010233913528685079,0.005530075352475183,0.00018172956332374035
2025-08-05,-0.004809206152053824,0.004805443337033033,0.0017605743566440069,0.0031999361189367637,0.0004073336056822363,0.0026752872511499604,-0.00048103445110969645,0.0,0.004564085761743053,0.000785657409491991,-9.081220663198497e-05
2025-08-06,0.007430509382506223,-9.022587757967493e-05,0.007732912801253322,0.00438594605084619,-0.0008142273883777751,-0.005336227078067579,0.00036082864351150157,-0.0018698480557788333,-0.007757000868453878,-0.0020410936759457377,0.0002724613627136385
2025-08-07,-0.0006018036058313969,-0.001985358427864403,0.007150203964613411,0.007344159832085362,-0.0004078241644852598,-0.0012516012353451789,-0.0008418874821679578,0.0014986807499095534,0.0029037288803182015,0.008181253092014229,9.079571591330549e-05
2025-08-08,0.00765541231743927,0.0027126862376520844,0.004675320074101874,-0.001182310154752897,-0.002174289797129414,-0.0037602985331268712,-0.0025274037388941517,-0.0007483693688418169,-0.008240708884692305,-0.0003121765276111743,0.00036300566963798353
2025-08-11,-0.002048763567180756,-0.0006312524085559934,-0.003964073569971971,-0.0011835549233083498,0.0006807427266573018,0.0010785291231316663,0.0007240281560472184,0.0007489298449971926,-0.006624655822257353,-0.013893216103144312,9.068244377785639e-05
2025-08-12,0.010675082799691982,0.032124262242458235,0.011247520551346701,0.011455595083398995,0.000136272748442412,-0.004668111263559815,0.0009646401311995678,-0.0022446571004776095,0.005651721633260998,-0.0011081161445819498,0.00018142052051328683
2025-08-13,0.0034869076584647107,0.02115758058869721,0.004620118779200544,0.011325927309580486,0.0036743102335343725,0.007756307146148167,0.0037340515204258296,0.0037495868719332748,0.009328983108227051,0.003011132266257821,0.00018145967808136376
2025-08-14,1.6771334726328746e-05,-0.01412672048824748,-0.0017031640932556602,-0.011199087261325014,-0.0028474068563699717,-0.006980502686872669,-0.002520027682312187,-0.0022415281269936305,-0.007126945603007306,-0.006162101185129831,0.0
2025-08-15,-0.0021588825019994706,-0.006165890546786401,0.004436063467972096,0.0029291098886445877,-0.0013595890451759685,-0.006128399096341219,-0.0007219374139810775,-0.0026205774417606964,0.005719961617085101,0.000635883940537374,0.0002721401346608143
2025-08-18,-0.0003550419771108926,0.0014854564560622396,-0.001019201205316178,0.007593474224454111,-0.0010894340192338925,-0.0023576152046917986,-0.0012039370725455134,-0.0003753733935760728,-0.008475429189226613,-0.0015887905354776688,9.068869818573688e-05
2025-08-19,-0.0054619231834421855,0.0012214587982528613,-0.001190247756192253,-0.007149734802739949,0.0019081816641060012,0.005271813829210492,0.0014464659410251546,0.00037551435167260117,0.017208405266156968,-0.005569676532005574,0.0002718973718869311
2025-08-20,-0.0026356006008749766,-0.004705941045236028,0.002553608564670018,-0.00038929648400387595,0.0006804354700313819,0.001627450289707122,0.00036123925083519914,0.0015014181526862291,0.002874832873712929,0.010241628619910514,9.058381919535563e-05
2025-08-21,-0.0039379487755025755,-0.0007879300606626893,-0.0047545901595531515,-0.0017522873393860383,-0.0024473172696304335,-0.004693875956113036,-0.003008176528159767,0.0,-0.0029768454357371743,-0.003643268467367289,-9.057561451020213e-05
2025-08-22,0.015301119064042412,0.038380721526215744,0.01620883803642137,0.017554091380169723,0.005043101118004101,0.007255448329431591,0.006275486618588788,0.00637193160025773,0.019351976407604887,0.010810815400314588,0.0006343747592292281
2025-08-25,-0.004231235500153252,-0.009451550086682525,-0.01242445702870043,-0.004216889751182951,-0.001356225269492528,-0.0021608980524272514,-0.001798830499977755,-0.0011173873311085547,-0.005749617815134833,-0.0022020006340629505,0.0
2025-08-26,0.003995165320952898,0.0034078000006607656,0.0003400225165413051,-0.0021174868493180066,0.0012221089778554628,-0.00018040452423295772,0.0015619696167512576,0.002237124733600604,-0.0026186567958260687,0.006935725897399436,9.074227323435657e-05
2025-08-27,0.002293176025887078,0.008320612934322513,-0.0011897077275098145,-0.006751555454244662,0.0009494649982413339,-0.0007220376974579334,0.0011996042125435036,0.0018601840629930422,0.006235551440457288,0.0020350824349018026,0.0001810363554244354
2025-08-28,0.0035329818913640842,-0.001936713852961236,0.004083674794470582,0.003690111102461646,0.0012193514902087976,0.005780330499254527,0.0008386686820645028,0.0007425876280260368,-0.00260917507031988,0.007498761311044877,9.05737346097446e-05
2025-08-29,-0.005766875725919385,-0.004134014881773007,-0.005083916121685128,-0.0029025469133906467,-0.0012178664828980112,-0.00520844918362573,-0.0013169272479943706,-0.0007420366008267232,0.005450008665398798,0.009458840604090968,0.0004527557242595126
2025-09-02,-0.007368279329447169,-0.007539790344226471,-0.008857083267319266,-0.0013584192347536606,-0.002134350776276217,-0.006669345973253971,-0.0023105995624425057,-0.0026462471607382465,-0.01658698628599642,0.023809571245596572,0.0002543171724129767
2025-09-03,0.005112853602762701,-0.0011950418476533997,0.002234108768775389,0.0027205340953511126,0.003269699068929155,0.009487424684000878,0.0036188420767362395,0.0029895275644271635,0.0005512069007755915,0.00825199414511224,0.00018150624593538112
2025-09-04,0.00823037794300463,0.014956028605007443,0.006172878237558077,-0.004263547655637856,0.0038022707113254395,0.006506337404418749,0.005528889442989904,0.001490271171774138,0.007492195977816252,-0.00431537647771274,0.00018161704863017825
2025-09-05,-0.0027321745382740126,0.003115489439093011,0.004771605510711208,0.011483101288456865,0.004734888961870576,0.013646953826458308,0.003944439182641091,0.003720171157811647,0.011264300453145637,0.012703608243896047,0.00054468035203592
2025-09-08,0.0025883214347288686,-0.001510973161782836,0.009667531777646232,0.009813304515360777,0.0032315047340603087,0.01116043262475963,0.001905007852165852,0.0029652249394382935,-0.005839815726172981,0.011511197678664375,0.00018141339998667405
2025-09-09,0.0024308987523422587,-0.00874319106518806,-0.002687737442474747,0.0038110680003162756,-0.0018790435502117342,-0.004555025339855412,-0.0011883303938943213,-0.001847675517522629,-0.00228425903793128,-0.001896662557360984,-9.069024756713784e-05
2025-09-10,0.0028930667302593527,-0.0024594130079027554,0.0006737452108485087,0.004555680447813515,0.0017479736848566851,0.00510373985444601,0.0022607425264609127,0.0007404086507301066,-0.0016354985634263741,0.003362018933299016,0.0001813969460682241
2025-09-11,0.008154496316399085,0.021084824227621146,0.011109311133829403,0.012471750614790444,0.002147721236333,0.005253027415704992,0.0029673663806282224,0.0022198787946474674,0.01823749492706983,-0.0016025730088825574,0.00018150764500446392
2025-09-12,-0.0002150228991726344,-0.013655305599152623,-0.00416180450320125,-0.001866413185435456,-0.0012055905032899439,-0.0040061182986522725,-0.001775228084600844,-0.0014766658639085994,-0.004611838366356147,0.0021888447183837645,0.00018125934831636492
2025-09-15,0.0052113143738730106,0.000928540432009628,0.008024056580876238,0.006731519507186867,0.0018776384828911308,0.002623228071130912,0.002371401593334488,0.0007395358234172367,-0.0016161184648252336,0.010192151210422162,0.00018122649931906487
2025-09-16,-0.0013167582722505289,-0.0012359458750960117,-0.0011608370006712665,0.006315072832912438,0.00013356967124744656,0.0013953434599447423,-0.00011834163791835106,0.001108077242686134,-0.005288234213736587,0.002306192972665322,0.0001814089418246123
2025-09-17,-0.001153415450108386,-0.00025434663863854734,-0.003486688984037034,0.006275225790208783,-0.001739892453057168,-0.0022644214729665713,-0.001892648779436068,-0.0011068507665407123,-0.001301854885199405,-0.007765327989904702,9.054452559342785e-05
2025-09-18,0.004702235561531376,0.02272156063769648,0.0031656641637363148,-0.004585368773222909,-0.002547016188256368,-0.008903489682243415,-0.0008298707951505113,-0.0018472144584261718,0.0021727312673571753,-0.004202911819236821,9.075154908955163e-05
2025-09-19,0.004663900117003239,-0.011357011599876898,-0.004555858226580112,-0.001296628058823024,0.00040344571019623743,-0.0015853603042688125,-0.0001185836197759027,-0.0014804915620204584,-0.006504062222715157,0.010624412264016003,0.00036232765136712253
2025-09-22,0.004870990031196953,0.0025993055169908352,0.00536462647351299,0.002781940980736808,-0.0018811696380478526,-0.0031757553249658343,-0.0016609372939199174,-0.0018531542910471543,0.00021822139965221865,0.01713702145986873,9.063873922654508e-05
2025-09-23,-0.0052379493863125015,-0.0020071984070642035,-0.0015007563529929602,-0.00018494821702486064,0.0020190399290953565,0.006548628764470488,0.0016637005962862883,0.0025994260582631323,0.005454257536805729,0.004389143424089248,0.0
2025-09-24,-0.003335818560069148,-0.008296281079725687,-0.007013990639772483,-0.0018498242919532393,-0.0020149716209366675,-0.0035167503401433153,-0.0028472939455455037,-0.0014815881367370443,-0.009835851458279588,-0.009162693875233274,9.063052459001852e-05
2025-09-25,-0.0047743124159277395,-0.008703760578080866,-0.006727260106366928,-0.0057449380827115926,-0.0010769495292379805,-0.000705832304023879,-0.0022607425264609127,-0.00222549411471451,-0.002986758674015766,0.004125777660408003,9.047892170910288e-05
2025-09-26,0.005885344912894608,0.009888359379122358,0.0059261783747996954,-0.0018639608229324978,0.0,-0.0012362552619639144,0.0008348225312559965,0.00037171819162029607,0.009874585334094688,0.005808954690823542,0.0003621696975797395
2025-09-29,0.002810578601263325,0.0009285078323360008,0.005049609218685802,0.007282876754897805,0.002560378954057363,0.007425865763315276,0.002144773294001201,0.001114888986456064,0.00032969821478423533,0.016481276708658177,9.05813069707051e-05
2025-09-30,0.003687749048969957,0.002108287512023299,0.0035170130513864084,0.004449455152961246,-0.0004032323033142937,-0.002106046796352845,0.0,0.0003710919518151723,0.004063604347833927,0.008453339107538538,9.042979086926195e-05
2025-10-01,0.003576155171125528,0.002945327747947646,0.007510043617266815,0.00627532833851574,0.0025223126839375443,0.002418270151069102,0.0034134830678032024,0.001488719654300974,0.0015314555089309678,0.001511620385130863,0.00024525608948722244
2025-10-02,0.0011064081694245331,0.0030207149001488798,0.0021534176797419757,0.0027512537154879,0.001076598188235689,0.0028174744500881754,0.0010704816579492071,-0.000371663750442508,-0.005242416241847958,-0.003155814163100512,9.082923437753188e-05
2025-10-03,8.137255176721148e-05,0.0045172648732116905,0.009256148791213059,0.0021950211644403694,-0.0012098837128911022,-0.0022827139637436877,-0.0011883205820648612,-0.0011152574129262849,0.0037328717701734515,0.007845831835546102,0.0003630690645604062
2025-10-06,0.0034129655259655944,-0.002581619901165566,0.00196535208373505,0.003467766986225973,-0.002287453456232491,-0.006687793334863357,-0.0020222828597253883,-0.001488719654300863,-0.009407079357058867,0.019120479411888436,-9.071642346736297e-05
2025-10-07,-0.0035634354242405353,-0.012774522344283779,-0.00866303861720119,-0.005456469807103237,0.0018881669357313502,0.005315277456087619,0.0013111316560174835,0.0022363344765454762,-0.003643877828844788,0.005226472464399556,9.072465368342719e-05
2025-10-08,0.00580314529974757,0.009133992278537395,0.003132762901888908,0.005669362537081835,0.0,0.0007050594536335275,-0.0011902045595274524,0.0014876124458576,-0.005209032617003562,0.01613116984419083,0.00018150444632203389
2025-10-09,-0.002698978239687011,-0.011481764009522832,-0.008546999744986739,-0.008728919520643474,-0.0006730896765749783,-0.000880633304894407,-0.0015495848135176349,-0.001485402742251174,-0.005458957695812505,-0.01823667498539583,9.069996102128997e-05
2025-10-10,-0.02688380259026757,-0.031199623866942416,-0.01889921457607202,-0.036140199959873165,0.003906826760532001,0.014101780673001718,0.002029188295178175,0.0037189568898938763,-0.012770319449128098,0.010022717915914248,0.0004536018362248928
2025-10-13,0.015153735427828607,0.020215339755319972,0.010476465933355161,0.027788399336719616,0.0016104036001680644,-0.0005211874776427372,0.002859387653182166,0.0014820266279682581,0.0063543266175631885,0.024477354184992306,-9.065061599844437e-05
2025-10-14,-0.0014106778769343853,0.015182685148455999,0.0030100455999053644,-0.008888877970449682,0.0014736973125379915,0.0034780093913864274,0.001781867888901445,-0.0003699399087628841,0.010260425431620757,0.007748914784402761,0.00027219116463461646
2025-10-15,0.004402494919089284,0.008449473683179498,0.007002362303272891,0.015134537729542208,-0.0006689633101307768,-0.002252905072690603,0.000592962521875684,-0.0007401536298922151,0.014508984295984462,0.016532115028939476,-9.084876784748452e-05
2025-10-16,-0.006607378025616173,-0.013070709597947205,0.00430463136062853,0.003313064604508531,0.00374844803403529,0.007295561742222345,0.0024887399634285767,0.0025926782877516708,-0.0035204069055548848,0.023071127560456928,0.0001813563393806561
2025-10-17,0.005548161814018959,-0.0016980075163453012,0.0008241836276217107,-0.002384847777524124,-0.0013337169383422776,-0.0022417753093263437,-0.0014186604365745703,-0.0014777940486108143,0.006513667381365051,-0.01873079782969822,0.00045334440205135884
2025-10-20,0.010495080191700756,0.01581765262993451,0.008730106667332427,0.011952887862393125,0.0013354981147990497,0.003802144118031592,0.0015390340895200527,0.0007398798175257681,0.010090924273601587,0.036041728564279785,9.065639303806883e-05
2025-10-21,-0.000129511668173099,0.002846452405623312,-0.0089811154354561,-0.008904226091690282,0.0012003135823190902,0.004476603622558306,0.0005910700733740004,0.0022182197574516227,-0.0028232671398307208,-0.062060639352509495,9.036221881286721e-05
2025-10-22,-0.005056099886587728,-0.0073462104909423065,0.000329523413777455,-0.0005500632690799145,0.0,0.0006857228426375706,0.00023611883549246038,0.0014754664770348924,0.004246977041318933,-0.0012923039244057133,0.000181422934818265
2025-10-23,0.0056517869375618535,0.009923435564608951,0.005106285154329315,0.007521525581067667,-0.001998440503807708,-0.005995418154555732,-0.0008266445650592091,-0.0018416709892857819,-0.0006506443422447106,0.0034938441605316672,9.055207391051034e-05
2025-10-24,0.008276145726866968,0.008743403948621609,0.0032776699318224356,0.004734230079120216,0.0013348910935682134,0.00017234652675468531,0.0018913865390011164,-0.0007381159792166914,0.002929719886130888,-0.0030948482749107997,0.00018123067635067436
2025-10-27,0.01196680788515514,8.261315817725823e-05,0.007350504382100276,0.008336408007058482,0.0005331180326910712,0.0031014287422961306,0.0007077193424380734,0.0,0.0028129673537478084,-0.027939414059323542,0.000271582405861448
2025-10-28,0.002682635737262906,-0.00577797815926806,-0.0001621752153980749,-0.0005392586238779362,0.0005329393974633501,0.0020611353067270244,-0.00011786980499883803,0.0011079917952738771,-0.019635366502153806,-0.007451832024187421,9.050288962808573e-05
2025-10-29,0.0004115789981629092,-0.012951470353487426,-0.005676227601630779,0.0028771534009619515,-0.004926773827193642,-0.009256099138502671,-0.004834265764571244,-0.005533091316878624,-0.025751066229898534,-0.0037538382228695655,-9.049469959621081e-05
2025-10-30,-0.010617916472143607,-0.01085026832515179,-0.004566994292710236,-0.01039980310118438,-0.0017394103625483215,-0.004671390710408452,-0.0028437080880370225,-0.0018545762303308067,0.004744077572371719,0.019916611567193376,9.050288962808573e-05
2025-10-31,0.0028787647933241622,0.0017006851895029484,-0.0008193152823890992,-0.003986218437135092,-0.0002681657926526526,-0.0024334759885533686,-0.001306925283017124,0.0018580220739043973,0.002585826813428005,-0.005277761196028075,0.00018098939919242163
2025-11-03,0.0019616909019377626,0.002037291721280976,0.002459897114061471,0.0021829706287352924,-0.001156775188350001,-0.0022210567352760613,-0.0015050826775768744,-0.0014143077842896368,-0.0014576959206178408,0.0019896740561520243,0.0002816468111854764
2025-11-04,-0.011587336732690523,-0.01219922496114556,-0.01325043871106768,-0.013977125725644024,0.0005385839639653334,0.0021033105865475576,0.0007177185082360982,0.0007454462906504311,0.0016843369555958887,-0.01760659008386778,9.073841364704016e-05
2025-11-05,0.0030112163495383815,0.016723824688182676,0.006299738192024007,0.008836513298693172,-0.0028266276971504745,-0.01031984331941005,-0.002390932342101748,-0.003724380990381304,0.0008968084431191237,0.011319282814287401,9.080156581298127e-05
2025-11-06,-0.010628332352743741,-0.013580807447039045,-0.0046129544513972,-0.0038321031590607957,0.0039144929509846715,0.008836813891091255,0.004074497705727875,0.0022430269300794947,-0.004816236960348386,-0.0010659803837651527,0.00018137250808192285
2025-11-07,0.0010547446973221408,0.00863686741553038,0.0031447533444883824,-0.0009159324138368063,-0.0005378210938290495,-0.0019270851741371997,-0.0004776527688034049,0.0003729640739220663,0.01553188747615919,0.006135775336570504,0.000363107428843934
2025-11-10,0.015529487959131671,0.009834770869920462,0.012209104291383666,0.013384658263983384,-0.0002692144233988891,-0.0005266530260982227,-0.00023875087967084596,0.00037282502358237934,-0.0005542494947606835,0.027044954358661943,9.067256787420597e-05
2025-11-11,0.0022986673135896307,0.004029835223203326,0.006194036886306709,0.0010855962039570954,0.0028260797110510882,0.004390716555920715,0.0038218747273341958,0.003727157316375518,0.011199835915792322,0.0042597370060000195,0.0
2025-11-12,0.0004936905388042145,-0.0007525735222845276,0.006479878703765429,-0.00018073649380789814,-0.00040263328945366883,0.0017484565084178172,-0.001427769974843951,-0.001856732461087085,-0.007456911761845597,0.015938275258737367,9.073568018691525e-05
2025-11-13,-0.016284140739219577,-0.021338975612765543,-0.01174956201576871,-0.008857548043655128,-0.0029534098849438584,-0.006982103253880267,-0.0027404088057157994,-0.001860038331471081,-0.012263895430581817,-0.007970612931688437,9.065612136027745e-05
2025-11-14,-0.00025877928916706594,-0.0008550027872337163,-0.0013029792943642926,0.00036469813170669774,-0.0014808667743474446,-0.005097535085961669,-0.001672633944013957,-0.0011182065044136325,0.0021251883397792604,-0.018237472750773698,0.0002722289912964193
2025-11-17,-0.009371490948553496,-0.021822848618864188,-0.012883244744355316,-0.0114858303652986,0.0005393439786143261,0.002650269221472046,0.0,0.0,-0.008259742872119502,-0.011301671975098349,9.062323330155664e-05
2025-11-18,-0.008234766662662207,-0.0007874039172499625,-0.010242874523477052,-0.0033198581184146203,0.0008085267146538122,-0.0007048331144173803,0.0011967538159654012,0.0011194582899549665,0.0040517579867291875,0.007620573201990055,0.00018137263149720084
2025-11-19,0.0036243877898123333,-0.0011382574822058622,-0.0033383325854609014,-0.002220538657697224,-0.00040393676366246023,-0.001057995381806176,-0.00035870140409910434,-0.0014908184444244466,-0.007846615817419855,0.0011735080848300772,9.059858937066068e-05
2025-11-20,-0.015167435758329795,-0.017794379967684404,-0.013565556186754368,-0.011869397766400613,0.0014818770768831868,0.0035305263333174075,0.001195847179959797,0.0003731682661447522,-0.0041803978078363,0.0,9.059038200986969e-05
2025-11-21,0.009950640422301982,0.031503675126449915,0.014770857539334381,-0.003941500611586934,0.0024212245263466325,0.0024624368573533673,0.003582877151452335,0.0022389907997792946,0.01622421582028588,-0.0022140944470964152,0.0003624712414063147
2025-11-24,0.014869604746549525,0.013064448748623336,0.004851929853526782,0.010175320086495576,0.0017446384095858303,0.004913193593222287,0.0024992869845237298,0.0007443914414830832,0.0026794884193519497,0.01605528935830436,9.069183981469386e-05
2025-11-25,0.009301675837793733,0.02579227002125206,0.009490482035873216,0.004476698279633373,0.002277298044458975,0.0033175586029698945,0.0026114543707194127,0.0014882674619089986,0.009241664899720448,-0.00012839808975007028,9.0612379403332e-05
2025-11-26,0.00691213765896137,0.005578171774902385,0.010720657523671795,0.004828299320358775,0.0010690672696427317,0.0034806887681655407,0.0018945149139222295,0.0022286403860198867,0.004413066443477165,0.007837602415527334,0.00018106587970212473
2025-11-28,0.005536426487820378,0.0007451586760567341,0.004732438036003428,0.003511346293693096,-0.0016020463396089202,-0.004509042177213596,-0.0008271304803494361,-0.0025944461409318498,0.003295301127937744,0.012366154901992887,0.00027162086797472007
2025-12-01,-0.004598918292398113,-0.005377694313722814,-0.005034961192179943,-0.000920824141558696,-0.0039037980787841597,-0.011294628843714016,-0.003419645010605543,-0.003244194248662291,-0.011495455528956144,0.005037071880595212,0.00020006486088552933
2025-12-02,0.0016945498362843647,0.00041590540549751864,0.0032647651469619454,-0.0022120148163853326,0.0009425275282419765,0.0008841578605893741,0.0007147371371347688,0.00037412236048139924,-0.0035441908375103415,-0.0065154323890893595,0.00018151720622960887
2025-12-03,0.003495208339045819,0.013885401248045603,0.005369431640640077,-0.0012931304785952502,0.0014803245267440701,0.002473594638893628,0.0021430566602860246,0.0018699122264311807,0.0025564229510597336,-0.0007566850536131486,0.00018155543401254803
2025-12-04,0.0008428465334728852,-0.0008201412650709061,0.0025894472814351754,0.0022197891503439315,-0.001881130072412085,-0.004934842922790117,-0.0019008133831095453,-0.0011198533084654239,-0.0024390350954195394,0.0006310162848037759,0.0
2025-12-05,0.001875187819684987,-0.0017235137175783954,0.0014527902890928424,0.004060527752664855,-0.0012114712046196185,-0.004250862588645932,-0.0009521696012440017,-0.0018684405691602457,-0.0011113149709851555,-0.0017658853658433227,0.0003629737978601
2025-12-08,-0.0029660867131074964,-0.00411084019664687,-0.0020954516806755974,-0.003676453975901439,-0.0014825065603378818,-0.003379380845388913,-0.0014294742742694266,-0.0014976099095763695,-0.007676947995601591,-0.002400839561177759,9.083500415441037e-05
2025-12-09,-0.000811321431209433,0.004623209834010433,-0.001130699171969729,-0.0016605414688323217,-0.0006748092302951703,0.00053548850127072,-0.0014316149738111683,-0.0014997817850577189,-0.003812062986572884,0.004939827798905672,9.082675390592598e-05
2025-12-10,0.006463880116347909,0.01972217565144052,0.011319601026126724,0.008316373050979653,0.0029715266306999943,0.003924086009067018,0.003703774763464729,0.003004143453637198,0.0036014537350479436,0.004159337613897529,0.0002720999222602938
2025-12-11,0.002452052400589766,0.011040406925292956,0.004157272302400372,-0.0021994465198242885,0.0,-0.0007105091638489602,0.0,-0.0007488049547882403,0.004373756572600085,0.01092007991185251,0.00018137430245368513
2025-12-12,-0.010793657827170455,-0.010680726621542957,-0.00509554116297084,-0.009184418110192105,-0.003097290976797562,-0.008534981098254124,-0.003809036845988323,-0.001498732167649508,-0.0012281881016227292,0.005587247865990852,0.00027204766087352006
2025-12-15,-0.0014515045607067512,-0.003222697352855519,0.005761867022411771,-0.00296630343530746,0.0012156196612196357,0.0010760213473228752,0.0011949757705949082,-0.0007504164889612364,0.0031302781896098697,0.001111297316448212,0.000181434225829058
2025-12-16,-0.0027957681480955676,-0.0073732051080245276,-0.006047107226398785,-0.0055782209677206485,0.001888998029111466,0.005016106344822413,0.0014320328219505907,0.0007509800367637709,-0.007355519666458421,0.0,9.059407544587117e-05
2025-12-17,-0.01098989235725989,-0.0029450113521377608,-0.007044515853091626,-0.006544455062108989,-0.0002695598149630163,-0.0008912500366073939,-0.00035759053555051157,0.000750490868631104,0.003705012122762641,0.008386782064863318,9.058586890287046e-05
2025-12-18,0.007548387875458085,0.002051187542917221,0.007900666867578732,0.008469771091535128,0.002122005633688362,0.004190920756803607,0.0028248723441197665,0.0014998561089480944,-0.0052572173149664225,-0.0015900792492138383,0.00018143949291293815
2025-12-19,0.008922704708044238,0.0020469258007504987,0.006019204773867637,0.010714263868058183,-0.0014835373117877415,-0.003923773817173792,-0.0016710767267699156,-0.001997580076118388,-0.00382329692293204,0.0009800543151596841,0.00015434475148290439
2025-12-22,0.006297524832724832,0.007517656612136658,0.004689585085986048,0.006401752803419258,-0.00027009632553631757,-0.0010742010977152772,-0.0002390844703897832,-0.0007552859419476254,0.0051373445776521365,0.023008166374771433,0.00018187570595795677
2025-12-23,0.004668768891698205,-0.004541807481040272,0.006598984771573502,0.0046772939906285504,-0.00013497878292334509,0.0012546880673536265,0.0,0.00037789120632725215,-0.0006798895672964766,0.013039885333636203,0.0
2025-12-24,0.003335033477966931,0.0032589676290464276,0.0022386253853727833,-0.0003724614528761716,0.002431957803853857,0.005191570288900493,0.0033485483828870066,0.001888965460192571,0.006577508444784108,-0.004015162565656927,0.00027265744298721195
2025-12-26,9.460787358062106e-05,-8.120796980015665e-05,0.0020740146587294728,0.006333847526881042,0.0,-0.00178097971401181,0.0008342963019656313,-0.00037696200108683353,0.0011264811197946312,0.011856770730623634,0.00036330219118507756
2025-12-29,-0.003528501166139675,-0.004872936376947079,-0.0014329080590717025,-0.0075897689741390995,0.0014827375361270434,0.00303295503696277,0.0010716518573656852,0.0015087880049236002,0.0020257023401670793,-0.04370747466136182,0.0
2025-12-30,-0.0013911019369718947,-0.006855429537861224,0.001116131043694013,0.0037306532186993646,-0.0004039376645084136,-0.0014229818923560122,-0.000832614727054537,-0.00037668437209292804,0.0020215190437844477,0.0012253213254898032,9.096996117952116e-05
2025-12-31,-0.007265852960085639,-0.012408579638907735,-0.0050964408565769,-0.0009292145715522615,-0.002692599182239075,-0.006056255994918325,-0.002857526939468613,-0.001883909004346096,-0.008181979839311793,-0.006608749499178002,0.0002723883885207279
2026-01-02,0.0018655952818544819,0.009901827883533443,0.011685617193602615,0.021763360247276875,-0.00040519191550092426,-0.0019713800181879737,-0.00011938522535870355,-0.0003775375630920008,0.00033907304310787367,0.0048047234008394835,0.00018151916431663473
2026-01-05,0.006621168995450288,0.012523687776410108,0.011867113432885157,0.006553834356383792,0.0018909917901088757,0.004309643844527589,0.00214947290633849,0.002643537977378818,0.00225933663841138,0.026360980753270757,0.0001814153003310004
2026-01-06,0.00592914733020411,0.014891290760683296,0.0029710491910364123,0.005425910063187711,0.0,-0.0016091726498893566,0.0002382867688313084,-0.0007533687441859671,0.007326357845884424,0.010870907562561039,0.0
2026-01-07,-0.0032065419555871166,-0.008017920174943627,-0.004053609127807056,-0.006116224791326341,0.001078557433130456,0.005372460258047385,0.00011920886613592252,0.0018846933994316473,-0.009734802381641594,-0.009572266150995823,0.00018159511847359866
2026-01-08,-0.00017342094948313846,0.014144896308251775,0.0009392509984176289,0.001086036969305093,-0.0017509521917135062,-0.004987463713377216,-0.002024995213442904,-0.0018811480121896373,0.00892661458204036,0.005607937410743169,9.08165213471257e-05
2026-01-09,0.006702802459227719,0.007571492515288547,0.009227411812014585,0.0021695791791243035,0.002158570354118705,0.005549573189125523,0.001551828300322411,0.0007539367365583249,0.002015946903644039,0.007237786179244754,0.0002720703804532931
2026-01-12,0.0016136771791375182,0.0009492729491649143,0.006043725017971013,0.015515012796000649,-0.0009422613111176315,-0.0024923297977873515,-0.0009535421673624311,0.0003766102070266175,0.001341085295111899,0.018847902999469257,9.064183633133993e-05
2026-01-13,-0.002048951627914297,-0.00015811277179167416,-0.005545404590498126,-0.005862470015511989,0.0008084293728141123,0.0014275964054146772,0.0020277998911615303,0.0011296276869618982,0.005581013902876242,-0.001503032219086542,0.0
2026-01-14,-0.0048430594091642964,0.0056908319548716335,0.004801872434997634,0.002144447013231243,0.0020193881091565835,0.005703156646052809,0.0011906743950134135,0.00037596958237973155,0.008658109703240546,0.010074140116179464,9.077534688972655e-05
2026-01-15,0.002645838322044458,0.014303605451668755,0.001387286119302944,0.004636166107746531,-0.0014779563100617565,-0.0005315452293118694,-0.0015458297775344798,-0.001127854975438658,0.006932915273991869,-0.005961300612739251,9.069625102786638e-05
2026-01-16,-0.0008324194082008907,-0.0034091903365167653,0.002770965563888339,-0.006034737451939387,-0.0016146832636508845,-0.005851083717973826,-0.002262751470131663,-0.0018817819686720583,0.01224053121480373,-0.005074414093553359,0.0002719932278716364
2026-01-20,-0.02034301469097588,-0.013994761578248749,-0.013355912412625348,-0.008214291790826223,-0.0036386490129423077,-0.011592674667928238,-0.0035808383954353262,-0.002262440247216335,-0.018570565437755704,0.03802024500200352,9.080502765201892e-05
2026-01-21,0.011457810652963252,0.026021183278649884,0.011514062350771681,0.010262824344968058,0.0028405486491256404,0.006856698090892399,0.003953020937429441,0.0026454616962834354,0.003960395526818594,0.014740364598997191,0.00018123944407721915
2026-01-22,0.005203966452220765,0.0023824041188751366,0.005383778271499828,0.007841724916242576,0.0004044922633852366,0.0035842311596776533,0.00023869352756977769,-0.0003768941472970244,-0.009861888677812014,0.018597939484218617,0.0
2026-01-23,0.000410459655692641,-0.017940743758575906,0.006425938099883455,0.0038903891945512026,0.0010785972973683666,0.00196419886111876,0.0007156277344753104,0.002262440247216446,0.00199198810920298,0.013288714232678744,0.0002719161206745646
2026-01-26,0.005143318075213843,0.00039040864272621434,0.004560666061200536,0.0028183541022341885,0.001212101383811337,0.004455623997361879,0.0009537697337822504,0.0011287036235860803,-0.0013253231000445176,0.014820336667875189,9.047248298554855e-05
2026-01-27,0.004096664827313745,-0.00374588402983167,0.016343882247497943,0.012471486835701429,-0.0008070190417913681,-0.005145443417015616,-0.00011907242859621192,0.0,-0.00033183556090099486,0.024164772477235807,0.00018128252609161954
2026-01-28,-0.00015627507792637108,-0.004700020800338156,-0.006551638764023204,0.003816819991602216,-0.0004039409189197096,-0.002140323189292803,-0.0005954330426394261,0.0007515960594077775,-0.010288754575104253,0.038674564148937884,0.0
2026-01-29,-0.0020794170450945115,0.00629626690054641,0.005245795139377396,-0.0038023072692028315,0.00013487728067129723,0.0003575677042317871,0.0005957877943785217,0.0003754788223806482,0.013972633257407274,0.0031604908130786757,9.073099385603633e-05
2026-01-30,-0.003211874729477593,-0.006491502407308336,-0.012971584096317046,-0.020298373699033867,-0.0004041551795493925,-0.004288083762261197,-0.00011918045140302258,0.0,0.0009923241924520987,-0.10209710325627241,0.00027160215478594374
2026-02-02,0.005438353742200475,0.010391375599696273,0.003927586291141649,0.0054895916426316305,-0.0010137523214009958,-0.0024315989259567905,-0.0011958884413093562,-0.002627660894707118,-0.010352473728008738,-0.03980260279480119,0.0001998613210048017
2026-02-03,-0.008644835724602395,-0.000857147001010361,0.0039121048234112,-0.000528352550247857,0.0002707350901525185,0.0016251116981220726,0.00023952044042441223,0.0011291284685999159,-0.002225645276902055,0.062350109666557074,9.068000525691566e-05
2026-02-04,-0.005109252342394233,0.008577623655142474,0.001199220281725033,-0.005991138538833263,-0.00040578142928238137,-0.0021633941973415727,-0.0003592415981479302,-0.0007518786417386458,0.014387604008779364,-0.0011824208512839496,0.0
2026-02-05,-0.012379040181780265,-0.007035684659543073,-0.013473195074939603,-0.006559134504110831,0.004330021858313993,0.010117421395426485,0.0039516680241744595,0.0026335924007931943,-0.0014293446668655063,-0.0257210443041872,0.0002724397103368581
2026-02-06,0.01948331341978604,0.027563634464431663,0.022306606153944752,0.02177008287362603,0.00013490737903376626,0.00017888744068561557,0.0003579561750810534,0.0007503940751083515,0.015745469581307958,0.02993481852440283,0.0001815062972150283
2026-02-09,0.004706861750291003,0.0001515488349217442,0.014843393470703958,0.008557528369554701,0.00026925227412433195,0.0003576408069632109,0.0003576409397254565,0.0011249686032093198,0.004227606207293455,0.02563276967402328,0.00018140266393285032
2026-02-10,-0.002804517284645369,0.0006061034854096814,0.0024863216823989287,0.004502098850310388,0.002962976364877745,0.010010712777686503,0.0015494104214595072,0.0022471139482942437,0.013385098239035553,-0.009620393133624505,0.0
2026-02-11,-0.00014154165589264078,-0.0018928095950501156,0.007441027489023755,0.008619185016798703,-0.0020143002100195817,-0.004778691746081476,-0.0008330000648169023,-0.0014947662211090007,-0.005538855567849055,0.011086506830406684,9.089692719621567e-05
2026-02-12,-0.015494491783390685,-0.018358506614580383,-0.007965277306845264,-0.012818261575593293,0.004575004526768067,0.011915367623002826,0.0030967933466707898,0.0037425097298988685,-0.0011783863058081323,-0.03425228389855994,9.081799021704029e-05
2026-02-13,0.0006384769707217242,0.011978420747393637,0.003795598279787482,-0.00017310728908881412,0.0029465999759601402,0.004920872678652932,0.003205857858880501,0.000745711114876757,0.014369949178986152,0.02454581056085381,0.00045355403186775334
2026-02-17,0.0017545444091136009,-0.0010691049465135771,-0.002617828902278241,0.0006926153015966996,-0.00013340537293005106,0.0019237824903031164,0.0004734482563877318,-0.0007451554441796349,0.009514789137630153,-0.030923486070456807,9.069793758254008e-05
2026-02-18,0.005032057832192294,0.002828515624402783,0.0033537582722349413,0.002768676098864331,-0.001068741516962013,-0.0034911573514296856,-0.0008281655770377983,-0.000745711114876646,-0.011728985263357194,0.022108459878499742,0.0
2026-02-19,-0.0025667688756069174,-0.0019058859871817768,-0.0002906709619261427,-0.006212222269984857,0.00040111547906818146,0.001226261393786121,0.0007102852821252448,0.00037317054408170236,-0.002119280513868782,0.002876976844441659,0.00018130879380851006
2026-02-20,0.007132329487871125,0.005346576907657052,0.010612071065698947,0.01632217757847232,-0.0001335123658652293,-0.0019244555877776515,0.0002368722757017938,0.0,0.007539511466119864,0.019443201745195537,0.00018141716251562912
2026-02-23,-0.01007851793166703,-0.02005617348492761,-0.004890718524730553,-0.008030054043197898,0.002138779945372704,0.0036808823016210024,0.002010848798949194,0.0007459157878997313,0.00010552262935270562,0.027305917977207717,9.05862206426189e-05
2026-02-24,0.007297253323045982,0.009225413859690557,0.004047406174398471,0.010678711679266373,-0.0005337101009246226,0.0010478139639811257,-0.000944529921031001,0.0,0.002529133700181374,-0.013898780063138938,9.064861413166092e-05
2026-02-25,0.008414894429187525,0.003687183597989252,0.01151748123579166,0.005623629534152741,-0.00026684119748743296,0.0,-0.00047257234965825123,0.0011183332826933956,-0.002732996509831054,-0.002366211262964657,9.06403977052328e-05
2026-02-26,-0.0056153855785725515,0.005586873713858687,0.0007116256524606346,-0.012540209669021918,0.0014685396272673401,0.003838236553984631,0.0010639760603530224,0.002605991757711701,0.006851339683001889,0.008456220320735008,9.070276858014203e-05
2026-02-27,-0.004590323996090606,-0.012862290161856693,-0.0009955893496804702,-0.002917526871284104,0.001999220009565539,0.005213779394768858,0.00047229327113695874,0.0007426651126536399,0.0017798939505866418,0.013089260326345276,0.00027173072995068104
2026-03-02,0.00038038242592319804,0.006784853597211926,-0.01751150224387088,-0.014801951956125103,-0.0040297371828766915,-0.008898044044305053,-0.0032813333429674296,-0.001855321458389514,0.0025080712631053714,0.013222949052478894,0.00012714954705983494
2026-03-03,-0.008807626233547694,-0.01056829830969197,-0.034777532292115554,-0.035115402366715176,-0.0010718087894788786,-0.0019251264656793277,-0.000475390303338985,-0.0011152034845588465,-0.0053164506436848,-0.04443115368107653,9.087003116259318e-05
2026-03-04,0.007127868156814321,0.005495328553965395,0.011559808094629087,0.006337198136447508,-0.0006703642702423629,-0.0028055476934888413,-0.00011892734785035053,-0.0026051687574092375,0.0012575430587002945,0.007610543899801092,0.0
2026-03-05,-0.005347724895359285,-0.017319596712154328,-0.02359745451532058,-0.013134272992946783,-0.0022818543099509814,-0.004220161404327238,-0.0029729793570016927,0.00037317054408170236,-0.010048119676342004,-0.011691721313733527,0.0001815119145323063
2026-03-06,-0.013369235944854507,-0.022481598449350493,-0.007752059585302673,-0.006927906201399048,-0.0013450105513307387,-0.0031784832474127667,-0.002504846231542568,0.001491978467447197,-0.01089019798391544,0.015284827943648827,0.0002725358551458612
2026-03-09,0.00868322234629515,0.0046478464667774055,0.009650957261984727,0.012116703354678737,0.0028287353360960665,0.007263090586735688,0.0037068129917428028,0.0018621580616660083,0.0022447956161566474,-0.002062328013132775,9.07500203606304e-05
2026-03-10,-0.0017313416145301463,-0.004626343930485999,0.0009102639800597778,0.006892789283266421,-0.003089339842652583,-0.008969445391972641,-0.004050399086864553,-0.0029739735589535687,-0.0014932064254321586,0.011056000292625656,9.074178554180357e-05
2026-03-11,-0.0011079766429530347,-0.0021636856119992,-0.0016674552727274916,0.0009007573199715235,-0.004446413074313482,-0.011535015831348416,-0.0050239805764487055,-0.0014913488113114104,-0.010360965536084454,-0.003065870485860267,9.080405225780908e-05
2026-03-12,-0.015320779184368583,-0.018631513680063216,-0.019586997033490428,-0.022498185058157705,-0.003653887212037632,-0.002693136079817804,-0.005890859465678577,-0.0011203476290827519,-0.006907781995356244,-0.019477206216701126,0.0
2026-03-13,-0.005567254187045179,-0.0012273638304729495,-0.0116152658768377,-0.005339714470734003,-0.0009507467894447341,-0.004680286383962895,-0.0027814034933089093,-0.001869045917241352,0.0016302503236282906,-0.013277618946167302,0.0003629717496034246
2026-03-16,0.01001487542399504,0.007373862877335435,0.021466685098064264,0.018511621278128887,0.0038066062764749997,0.007415401233163532,0.0040019926509380355,0.0022471139482942437,0.008355088405068267,-0.0005297247702713559,9.06923952135319e-05
2026-03-17,0.0027633201884975644,0.008749103767741628,0.0033746944581289906,0.004362029534389578,0.0020319269662210093,0.003231552894525258,0.0047106120395237205,0.004110643899578159,0.004411807419185454,-0.0027563037335261997,9.068417084900915e-05
2026-03-18,-0.013795050341591342,-0.01292095437308527,-0.017275685311552325,-0.019000996305885032,-0.004055192210090319,-0.005905604700379485,-0.00565046802530611,-0.002232970385570132,-0.01478455982065785,-0.031359593470951186,0.0
2026-03-19,-0.0026791875755300953,0.0044178820958118425,-0.0018668125514598177,-0.003689432614561672,0.0010856678944763942,0.004860594919715577,0.0026598996002067388,-0.0011189471276733531,-0.00402361833330378,-0.04115452026959765,0.0
2026-03-20,-0.014519979228690527,-0.019222912303180628,-0.03139688461912882,-0.0268468006359337,-0.007998922371361461,-0.018631289615617108,-0.00940541533457151,-0.007468322441003483,-0.031007571303458548,-0.030559754084983126,0.0002721687544915419
2026-03-23,0.010853953174265296,0.0205962871689247,0.026112158719630685,0.023592020411559833,0.003826695669200797,0.006206534682187792,0.00486915647202002,-0.000752444388603557,0.007774594921042377,-0.02266822004868041,0.00018144342328518803
2026-03-24,-0.003391696728163196,0.007160852415232233,-0.008011231569846622,-0.009107739797152181,-0.0025866019763509662,-0.003991213037905839,-0.0019382819060090872,-0.0033885865123032266,-0.0065993319870608635,-0.00024156370332550914,9.056440710342173e-05
2026-03-25,0.005444979296662433,0.010584148572976737,0.012984895009078512,0.01932090785168583,0.0038218875817883635,0.008925349090060486,0.002791720985459545,0.0030223596141520925,-0.00079629759151989,0.030328594031501677,9.062662289083256e-05
2026-03-26,-0.017732608685733897,-0.011272809908327797,-0.023292181055120653,-0.027419982126511422,-0.005847064047915018,-0.008124273491277423,-0.007383195863252312,-0.0033898626885712213,-0.0013660179524950244,-0.037293308670891756,0.0
2026-03-27,-0.017010337742954462,-0.01552514415695172,-0.00688219875959839,-0.006811626689928407,0.0,-0.004368341427449907,-0.0010975281016301075,-0.0011338224536435737,-0.008208027075939928,0.034839818954059965,0.00036261446295182687
2026-03-30,-0.0034823390263478693,-0.007227902715978396,-0.0003223479170519905,-0.0013337024008757137,0.005061040500252689,0.012248613335220648,0.004638738458639491,0.0056753983276134345,0.0037930871706881586,-0.0002353930992909925,0.0001812415106827725
2026-03-31,0.02860936196039754,0.02846032904282958,0.03304855766781589,0.031094976786164574,0.0021771393480449763,-0.00018061246533618291,0.0054678288419918175,0.0011287036235860803,0.015687603087435997,0.03803135929974499,9.063952022425603e-05
2026-04-01,0.007949122664680175,0.004907042361074199,0.016541779188379957,0.002960326108079725,0.00040868160266627207,-0.0006167336347189245,0.001383408846407752,-0.0008651827435853798,0.0036076588902898,0.017241340516410242,0.00012722158404243622
2026-04-02,0.0011455948159597718,0.004082606050925586,-0.007675656280356047,-0.007194280659461705,0.002179449440630865,0.004900268268169805,0.0026659819103926896,0.004517999119551863,0.013592480583229483,-0.01940229547110195,0.0003633233902518018
2026-04-06,0.004444454821595389,0.0054214027632430994,0.007425655132973663,0.0035302456227066514,-0.0014950866008031083,-0.0012643254559501216,-0.0016920914911553453,-0.00037491100010988987,0.001440740687842057,-0.0037525792801127444,9.072752716066113e-05
2026-04-07,0.0006109465244419354,0.00325109931053591,-0.00046069733424847215,0.0014812238038695025,0.0014973252316941021,0.0,0.0019371639343011005,0.0007499557092442988,0.001438667940403926,0.009702071318336003,9.085994649526974e-05
2026-04-08,0.025245926277871256,0.026161981090316422,0.04194195349395402,0.04455541888709691,0.001902818316287469,0.0036166902148788704,0.0032623556899264994,0.000374844250960793,0.01801315101324774,0.00655665653467663,9.08516917155211e-05
2026-04-09,0.0059226779118535244,0.007086093420394235,-0.003981094082695424,-0.001061941820217016,0.00040674681810615176,-0.0018016882538155476,0.0006022344859668571,0.0003744091011028683,0.0071645368320854,0.007637020419854812,0.00018154625235311528
2026-04-10,-0.000672047091481609,-0.004283016988274713,0.002812598703024527,0.0054925095547551095,-0.0014915351827107237,-0.002527140992851895,-0.001564904740466222,0.0007488325267868134,0.002155642906983557,-0.001783366695635502,0.0002721996494445822
2026-04-13,0.009798277728187976,0.012443359101702356,0.006938397391486717,0.007577101529074426,0.0021728326681740295,0.003076355299042488,0.0030138890688291564,0.0022447429977898725,0.0037642189377209423,-0.0039079777094914725,0.0
2026-04-14,0.012097291936856491,0.004703752945526496,0.009969152358852096,0.013990861742243732,0.00243888718017482,0.005051336313548482,0.002764562272804083,0.002612940125959584,0.009536089591878127,0.02208274006188171,0.00018153418524846643
2026-04-15,0.007989368987907808,-0.001283636894649609,-0.002758001854887948,0.001897219000463135,-0.0013516874432054626,-0.003948954592364551,-0.0008390485680216386,-0.0011171222976482653,0.0007429688018196767,-0.010309305091687815,0.0
2026-04-16,0.0021912780019623934,0.0032511355282427434,-0.0010189809116505355,0.0020658161475668457,-0.0014889106877318259,-0.005406319132403192,-0.002759162268448967,-0.0018634884207036073,0.00922682068413705,-0.0008864605890275268,9.078575208976147e-05
2026-04-17,0.01228178322550555,0.02034815206857088,0.01457099828562658,0.016663767694086173,0.003931115330108481,0.008334796648119758,0.0042102892597248864,0.0026139160879021794,0.015973125408830446,0.01308776206579898,0.0004536065090003927
2026-04-20,-0.0018996458489249912,0.005613376986629337,-0.004308464837631143,-0.004562330512912993,-0.0006750088907954144,-0.0001796692059214955,0.0002395579372456158,-0.0003724639811065744,0.0036201599943210816,-0.0084300051887235,0.0
2026-04-21,-0.006584374898709,-0.007858836749107034,-0.021779928646355695,-0.012052247385876957,-0.003107746392627675,-0.005751356763750937,-0.0033532876721654725,-0.0022354699947041423,-0.01772650899315109,-0.027934181161772265,9.066612281038999e-05
2026-04-22,0.01027430944096297,0.003997557004275842,0.00781481161535802,0.009621968861526442,0.0010843022090882837,0.0021693139479586065,0.0010814722845706726,0.0014936033758050637,-0.008288773167898889,0.013062261630168548,0.0001813158064196685
2026-04-23,-0.00403739238129297,-0.0003686598991808898,-0.009656152684244468,-0.014295501047797532,-0.0017600694950076212,-0.002164618211480507,-0.0020404910676519172,0.0018642564867221711,0.010262431800281968,-0.009530284563833757,9.064146847892474e-05
2026-04-24,0.007923106689458947,0.005384759451626087,0.006647975234988834,0.018991777358276618,0.0017631728016702652,0.0019885026220103352,0.0013230504137939914,0.0014887471331954671,-0.0019897507592052666,0.004641200804912371,0.0002718997600430484
2026-04-27,0.0016453495794352957,0.0019073545223797783,-0.0010274680134855219,-0.004913586757544275,-0.001624744189995031,-0.004510189389491548,-0.002042055110044183,0.0,-0.005456452125723987,-0.00766197526958623,9.067880171742537e-05
2026-04-28,-0.0049277543544711255,-0.005638508281675003,-0.004994772098627642,-0.006981088311447947,-0.0002709858264414722,0.00072493922059369,-0.0006018720178816439,0.0,0.009179119795933666,-0.018280919903831738,9.060040135056013e-05
2026-04-29,-3.0594284145646355e-05,-0.007806145078307458,-0.009596859477938868,-0.004115272239093026,-0.004476636111180432,-0.007787063692355822,-0.004576644444361122,-0.0029729950211050404,-0.00784106867158385,-0.01052505253702074,0.0
2026-04-30,0.009690638349153069,0.01759082483918628,0.025641010946514387,0.014635026609019608,0.001498851673426893,-0.00036512070498539995,0.0024198250399221077,0.0014908933798247759,0.01506859232651081,0.01519573788415629,0.00018125455943285296
2026-05-01,0.002936843819084878,0.0024798252313646962,-0.0011628888053234476,0.0010181522653205377,0.0013924001851888246,0.0031158828550224005,0.0006786450334932415,0.003212197418880347,-0.00280297744223712,-0.0014968020230501367,0.0002543277996982507
2026-05-04,-0.00362258516650793,-0.009240410144971456,-0.011786866389221995,-0.004407527260251509,-0.003407944433731158,-0.006760358162738789,-0.002543099018924022,-0.0022339245076106184,-0.006246032837718518,-0.020179889014833363,0.0001817367666034908
2026-05-05,0.007847086823611571,0.014246907135207598,0.015756090359312358,0.010727069919690857,0.0017780895191423784,0.004598870875783145,0.0016996905167647736,-0.0007462111845669694,0.0031426048226890213,0.008473593154753267,0.0
2026-05-06,0.014068752947129948,0.005937240793461918,0.027399358167844667,0.023416372818328757,0.0042328262481905465,0.007690776958029444,0.004363243499766467,0.0011202624338810807,0.013888903526774854,0.030458636200136002,0.00018156348673414868
2026-05-07,-0.0031423033438270354,-0.009285149002196458,-0.016932537381051382,-0.008888909884842477,-0.0025832964566405714,-0.0043610378457348276,-0.0032583098367165997,-0.001119008850302805,-0.007209745494368813,0.001811959537771024,9.087043782729509e-05
2026-05-08,0.008177920978619913,0.0051584772046731064,0.016650002869263103,0.005480918469796592,0.0025899871612971026,0.004197713553301119,0.0035109637913488534,0.0029873664903494745,0.0023861219936078815,0.004634904661459993,0.0003631682857334617
2026-05-11,0.0021828604960840714,-0.0072281494587326245,-0.0001412221633042554,-0.002477751998015809,-0.0024474275772601306,-0.005452516538508867,-0.0021715267503460423,-0.0003723815621577975,0.0007244334297422661,0.002137895871945572,0.0
2026-05-12,-0.0012509763822469155,-0.011357871880530168,-0.012002213842508436,-0.016558996502026524,-0.0029984519120230813,-0.00621347294317931,-0.0026599892617575893,-0.0026070579708864505,0.0,-0.003929917849939568,9.0759110602745e-05
2026-05-13,0.005510847708523059,-0.003755736626961159,0.009432585615422262,0.00926075248985847,0.0004101527557316409,-0.0018389432636507497,0.0008486560015918965,0.00037349400235831,-0.008273888113985772,-0.0058617590850299495,0.0
2026-05-14,0.007795828918920167,0.00635711407368178,-0.000991136701536277,0.00033368670374356313,-0.00027321737290453285,0.0011054130037038146,-0.0012112571753974954,-0.0007466359496027808,-0.005944271312861349,-0.007370467262553637,9.068079623908432e-05
2026-05-15,-0.012054062954770961,-0.016233318955416354,-0.020974975583822553,-0.025350262140992452,-0.005740930140210931,-0.01398598555734576,-0.0055785212398741235,-0.004109090152944472,-0.014792230253210303,-0.02318938494478362,0.00036297058207512833
2026-05-18,-0.0007801166562249051,0.0035093610678256226,0.006369407611034772,0.0006845031217113107,-0.0006874409587637187,-0.001119782353833032,-0.0012194346726965843,-0.0007501297453168521,0.011713291945100845,0.002923634589573565,9.070972055869042e-05
2026-05-19,-0.006363018251886676,-0.009226101018874555,-0.007623712805866711,-0.010430910577781116,-0.0033016673052791434,-0.006165960644415991,-0.004395646651420004,-0.0033784489712792576,0.0028418385573569793,-0.016791072825753872,9.077153281467076e-05
2026-05-20,0.01034700129968158,0.020276330143198962,0.017538721494437137,0.013824044700964766,0.00552111412999956,0.010152299798213082,0.006745154818450061,0.002260008212305653,0.012699357605237438,0.014350084070824831,0.00018138652137067446
2026-05-21,0.0018633212922920528,0.003017896978157353,0.00698012615746757,0.0005113973919059767,0.0010981385261989995,0.0033500407394497778,0.0006090960932711997,0.00037573274699087555,0.0018654996177438488,-0.0011691625809457928,9.067681313368325e-05
2026-05-22,0.003968654522935822,0.00829219641926815,-0.003253672467916302,0.004769972503868791,0.0009598039412201942,0.00408090319044585,0.0009739982875232034,0.00037559162491795917,0.0010344499707195531,-0.007257435846508731,0.0001813371831893562
2026-05-26,0.006505773459862363,0.01593890058298575,0.01873408704702406,0.021193611086583575,0.002876756756871268,0.005726888143285924,0.003892013466475941,0.003379717909332669,0.004650174341425117,0.0,9.065215298864615e-05
2026-05-27,-7.247856648218143e-05,0.0002149050340927161,-0.005154672302773,0.0009962401321814696,0.0009561330387810596,0.0020205868778675473,0.0007268176055259534,0.0011227779636522328,-0.0030857934916372898,-0.01273427936268956,0.00018121787652414234
2026-05-28,0.005724890988149545,0.0007161961994734956,0.0035010172405476325,-0.006468703521267161,0.0019103338941510728,0.004766295434581291,0.0016949577518938774,0.0026168038034624086,-0.0038174561026190768,0.010271025277414081,9.069749523060722e-05
2026-05-29,0.00227699184077923,-0.007586576281650825,0.0015348071845500133,-0.00033390950343370474,0.0005449646394537488,0.0005473619396001439,0.001329465592519119,0.00037279078887375583,-0.00880387296435059,0.010639574002153873,0.00027185788095707153
2026-06-01,0.0026024877526233947,-0.0014423094498187128,0.0013935111316984994,0.00901799285117022,-0.0004507486787094228,-0.00010989306097752838,-0.0007151100851026104,0.0001127233546061035,-0.016823365010470437,-0.014270689568237294,9.989898170204015e-05
2026-06-02,0.00137682934216099,0.008883347982492795,0.006261217997749702,0.012744085039520625,0.0002732467518240522,0.002380100031345922,-0.00012123784400885906,0.0,0.004570080494573414,0.001780011057959996,0.0001818007832752322
2026-06-03,-0.007017487569555558,-0.008876822649928617,-0.008987872931025542,-0.014054538716690601,-0.0019126259958961445,-0.004018265097756046,-0.0021833891323049803,-0.0015020538466179456,-0.0011636877830935033,-0.009831815316954318,0.0
2026-06-04,0.003894049849806125,0.013073254313493932,0.0023719952866905203,-0.00033152959331328447,0.001368899972704396,0.0023840990589052424,0.0013371660606424918,0.0,0.017900620833014358,0.008254605474763865,9.07789625279598e-05
2026-06-05,-0.025946051286182326,-0.018394316811539357,-0.037165932186683404,-0.03780468708759188,-0.00451075199535711,-0.005854468643388788,-0.005584514276116281,-0.004513013375389452,0.007180048611285628,-0.036307517832397385,0.0002725918922443782
2026-06-08,0.002477858400842914,0.00653692554645624,0.009975514998675106,0.005169781299280141,-0.00027466575189039055,-0.004048583283573826,-0.00012203711059877165,-0.0018889348352021385,-0.013637873746158657,0.0019699092626221937,9.074598583591609e-05
2026-06-09,-0.0029130344173057265,0.009453023676285754,-0.00028636603808840366,0.0020572506078926356,0.002197506217938905,0.004988926850733932,0.0021977849919043724,0.002271026320565639,0.023043953155839736,-0.01609729175235053,9.080765756719344e-05
2026-06-10,-0.015715012568198405,-0.007077096463417254,-0.014748002211881106,-0.012489291329901953,-0.00082220509426989,-0.0025740672484118043,-0.0013400984194480436,-0.0015105624775487714,0.00010237791790967954,-0.040964141273862054,9.079941228518074e-05
2026-06-11,0.016760340465034496,0.024406122298448407,0.036331923789666876,0.023908476082839414,0.005760488886656923,0.012350277216775396,0.006587724175627363,0.003403925782102135,-0.0007165720642123841,0.030472669748561776,0.00018158233700105164
2026-06-12,0.005484909819208905,0.009698480479273908,0.0033656554569796437,0.007614241955890444,-0.0012274106145788721,-0.002731213706243296,-0.0007272725230018651,0.00037694722460224206,0.009220312237783634,0.0007583115135985086,0.00027225417582776856
2026-06-15,0.017420654817781323,0.0010681728641754873,0.011739957990909433,0.021662429765344493,0.00081927933520487,0.0001825560826029804,0.0006065639892685049,0.0011303422726534063,-0.007004392295144823,0.02613965943940766,9.074997836044929e-05
2026-06-16,-0.005880436390790278,-0.005369982055560052,-0.0009669333026316451,-0.011176825573229965,0.0015007124440400421,0.004928819294079512,0.0010908536927363155,0.0,0.002453461103149479,0.002953456281814759,0.00018148348709834394
2026-06-17,-0.012091355647161683,-0.013672620130966595,-0.004424727016030916,-0.005817749115119009,-0.0036779040241887717,-0.00018162755257711272,-0.00447997303242742,-0.006398236132646451,-0.02498465490619839,-0.022822093378546793,-0.00027217583522776145
2026-06-18,0.009832548255431117,0.018056483474205853,0.009591750217040618,0.017258331220999734,0.0027343834810522605,0.004905536164792279,0.0031623169228207626,0.003409157139906638,-0.0005229998968778737,-0.0038924856977591293,0.0005444998701624737
2026-06-22,-0.0029210253870163294,0.0003490314430920627,0.0011063593131390714,0.007734127739584373,-0.0027269270168633897,-0.0066896060884041875,-0.0023037111131091192,-0.004152533666775593,0.01077857436427454,-0.006680937439350942,-9.070059189986157e-05
2026-06-23,-0.014225285236405316,-0.0034202553817765935,-0.03066722465853544,-0.03069889312033569,0.001093690155060223,0.0014562107028113225,0.0009721640591622283,0.0,0.013148339663244357,-0.01865483710371929,0.0001813478087571152
2026-06-24,-0.0009610842775608086,0.01155696733009326,0.0015676924772234369,-0.0065701052677124006,0.004507161650456393,0.012540747272294706,0.003884973279730586,0.003411667908671978,5.164489793241245e-05,-0.030259975583570187,9.069237238046313e-05
2026-06-25,2.9623965879022052e-05,0.012809888655075596,0.012521365186732858,-0.002882842524208673,0.0006796803353859016,-0.0005384274343260831,0.0012094200613137485,0.0018889348352020274,0.0018554712444793786,0.009601296722412389,0.0001814381067775095
2026-06-26,-0.005176974399219714,0.007793823110933351,-0.008431791109119624,-0.003741435667144355,0.0009511156310895164,0.0007184286588277633,0.00144934568102828,0.0018853734875441397,0.015227859671660182,0.011227030569274099,0.0002720030923337724
2026-06-29,0.016038551969942194,-0.0003391907542313888,0.005102094460178952,0.010242331023166296,0.0005428586257181234,0.0010767307679784288,0.0006031054573636396,0.001129139252967093,-0.005270062324174596,-0.013453485007083321,9.05732631635292e-05
2026-06-30,0.008516743821379125,0.006446707106934957,0.004653125041452322,0.008617773994987532,-0.004069962740028132,-0.010756487953842209,-0.0037367579281096797,-0.003759406194010717,-0.01752424847886158,-0.0002647510047608659,9.063483316418264e-05
2026-07-01,-0.0019655735803734142,-0.005191839721967462,-0.012491197787853792,-0.007874001126933705,-0.0014487949128260125,-0.005675606735477734,-0.001554893362317622,-0.0014840977364022345,0.004044421520992714,0.0059594349822733594,8.183604646916365e-05
2026-07-02,-0.000904494933786526,-0.0071844049514548924,0.006395583051813647,-0.0030395052426883673,0.0006844885369989839,0.000548812626292916,0.0018249490521404788,0.0019055531941265524,0.012394056817148558,0.020405516988409866,0.00045435170994045926
2026-07-06,0.008439880899278274,0.002252872231752745,0.015252135648946785,0.017445765281196124,0.0004102650760067217,-0.0010970231924064544,0.0006071770797659859,0.0003802243705330888,-0.007957554267203792,0.010192244791050964,0.00018171393053445506
2026-07-07,-0.005125797185676739,-0.00967238683038285,-0.015440258166401932,-0.019810173999214253,-0.003965039665628223,-0.00970171776230977,-0.005340438977210926,-0.0022812859373314565,0.011929314122803625,-0.011877398070610945,-9.084045829044207e-05
2026-07-08,-0.002648901552875116,-0.011692714494057621,-0.006216510481298121,0.004925200257463791,-0.0020589631444226653,-0.0025877786356629517,-0.001586285986821312,-0.001143361322026526,-0.016260166416599886,-0.008142753786322343,0.00018169742205809136
2026-07-09,0.007923988848610009,0.012387806972146143,0.0055446109964947254,0.005408246102585057,0.0017881234363166243,0.001667867741459439,0.001222259950938387,0.0007631379283672413,0.0029958645081242796,0.010033936589728176,0.00018159470404310873
2026-07-10,0.004589588525896193,0.0006186856325343104,0.0036758810236021677,0.00672375015354687,-0.0008237903131373958,0.0,-0.0013428634247413251,0.0,0.002368908869652353,-0.0032253901833289023,0.0002723774487920494
2026-07-13,-0.007724880328481176,-0.003915919616178654,-0.01732629665761498,-0.018366962607169413,-0.0037102711331677973,-0.005735351564584601,-0.0044004104541864875,-0.0019062061276584608,0.005240528333946504,-0.02601607663285188,-9.072130755738428e-05
2026-07-14,0.0037762898851669835,0.0026898466448368463,0.01204119054601871,0.00493280510098737,0.0027585723076897217,0.0018607648909498842,0.003069341731853914,0.000763938675647946,-0.002657695560997042,0.013554772665334225,0.0002722583007248591
2026-07-15,0.0039068330233149595,0.005365261558871071,0.0031161800539993845,0.006770476149012161,0.0016506323848599624,0.0024146229732986413,0.0028151951604333814,0.0003816041333108977,0.0029722217467977874,0.0001311411652118455,0.00018147935280499183
2026-07-16,-0.005275256859219479,0.006841832240578549,-0.011154995810842339,-0.010759924961389888,-0.00013747549206577503,-0.00037062400369414217,-0.0007322962360837293,-0.0007629907323157825,0.022583251647575242,-0.01940214671241902,0.0
2026-07-17,-0.010099445895528691,-0.00774668721988081,-0.004712369927373672,-0.01699523007233028,0.0006868388424301486,0.0027803185497119465,0.0008550970040310801,0.0026727644507007486,-0.0004997080422310951,0.009358247589346114,0.0003629625011885018
2026-07-20,-0.0014051567860325909,-0.00630052065608222,-0.006743091516143829,0.0015560122448410318,-0.0024704587315393933,-0.006469517678071135,-0.0028070430442375116,-0.0019041019031322826,-0.005398821813643706,-0.0019867751772040254,9.072510876917406e-05
2026-07-21,0.008296525941036581,0.010130966630216287,0.01791127616737942,0.016053857250444503,-0.0022015192448998633,-0.0029766987922410504,-0.00220289786293959,-0.0011445228974865662,0.00040202906708053376,0.019508974790596767,-9.071687847050924e-05
2026-07-22,-0.00122111129468494,-0.005389927907219705,0.00028381168535740464,-0.0008494565250916075,-0.0016546235540716436,-0.0031722479010940496,-0.0019624020934050357,-0.0015278773512961141,-0.00502415573993531,0.011325211533952162,0.00018138058967287485
2026-07-23,-0.012255714577614318,-0.006173699995997706,-0.010072401898731043,-0.012072836699073553,-0.00207186651678426,-0.0031822710884314986,-0.003072453704229039,-0.002677876832129611,-0.003332595019098994,-0.01982238212296117,-9.063904074102513e-05
2026-07-24,0.0007810514261743506,-0.00013804558527363842,-0.0010031085184322164,-0.005163475069440149,0.0008304034203816535,0.0016900336692262652,0.000862908024703124,0.0007671620317539762,0.021481380342224465,0.0010505821333108845,0.0002720810138623353
2026-07-27,0.0002502914075004359,0.004487100945869571,0.004160080539914013,0.007439418304101997,0.0020744454332874973,0.005249372029315413,0.0016012295077305616,-0.0015331478906572826,-0.0026782949784087684,0.0072149468469524525,9.06922028440782e-05
2026-07-28,0.0024289711913449974,0.005497916075110965,-0.005714236390788718,-0.008414832158212593,0.0024840963966819007,0.005408517507749844,0.0023364589878358544,0.0023032530635620496,0.004077945499873836,-0.014066187135000296,0.000271982339242971
2026-07-29,-0.015169784945552323,-0.013601182831691205,-0.009339123010119077,-0.014201656103074778,-0.0035793068026819252,-0.014468568514660496,-0.0030670821932341497,0.0011489801397541743,-0.002872630040195334,0.0044914660633028625,0.0002719083849644921
2026-07-30,0.016641028679415193,0.008176186185255618,0.031036975888723894,0.02231199241138837,0.0005526079944735418,-0.0005646893202562175,0.0014765734217729864,-0.0007650338712160698,-0.011623315467481854,0.016570254090741088,9.063467645153978e-05
2026-07-31,0.007128362902576679,-0.00027491469697971116,-0.006611245712711877,0.009623693246140652,-0.002623385195972494,-0.006214729980535072,-0.00147439636728397,-0.0011486140232235265,-0.005427736599571853,-0.014618432576980367,0.0002718098354959064
2026-08-03,0.014199373266344795,0.01649941775121322,0.005947277236756809,0.005276595478925117,0.002389466689628028,0.003710425186259192,0.002372648501199892,0.00023186495877225433,0.0012127807209396657,0.0002626266632772545,0.00018169040497362232
2026-08-04,0.018064267107503307,0.017246081064607788,0.016610318502154886,0.016762567525136607,0.0040194296841218335,0.0077725207268670715,0.005054845365031646,0.00193203112006346,-0.0015141007428508546,0.006562540805593597,9.079393946986869e-05
2026-08-05,-0.0019464652329111987,-0.009773307247016638,0.0018000213075417548,-0.0006661238896238375,0.0002760631575855488,0.0016929866028754237,-0.00036794462654232696,0.0,0.0,0.041204797654416314,9.085521099461147e-05
2026-08-06,-0.0016958044280334095,-0.007519822870415971,-0.0031788658856028995,-0.0008331780385937293,-0.002898180144893181,-0.005821606442573013,-0.002577030506832556,-0.0007713369848448837,-0.008896033314050311,0.0002505231414302589,9.084695707528567e-05
2026-08-07,0.0061013553364026585,0.007509045466906672,0.010676601914483719,0.0085057320628108,0.0020762365491810986,0.00264455921661666,0.0017224277474410243,0.001929720261442558,0.003977925878771327,0.02266179411983571,0.00036328531693463617
2026-08-10,-8.441918185875252e-05,-0.005841683798440522,-0.005350531590507246,-0.002315177069646901,-0.003453118788914855,-0.007535861422065637,-0.004298712277701178,-0.001926003613246463,-0.013410517804526956,0.01016162864781589,9.080571627184675e-05
2026-08-11,-0.003138030573832662,0.0023640153342430192,0.002620664278579987,-0.003480951031272994,0.0008316244372581494,0.0015185727422954987,0.0004934104985392374,-0.00038600311933045806,-0.007517262125329549,-0.003999537298639555,9.072800120368818e-05
2026-08-12,0.00247028604813071,0.0042449029795426085,0.00839183604412308,0.004823743411281223,0.0009694046436847792,-0.0003789586477710438,0.0011096025059429415,0.0003861521752746011,0.009649319200363937,0.009734765743331764,0.00018157846843358527
2026-08-13,0.0067308241856227635,0.004562543861722057,0.0032742497163202877,-0.0011587382880599018,0.0027670602989924298,0.005877828833127374,0.003325212312286885,0.001929720261442558,0.013051065069875856,-0.014461370560265863,0.00018147605245344423
2026-08-14,-0.0018742944717661247,0.004808987578009516,0.0005439273321403704,-0.003811772098099353,-0.0023455586179447208,-0.00622051328259654,-0.0029459274757908105,-0.0007703719686592558,0.0025359924590016014,0.006113964385709547,0.0002721994066192668
2026-08-17,-0.004680379883791885,-0.004054781747425351,0.0014949350266644235,0.004658149224183283,-0.002074301959961722,-0.006638914373777394,-0.0025852790757358024,-0.0023130451943543795,-0.008600610116705876,0.010087528480415164,0.0
2026-08-18,-0.006856540446971815,-0.014282783808504562,-0.017641551253380072,-0.012419282322765346,0.0008314030127429817,0.0028643064181073097,0.0006171200992688419,0.002318407776319864,-0.0036742044145746666,-0.01684516322461116,0.00018146316932843298
2026-08-19,0.0021405566745238414,0.001557319390767642,0.00607825149211938,0.006706903731342528,0.004707794066449278,0.015041862809704654,0.004317270983484001,0.004626016640296715,0.010141323435416405,0.03830617168630912,9.064571607719785e-05
2026-08-20,-0.008346131194983064,-0.01047865988277441,0.00013725498226668797,-0.00033311740857699945,-0.0030319893606559623,-0.006940560137690399,-0.003930221651440191,0.0003837079104098695,-0.00010137450246305857,0.0034182099015229728,9.070690101853351e-05
2026-08-21,0.0038516029292277043,0.006422095137655237,0.007962636488014763,0.007164315356977591,-0.0015204463842618532,-0.00358895162891959,-0.0006165113374885234,-0.004219388228332455,-0.0010142380445958832,0.019499632511062126,0.00027202662752068285
2026-08-24,-0.002671561899235786,-0.003665746920624935,-0.004903243522309975,-0.00794046654334779,0.0019381662943500633,0.005687199661922326,0.0014805021683372832,0.0011556316445870962,0.0060913722240396595,0.007835007466328037,9.067400827822425e-05
2026-08-25,0.003120417178061441,-0.00047693774872026307,0.009991839828233262,0.01117223586392102,0.0041453759127254575,0.009613579600852074,0.005051203430457507,0.0038476344699409637,0.0015136424284565297,0.003315432851036748,0.00018126220510983337
2026-08-26,0.0002556641441830987,0.0004771653268771381,-0.004607718412900863,0.00032982139412029987,-0.0012384577424100485,-0.0018670636119614281,-0.0012257677953272372,-0.0011498734090711338,-0.006448379852800334,-0.01583864352567732,9.064935594560453e-05
2026-08-27,0.0064612151577627674,6.813396410287886e-05,-0.00040849745514315305,0.005769813821040026,-0.0005511667910879092,-0.0020576259943956288,-0.000490927664286378,-0.000767415820819628,-0.0097353079744118,0.002894523469375354,0.0
2026-08-28,-0.002130525242504455,-0.00817551866185251,-0.004903243522309975,-0.00360590769725766,-0.0031706665270663237,-0.0031865306475268307,-0.0035609502276958693,-0.00422424899648377,-0.004198713134379806,-0.03232513233634482,9.064113938483942e-05
2026-08-31,-0.003322741386779793,-0.007281236032366967,-0.001916253292987835,-0.004441507637967246,-0.0009680640508361593,-0.0037608097351213843,-0.0007394333119805641,-0.0007713369848448837,-0.008226990384816224,-0.0013123432444769323,9.063292431332748e-05
2026-09-01,-0.006540006604947801,-0.011071156659303916,-0.011108022810537688,0.002643739730666006,-0.002736585738086439,-0.003885113592887457,-0.004458117832442987,-0.00050325119765815,-0.0014516561863399113,-0.028192577185075063,0.0001635682422447271
2026-09-02,0.004469560342594603,0.009725742567361584,0.006656460496947236,0.0014831863867323936,0.0005571934115784494,0.0011415060316994907,0.0008707512794585703,0.0,-0.0053998413419019675,0.014751132146836543,9.08178696845674e-05
2026-09-03,0.01039222905230508,0.003395475656295499,0.011709671950701273,0.0036202112718619617,0.0013921546926352057,0.0015203693021401676,0.000994305642120219,0.0011619166150309557,0.00918775628952595,0.018776442944423044,0.00018175788574126273
2026-09-04,-0.003812979864374677,0.0037292900504990456,0.00435723971014923,0.007378238232872425,0.00027800143169143254,0.0015179889032121974,-0.00012418842956007925,-0.00038685604387855843,-0.006621243246974329,-0.008442319825857525,0.000454173524088608
2026-09-08,-0.005564896522734952,-0.007499672573548777,-0.004202812126355204,-0.0034179385883307267,-0.0008338785425787698,-0.00037894009523009586,-0.0008692375001279062,0.0011610172781868489,-0.0009372208684320649,-0.01726828698819971,0.0
2026-09-09,-0.004545019918108295,-0.010745257924408724,-0.008577301140721083,-0.0058795168750305216,-0.00222556731218837,-0.004927944082725455,-0.0018642993734243607,-0.0023193417605159583,-0.01031998325634964,0.009029963645165617,9.082117933267853e-05
2026-09-10,-0.0060210463174692475,-0.008829625267042007,-0.012359266745543995,-0.015278462265752024,-0.006413030703179556,-0.011809503464471738,-0.007595575008036981,-0.004261863823285972,-0.008637043632086172,-0.017172641872227,-0.00018155659321972273
2026-09-11,0.008483417695279716,0.005302613292403668,0.010706399923177123,0.006840204345963885,-0.0007014932610936997,0.00038551382713758464,-0.001254686047052589,-0.004280179264048445,0.007224771739255731,0.00541408218999595,0.00027241898427754485
2026-09-14,-0.004640186997485696,-0.006540666131250372,-0.01334432085123527,-0.012261779172334175,-0.0007020928236557422,0.0007706570260914702,-0.0007537381877369409,0.0,-0.00495779493802273,-0.014318910562411746,9.080468535560549e-05
2026-09-15,-0.004432969598242353,-0.004980346926587109,-0.0026491656653114815,-0.006542550848517736,-0.00028097012197381144,-0.002502835133906256,-0.000377153368765204,-0.0007815731787578217,-0.0024383022961305123,0.0029798592133274404,9.07271832215617e-05
2026-09-16,-0.004251683310479537,-0.00421275490920614,-0.003774625900165196,-0.0006754599513754123,-0.0005622054064580162,0.0015440651271370065,0.0005030928745142216,-0.003910847972750209,-0.006588663671147965,-0.0056944675838562775,-9.071895254653128e-05
2026-09-17,0.011237146114242869,0.00028677243802843755,0.01248944419472564,0.012335250195344871,0.0050625876425483,0.010599330189436484,0.0054054090343151895,0.002748394348646377,0.0035300976615624258,0.0170568071686672,0.00018152362383494491
2026-09-18,0.0010698543124496585,-0.004301119021617339,-0.00822546084099729,0.003578846585445161,-0.003777868586109956,-0.00705566250141576,-0.003625917771385101,-0.003915441577330925,-0.009593739594559114,0.006610367234529901,0.0002722706408948561
2026-09-21,0.015674427229029453,0.002447887772645041,0.012888846087701245,0.01883021329313661,0.0028090531770965654,0.006721691495532811,0.002886130260921549,0.003930832522422767,0.00968667099360987,-0.006810229419029423,9.075525191515332e-05
2026-09-22,0.0,0.0033035868782747,0.005670760932352081,-0.0006542511600697853,0.0001400859386093689,-0.00019073486994369837,0.0003753601099121262,-0.0007831032516334435,-0.0020253258843604405,0.004407990919833793,9.074701614664171e-05
2026-09-23,-0.007267394564978713,-0.011166768737809751,-0.01774172647187977,-0.01603927277758288,-0.008402269608536517,-0.015645863331646415,-0.01013130193260825,-0.007445161859306104,-0.014706733364854285,-0.018407925864940666,-9.07387818730454e-05
2026-09-24,-0.0008620482936808616,-0.0026060562613448024,-0.00518055343984003,-0.004158350040612047,-0.005084036474562348,-0.01143632779303827,-0.005559798392717696,-0.005132221127444048,-0.0030617691486128917,-0.0027321609597650287,9.074701614664171e-05
2026-09-25,0.00537488202868186,0.003701513364453346,0.0111188353582099,0.004843843672976966,0.002555007991100755,-0.0003921658385033222,0.0017788995562542098,0.002777765583529934,-0.0019743370493682244,0.004483195475341706,0.00036281670066995453
